row_id,source,target,horizon_days,risk_raw_lower_50,risk_raw_upper_50,risk_adj_lower_50,risk_adj_upper_50,risk_adj_lower_95,risk_adj_upper_95,drivers,evidence_ref,evidence_status,derivation_type,source_ids,correction_note
corridor:01:bunia:nebbi-uga,bunia,nebbi-uga,30,0.7516858974511327,0.9892695971601416,0.9400747887262471,0.9998950440085197,0.4918204985191222,0.9999999937130213,zone-attributed confirmed count 503 for this source zone; visibility-adjustment factor 2.02× reflects under-reporting in source zone; raw risk likely understates true hazard,BDBV-CLAIM-050,derived_model_output_with_unsupported_exponent_attribution,pinned_snapshot_model_output,africa-cdc-phecs-2026-05-18-live; afro-sitrep-01-2026-05-18-live; afro-sitrep-01-pdf-2026-05-18-live; cdc-current-situation-2026-05-21; cdc-current-situation-2026-05-23; cdc-current-situation-2026-05-24; cdc-current-situation-2026-05-25; drc-moh-epidemie-dashboard-sitrep-009-graphql-2026-05-24; drc-moh-epidemie-dashboard-sitrep-mve-n-007-mvb-17-2026-pdf-2026-05-22; ecdc-bdbv-drc-uga-2026-05-19-live; ecdc-bdbv-drc-uga-2026-05-21-live; ecdc-bdbv-drc-uga-2026-05-25-live; ecdc-bdbv-drc-uga-2026-05-26-live; ecdc-bdbv-drc-uga-2026-05-27-live; inrb-sitrep-015-2026-05-29; inrb-sitrep-016-2026-05-30; inrb-sitrep-017-2026-05-31; inrb-sitrep-018-2026-06-01; inrb-sitrep-019-2026-06-02; inrb-sitrep-020-2026-06-03; inrb-sitrep-021-2026-06-04; inrb-sitrep-022-2026-06-05; inrb-sitrep-023-2026-06-06; inrb-sitrep-024-2026-06-07; inrb-sitrep-025-2026-06-08; inrb-sitrep-026-2026-06-09; inrb-sitrep-027-2026-06-10; inrb-sitrep-028-2026-06-11; inrb-sitrep-030-2026-06-13; inrb-sitrep-031-2026-06-14; inrb-sitrep-032-2026-06-15; inrb-sitrep-033-2026-06-16; inrb-sitrep-034-2026-06-17; inrb-sitrep-035-2026-06-18; inrb-sitrep-036-2026-06-19; inrb-sitrep-037-2026-06-20; inrb-sitrep-038-2026-06-21; inrb-sitrep-039-2026-06-22; inrb-sitrep-040-2026-06-23; inrb-sitrep-041-2026-06-24; inrb-sitrep-042-2026-06-25; inrb-sitrep-044-2026-06-27; inrb-sitrep-046-2026-06-29; inrb-sitrep-047-2026-06-30; inrb-sitrep-048-2026-07-01; inrb-sitrep-049-2026-07-02; inrb-sitrep-050-2026-07-03; inrb-sitrep-051-2026-07-04; inrb-sitrep-052-2026-07-05; inrb-sitrep-053-2026-07-06; inrb-sitrep-054-2026-07-07; inrb-sitrep-055-2026-07-08; inrb-sitrep-056-2026-07-09; inrb-sitrep-057-2026-07-10; inrb-sitrep-058-2026-07-11; inrb-sitrep-059-2026-07-12; inrb-umie-ebola-drc-2026-build-2026-05-28-bb8b7d5; inrb-umie-ebola-drc-2026-build-2026-06-01-b4cafc9; uganda-moh-ebola-update-2026-06-06; uganda-moh-ebola-update-2026-06-20; uganda-moh-ebola-update-2026-06-21; who-daily-epi-bdbv-2026-06-08; who-dg-remarks-bdbv-2026-05-20; who-dg-remarks-bdbv-2026-05-22; who-don602-2026-05-15-live; who-don603-2026-05-21-live; who-don606-bdbv-2026-06-08; who-ihr-ec-bdbv-temporary-recommendations-2026-05-22; who-pheic-2026-05-17-live; wikipedia-2026-ituri-epidemic-2026-05-20-live,"Descriptive watch-point interval, not a forecast or response recommendation."
corridor:02:bunia:kampala-uga,bunia,kampala-uga,30,0.8029145919799389,0.9875904747524462,0.9624282418595261,0.9998592371779077,0.5601046970654419,0.9999999718910025,zone-attributed confirmed count 503 for this source zone; visibility-adjustment factor 2.02× reflects under-reporting in source zone; raw risk likely understates true hazard,BDBV-CLAIM-050,derived_model_output_with_unsupported_exponent_attribution,pinned_snapshot_model_output,africa-cdc-phecs-2026-05-18-live; afro-sitrep-01-2026-05-18-live; afro-sitrep-01-pdf-2026-05-18-live; cdc-current-situation-2026-05-21; cdc-current-situation-2026-05-23; cdc-current-situation-2026-05-24; cdc-current-situation-2026-05-25; drc-moh-epidemie-dashboard-sitrep-009-graphql-2026-05-24; drc-moh-epidemie-dashboard-sitrep-mve-n-007-mvb-17-2026-pdf-2026-05-22; ecdc-bdbv-drc-uga-2026-05-19-live; ecdc-bdbv-drc-uga-2026-05-21-live; ecdc-bdbv-drc-uga-2026-05-25-live; ecdc-bdbv-drc-uga-2026-05-26-live; ecdc-bdbv-drc-uga-2026-05-27-live; inrb-sitrep-015-2026-05-29; inrb-sitrep-016-2026-05-30; inrb-sitrep-017-2026-05-31; inrb-sitrep-018-2026-06-01; inrb-sitrep-019-2026-06-02; inrb-sitrep-020-2026-06-03; inrb-sitrep-021-2026-06-04; inrb-sitrep-022-2026-06-05; inrb-sitrep-023-2026-06-06; inrb-sitrep-024-2026-06-07; inrb-sitrep-025-2026-06-08; inrb-sitrep-026-2026-06-09; inrb-sitrep-027-2026-06-10; inrb-sitrep-028-2026-06-11; inrb-sitrep-030-2026-06-13; inrb-sitrep-031-2026-06-14; inrb-sitrep-032-2026-06-15; inrb-sitrep-033-2026-06-16; inrb-sitrep-034-2026-06-17; inrb-sitrep-035-2026-06-18; inrb-sitrep-036-2026-06-19; inrb-sitrep-037-2026-06-20; inrb-sitrep-038-2026-06-21; inrb-sitrep-039-2026-06-22; inrb-sitrep-040-2026-06-23; inrb-sitrep-041-2026-06-24; inrb-sitrep-042-2026-06-25; inrb-sitrep-044-2026-06-27; inrb-sitrep-046-2026-06-29; inrb-sitrep-047-2026-06-30; inrb-sitrep-048-2026-07-01; inrb-sitrep-049-2026-07-02; inrb-sitrep-050-2026-07-03; inrb-sitrep-051-2026-07-04; inrb-sitrep-052-2026-07-05; inrb-sitrep-053-2026-07-06; inrb-sitrep-054-2026-07-07; inrb-sitrep-055-2026-07-08; inrb-sitrep-056-2026-07-09; inrb-sitrep-057-2026-07-10; inrb-sitrep-058-2026-07-11; inrb-sitrep-059-2026-07-12; inrb-umie-ebola-drc-2026-build-2026-05-28-bb8b7d5; inrb-umie-ebola-drc-2026-build-2026-06-01-b4cafc9; uganda-moh-ebola-update-2026-06-06; uganda-moh-ebola-update-2026-06-20; uganda-moh-ebola-update-2026-06-21; who-daily-epi-bdbv-2026-06-08; who-dg-remarks-bdbv-2026-05-20; who-dg-remarks-bdbv-2026-05-22; who-don602-2026-05-15-live; who-don603-2026-05-21-live; who-don606-bdbv-2026-06-08; who-ihr-ec-bdbv-temporary-recommendations-2026-05-22; who-pheic-2026-05-17-live; wikipedia-2026-ituri-epidemic-2026-05-20-live,"Descriptive watch-point interval, not a forecast or response recommendation."
corridor:03:bunia:kisangani-cod,bunia,kisangani-cod,30,0.8083360260741212,0.9858715934929283,0.9644852847246437,0.9998170633007618,0.6395301046940576,0.9999999310310943,zone-attributed confirmed count 503 for this source zone; visibility-adjustment factor 2.02× reflects under-reporting in source zone; raw risk likely understates true hazard,BDBV-CLAIM-050,derived_model_output_with_unsupported_exponent_attribution,pinned_snapshot_model_output,africa-cdc-phecs-2026-05-18-live; afro-sitrep-01-2026-05-18-live; afro-sitrep-01-pdf-2026-05-18-live; cdc-current-situation-2026-05-21; cdc-current-situation-2026-05-23; cdc-current-situation-2026-05-24; cdc-current-situation-2026-05-25; drc-moh-epidemie-dashboard-sitrep-009-graphql-2026-05-24; drc-moh-epidemie-dashboard-sitrep-mve-n-007-mvb-17-2026-pdf-2026-05-22; ecdc-bdbv-drc-uga-2026-05-19-live; ecdc-bdbv-drc-uga-2026-05-21-live; ecdc-bdbv-drc-uga-2026-05-25-live; ecdc-bdbv-drc-uga-2026-05-26-live; ecdc-bdbv-drc-uga-2026-05-27-live; inrb-sitrep-015-2026-05-29; inrb-sitrep-016-2026-05-30; inrb-sitrep-017-2026-05-31; inrb-sitrep-018-2026-06-01; inrb-sitrep-019-2026-06-02; inrb-sitrep-020-2026-06-03; inrb-sitrep-021-2026-06-04; inrb-sitrep-022-2026-06-05; inrb-sitrep-023-2026-06-06; inrb-sitrep-024-2026-06-07; inrb-sitrep-025-2026-06-08; inrb-sitrep-026-2026-06-09; inrb-sitrep-027-2026-06-10; inrb-sitrep-028-2026-06-11; inrb-sitrep-030-2026-06-13; inrb-sitrep-031-2026-06-14; inrb-sitrep-032-2026-06-15; inrb-sitrep-033-2026-06-16; inrb-sitrep-034-2026-06-17; inrb-sitrep-035-2026-06-18; inrb-sitrep-036-2026-06-19; inrb-sitrep-037-2026-06-20; inrb-sitrep-038-2026-06-21; inrb-sitrep-039-2026-06-22; inrb-sitrep-040-2026-06-23; inrb-sitrep-041-2026-06-24; inrb-sitrep-042-2026-06-25; inrb-sitrep-044-2026-06-27; inrb-sitrep-046-2026-06-29; inrb-sitrep-047-2026-06-30; inrb-sitrep-048-2026-07-01; inrb-sitrep-049-2026-07-02; inrb-sitrep-050-2026-07-03; inrb-sitrep-051-2026-07-04; inrb-sitrep-052-2026-07-05; inrb-sitrep-053-2026-07-06; inrb-sitrep-054-2026-07-07; inrb-sitrep-055-2026-07-08; inrb-sitrep-056-2026-07-09; inrb-sitrep-057-2026-07-10; inrb-sitrep-058-2026-07-11; inrb-sitrep-059-2026-07-12; inrb-umie-ebola-drc-2026-build-2026-05-28-bb8b7d5; inrb-umie-ebola-drc-2026-build-2026-06-01-b4cafc9; uganda-moh-ebola-update-2026-06-06; uganda-moh-ebola-update-2026-06-20; uganda-moh-ebola-update-2026-06-21; who-daily-epi-bdbv-2026-06-08; who-dg-remarks-bdbv-2026-05-20; who-dg-remarks-bdbv-2026-05-22; who-don602-2026-05-15-live; who-don603-2026-05-21-live; who-don606-bdbv-2026-06-08; who-ihr-ec-bdbv-temporary-recommendations-2026-05-22; who-pheic-2026-05-17-live; wikipedia-2026-ituri-epidemic-2026-05-20-live,"Descriptive watch-point interval, not a forecast or response recommendation."
corridor:04:bunia:beni-cod,bunia,beni-cod,30,0.7700293845358998,0.9854601216174217,0.9486820897158423,0.9998061353502077,0.5752843460294171,0.9999999717823473,zone-attributed confirmed count 503 for this source zone; visibility-adjustment factor 2.02× reflects under-reporting in source zone; raw risk likely understates true hazard,BDBV-CLAIM-050,derived_model_output_with_unsupported_exponent_attribution,pinned_snapshot_model_output,africa-cdc-phecs-2026-05-18-live; afro-sitrep-01-2026-05-18-live; afro-sitrep-01-pdf-2026-05-18-live; cdc-current-situation-2026-05-21; cdc-current-situation-2026-05-23; cdc-current-situation-2026-05-24; cdc-current-situation-2026-05-25; drc-moh-epidemie-dashboard-sitrep-009-graphql-2026-05-24; drc-moh-epidemie-dashboard-sitrep-mve-n-007-mvb-17-2026-pdf-2026-05-22; ecdc-bdbv-drc-uga-2026-05-19-live; ecdc-bdbv-drc-uga-2026-05-21-live; ecdc-bdbv-drc-uga-2026-05-25-live; ecdc-bdbv-drc-uga-2026-05-26-live; ecdc-bdbv-drc-uga-2026-05-27-live; inrb-sitrep-015-2026-05-29; inrb-sitrep-016-2026-05-30; inrb-sitrep-017-2026-05-31; inrb-sitrep-018-2026-06-01; inrb-sitrep-019-2026-06-02; inrb-sitrep-020-2026-06-03; inrb-sitrep-021-2026-06-04; inrb-sitrep-022-2026-06-05; inrb-sitrep-023-2026-06-06; inrb-sitrep-024-2026-06-07; inrb-sitrep-025-2026-06-08; inrb-sitrep-026-2026-06-09; inrb-sitrep-027-2026-06-10; inrb-sitrep-028-2026-06-11; inrb-sitrep-030-2026-06-13; inrb-sitrep-031-2026-06-14; inrb-sitrep-032-2026-06-15; inrb-sitrep-033-2026-06-16; inrb-sitrep-034-2026-06-17; inrb-sitrep-035-2026-06-18; inrb-sitrep-036-2026-06-19; inrb-sitrep-037-2026-06-20; inrb-sitrep-038-2026-06-21; inrb-sitrep-039-2026-06-22; inrb-sitrep-040-2026-06-23; inrb-sitrep-041-2026-06-24; inrb-sitrep-042-2026-06-25; inrb-sitrep-044-2026-06-27; inrb-sitrep-046-2026-06-29; inrb-sitrep-047-2026-06-30; inrb-sitrep-048-2026-07-01; inrb-sitrep-049-2026-07-02; inrb-sitrep-050-2026-07-03; inrb-sitrep-051-2026-07-04; inrb-sitrep-052-2026-07-05; inrb-sitrep-053-2026-07-06; inrb-sitrep-054-2026-07-07; inrb-sitrep-055-2026-07-08; inrb-sitrep-056-2026-07-09; inrb-sitrep-057-2026-07-10; inrb-sitrep-058-2026-07-11; inrb-sitrep-059-2026-07-12; inrb-umie-ebola-drc-2026-build-2026-05-28-bb8b7d5; inrb-umie-ebola-drc-2026-build-2026-06-01-b4cafc9; uganda-moh-ebola-update-2026-06-06; uganda-moh-ebola-update-2026-06-20; uganda-moh-ebola-update-2026-06-21; who-daily-epi-bdbv-2026-06-08; who-dg-remarks-bdbv-2026-05-20; who-dg-remarks-bdbv-2026-05-22; who-don602-2026-05-15-live; who-don603-2026-05-21-live; who-don606-bdbv-2026-06-08; who-ihr-ec-bdbv-temporary-recommendations-2026-05-22; who-pheic-2026-05-17-live; wikipedia-2026-ituri-epidemic-2026-05-20-live,"Descriptive watch-point interval, not a forecast or response recommendation."
corridor:05:bunia:goma-cod,bunia,goma-cod,30,0.7874339966338173,0.9839897628473318,0.9562251623529885,0.9997644876474653,0.45475795564579136,0.9999997797054843,zone-attributed confirmed count 503 for this source zone; visibility-adjustment factor 2.02× reflects under-reporting in source zone; raw risk likely understates true hazard,BDBV-CLAIM-050,derived_model_output_with_unsupported_exponent_attribution,pinned_snapshot_model_output,africa-cdc-phecs-2026-05-18-live; afro-sitrep-01-2026-05-18-live; afro-sitrep-01-pdf-2026-05-18-live; cdc-current-situation-2026-05-21; cdc-current-situation-2026-05-23; cdc-current-situation-2026-05-24; cdc-current-situation-2026-05-25; drc-moh-epidemie-dashboard-sitrep-009-graphql-2026-05-24; drc-moh-epidemie-dashboard-sitrep-mve-n-007-mvb-17-2026-pdf-2026-05-22; ecdc-bdbv-drc-uga-2026-05-19-live; ecdc-bdbv-drc-uga-2026-05-21-live; ecdc-bdbv-drc-uga-2026-05-25-live; ecdc-bdbv-drc-uga-2026-05-26-live; ecdc-bdbv-drc-uga-2026-05-27-live; inrb-sitrep-015-2026-05-29; inrb-sitrep-016-2026-05-30; inrb-sitrep-017-2026-05-31; inrb-sitrep-018-2026-06-01; inrb-sitrep-019-2026-06-02; inrb-sitrep-020-2026-06-03; inrb-sitrep-021-2026-06-04; inrb-sitrep-022-2026-06-05; inrb-sitrep-023-2026-06-06; inrb-sitrep-024-2026-06-07; inrb-sitrep-025-2026-06-08; inrb-sitrep-026-2026-06-09; inrb-sitrep-027-2026-06-10; inrb-sitrep-028-2026-06-11; inrb-sitrep-030-2026-06-13; inrb-sitrep-031-2026-06-14; inrb-sitrep-032-2026-06-15; inrb-sitrep-033-2026-06-16; inrb-sitrep-034-2026-06-17; inrb-sitrep-035-2026-06-18; inrb-sitrep-036-2026-06-19; inrb-sitrep-037-2026-06-20; inrb-sitrep-038-2026-06-21; inrb-sitrep-039-2026-06-22; inrb-sitrep-040-2026-06-23; inrb-sitrep-041-2026-06-24; inrb-sitrep-042-2026-06-25; inrb-sitrep-044-2026-06-27; inrb-sitrep-046-2026-06-29; inrb-sitrep-047-2026-06-30; inrb-sitrep-048-2026-07-01; inrb-sitrep-049-2026-07-02; inrb-sitrep-050-2026-07-03; inrb-sitrep-051-2026-07-04; inrb-sitrep-052-2026-07-05; inrb-sitrep-053-2026-07-06; inrb-sitrep-054-2026-07-07; inrb-sitrep-055-2026-07-08; inrb-sitrep-056-2026-07-09; inrb-sitrep-057-2026-07-10; inrb-sitrep-058-2026-07-11; inrb-sitrep-059-2026-07-12; inrb-umie-ebola-drc-2026-build-2026-05-28-bb8b7d5; inrb-umie-ebola-drc-2026-build-2026-06-01-b4cafc9; uganda-moh-ebola-update-2026-06-06; uganda-moh-ebola-update-2026-06-20; uganda-moh-ebola-update-2026-06-21; who-daily-epi-bdbv-2026-06-08; who-dg-remarks-bdbv-2026-05-20; who-dg-remarks-bdbv-2026-05-22; who-don602-2026-05-15-live; who-don603-2026-05-21-live; who-don606-bdbv-2026-06-08; who-ihr-ec-bdbv-temporary-recommendations-2026-05-22; who-pheic-2026-05-17-live; wikipedia-2026-ituri-epidemic-2026-05-20-live,"Descriptive watch-point interval, not a forecast or response recommendation."
corridor:06:bunia:bundibugyo-uga,bunia,bundibugyo-uga,30,0.7669186465644882,0.9832907095761592,0.9472698781210325,0.9997432479981585,0.5478887707314103,0.9999999027506072,zone-attributed confirmed count 503 for this source zone; visibility-adjustment factor 2.02× reflects under-reporting in source zone; raw risk likely understates true hazard,BDBV-CLAIM-050,derived_model_output_with_unsupported_exponent_attribution,pinned_snapshot_model_output,africa-cdc-phecs-2026-05-18-live; afro-sitrep-01-2026-05-18-live; afro-sitrep-01-pdf-2026-05-18-live; cdc-current-situation-2026-05-21; cdc-current-situation-2026-05-23; cdc-current-situation-2026-05-24; cdc-current-situation-2026-05-25; drc-moh-epidemie-dashboard-sitrep-009-graphql-2026-05-24; drc-moh-epidemie-dashboard-sitrep-mve-n-007-mvb-17-2026-pdf-2026-05-22; ecdc-bdbv-drc-uga-2026-05-19-live; ecdc-bdbv-drc-uga-2026-05-21-live; ecdc-bdbv-drc-uga-2026-05-25-live; ecdc-bdbv-drc-uga-2026-05-26-live; ecdc-bdbv-drc-uga-2026-05-27-live; inrb-sitrep-015-2026-05-29; inrb-sitrep-016-2026-05-30; inrb-sitrep-017-2026-05-31; inrb-sitrep-018-2026-06-01; inrb-sitrep-019-2026-06-02; inrb-sitrep-020-2026-06-03; inrb-sitrep-021-2026-06-04; inrb-sitrep-022-2026-06-05; inrb-sitrep-023-2026-06-06; inrb-sitrep-024-2026-06-07; inrb-sitrep-025-2026-06-08; inrb-sitrep-026-2026-06-09; inrb-sitrep-027-2026-06-10; inrb-sitrep-028-2026-06-11; inrb-sitrep-030-2026-06-13; inrb-sitrep-031-2026-06-14; inrb-sitrep-032-2026-06-15; inrb-sitrep-033-2026-06-16; inrb-sitrep-034-2026-06-17; inrb-sitrep-035-2026-06-18; inrb-sitrep-036-2026-06-19; inrb-sitrep-037-2026-06-20; inrb-sitrep-038-2026-06-21; inrb-sitrep-039-2026-06-22; inrb-sitrep-040-2026-06-23; inrb-sitrep-041-2026-06-24; inrb-sitrep-042-2026-06-25; inrb-sitrep-044-2026-06-27; inrb-sitrep-046-2026-06-29; inrb-sitrep-047-2026-06-30; inrb-sitrep-048-2026-07-01; inrb-sitrep-049-2026-07-02; inrb-sitrep-050-2026-07-03; inrb-sitrep-051-2026-07-04; inrb-sitrep-052-2026-07-05; inrb-sitrep-053-2026-07-06; inrb-sitrep-054-2026-07-07; inrb-sitrep-055-2026-07-08; inrb-sitrep-056-2026-07-09; inrb-sitrep-057-2026-07-10; inrb-sitrep-058-2026-07-11; inrb-sitrep-059-2026-07-12; inrb-umie-ebola-drc-2026-build-2026-05-28-bb8b7d5; inrb-umie-ebola-drc-2026-build-2026-06-01-b4cafc9; uganda-moh-ebola-update-2026-06-06; uganda-moh-ebola-update-2026-06-20; uganda-moh-ebola-update-2026-06-21; who-daily-epi-bdbv-2026-06-08; who-dg-remarks-bdbv-2026-05-20; who-dg-remarks-bdbv-2026-05-22; who-don602-2026-05-15-live; who-don603-2026-05-21-live; who-don606-bdbv-2026-06-08; who-ihr-ec-bdbv-temporary-recommendations-2026-05-22; who-pheic-2026-05-17-live; wikipedia-2026-ituri-epidemic-2026-05-20-live,"Descriptive watch-point interval, not a forecast or response recommendation."
corridor:07:bunia:yei-ssd,bunia,yei-ssd,30,0.735811271180924,0.981987924461704,0.9320817254846314,0.9997009642415082,0.5708370794932993,0.999999973353654,zone-attributed confirmed count 503 for this source zone; visibility-adjustment factor 2.02× reflects under-reporting in source zone; raw risk likely understates true hazard,BDBV-CLAIM-050,derived_model_output_with_unsupported_exponent_attribution,pinned_snapshot_model_output,africa-cdc-phecs-2026-05-18-live; afro-sitrep-01-2026-05-18-live; afro-sitrep-01-pdf-2026-05-18-live; cdc-current-situation-2026-05-21; cdc-current-situation-2026-05-23; cdc-current-situation-2026-05-24; cdc-current-situation-2026-05-25; drc-moh-epidemie-dashboard-sitrep-009-graphql-2026-05-24; drc-moh-epidemie-dashboard-sitrep-mve-n-007-mvb-17-2026-pdf-2026-05-22; ecdc-bdbv-drc-uga-2026-05-19-live; ecdc-bdbv-drc-uga-2026-05-21-live; ecdc-bdbv-drc-uga-2026-05-25-live; ecdc-bdbv-drc-uga-2026-05-26-live; ecdc-bdbv-drc-uga-2026-05-27-live; inrb-sitrep-015-2026-05-29; inrb-sitrep-016-2026-05-30; inrb-sitrep-017-2026-05-31; inrb-sitrep-018-2026-06-01; inrb-sitrep-019-2026-06-02; inrb-sitrep-020-2026-06-03; inrb-sitrep-021-2026-06-04; inrb-sitrep-022-2026-06-05; inrb-sitrep-023-2026-06-06; inrb-sitrep-024-2026-06-07; inrb-sitrep-025-2026-06-08; inrb-sitrep-026-2026-06-09; inrb-sitrep-027-2026-06-10; inrb-sitrep-028-2026-06-11; inrb-sitrep-030-2026-06-13; inrb-sitrep-031-2026-06-14; inrb-sitrep-032-2026-06-15; inrb-sitrep-033-2026-06-16; inrb-sitrep-034-2026-06-17; inrb-sitrep-035-2026-06-18; inrb-sitrep-036-2026-06-19; inrb-sitrep-037-2026-06-20; inrb-sitrep-038-2026-06-21; inrb-sitrep-039-2026-06-22; inrb-sitrep-040-2026-06-23; inrb-sitrep-041-2026-06-24; inrb-sitrep-042-2026-06-25; inrb-sitrep-044-2026-06-27; inrb-sitrep-046-2026-06-29; inrb-sitrep-047-2026-06-30; inrb-sitrep-048-2026-07-01; inrb-sitrep-049-2026-07-02; inrb-sitrep-050-2026-07-03; inrb-sitrep-051-2026-07-04; inrb-sitrep-052-2026-07-05; inrb-sitrep-053-2026-07-06; inrb-sitrep-054-2026-07-07; inrb-sitrep-055-2026-07-08; inrb-sitrep-056-2026-07-09; inrb-sitrep-057-2026-07-10; inrb-sitrep-058-2026-07-11; inrb-sitrep-059-2026-07-12; inrb-umie-ebola-drc-2026-build-2026-05-28-bb8b7d5; inrb-umie-ebola-drc-2026-build-2026-06-01-b4cafc9; uganda-moh-ebola-update-2026-06-06; uganda-moh-ebola-update-2026-06-20; uganda-moh-ebola-update-2026-06-21; who-daily-epi-bdbv-2026-06-08; who-dg-remarks-bdbv-2026-05-20; who-dg-remarks-bdbv-2026-05-22; who-don602-2026-05-15-live; who-don603-2026-05-21-live; who-don606-bdbv-2026-06-08; who-ihr-ec-bdbv-temporary-recommendations-2026-05-22; who-pheic-2026-05-17-live; wikipedia-2026-ituri-epidemic-2026-05-20-live,"Descriptive watch-point interval, not a forecast or response recommendation."
corridor:08:bunia:kasese-uga,bunia,kasese-uga,30,0.7429737731193796,0.9796793678139085,0.9357504338163799,0.9996186851717386,0.524344394334859,0.9999999773523356,zone-attributed confirmed count 503 for this source zone; visibility-adjustment factor 2.02× reflects under-reporting in source zone; raw risk likely understates true hazard,BDBV-CLAIM-050,derived_model_output_with_unsupported_exponent_attribution,pinned_snapshot_model_output,africa-cdc-phecs-2026-05-18-live; afro-sitrep-01-2026-05-18-live; afro-sitrep-01-pdf-2026-05-18-live; cdc-current-situation-2026-05-21; cdc-current-situation-2026-05-23; cdc-current-situation-2026-05-24; cdc-current-situation-2026-05-25; drc-moh-epidemie-dashboard-sitrep-009-graphql-2026-05-24; drc-moh-epidemie-dashboard-sitrep-mve-n-007-mvb-17-2026-pdf-2026-05-22; ecdc-bdbv-drc-uga-2026-05-19-live; ecdc-bdbv-drc-uga-2026-05-21-live; ecdc-bdbv-drc-uga-2026-05-25-live; ecdc-bdbv-drc-uga-2026-05-26-live; ecdc-bdbv-drc-uga-2026-05-27-live; inrb-sitrep-015-2026-05-29; inrb-sitrep-016-2026-05-30; inrb-sitrep-017-2026-05-31; inrb-sitrep-018-2026-06-01; inrb-sitrep-019-2026-06-02; inrb-sitrep-020-2026-06-03; inrb-sitrep-021-2026-06-04; inrb-sitrep-022-2026-06-05; inrb-sitrep-023-2026-06-06; inrb-sitrep-024-2026-06-07; inrb-sitrep-025-2026-06-08; inrb-sitrep-026-2026-06-09; inrb-sitrep-027-2026-06-10; inrb-sitrep-028-2026-06-11; inrb-sitrep-030-2026-06-13; inrb-sitrep-031-2026-06-14; inrb-sitrep-032-2026-06-15; inrb-sitrep-033-2026-06-16; inrb-sitrep-034-2026-06-17; inrb-sitrep-035-2026-06-18; inrb-sitrep-036-2026-06-19; inrb-sitrep-037-2026-06-20; inrb-sitrep-038-2026-06-21; inrb-sitrep-039-2026-06-22; inrb-sitrep-040-2026-06-23; inrb-sitrep-041-2026-06-24; inrb-sitrep-042-2026-06-25; inrb-sitrep-044-2026-06-27; inrb-sitrep-046-2026-06-29; inrb-sitrep-047-2026-06-30; inrb-sitrep-048-2026-07-01; inrb-sitrep-049-2026-07-02; inrb-sitrep-050-2026-07-03; inrb-sitrep-051-2026-07-04; inrb-sitrep-052-2026-07-05; inrb-sitrep-053-2026-07-06; inrb-sitrep-054-2026-07-07; inrb-sitrep-055-2026-07-08; inrb-sitrep-056-2026-07-09; inrb-sitrep-057-2026-07-10; inrb-sitrep-058-2026-07-11; inrb-sitrep-059-2026-07-12; inrb-umie-ebola-drc-2026-build-2026-05-28-bb8b7d5; inrb-umie-ebola-drc-2026-build-2026-06-01-b4cafc9; uganda-moh-ebola-update-2026-06-06; uganda-moh-ebola-update-2026-06-20; uganda-moh-ebola-update-2026-06-21; who-daily-epi-bdbv-2026-06-08; who-dg-remarks-bdbv-2026-05-20; who-dg-remarks-bdbv-2026-05-22; who-don602-2026-05-15-live; who-don603-2026-05-21-live; who-don606-bdbv-2026-06-08; who-ihr-ec-bdbv-temporary-recommendations-2026-05-22; who-pheic-2026-05-17-live; wikipedia-2026-ituri-epidemic-2026-05-20-live,"Descriptive watch-point interval, not a forecast or response recommendation."
corridor:09:bunia:arua-uga,bunia,arua-uga,30,0.789667227863368,0.9796167408137049,0.9571489920858852,0.9996163688442868,0.4825748848206146,0.9999999752327372,zone-attributed confirmed count 503 for this source zone; visibility-adjustment factor 2.02× reflects under-reporting in source zone; raw risk likely understates true hazard,BDBV-CLAIM-050,derived_model_output_with_unsupported_exponent_attribution,pinned_snapshot_model_output,africa-cdc-phecs-2026-05-18-live; afro-sitrep-01-2026-05-18-live; afro-sitrep-01-pdf-2026-05-18-live; cdc-current-situation-2026-05-21; cdc-current-situation-2026-05-23; cdc-current-situation-2026-05-24; cdc-current-situation-2026-05-25; drc-moh-epidemie-dashboard-sitrep-009-graphql-2026-05-24; drc-moh-epidemie-dashboard-sitrep-mve-n-007-mvb-17-2026-pdf-2026-05-22; ecdc-bdbv-drc-uga-2026-05-19-live; ecdc-bdbv-drc-uga-2026-05-21-live; ecdc-bdbv-drc-uga-2026-05-25-live; ecdc-bdbv-drc-uga-2026-05-26-live; ecdc-bdbv-drc-uga-2026-05-27-live; inrb-sitrep-015-2026-05-29; inrb-sitrep-016-2026-05-30; inrb-sitrep-017-2026-05-31; inrb-sitrep-018-2026-06-01; inrb-sitrep-019-2026-06-02; inrb-sitrep-020-2026-06-03; inrb-sitrep-021-2026-06-04; inrb-sitrep-022-2026-06-05; inrb-sitrep-023-2026-06-06; inrb-sitrep-024-2026-06-07; inrb-sitrep-025-2026-06-08; inrb-sitrep-026-2026-06-09; inrb-sitrep-027-2026-06-10; inrb-sitrep-028-2026-06-11; inrb-sitrep-030-2026-06-13; inrb-sitrep-031-2026-06-14; inrb-sitrep-032-2026-06-15; inrb-sitrep-033-2026-06-16; inrb-sitrep-034-2026-06-17; inrb-sitrep-035-2026-06-18; inrb-sitrep-036-2026-06-19; inrb-sitrep-037-2026-06-20; inrb-sitrep-038-2026-06-21; inrb-sitrep-039-2026-06-22; inrb-sitrep-040-2026-06-23; inrb-sitrep-041-2026-06-24; inrb-sitrep-042-2026-06-25; inrb-sitrep-044-2026-06-27; inrb-sitrep-046-2026-06-29; inrb-sitrep-047-2026-06-30; inrb-sitrep-048-2026-07-01; inrb-sitrep-049-2026-07-02; inrb-sitrep-050-2026-07-03; inrb-sitrep-051-2026-07-04; inrb-sitrep-052-2026-07-05; inrb-sitrep-053-2026-07-06; inrb-sitrep-054-2026-07-07; inrb-sitrep-055-2026-07-08; inrb-sitrep-056-2026-07-09; inrb-sitrep-057-2026-07-10; inrb-sitrep-058-2026-07-11; inrb-sitrep-059-2026-07-12; inrb-umie-ebola-drc-2026-build-2026-05-28-bb8b7d5; inrb-umie-ebola-drc-2026-build-2026-06-01-b4cafc9; uganda-moh-ebola-update-2026-06-06; uganda-moh-ebola-update-2026-06-20; uganda-moh-ebola-update-2026-06-21; who-daily-epi-bdbv-2026-06-08; who-dg-remarks-bdbv-2026-05-20; who-dg-remarks-bdbv-2026-05-22; who-don602-2026-05-15-live; who-don603-2026-05-21-live; who-don606-bdbv-2026-06-08; who-ihr-ec-bdbv-temporary-recommendations-2026-05-22; who-pheic-2026-05-17-live; wikipedia-2026-ituri-epidemic-2026-05-20-live,"Descriptive watch-point interval, not a forecast or response recommendation."
corridor:10:rwampara:kampala-uga,rwampara,kampala-uga,30,0.6926153655318349,0.9629830752083557,0.9077695190659694,0.9987191430695191,0.4332383795627887,0.9999976083307858,zone-attributed confirmed count 384 for this source zone; visibility-adjustment factor 2.02× reflects under-reporting in source zone; raw risk likely understates true hazard,BDBV-CLAIM-050,derived_model_output_with_unsupported_exponent_attribution,pinned_snapshot_model_output,africa-cdc-phecs-2026-05-18-live; afro-sitrep-01-2026-05-18-live; afro-sitrep-01-pdf-2026-05-18-live; cdc-current-situation-2026-05-21; cdc-current-situation-2026-05-23; cdc-current-situation-2026-05-24; cdc-current-situation-2026-05-25; drc-moh-epidemie-dashboard-sitrep-009-graphql-2026-05-24; drc-moh-epidemie-dashboard-sitrep-mve-n-007-mvb-17-2026-pdf-2026-05-22; ecdc-bdbv-drc-uga-2026-05-19-live; ecdc-bdbv-drc-uga-2026-05-21-live; ecdc-bdbv-drc-uga-2026-05-25-live; ecdc-bdbv-drc-uga-2026-05-26-live; ecdc-bdbv-drc-uga-2026-05-27-live; inrb-sitrep-015-2026-05-29; inrb-sitrep-016-2026-05-30; inrb-sitrep-017-2026-05-31; inrb-sitrep-018-2026-06-01; inrb-sitrep-019-2026-06-02; inrb-sitrep-020-2026-06-03; inrb-sitrep-021-2026-06-04; inrb-sitrep-022-2026-06-05; inrb-sitrep-023-2026-06-06; inrb-sitrep-024-2026-06-07; inrb-sitrep-025-2026-06-08; inrb-sitrep-026-2026-06-09; inrb-sitrep-027-2026-06-10; inrb-sitrep-028-2026-06-11; inrb-sitrep-030-2026-06-13; inrb-sitrep-031-2026-06-14; inrb-sitrep-032-2026-06-15; inrb-sitrep-033-2026-06-16; inrb-sitrep-034-2026-06-17; inrb-sitrep-035-2026-06-18; inrb-sitrep-036-2026-06-19; inrb-sitrep-037-2026-06-20; inrb-sitrep-038-2026-06-21; inrb-sitrep-039-2026-06-22; inrb-sitrep-040-2026-06-23; inrb-sitrep-041-2026-06-24; inrb-sitrep-042-2026-06-25; inrb-sitrep-044-2026-06-27; inrb-sitrep-046-2026-06-29; inrb-sitrep-047-2026-06-30; inrb-sitrep-048-2026-07-01; inrb-sitrep-049-2026-07-02; inrb-sitrep-050-2026-07-03; inrb-sitrep-051-2026-07-04; inrb-sitrep-052-2026-07-05; inrb-sitrep-053-2026-07-06; inrb-sitrep-054-2026-07-07; inrb-sitrep-055-2026-07-08; inrb-sitrep-056-2026-07-09; inrb-sitrep-057-2026-07-10; inrb-sitrep-058-2026-07-11; inrb-sitrep-059-2026-07-12; inrb-umie-ebola-drc-2026-build-2026-05-28-bb8b7d5; inrb-umie-ebola-drc-2026-build-2026-06-01-b4cafc9; uganda-moh-ebola-update-2026-06-06; uganda-moh-ebola-update-2026-06-20; uganda-moh-ebola-update-2026-06-21; who-daily-epi-bdbv-2026-06-08; who-dg-remarks-bdbv-2026-05-20; who-dg-remarks-bdbv-2026-05-22; who-don602-2026-05-15-live; who-don603-2026-05-21-live; who-don606-bdbv-2026-06-08; who-ihr-ec-bdbv-temporary-recommendations-2026-05-22; who-pheic-2026-05-17-live; wikipedia-2026-ituri-epidemic-2026-05-20-live,"Descriptive watch-point interval, not a forecast or response recommendation."
corridor:11:rwampara:kisangani-cod,rwampara,kisangani-cod,30,0.6614874440078992,0.9616178621060916,0.8879234894589375,0.998621967900312,0.4949685583073651,0.9999981553515277,zone-attributed confirmed count 384 for this source zone; visibility-adjustment factor 2.02× reflects under-reporting in source zone; raw risk likely understates true hazard,BDBV-CLAIM-050,derived_model_output_with_unsupported_exponent_attribution,pinned_snapshot_model_output,africa-cdc-phecs-2026-05-18-live; afro-sitrep-01-2026-05-18-live; afro-sitrep-01-pdf-2026-05-18-live; cdc-current-situation-2026-05-21; cdc-current-situation-2026-05-23; cdc-current-situation-2026-05-24; cdc-current-situation-2026-05-25; drc-moh-epidemie-dashboard-sitrep-009-graphql-2026-05-24; drc-moh-epidemie-dashboard-sitrep-mve-n-007-mvb-17-2026-pdf-2026-05-22; ecdc-bdbv-drc-uga-2026-05-19-live; ecdc-bdbv-drc-uga-2026-05-21-live; ecdc-bdbv-drc-uga-2026-05-25-live; ecdc-bdbv-drc-uga-2026-05-26-live; ecdc-bdbv-drc-uga-2026-05-27-live; inrb-sitrep-015-2026-05-29; inrb-sitrep-016-2026-05-30; inrb-sitrep-017-2026-05-31; inrb-sitrep-018-2026-06-01; inrb-sitrep-019-2026-06-02; inrb-sitrep-020-2026-06-03; inrb-sitrep-021-2026-06-04; inrb-sitrep-022-2026-06-05; inrb-sitrep-023-2026-06-06; inrb-sitrep-024-2026-06-07; inrb-sitrep-025-2026-06-08; inrb-sitrep-026-2026-06-09; inrb-sitrep-027-2026-06-10; inrb-sitrep-028-2026-06-11; inrb-sitrep-030-2026-06-13; inrb-sitrep-031-2026-06-14; inrb-sitrep-032-2026-06-15; inrb-sitrep-033-2026-06-16; inrb-sitrep-034-2026-06-17; inrb-sitrep-035-2026-06-18; inrb-sitrep-036-2026-06-19; inrb-sitrep-037-2026-06-20; inrb-sitrep-038-2026-06-21; inrb-sitrep-039-2026-06-22; inrb-sitrep-040-2026-06-23; inrb-sitrep-041-2026-06-24; inrb-sitrep-042-2026-06-25; inrb-sitrep-044-2026-06-27; inrb-sitrep-046-2026-06-29; inrb-sitrep-047-2026-06-30; inrb-sitrep-048-2026-07-01; inrb-sitrep-049-2026-07-02; inrb-sitrep-050-2026-07-03; inrb-sitrep-051-2026-07-04; inrb-sitrep-052-2026-07-05; inrb-sitrep-053-2026-07-06; inrb-sitrep-054-2026-07-07; inrb-sitrep-055-2026-07-08; inrb-sitrep-056-2026-07-09; inrb-sitrep-057-2026-07-10; inrb-sitrep-058-2026-07-11; inrb-sitrep-059-2026-07-12; inrb-umie-ebola-drc-2026-build-2026-05-28-bb8b7d5; inrb-umie-ebola-drc-2026-build-2026-06-01-b4cafc9; uganda-moh-ebola-update-2026-06-06; uganda-moh-ebola-update-2026-06-20; uganda-moh-ebola-update-2026-06-21; who-daily-epi-bdbv-2026-06-08; who-dg-remarks-bdbv-2026-05-20; who-dg-remarks-bdbv-2026-05-22; who-don602-2026-05-15-live; who-don603-2026-05-21-live; who-don606-bdbv-2026-06-08; who-ihr-ec-bdbv-temporary-recommendations-2026-05-22; who-pheic-2026-05-17-live; wikipedia-2026-ituri-epidemic-2026-05-20-live,"Descriptive watch-point interval, not a forecast or response recommendation."
corridor:12:rwampara:bundibugyo-uga,rwampara,bundibugyo-uga,30,0.6805602514381448,0.9602883687946129,0.9003150376750348,0.9985238259016902,0.4719963793882673,0.9999966796083748,zone-attributed confirmed count 384 for this source zone; visibility-adjustment factor 2.02× reflects under-reporting in source zone; raw risk likely understates true hazard,BDBV-CLAIM-050,derived_model_output_with_unsupported_exponent_attribution,pinned_snapshot_model_output,africa-cdc-phecs-2026-05-18-live; afro-sitrep-01-2026-05-18-live; afro-sitrep-01-pdf-2026-05-18-live; cdc-current-situation-2026-05-21; cdc-current-situation-2026-05-23; cdc-current-situation-2026-05-24; cdc-current-situation-2026-05-25; drc-moh-epidemie-dashboard-sitrep-009-graphql-2026-05-24; drc-moh-epidemie-dashboard-sitrep-mve-n-007-mvb-17-2026-pdf-2026-05-22; ecdc-bdbv-drc-uga-2026-05-19-live; ecdc-bdbv-drc-uga-2026-05-21-live; ecdc-bdbv-drc-uga-2026-05-25-live; ecdc-bdbv-drc-uga-2026-05-26-live; ecdc-bdbv-drc-uga-2026-05-27-live; inrb-sitrep-015-2026-05-29; inrb-sitrep-016-2026-05-30; inrb-sitrep-017-2026-05-31; inrb-sitrep-018-2026-06-01; inrb-sitrep-019-2026-06-02; inrb-sitrep-020-2026-06-03; inrb-sitrep-021-2026-06-04; inrb-sitrep-022-2026-06-05; inrb-sitrep-023-2026-06-06; inrb-sitrep-024-2026-06-07; inrb-sitrep-025-2026-06-08; inrb-sitrep-026-2026-06-09; inrb-sitrep-027-2026-06-10; inrb-sitrep-028-2026-06-11; inrb-sitrep-030-2026-06-13; inrb-sitrep-031-2026-06-14; inrb-sitrep-032-2026-06-15; inrb-sitrep-033-2026-06-16; inrb-sitrep-034-2026-06-17; inrb-sitrep-035-2026-06-18; inrb-sitrep-036-2026-06-19; inrb-sitrep-037-2026-06-20; inrb-sitrep-038-2026-06-21; inrb-sitrep-039-2026-06-22; inrb-sitrep-040-2026-06-23; inrb-sitrep-041-2026-06-24; inrb-sitrep-042-2026-06-25; inrb-sitrep-044-2026-06-27; inrb-sitrep-046-2026-06-29; inrb-sitrep-047-2026-06-30; inrb-sitrep-048-2026-07-01; inrb-sitrep-049-2026-07-02; inrb-sitrep-050-2026-07-03; inrb-sitrep-051-2026-07-04; inrb-sitrep-052-2026-07-05; inrb-sitrep-053-2026-07-06; inrb-sitrep-054-2026-07-07; inrb-sitrep-055-2026-07-08; inrb-sitrep-056-2026-07-09; inrb-sitrep-057-2026-07-10; inrb-sitrep-058-2026-07-11; inrb-sitrep-059-2026-07-12; inrb-umie-ebola-drc-2026-build-2026-05-28-bb8b7d5; inrb-umie-ebola-drc-2026-build-2026-06-01-b4cafc9; uganda-moh-ebola-update-2026-06-06; uganda-moh-ebola-update-2026-06-20; uganda-moh-ebola-update-2026-06-21; who-daily-epi-bdbv-2026-06-08; who-dg-remarks-bdbv-2026-05-20; who-dg-remarks-bdbv-2026-05-22; who-don602-2026-05-15-live; who-don603-2026-05-21-live; who-don606-bdbv-2026-06-08; who-ihr-ec-bdbv-temporary-recommendations-2026-05-22; who-pheic-2026-05-17-live; wikipedia-2026-ituri-epidemic-2026-05-20-live,"Descriptive watch-point interval, not a forecast or response recommendation."
corridor:13:rwampara:goma-cod,rwampara,goma-cod,30,0.6917120394735616,0.9586071590463793,0.9072213920203187,0.9983948150061168,0.4666012420982027,0.9999928065381523,zone-attributed confirmed count 384 for this source zone; visibility-adjustment factor 2.02× reflects under-reporting in source zone; raw risk likely understates true hazard,BDBV-CLAIM-050,derived_model_output_with_unsupported_exponent_attribution,pinned_snapshot_model_output,africa-cdc-phecs-2026-05-18-live; afro-sitrep-01-2026-05-18-live; afro-sitrep-01-pdf-2026-05-18-live; cdc-current-situation-2026-05-21; cdc-current-situation-2026-05-23; cdc-current-situation-2026-05-24; cdc-current-situation-2026-05-25; drc-moh-epidemie-dashboard-sitrep-009-graphql-2026-05-24; drc-moh-epidemie-dashboard-sitrep-mve-n-007-mvb-17-2026-pdf-2026-05-22; ecdc-bdbv-drc-uga-2026-05-19-live; ecdc-bdbv-drc-uga-2026-05-21-live; ecdc-bdbv-drc-uga-2026-05-25-live; ecdc-bdbv-drc-uga-2026-05-26-live; ecdc-bdbv-drc-uga-2026-05-27-live; inrb-sitrep-015-2026-05-29; inrb-sitrep-016-2026-05-30; inrb-sitrep-017-2026-05-31; inrb-sitrep-018-2026-06-01; inrb-sitrep-019-2026-06-02; inrb-sitrep-020-2026-06-03; inrb-sitrep-021-2026-06-04; inrb-sitrep-022-2026-06-05; inrb-sitrep-023-2026-06-06; inrb-sitrep-024-2026-06-07; inrb-sitrep-025-2026-06-08; inrb-sitrep-026-2026-06-09; inrb-sitrep-027-2026-06-10; inrb-sitrep-028-2026-06-11; inrb-sitrep-030-2026-06-13; inrb-sitrep-031-2026-06-14; inrb-sitrep-032-2026-06-15; inrb-sitrep-033-2026-06-16; inrb-sitrep-034-2026-06-17; inrb-sitrep-035-2026-06-18; inrb-sitrep-036-2026-06-19; inrb-sitrep-037-2026-06-20; inrb-sitrep-038-2026-06-21; inrb-sitrep-039-2026-06-22; inrb-sitrep-040-2026-06-23; inrb-sitrep-041-2026-06-24; inrb-sitrep-042-2026-06-25; inrb-sitrep-044-2026-06-27; inrb-sitrep-046-2026-06-29; inrb-sitrep-047-2026-06-30; inrb-sitrep-048-2026-07-01; inrb-sitrep-049-2026-07-02; inrb-sitrep-050-2026-07-03; inrb-sitrep-051-2026-07-04; inrb-sitrep-052-2026-07-05; inrb-sitrep-053-2026-07-06; inrb-sitrep-054-2026-07-07; inrb-sitrep-055-2026-07-08; inrb-sitrep-056-2026-07-09; inrb-sitrep-057-2026-07-10; inrb-sitrep-058-2026-07-11; inrb-sitrep-059-2026-07-12; inrb-umie-ebola-drc-2026-build-2026-05-28-bb8b7d5; inrb-umie-ebola-drc-2026-build-2026-06-01-b4cafc9; uganda-moh-ebola-update-2026-06-06; uganda-moh-ebola-update-2026-06-20; uganda-moh-ebola-update-2026-06-21; who-daily-epi-bdbv-2026-06-08; who-dg-remarks-bdbv-2026-05-20; who-dg-remarks-bdbv-2026-05-22; who-don602-2026-05-15-live; who-don603-2026-05-21-live; who-don606-bdbv-2026-06-08; who-ihr-ec-bdbv-temporary-recommendations-2026-05-22; who-pheic-2026-05-17-live; wikipedia-2026-ituri-epidemic-2026-05-20-live,"Descriptive watch-point interval, not a forecast or response recommendation."
corridor:14:rwampara:kasese-uga,rwampara,kasese-uga,30,0.663135625487156,0.9562620077820349,0.889023687593465,0.9982051590616161,0.4344979719913193,0.9999986522057815,zone-attributed confirmed count 384 for this source zone; visibility-adjustment factor 2.02× reflects under-reporting in source zone; raw risk likely understates true hazard,BDBV-CLAIM-050,derived_model_output_with_unsupported_exponent_attribution,pinned_snapshot_model_output,africa-cdc-phecs-2026-05-18-live; afro-sitrep-01-2026-05-18-live; afro-sitrep-01-pdf-2026-05-18-live; cdc-current-situation-2026-05-21; cdc-current-situation-2026-05-23; cdc-current-situation-2026-05-24; cdc-current-situation-2026-05-25; drc-moh-epidemie-dashboard-sitrep-009-graphql-2026-05-24; drc-moh-epidemie-dashboard-sitrep-mve-n-007-mvb-17-2026-pdf-2026-05-22; ecdc-bdbv-drc-uga-2026-05-19-live; ecdc-bdbv-drc-uga-2026-05-21-live; ecdc-bdbv-drc-uga-2026-05-25-live; ecdc-bdbv-drc-uga-2026-05-26-live; ecdc-bdbv-drc-uga-2026-05-27-live; inrb-sitrep-015-2026-05-29; inrb-sitrep-016-2026-05-30; inrb-sitrep-017-2026-05-31; inrb-sitrep-018-2026-06-01; inrb-sitrep-019-2026-06-02; inrb-sitrep-020-2026-06-03; inrb-sitrep-021-2026-06-04; inrb-sitrep-022-2026-06-05; inrb-sitrep-023-2026-06-06; inrb-sitrep-024-2026-06-07; inrb-sitrep-025-2026-06-08; inrb-sitrep-026-2026-06-09; inrb-sitrep-027-2026-06-10; inrb-sitrep-028-2026-06-11; inrb-sitrep-030-2026-06-13; inrb-sitrep-031-2026-06-14; inrb-sitrep-032-2026-06-15; inrb-sitrep-033-2026-06-16; inrb-sitrep-034-2026-06-17; inrb-sitrep-035-2026-06-18; inrb-sitrep-036-2026-06-19; inrb-sitrep-037-2026-06-20; inrb-sitrep-038-2026-06-21; inrb-sitrep-039-2026-06-22; inrb-sitrep-040-2026-06-23; inrb-sitrep-041-2026-06-24; inrb-sitrep-042-2026-06-25; inrb-sitrep-044-2026-06-27; inrb-sitrep-046-2026-06-29; inrb-sitrep-047-2026-06-30; inrb-sitrep-048-2026-07-01; inrb-sitrep-049-2026-07-02; inrb-sitrep-050-2026-07-03; inrb-sitrep-051-2026-07-04; inrb-sitrep-052-2026-07-05; inrb-sitrep-053-2026-07-06; inrb-sitrep-054-2026-07-07; inrb-sitrep-055-2026-07-08; inrb-sitrep-056-2026-07-09; inrb-sitrep-057-2026-07-10; inrb-sitrep-058-2026-07-11; inrb-sitrep-059-2026-07-12; inrb-umie-ebola-drc-2026-build-2026-05-28-bb8b7d5; inrb-umie-ebola-drc-2026-build-2026-06-01-b4cafc9; uganda-moh-ebola-update-2026-06-06; uganda-moh-ebola-update-2026-06-20; uganda-moh-ebola-update-2026-06-21; who-daily-epi-bdbv-2026-06-08; who-dg-remarks-bdbv-2026-05-20; who-dg-remarks-bdbv-2026-05-22; who-don602-2026-05-15-live; who-don603-2026-05-21-live; who-don606-bdbv-2026-06-08; who-ihr-ec-bdbv-temporary-recommendations-2026-05-22; who-pheic-2026-05-17-live; wikipedia-2026-ituri-epidemic-2026-05-20-live,"Descriptive watch-point interval, not a forecast or response recommendation."
corridor:15:rwampara:beni-cod,rwampara,beni-cod,30,0.6737604323745383,0.9559848181437741,0.8959816825259262,0.9981827081310616,0.46226371576282227,0.9999956977848513,zone-attributed confirmed count 384 for this source zone; visibility-adjustment factor 2.02× reflects under-reporting in source zone; raw risk likely understates true hazard,BDBV-CLAIM-050,derived_model_output_with_unsupported_exponent_attribution,pinned_snapshot_model_output,africa-cdc-phecs-2026-05-18-live; afro-sitrep-01-2026-05-18-live; afro-sitrep-01-pdf-2026-05-18-live; cdc-current-situation-2026-05-21; cdc-current-situation-2026-05-23; cdc-current-situation-2026-05-24; cdc-current-situation-2026-05-25; drc-moh-epidemie-dashboard-sitrep-009-graphql-2026-05-24; drc-moh-epidemie-dashboard-sitrep-mve-n-007-mvb-17-2026-pdf-2026-05-22; ecdc-bdbv-drc-uga-2026-05-19-live; ecdc-bdbv-drc-uga-2026-05-21-live; ecdc-bdbv-drc-uga-2026-05-25-live; ecdc-bdbv-drc-uga-2026-05-26-live; ecdc-bdbv-drc-uga-2026-05-27-live; inrb-sitrep-015-2026-05-29; inrb-sitrep-016-2026-05-30; inrb-sitrep-017-2026-05-31; inrb-sitrep-018-2026-06-01; inrb-sitrep-019-2026-06-02; inrb-sitrep-020-2026-06-03; inrb-sitrep-021-2026-06-04; inrb-sitrep-022-2026-06-05; inrb-sitrep-023-2026-06-06; inrb-sitrep-024-2026-06-07; inrb-sitrep-025-2026-06-08; inrb-sitrep-026-2026-06-09; inrb-sitrep-027-2026-06-10; inrb-sitrep-028-2026-06-11; inrb-sitrep-030-2026-06-13; inrb-sitrep-031-2026-06-14; inrb-sitrep-032-2026-06-15; inrb-sitrep-033-2026-06-16; inrb-sitrep-034-2026-06-17; inrb-sitrep-035-2026-06-18; inrb-sitrep-036-2026-06-19; inrb-sitrep-037-2026-06-20; inrb-sitrep-038-2026-06-21; inrb-sitrep-039-2026-06-22; inrb-sitrep-040-2026-06-23; inrb-sitrep-041-2026-06-24; inrb-sitrep-042-2026-06-25; inrb-sitrep-044-2026-06-27; inrb-sitrep-046-2026-06-29; inrb-sitrep-047-2026-06-30; inrb-sitrep-048-2026-07-01; inrb-sitrep-049-2026-07-02; inrb-sitrep-050-2026-07-03; inrb-sitrep-051-2026-07-04; inrb-sitrep-052-2026-07-05; inrb-sitrep-053-2026-07-06; inrb-sitrep-054-2026-07-07; inrb-sitrep-055-2026-07-08; inrb-sitrep-056-2026-07-09; inrb-sitrep-057-2026-07-10; inrb-sitrep-058-2026-07-11; inrb-sitrep-059-2026-07-12; inrb-umie-ebola-drc-2026-build-2026-05-28-bb8b7d5; inrb-umie-ebola-drc-2026-build-2026-06-01-b4cafc9; uganda-moh-ebola-update-2026-06-06; uganda-moh-ebola-update-2026-06-20; uganda-moh-ebola-update-2026-06-21; who-daily-epi-bdbv-2026-06-08; who-dg-remarks-bdbv-2026-05-20; who-dg-remarks-bdbv-2026-05-22; who-don602-2026-05-15-live; who-don603-2026-05-21-live; who-don606-bdbv-2026-06-08; who-ihr-ec-bdbv-temporary-recommendations-2026-05-22; who-pheic-2026-05-17-live; wikipedia-2026-ituri-epidemic-2026-05-20-live,"Descriptive watch-point interval, not a forecast or response recommendation."
corridor:16:rwampara:yei-ssd,rwampara,yei-ssd,30,0.6876999512976927,0.9528883687664333,0.9047652041960226,0.9979150834771131,0.4818220679145147,0.9999975809197605,zone-attributed confirmed count 384 for this source zone; visibility-adjustment factor 2.02× reflects under-reporting in source zone; raw risk likely understates true hazard,BDBV-CLAIM-050,derived_model_output_with_unsupported_exponent_attribution,pinned_snapshot_model_output,africa-cdc-phecs-2026-05-18-live; afro-sitrep-01-2026-05-18-live; afro-sitrep-01-pdf-2026-05-18-live; cdc-current-situation-2026-05-21; cdc-current-situation-2026-05-23; cdc-current-situation-2026-05-24; cdc-current-situation-2026-05-25; drc-moh-epidemie-dashboard-sitrep-009-graphql-2026-05-24; drc-moh-epidemie-dashboard-sitrep-mve-n-007-mvb-17-2026-pdf-2026-05-22; ecdc-bdbv-drc-uga-2026-05-19-live; ecdc-bdbv-drc-uga-2026-05-21-live; ecdc-bdbv-drc-uga-2026-05-25-live; ecdc-bdbv-drc-uga-2026-05-26-live; ecdc-bdbv-drc-uga-2026-05-27-live; inrb-sitrep-015-2026-05-29; inrb-sitrep-016-2026-05-30; inrb-sitrep-017-2026-05-31; inrb-sitrep-018-2026-06-01; inrb-sitrep-019-2026-06-02; inrb-sitrep-020-2026-06-03; inrb-sitrep-021-2026-06-04; inrb-sitrep-022-2026-06-05; inrb-sitrep-023-2026-06-06; inrb-sitrep-024-2026-06-07; inrb-sitrep-025-2026-06-08; inrb-sitrep-026-2026-06-09; inrb-sitrep-027-2026-06-10; inrb-sitrep-028-2026-06-11; inrb-sitrep-030-2026-06-13; inrb-sitrep-031-2026-06-14; inrb-sitrep-032-2026-06-15; inrb-sitrep-033-2026-06-16; inrb-sitrep-034-2026-06-17; inrb-sitrep-035-2026-06-18; inrb-sitrep-036-2026-06-19; inrb-sitrep-037-2026-06-20; inrb-sitrep-038-2026-06-21; inrb-sitrep-039-2026-06-22; inrb-sitrep-040-2026-06-23; inrb-sitrep-041-2026-06-24; inrb-sitrep-042-2026-06-25; inrb-sitrep-044-2026-06-27; inrb-sitrep-046-2026-06-29; inrb-sitrep-047-2026-06-30; inrb-sitrep-048-2026-07-01; inrb-sitrep-049-2026-07-02; inrb-sitrep-050-2026-07-03; inrb-sitrep-051-2026-07-04; inrb-sitrep-052-2026-07-05; inrb-sitrep-053-2026-07-06; inrb-sitrep-054-2026-07-07; inrb-sitrep-055-2026-07-08; inrb-sitrep-056-2026-07-09; inrb-sitrep-057-2026-07-10; inrb-sitrep-058-2026-07-11; inrb-sitrep-059-2026-07-12; inrb-umie-ebola-drc-2026-build-2026-05-28-bb8b7d5; inrb-umie-ebola-drc-2026-build-2026-06-01-b4cafc9; uganda-moh-ebola-update-2026-06-06; uganda-moh-ebola-update-2026-06-20; uganda-moh-ebola-update-2026-06-21; who-daily-epi-bdbv-2026-06-08; who-dg-remarks-bdbv-2026-05-20; who-dg-remarks-bdbv-2026-05-22; who-don602-2026-05-15-live; who-don603-2026-05-21-live; who-don606-bdbv-2026-06-08; who-ihr-ec-bdbv-temporary-recommendations-2026-05-22; who-pheic-2026-05-17-live; wikipedia-2026-ituri-epidemic-2026-05-20-live,"Descriptive watch-point interval, not a forecast or response recommendation."
corridor:17:rwampara:nebbi-uga,rwampara,nebbi-uga,30,0.6638775618776189,0.9507462542180736,0.8895160911772311,0.997719165182338,0.40858663512560833,0.999991981722176,zone-attributed confirmed count 384 for this source zone; visibility-adjustment factor 2.02× reflects under-reporting in source zone; raw risk likely understates true hazard,BDBV-CLAIM-050,derived_model_output_with_unsupported_exponent_attribution,pinned_snapshot_model_output,africa-cdc-phecs-2026-05-18-live; afro-sitrep-01-2026-05-18-live; afro-sitrep-01-pdf-2026-05-18-live; cdc-current-situation-2026-05-21; cdc-current-situation-2026-05-23; cdc-current-situation-2026-05-24; cdc-current-situation-2026-05-25; drc-moh-epidemie-dashboard-sitrep-009-graphql-2026-05-24; drc-moh-epidemie-dashboard-sitrep-mve-n-007-mvb-17-2026-pdf-2026-05-22; ecdc-bdbv-drc-uga-2026-05-19-live; ecdc-bdbv-drc-uga-2026-05-21-live; ecdc-bdbv-drc-uga-2026-05-25-live; ecdc-bdbv-drc-uga-2026-05-26-live; ecdc-bdbv-drc-uga-2026-05-27-live; inrb-sitrep-015-2026-05-29; inrb-sitrep-016-2026-05-30; inrb-sitrep-017-2026-05-31; inrb-sitrep-018-2026-06-01; inrb-sitrep-019-2026-06-02; inrb-sitrep-020-2026-06-03; inrb-sitrep-021-2026-06-04; inrb-sitrep-022-2026-06-05; inrb-sitrep-023-2026-06-06; inrb-sitrep-024-2026-06-07; inrb-sitrep-025-2026-06-08; inrb-sitrep-026-2026-06-09; inrb-sitrep-027-2026-06-10; inrb-sitrep-028-2026-06-11; inrb-sitrep-030-2026-06-13; inrb-sitrep-031-2026-06-14; inrb-sitrep-032-2026-06-15; inrb-sitrep-033-2026-06-16; inrb-sitrep-034-2026-06-17; inrb-sitrep-035-2026-06-18; inrb-sitrep-036-2026-06-19; inrb-sitrep-037-2026-06-20; inrb-sitrep-038-2026-06-21; inrb-sitrep-039-2026-06-22; inrb-sitrep-040-2026-06-23; inrb-sitrep-041-2026-06-24; inrb-sitrep-042-2026-06-25; inrb-sitrep-044-2026-06-27; inrb-sitrep-046-2026-06-29; inrb-sitrep-047-2026-06-30; inrb-sitrep-048-2026-07-01; inrb-sitrep-049-2026-07-02; inrb-sitrep-050-2026-07-03; inrb-sitrep-051-2026-07-04; inrb-sitrep-052-2026-07-05; inrb-sitrep-053-2026-07-06; inrb-sitrep-054-2026-07-07; inrb-sitrep-055-2026-07-08; inrb-sitrep-056-2026-07-09; inrb-sitrep-057-2026-07-10; inrb-sitrep-058-2026-07-11; inrb-sitrep-059-2026-07-12; inrb-umie-ebola-drc-2026-build-2026-05-28-bb8b7d5; inrb-umie-ebola-drc-2026-build-2026-06-01-b4cafc9; uganda-moh-ebola-update-2026-06-06; uganda-moh-ebola-update-2026-06-20; uganda-moh-ebola-update-2026-06-21; who-daily-epi-bdbv-2026-06-08; who-dg-remarks-bdbv-2026-05-20; who-dg-remarks-bdbv-2026-05-22; who-don602-2026-05-15-live; who-don603-2026-05-21-live; who-don606-bdbv-2026-06-08; who-ihr-ec-bdbv-temporary-recommendations-2026-05-22; who-pheic-2026-05-17-live; wikipedia-2026-ituri-epidemic-2026-05-20-live,"Descriptive watch-point interval, not a forecast or response recommendation."
corridor:18:rwampara:arua-uga,rwampara,arua-uga,30,0.6632019563952205,0.9488964204859553,0.8890676270280039,0.9975420399816033,0.36246933774687523,0.999997417862684,zone-attributed confirmed count 384 for this source zone; visibility-adjustment factor 2.02× reflects under-reporting in source zone; raw risk likely understates true hazard,BDBV-CLAIM-050,derived_model_output_with_unsupported_exponent_attribution,pinned_snapshot_model_output,africa-cdc-phecs-2026-05-18-live; afro-sitrep-01-2026-05-18-live; afro-sitrep-01-pdf-2026-05-18-live; cdc-current-situation-2026-05-21; cdc-current-situation-2026-05-23; cdc-current-situation-2026-05-24; cdc-current-situation-2026-05-25; drc-moh-epidemie-dashboard-sitrep-009-graphql-2026-05-24; drc-moh-epidemie-dashboard-sitrep-mve-n-007-mvb-17-2026-pdf-2026-05-22; ecdc-bdbv-drc-uga-2026-05-19-live; ecdc-bdbv-drc-uga-2026-05-21-live; ecdc-bdbv-drc-uga-2026-05-25-live; ecdc-bdbv-drc-uga-2026-05-26-live; ecdc-bdbv-drc-uga-2026-05-27-live; inrb-sitrep-015-2026-05-29; inrb-sitrep-016-2026-05-30; inrb-sitrep-017-2026-05-31; inrb-sitrep-018-2026-06-01; inrb-sitrep-019-2026-06-02; inrb-sitrep-020-2026-06-03; inrb-sitrep-021-2026-06-04; inrb-sitrep-022-2026-06-05; inrb-sitrep-023-2026-06-06; inrb-sitrep-024-2026-06-07; inrb-sitrep-025-2026-06-08; inrb-sitrep-026-2026-06-09; inrb-sitrep-027-2026-06-10; inrb-sitrep-028-2026-06-11; inrb-sitrep-030-2026-06-13; inrb-sitrep-031-2026-06-14; inrb-sitrep-032-2026-06-15; inrb-sitrep-033-2026-06-16; inrb-sitrep-034-2026-06-17; inrb-sitrep-035-2026-06-18; inrb-sitrep-036-2026-06-19; inrb-sitrep-037-2026-06-20; inrb-sitrep-038-2026-06-21; inrb-sitrep-039-2026-06-22; inrb-sitrep-040-2026-06-23; inrb-sitrep-041-2026-06-24; inrb-sitrep-042-2026-06-25; inrb-sitrep-044-2026-06-27; inrb-sitrep-046-2026-06-29; inrb-sitrep-047-2026-06-30; inrb-sitrep-048-2026-07-01; inrb-sitrep-049-2026-07-02; inrb-sitrep-050-2026-07-03; inrb-sitrep-051-2026-07-04; inrb-sitrep-052-2026-07-05; inrb-sitrep-053-2026-07-06; inrb-sitrep-054-2026-07-07; inrb-sitrep-055-2026-07-08; inrb-sitrep-056-2026-07-09; inrb-sitrep-057-2026-07-10; inrb-sitrep-058-2026-07-11; inrb-sitrep-059-2026-07-12; inrb-umie-ebola-drc-2026-build-2026-05-28-bb8b7d5; inrb-umie-ebola-drc-2026-build-2026-06-01-b4cafc9; uganda-moh-ebola-update-2026-06-06; uganda-moh-ebola-update-2026-06-20; uganda-moh-ebola-update-2026-06-21; who-daily-epi-bdbv-2026-06-08; who-dg-remarks-bdbv-2026-05-20; who-dg-remarks-bdbv-2026-05-22; who-don602-2026-05-15-live; who-don603-2026-05-21-live; who-don606-bdbv-2026-06-08; who-ihr-ec-bdbv-temporary-recommendations-2026-05-22; who-pheic-2026-05-17-live; wikipedia-2026-ituri-epidemic-2026-05-20-live,"Descriptive watch-point interval, not a forecast or response recommendation."
corridor:19:mongbwalu:yei-ssd,mongbwalu,yei-ssd,30,0.6593991932338995,0.9405807273916941,0.886519665506688,0.9966676937296828,0.3621762855786974,0.9999724150697723,zone-attributed confirmed count 329 for this source zone; visibility-adjustment factor 2.02× reflects under-reporting in source zone; raw risk likely understates true hazard,BDBV-CLAIM-050,derived_model_output_with_unsupported_exponent_attribution,pinned_snapshot_model_output,africa-cdc-phecs-2026-05-18-live; afro-sitrep-01-2026-05-18-live; afro-sitrep-01-pdf-2026-05-18-live; cdc-current-situation-2026-05-21; cdc-current-situation-2026-05-23; cdc-current-situation-2026-05-24; cdc-current-situation-2026-05-25; drc-moh-epidemie-dashboard-sitrep-009-graphql-2026-05-24; drc-moh-epidemie-dashboard-sitrep-mve-n-007-mvb-17-2026-pdf-2026-05-22; ecdc-bdbv-drc-uga-2026-05-19-live; ecdc-bdbv-drc-uga-2026-05-21-live; ecdc-bdbv-drc-uga-2026-05-25-live; ecdc-bdbv-drc-uga-2026-05-26-live; ecdc-bdbv-drc-uga-2026-05-27-live; inrb-sitrep-015-2026-05-29; inrb-sitrep-016-2026-05-30; inrb-sitrep-017-2026-05-31; inrb-sitrep-018-2026-06-01; inrb-sitrep-019-2026-06-02; inrb-sitrep-020-2026-06-03; inrb-sitrep-021-2026-06-04; inrb-sitrep-022-2026-06-05; inrb-sitrep-023-2026-06-06; inrb-sitrep-024-2026-06-07; inrb-sitrep-025-2026-06-08; inrb-sitrep-026-2026-06-09; inrb-sitrep-027-2026-06-10; inrb-sitrep-028-2026-06-11; inrb-sitrep-030-2026-06-13; inrb-sitrep-031-2026-06-14; inrb-sitrep-032-2026-06-15; inrb-sitrep-033-2026-06-16; inrb-sitrep-034-2026-06-17; inrb-sitrep-035-2026-06-18; inrb-sitrep-036-2026-06-19; inrb-sitrep-037-2026-06-20; inrb-sitrep-038-2026-06-21; inrb-sitrep-039-2026-06-22; inrb-sitrep-040-2026-06-23; inrb-sitrep-041-2026-06-24; inrb-sitrep-042-2026-06-25; inrb-sitrep-044-2026-06-27; inrb-sitrep-046-2026-06-29; inrb-sitrep-047-2026-06-30; inrb-sitrep-048-2026-07-01; inrb-sitrep-049-2026-07-02; inrb-sitrep-050-2026-07-03; inrb-sitrep-051-2026-07-04; inrb-sitrep-052-2026-07-05; inrb-sitrep-053-2026-07-06; inrb-sitrep-054-2026-07-07; inrb-sitrep-055-2026-07-08; inrb-sitrep-056-2026-07-09; inrb-sitrep-057-2026-07-10; inrb-sitrep-058-2026-07-11; inrb-sitrep-059-2026-07-12; inrb-umie-ebola-drc-2026-build-2026-05-28-bb8b7d5; inrb-umie-ebola-drc-2026-build-2026-06-01-b4cafc9; uganda-moh-ebola-update-2026-06-06; uganda-moh-ebola-update-2026-06-20; uganda-moh-ebola-update-2026-06-21; who-daily-epi-bdbv-2026-06-08; who-dg-remarks-bdbv-2026-05-20; who-dg-remarks-bdbv-2026-05-22; who-don602-2026-05-15-live; who-don603-2026-05-21-live; who-don606-bdbv-2026-06-08; who-ihr-ec-bdbv-temporary-recommendations-2026-05-22; who-pheic-2026-05-17-live; wikipedia-2026-ituri-epidemic-2026-05-20-live,"Descriptive watch-point interval, not a forecast or response recommendation."
corridor:20:mongbwalu:nebbi-uga,mongbwalu,nebbi-uga,30,0.6418330846355386,0.93989307865053,0.8743808260769053,0.99658912297516,0.45731509145243804,0.9999893100003933,zone-attributed confirmed count 329 for this source zone; visibility-adjustment factor 2.02× reflects under-reporting in source zone; raw risk likely understates true hazard,BDBV-CLAIM-050,derived_model_output_with_unsupported_exponent_attribution,pinned_snapshot_model_output,africa-cdc-phecs-2026-05-18-live; afro-sitrep-01-2026-05-18-live; afro-sitrep-01-pdf-2026-05-18-live; cdc-current-situation-2026-05-21; cdc-current-situation-2026-05-23; cdc-current-situation-2026-05-24; cdc-current-situation-2026-05-25; drc-moh-epidemie-dashboard-sitrep-009-graphql-2026-05-24; drc-moh-epidemie-dashboard-sitrep-mve-n-007-mvb-17-2026-pdf-2026-05-22; ecdc-bdbv-drc-uga-2026-05-19-live; ecdc-bdbv-drc-uga-2026-05-21-live; ecdc-bdbv-drc-uga-2026-05-25-live; ecdc-bdbv-drc-uga-2026-05-26-live; ecdc-bdbv-drc-uga-2026-05-27-live; inrb-sitrep-015-2026-05-29; inrb-sitrep-016-2026-05-30; inrb-sitrep-017-2026-05-31; inrb-sitrep-018-2026-06-01; inrb-sitrep-019-2026-06-02; inrb-sitrep-020-2026-06-03; inrb-sitrep-021-2026-06-04; inrb-sitrep-022-2026-06-05; inrb-sitrep-023-2026-06-06; inrb-sitrep-024-2026-06-07; inrb-sitrep-025-2026-06-08; inrb-sitrep-026-2026-06-09; inrb-sitrep-027-2026-06-10; inrb-sitrep-028-2026-06-11; inrb-sitrep-030-2026-06-13; inrb-sitrep-031-2026-06-14; inrb-sitrep-032-2026-06-15; inrb-sitrep-033-2026-06-16; inrb-sitrep-034-2026-06-17; inrb-sitrep-035-2026-06-18; inrb-sitrep-036-2026-06-19; inrb-sitrep-037-2026-06-20; inrb-sitrep-038-2026-06-21; inrb-sitrep-039-2026-06-22; inrb-sitrep-040-2026-06-23; inrb-sitrep-041-2026-06-24; inrb-sitrep-042-2026-06-25; inrb-sitrep-044-2026-06-27; inrb-sitrep-046-2026-06-29; inrb-sitrep-047-2026-06-30; inrb-sitrep-048-2026-07-01; inrb-sitrep-049-2026-07-02; inrb-sitrep-050-2026-07-03; inrb-sitrep-051-2026-07-04; inrb-sitrep-052-2026-07-05; inrb-sitrep-053-2026-07-06; inrb-sitrep-054-2026-07-07; inrb-sitrep-055-2026-07-08; inrb-sitrep-056-2026-07-09; inrb-sitrep-057-2026-07-10; inrb-sitrep-058-2026-07-11; inrb-sitrep-059-2026-07-12; inrb-umie-ebola-drc-2026-build-2026-05-28-bb8b7d5; inrb-umie-ebola-drc-2026-build-2026-06-01-b4cafc9; uganda-moh-ebola-update-2026-06-06; uganda-moh-ebola-update-2026-06-20; uganda-moh-ebola-update-2026-06-21; who-daily-epi-bdbv-2026-06-08; who-dg-remarks-bdbv-2026-05-20; who-dg-remarks-bdbv-2026-05-22; who-don602-2026-05-15-live; who-don603-2026-05-21-live; who-don606-bdbv-2026-06-08; who-ihr-ec-bdbv-temporary-recommendations-2026-05-22; who-pheic-2026-05-17-live; wikipedia-2026-ituri-epidemic-2026-05-20-live,"Descriptive watch-point interval, not a forecast or response recommendation."
corridor:21:mongbwalu:goma-cod,mongbwalu,goma-cod,30,0.6066734202434837,0.9354391907997186,0.8482228392751925,0.9960594032105137,0.37692175710830267,0.9999869300756536,zone-attributed confirmed count 329 for this source zone; visibility-adjustment factor 2.02× reflects under-reporting in source zone; raw risk likely understates true hazard,BDBV-CLAIM-050,derived_model_output_with_unsupported_exponent_attribution,pinned_snapshot_model_output,africa-cdc-phecs-2026-05-18-live; afro-sitrep-01-2026-05-18-live; afro-sitrep-01-pdf-2026-05-18-live; cdc-current-situation-2026-05-21; cdc-current-situation-2026-05-23; cdc-current-situation-2026-05-24; cdc-current-situation-2026-05-25; drc-moh-epidemie-dashboard-sitrep-009-graphql-2026-05-24; drc-moh-epidemie-dashboard-sitrep-mve-n-007-mvb-17-2026-pdf-2026-05-22; ecdc-bdbv-drc-uga-2026-05-19-live; ecdc-bdbv-drc-uga-2026-05-21-live; ecdc-bdbv-drc-uga-2026-05-25-live; ecdc-bdbv-drc-uga-2026-05-26-live; ecdc-bdbv-drc-uga-2026-05-27-live; inrb-sitrep-015-2026-05-29; inrb-sitrep-016-2026-05-30; inrb-sitrep-017-2026-05-31; inrb-sitrep-018-2026-06-01; inrb-sitrep-019-2026-06-02; inrb-sitrep-020-2026-06-03; inrb-sitrep-021-2026-06-04; inrb-sitrep-022-2026-06-05; inrb-sitrep-023-2026-06-06; inrb-sitrep-024-2026-06-07; inrb-sitrep-025-2026-06-08; inrb-sitrep-026-2026-06-09; inrb-sitrep-027-2026-06-10; inrb-sitrep-028-2026-06-11; inrb-sitrep-030-2026-06-13; inrb-sitrep-031-2026-06-14; inrb-sitrep-032-2026-06-15; inrb-sitrep-033-2026-06-16; inrb-sitrep-034-2026-06-17; inrb-sitrep-035-2026-06-18; inrb-sitrep-036-2026-06-19; inrb-sitrep-037-2026-06-20; inrb-sitrep-038-2026-06-21; inrb-sitrep-039-2026-06-22; inrb-sitrep-040-2026-06-23; inrb-sitrep-041-2026-06-24; inrb-sitrep-042-2026-06-25; inrb-sitrep-044-2026-06-27; inrb-sitrep-046-2026-06-29; inrb-sitrep-047-2026-06-30; inrb-sitrep-048-2026-07-01; inrb-sitrep-049-2026-07-02; inrb-sitrep-050-2026-07-03; inrb-sitrep-051-2026-07-04; inrb-sitrep-052-2026-07-05; inrb-sitrep-053-2026-07-06; inrb-sitrep-054-2026-07-07; inrb-sitrep-055-2026-07-08; inrb-sitrep-056-2026-07-09; inrb-sitrep-057-2026-07-10; inrb-sitrep-058-2026-07-11; inrb-sitrep-059-2026-07-12; inrb-umie-ebola-drc-2026-build-2026-05-28-bb8b7d5; inrb-umie-ebola-drc-2026-build-2026-06-01-b4cafc9; uganda-moh-ebola-update-2026-06-06; uganda-moh-ebola-update-2026-06-20; uganda-moh-ebola-update-2026-06-21; who-daily-epi-bdbv-2026-06-08; who-dg-remarks-bdbv-2026-05-20; who-dg-remarks-bdbv-2026-05-22; who-don602-2026-05-15-live; who-don603-2026-05-21-live; who-don606-bdbv-2026-06-08; who-ihr-ec-bdbv-temporary-recommendations-2026-05-22; who-pheic-2026-05-17-live; wikipedia-2026-ituri-epidemic-2026-05-20-live,"Descriptive watch-point interval, not a forecast or response recommendation."
corridor:22:mongbwalu:kisangani-cod,mongbwalu,kisangani-cod,30,0.6207058483240793,0.9350464935878918,0.858964601399857,0.9960108324337134,0.36439645339929067,0.9999872758915762,zone-attributed confirmed count 329 for this source zone; visibility-adjustment factor 2.02× reflects under-reporting in source zone; raw risk likely understates true hazard,BDBV-CLAIM-050,derived_model_output_with_unsupported_exponent_attribution,pinned_snapshot_model_output,africa-cdc-phecs-2026-05-18-live; afro-sitrep-01-2026-05-18-live; afro-sitrep-01-pdf-2026-05-18-live; cdc-current-situation-2026-05-21; cdc-current-situation-2026-05-23; cdc-current-situation-2026-05-24; cdc-current-situation-2026-05-25; drc-moh-epidemie-dashboard-sitrep-009-graphql-2026-05-24; drc-moh-epidemie-dashboard-sitrep-mve-n-007-mvb-17-2026-pdf-2026-05-22; ecdc-bdbv-drc-uga-2026-05-19-live; ecdc-bdbv-drc-uga-2026-05-21-live; ecdc-bdbv-drc-uga-2026-05-25-live; ecdc-bdbv-drc-uga-2026-05-26-live; ecdc-bdbv-drc-uga-2026-05-27-live; inrb-sitrep-015-2026-05-29; inrb-sitrep-016-2026-05-30; inrb-sitrep-017-2026-05-31; inrb-sitrep-018-2026-06-01; inrb-sitrep-019-2026-06-02; inrb-sitrep-020-2026-06-03; inrb-sitrep-021-2026-06-04; inrb-sitrep-022-2026-06-05; inrb-sitrep-023-2026-06-06; inrb-sitrep-024-2026-06-07; inrb-sitrep-025-2026-06-08; inrb-sitrep-026-2026-06-09; inrb-sitrep-027-2026-06-10; inrb-sitrep-028-2026-06-11; inrb-sitrep-030-2026-06-13; inrb-sitrep-031-2026-06-14; inrb-sitrep-032-2026-06-15; inrb-sitrep-033-2026-06-16; inrb-sitrep-034-2026-06-17; inrb-sitrep-035-2026-06-18; inrb-sitrep-036-2026-06-19; inrb-sitrep-037-2026-06-20; inrb-sitrep-038-2026-06-21; inrb-sitrep-039-2026-06-22; inrb-sitrep-040-2026-06-23; inrb-sitrep-041-2026-06-24; inrb-sitrep-042-2026-06-25; inrb-sitrep-044-2026-06-27; inrb-sitrep-046-2026-06-29; inrb-sitrep-047-2026-06-30; inrb-sitrep-048-2026-07-01; inrb-sitrep-049-2026-07-02; inrb-sitrep-050-2026-07-03; inrb-sitrep-051-2026-07-04; inrb-sitrep-052-2026-07-05; inrb-sitrep-053-2026-07-06; inrb-sitrep-054-2026-07-07; inrb-sitrep-055-2026-07-08; inrb-sitrep-056-2026-07-09; inrb-sitrep-057-2026-07-10; inrb-sitrep-058-2026-07-11; inrb-sitrep-059-2026-07-12; inrb-umie-ebola-drc-2026-build-2026-05-28-bb8b7d5; inrb-umie-ebola-drc-2026-build-2026-06-01-b4cafc9; uganda-moh-ebola-update-2026-06-06; uganda-moh-ebola-update-2026-06-20; uganda-moh-ebola-update-2026-06-21; who-daily-epi-bdbv-2026-06-08; who-dg-remarks-bdbv-2026-05-20; who-dg-remarks-bdbv-2026-05-22; who-don602-2026-05-15-live; who-don603-2026-05-21-live; who-don606-bdbv-2026-06-08; who-ihr-ec-bdbv-temporary-recommendations-2026-05-22; who-pheic-2026-05-17-live; wikipedia-2026-ituri-epidemic-2026-05-20-live,"Descriptive watch-point interval, not a forecast or response recommendation."
corridor:23:mongbwalu:arua-uga,mongbwalu,arua-uga,30,0.6243560754958406,0.9348734545404743,0.8616935526433884,0.995989166176353,0.39831449485344905,0.9999909308567867,zone-attributed confirmed count 329 for this source zone; visibility-adjustment factor 2.02× reflects under-reporting in source zone; raw risk likely understates true hazard,BDBV-CLAIM-050,derived_model_output_with_unsupported_exponent_attribution,pinned_snapshot_model_output,africa-cdc-phecs-2026-05-18-live; afro-sitrep-01-2026-05-18-live; afro-sitrep-01-pdf-2026-05-18-live; cdc-current-situation-2026-05-21; cdc-current-situation-2026-05-23; cdc-current-situation-2026-05-24; cdc-current-situation-2026-05-25; drc-moh-epidemie-dashboard-sitrep-009-graphql-2026-05-24; drc-moh-epidemie-dashboard-sitrep-mve-n-007-mvb-17-2026-pdf-2026-05-22; ecdc-bdbv-drc-uga-2026-05-19-live; ecdc-bdbv-drc-uga-2026-05-21-live; ecdc-bdbv-drc-uga-2026-05-25-live; ecdc-bdbv-drc-uga-2026-05-26-live; ecdc-bdbv-drc-uga-2026-05-27-live; inrb-sitrep-015-2026-05-29; inrb-sitrep-016-2026-05-30; inrb-sitrep-017-2026-05-31; inrb-sitrep-018-2026-06-01; inrb-sitrep-019-2026-06-02; inrb-sitrep-020-2026-06-03; inrb-sitrep-021-2026-06-04; inrb-sitrep-022-2026-06-05; inrb-sitrep-023-2026-06-06; inrb-sitrep-024-2026-06-07; inrb-sitrep-025-2026-06-08; inrb-sitrep-026-2026-06-09; inrb-sitrep-027-2026-06-10; inrb-sitrep-028-2026-06-11; inrb-sitrep-030-2026-06-13; inrb-sitrep-031-2026-06-14; inrb-sitrep-032-2026-06-15; inrb-sitrep-033-2026-06-16; inrb-sitrep-034-2026-06-17; inrb-sitrep-035-2026-06-18; inrb-sitrep-036-2026-06-19; inrb-sitrep-037-2026-06-20; inrb-sitrep-038-2026-06-21; inrb-sitrep-039-2026-06-22; inrb-sitrep-040-2026-06-23; inrb-sitrep-041-2026-06-24; inrb-sitrep-042-2026-06-25; inrb-sitrep-044-2026-06-27; inrb-sitrep-046-2026-06-29; inrb-sitrep-047-2026-06-30; inrb-sitrep-048-2026-07-01; inrb-sitrep-049-2026-07-02; inrb-sitrep-050-2026-07-03; inrb-sitrep-051-2026-07-04; inrb-sitrep-052-2026-07-05; inrb-sitrep-053-2026-07-06; inrb-sitrep-054-2026-07-07; inrb-sitrep-055-2026-07-08; inrb-sitrep-056-2026-07-09; inrb-sitrep-057-2026-07-10; inrb-sitrep-058-2026-07-11; inrb-sitrep-059-2026-07-12; inrb-umie-ebola-drc-2026-build-2026-05-28-bb8b7d5; inrb-umie-ebola-drc-2026-build-2026-06-01-b4cafc9; uganda-moh-ebola-update-2026-06-06; uganda-moh-ebola-update-2026-06-20; uganda-moh-ebola-update-2026-06-21; who-daily-epi-bdbv-2026-06-08; who-dg-remarks-bdbv-2026-05-20; who-dg-remarks-bdbv-2026-05-22; who-don602-2026-05-15-live; who-don603-2026-05-21-live; who-don606-bdbv-2026-06-08; who-ihr-ec-bdbv-temporary-recommendations-2026-05-22; who-pheic-2026-05-17-live; wikipedia-2026-ituri-epidemic-2026-05-20-live,"Descriptive watch-point interval, not a forecast or response recommendation."
corridor:24:mongbwalu:beni-cod,mongbwalu,beni-cod,30,0.5824655873932628,0.932504625065664,0.8287551061013563,0.9956891002181004,0.3402486132796347,0.9999948182860855,zone-attributed confirmed count 329 for this source zone; visibility-adjustment factor 2.02× reflects under-reporting in source zone; raw risk likely understates true hazard,BDBV-CLAIM-050,derived_model_output_with_unsupported_exponent_attribution,pinned_snapshot_model_output,africa-cdc-phecs-2026-05-18-live; afro-sitrep-01-2026-05-18-live; afro-sitrep-01-pdf-2026-05-18-live; cdc-current-situation-2026-05-21; cdc-current-situation-2026-05-23; cdc-current-situation-2026-05-24; cdc-current-situation-2026-05-25; drc-moh-epidemie-dashboard-sitrep-009-graphql-2026-05-24; drc-moh-epidemie-dashboard-sitrep-mve-n-007-mvb-17-2026-pdf-2026-05-22; ecdc-bdbv-drc-uga-2026-05-19-live; ecdc-bdbv-drc-uga-2026-05-21-live; ecdc-bdbv-drc-uga-2026-05-25-live; ecdc-bdbv-drc-uga-2026-05-26-live; ecdc-bdbv-drc-uga-2026-05-27-live; inrb-sitrep-015-2026-05-29; inrb-sitrep-016-2026-05-30; inrb-sitrep-017-2026-05-31; inrb-sitrep-018-2026-06-01; inrb-sitrep-019-2026-06-02; inrb-sitrep-020-2026-06-03; inrb-sitrep-021-2026-06-04; inrb-sitrep-022-2026-06-05; inrb-sitrep-023-2026-06-06; inrb-sitrep-024-2026-06-07; inrb-sitrep-025-2026-06-08; inrb-sitrep-026-2026-06-09; inrb-sitrep-027-2026-06-10; inrb-sitrep-028-2026-06-11; inrb-sitrep-030-2026-06-13; inrb-sitrep-031-2026-06-14; inrb-sitrep-032-2026-06-15; inrb-sitrep-033-2026-06-16; inrb-sitrep-034-2026-06-17; inrb-sitrep-035-2026-06-18; inrb-sitrep-036-2026-06-19; inrb-sitrep-037-2026-06-20; inrb-sitrep-038-2026-06-21; inrb-sitrep-039-2026-06-22; inrb-sitrep-040-2026-06-23; inrb-sitrep-041-2026-06-24; inrb-sitrep-042-2026-06-25; inrb-sitrep-044-2026-06-27; inrb-sitrep-046-2026-06-29; inrb-sitrep-047-2026-06-30; inrb-sitrep-048-2026-07-01; inrb-sitrep-049-2026-07-02; inrb-sitrep-050-2026-07-03; inrb-sitrep-051-2026-07-04; inrb-sitrep-052-2026-07-05; inrb-sitrep-053-2026-07-06; inrb-sitrep-054-2026-07-07; inrb-sitrep-055-2026-07-08; inrb-sitrep-056-2026-07-09; inrb-sitrep-057-2026-07-10; inrb-sitrep-058-2026-07-11; inrb-sitrep-059-2026-07-12; inrb-umie-ebola-drc-2026-build-2026-05-28-bb8b7d5; inrb-umie-ebola-drc-2026-build-2026-06-01-b4cafc9; uganda-moh-ebola-update-2026-06-06; uganda-moh-ebola-update-2026-06-20; uganda-moh-ebola-update-2026-06-21; who-daily-epi-bdbv-2026-06-08; who-dg-remarks-bdbv-2026-05-20; who-dg-remarks-bdbv-2026-05-22; who-don602-2026-05-15-live; who-don603-2026-05-21-live; who-don606-bdbv-2026-06-08; who-ihr-ec-bdbv-temporary-recommendations-2026-05-22; who-pheic-2026-05-17-live; wikipedia-2026-ituri-epidemic-2026-05-20-live,"Descriptive watch-point interval, not a forecast or response recommendation."
corridor:25:mongbwalu:bundibugyo-uga,mongbwalu,bundibugyo-uga,30,0.6120672245470204,0.9243729444608376,0.8523991527488641,0.9945751792756493,0.36713541015940576,0.9999822891205584,zone-attributed confirmed count 329 for this source zone; visibility-adjustment factor 2.02× reflects under-reporting in source zone; raw risk likely understates true hazard,BDBV-CLAIM-050,derived_model_output_with_unsupported_exponent_attribution,pinned_snapshot_model_output,africa-cdc-phecs-2026-05-18-live; afro-sitrep-01-2026-05-18-live; afro-sitrep-01-pdf-2026-05-18-live; cdc-current-situation-2026-05-21; cdc-current-situation-2026-05-23; cdc-current-situation-2026-05-24; cdc-current-situation-2026-05-25; drc-moh-epidemie-dashboard-sitrep-009-graphql-2026-05-24; drc-moh-epidemie-dashboard-sitrep-mve-n-007-mvb-17-2026-pdf-2026-05-22; ecdc-bdbv-drc-uga-2026-05-19-live; ecdc-bdbv-drc-uga-2026-05-21-live; ecdc-bdbv-drc-uga-2026-05-25-live; ecdc-bdbv-drc-uga-2026-05-26-live; ecdc-bdbv-drc-uga-2026-05-27-live; inrb-sitrep-015-2026-05-29; inrb-sitrep-016-2026-05-30; inrb-sitrep-017-2026-05-31; inrb-sitrep-018-2026-06-01; inrb-sitrep-019-2026-06-02; inrb-sitrep-020-2026-06-03; inrb-sitrep-021-2026-06-04; inrb-sitrep-022-2026-06-05; inrb-sitrep-023-2026-06-06; inrb-sitrep-024-2026-06-07; inrb-sitrep-025-2026-06-08; inrb-sitrep-026-2026-06-09; inrb-sitrep-027-2026-06-10; inrb-sitrep-028-2026-06-11; inrb-sitrep-030-2026-06-13; inrb-sitrep-031-2026-06-14; inrb-sitrep-032-2026-06-15; inrb-sitrep-033-2026-06-16; inrb-sitrep-034-2026-06-17; inrb-sitrep-035-2026-06-18; inrb-sitrep-036-2026-06-19; inrb-sitrep-037-2026-06-20; inrb-sitrep-038-2026-06-21; inrb-sitrep-039-2026-06-22; inrb-sitrep-040-2026-06-23; inrb-sitrep-041-2026-06-24; inrb-sitrep-042-2026-06-25; inrb-sitrep-044-2026-06-27; inrb-sitrep-046-2026-06-29; inrb-sitrep-047-2026-06-30; inrb-sitrep-048-2026-07-01; inrb-sitrep-049-2026-07-02; inrb-sitrep-050-2026-07-03; inrb-sitrep-051-2026-07-04; inrb-sitrep-052-2026-07-05; inrb-sitrep-053-2026-07-06; inrb-sitrep-054-2026-07-07; inrb-sitrep-055-2026-07-08; inrb-sitrep-056-2026-07-09; inrb-sitrep-057-2026-07-10; inrb-sitrep-058-2026-07-11; inrb-sitrep-059-2026-07-12; inrb-umie-ebola-drc-2026-build-2026-05-28-bb8b7d5; inrb-umie-ebola-drc-2026-build-2026-06-01-b4cafc9; uganda-moh-ebola-update-2026-06-06; uganda-moh-ebola-update-2026-06-20; uganda-moh-ebola-update-2026-06-21; who-daily-epi-bdbv-2026-06-08; who-dg-remarks-bdbv-2026-05-20; who-dg-remarks-bdbv-2026-05-22; who-don602-2026-05-15-live; who-don603-2026-05-21-live; who-don606-bdbv-2026-06-08; who-ihr-ec-bdbv-temporary-recommendations-2026-05-22; who-pheic-2026-05-17-live; wikipedia-2026-ituri-epidemic-2026-05-20-live,"Descriptive watch-point interval, not a forecast or response recommendation."
corridor:26:mongbwalu:kampala-uga,mongbwalu,kampala-uga,30,0.6102045923610538,0.9191767209818387,0.8509592239791962,0.9937956606029823,0.3993649386286789,0.9999073531116772,zone-attributed confirmed count 329 for this source zone; visibility-adjustment factor 2.02× reflects under-reporting in source zone; raw risk likely understates true hazard,BDBV-CLAIM-050,derived_model_output_with_unsupported_exponent_attribution,pinned_snapshot_model_output,africa-cdc-phecs-2026-05-18-live; afro-sitrep-01-2026-05-18-live; afro-sitrep-01-pdf-2026-05-18-live; cdc-current-situation-2026-05-21; cdc-current-situation-2026-05-23; cdc-current-situation-2026-05-24; cdc-current-situation-2026-05-25; drc-moh-epidemie-dashboard-sitrep-009-graphql-2026-05-24; drc-moh-epidemie-dashboard-sitrep-mve-n-007-mvb-17-2026-pdf-2026-05-22; ecdc-bdbv-drc-uga-2026-05-19-live; ecdc-bdbv-drc-uga-2026-05-21-live; ecdc-bdbv-drc-uga-2026-05-25-live; ecdc-bdbv-drc-uga-2026-05-26-live; ecdc-bdbv-drc-uga-2026-05-27-live; inrb-sitrep-015-2026-05-29; inrb-sitrep-016-2026-05-30; inrb-sitrep-017-2026-05-31; inrb-sitrep-018-2026-06-01; inrb-sitrep-019-2026-06-02; inrb-sitrep-020-2026-06-03; inrb-sitrep-021-2026-06-04; inrb-sitrep-022-2026-06-05; inrb-sitrep-023-2026-06-06; inrb-sitrep-024-2026-06-07; inrb-sitrep-025-2026-06-08; inrb-sitrep-026-2026-06-09; inrb-sitrep-027-2026-06-10; inrb-sitrep-028-2026-06-11; inrb-sitrep-030-2026-06-13; inrb-sitrep-031-2026-06-14; inrb-sitrep-032-2026-06-15; inrb-sitrep-033-2026-06-16; inrb-sitrep-034-2026-06-17; inrb-sitrep-035-2026-06-18; inrb-sitrep-036-2026-06-19; inrb-sitrep-037-2026-06-20; inrb-sitrep-038-2026-06-21; inrb-sitrep-039-2026-06-22; inrb-sitrep-040-2026-06-23; inrb-sitrep-041-2026-06-24; inrb-sitrep-042-2026-06-25; inrb-sitrep-044-2026-06-27; inrb-sitrep-046-2026-06-29; inrb-sitrep-047-2026-06-30; inrb-sitrep-048-2026-07-01; inrb-sitrep-049-2026-07-02; inrb-sitrep-050-2026-07-03; inrb-sitrep-051-2026-07-04; inrb-sitrep-052-2026-07-05; inrb-sitrep-053-2026-07-06; inrb-sitrep-054-2026-07-07; inrb-sitrep-055-2026-07-08; inrb-sitrep-056-2026-07-09; inrb-sitrep-057-2026-07-10; inrb-sitrep-058-2026-07-11; inrb-sitrep-059-2026-07-12; inrb-umie-ebola-drc-2026-build-2026-05-28-bb8b7d5; inrb-umie-ebola-drc-2026-build-2026-06-01-b4cafc9; uganda-moh-ebola-update-2026-06-06; uganda-moh-ebola-update-2026-06-20; uganda-moh-ebola-update-2026-06-21; who-daily-epi-bdbv-2026-06-08; who-dg-remarks-bdbv-2026-05-20; who-dg-remarks-bdbv-2026-05-22; who-don602-2026-05-15-live; who-don603-2026-05-21-live; who-don606-bdbv-2026-06-08; who-ihr-ec-bdbv-temporary-recommendations-2026-05-22; who-pheic-2026-05-17-live; wikipedia-2026-ituri-epidemic-2026-05-20-live,"Descriptive watch-point interval, not a forecast or response recommendation."
corridor:27:mongbwalu:kasese-uga,mongbwalu,kasese-uga,30,0.6147903786451652,0.9182262744637391,0.85448475359908,0.993647208861706,0.4308141194429805,0.9999840876256049,zone-attributed confirmed count 329 for this source zone; visibility-adjustment factor 2.02× reflects under-reporting in source zone; raw risk likely understates true hazard,BDBV-CLAIM-050,derived_model_output_with_unsupported_exponent_attribution,pinned_snapshot_model_output,africa-cdc-phecs-2026-05-18-live; afro-sitrep-01-2026-05-18-live; afro-sitrep-01-pdf-2026-05-18-live; cdc-current-situation-2026-05-21; cdc-current-situation-2026-05-23; cdc-current-situation-2026-05-24; cdc-current-situation-2026-05-25; drc-moh-epidemie-dashboard-sitrep-009-graphql-2026-05-24; drc-moh-epidemie-dashboard-sitrep-mve-n-007-mvb-17-2026-pdf-2026-05-22; ecdc-bdbv-drc-uga-2026-05-19-live; ecdc-bdbv-drc-uga-2026-05-21-live; ecdc-bdbv-drc-uga-2026-05-25-live; ecdc-bdbv-drc-uga-2026-05-26-live; ecdc-bdbv-drc-uga-2026-05-27-live; inrb-sitrep-015-2026-05-29; inrb-sitrep-016-2026-05-30; inrb-sitrep-017-2026-05-31; inrb-sitrep-018-2026-06-01; inrb-sitrep-019-2026-06-02; inrb-sitrep-020-2026-06-03; inrb-sitrep-021-2026-06-04; inrb-sitrep-022-2026-06-05; inrb-sitrep-023-2026-06-06; inrb-sitrep-024-2026-06-07; inrb-sitrep-025-2026-06-08; inrb-sitrep-026-2026-06-09; inrb-sitrep-027-2026-06-10; inrb-sitrep-028-2026-06-11; inrb-sitrep-030-2026-06-13; inrb-sitrep-031-2026-06-14; inrb-sitrep-032-2026-06-15; inrb-sitrep-033-2026-06-16; inrb-sitrep-034-2026-06-17; inrb-sitrep-035-2026-06-18; inrb-sitrep-036-2026-06-19; inrb-sitrep-037-2026-06-20; inrb-sitrep-038-2026-06-21; inrb-sitrep-039-2026-06-22; inrb-sitrep-040-2026-06-23; inrb-sitrep-041-2026-06-24; inrb-sitrep-042-2026-06-25; inrb-sitrep-044-2026-06-27; inrb-sitrep-046-2026-06-29; inrb-sitrep-047-2026-06-30; inrb-sitrep-048-2026-07-01; inrb-sitrep-049-2026-07-02; inrb-sitrep-050-2026-07-03; inrb-sitrep-051-2026-07-04; inrb-sitrep-052-2026-07-05; inrb-sitrep-053-2026-07-06; inrb-sitrep-054-2026-07-07; inrb-sitrep-055-2026-07-08; inrb-sitrep-056-2026-07-09; inrb-sitrep-057-2026-07-10; inrb-sitrep-058-2026-07-11; inrb-sitrep-059-2026-07-12; inrb-umie-ebola-drc-2026-build-2026-05-28-bb8b7d5; inrb-umie-ebola-drc-2026-build-2026-06-01-b4cafc9; uganda-moh-ebola-update-2026-06-06; uganda-moh-ebola-update-2026-06-20; uganda-moh-ebola-update-2026-06-21; who-daily-epi-bdbv-2026-06-08; who-dg-remarks-bdbv-2026-05-20; who-dg-remarks-bdbv-2026-05-22; who-don602-2026-05-15-live; who-don603-2026-05-21-live; who-don606-bdbv-2026-06-08; who-ihr-ec-bdbv-temporary-recommendations-2026-05-22; who-pheic-2026-05-17-live; wikipedia-2026-ituri-epidemic-2026-05-20-live,"Descriptive watch-point interval, not a forecast or response recommendation."
corridor:28:nizi:yei-ssd,nizi,yei-ssd,30,0.27339719257847184,0.6062843047877922,0.4754904345370271,0.8479193797781299,0.1528742964267872,0.9807082995321078,zone-attributed confirmed count 110 for this source zone; visibility-adjustment factor 2.02× reflects under-reporting in source zone; raw risk likely understates true hazard,BDBV-CLAIM-050,derived_model_output_with_unsupported_exponent_attribution,pinned_snapshot_model_output,africa-cdc-phecs-2026-05-18-live; afro-sitrep-01-2026-05-18-live; afro-sitrep-01-pdf-2026-05-18-live; cdc-current-situation-2026-05-21; cdc-current-situation-2026-05-23; cdc-current-situation-2026-05-24; cdc-current-situation-2026-05-25; drc-moh-epidemie-dashboard-sitrep-009-graphql-2026-05-24; drc-moh-epidemie-dashboard-sitrep-mve-n-007-mvb-17-2026-pdf-2026-05-22; ecdc-bdbv-drc-uga-2026-05-19-live; ecdc-bdbv-drc-uga-2026-05-21-live; ecdc-bdbv-drc-uga-2026-05-25-live; ecdc-bdbv-drc-uga-2026-05-26-live; ecdc-bdbv-drc-uga-2026-05-27-live; inrb-sitrep-015-2026-05-29; inrb-sitrep-016-2026-05-30; inrb-sitrep-017-2026-05-31; inrb-sitrep-018-2026-06-01; inrb-sitrep-019-2026-06-02; inrb-sitrep-020-2026-06-03; inrb-sitrep-021-2026-06-04; inrb-sitrep-022-2026-06-05; inrb-sitrep-023-2026-06-06; inrb-sitrep-024-2026-06-07; inrb-sitrep-025-2026-06-08; inrb-sitrep-026-2026-06-09; inrb-sitrep-027-2026-06-10; inrb-sitrep-028-2026-06-11; inrb-sitrep-030-2026-06-13; inrb-sitrep-031-2026-06-14; inrb-sitrep-032-2026-06-15; inrb-sitrep-033-2026-06-16; inrb-sitrep-034-2026-06-17; inrb-sitrep-035-2026-06-18; inrb-sitrep-036-2026-06-19; inrb-sitrep-037-2026-06-20; inrb-sitrep-038-2026-06-21; inrb-sitrep-039-2026-06-22; inrb-sitrep-040-2026-06-23; inrb-sitrep-041-2026-06-24; inrb-sitrep-042-2026-06-25; inrb-sitrep-044-2026-06-27; inrb-sitrep-046-2026-06-29; inrb-sitrep-047-2026-06-30; inrb-sitrep-048-2026-07-01; inrb-sitrep-049-2026-07-02; inrb-sitrep-050-2026-07-03; inrb-sitrep-051-2026-07-04; inrb-sitrep-052-2026-07-05; inrb-sitrep-053-2026-07-06; inrb-sitrep-054-2026-07-07; inrb-sitrep-055-2026-07-08; inrb-sitrep-056-2026-07-09; inrb-sitrep-057-2026-07-10; inrb-sitrep-058-2026-07-11; inrb-sitrep-059-2026-07-12; inrb-umie-ebola-drc-2026-build-2026-05-28-bb8b7d5; inrb-umie-ebola-drc-2026-build-2026-06-01-b4cafc9; uganda-moh-ebola-update-2026-06-06; uganda-moh-ebola-update-2026-06-20; uganda-moh-ebola-update-2026-06-21; who-daily-epi-bdbv-2026-06-08; who-dg-remarks-bdbv-2026-05-20; who-dg-remarks-bdbv-2026-05-22; who-don602-2026-05-15-live; who-don603-2026-05-21-live; who-don606-bdbv-2026-06-08; who-ihr-ec-bdbv-temporary-recommendations-2026-05-22; who-pheic-2026-05-17-live; wikipedia-2026-ituri-epidemic-2026-05-20-live,"Descriptive watch-point interval, not a forecast or response recommendation."
corridor:29:nizi:arua-uga,nizi,arua-uga,30,0.25765496715186964,0.6020054633240084,0.4522761431021972,0.8445551084323333,0.13635180863978136,0.9775631641183875,zone-attributed confirmed count 110 for this source zone; visibility-adjustment factor 2.02× reflects under-reporting in source zone; raw risk likely understates true hazard,BDBV-CLAIM-050,derived_model_output_with_unsupported_exponent_attribution,pinned_snapshot_model_output,africa-cdc-phecs-2026-05-18-live; afro-sitrep-01-2026-05-18-live; afro-sitrep-01-pdf-2026-05-18-live; cdc-current-situation-2026-05-21; cdc-current-situation-2026-05-23; cdc-current-situation-2026-05-24; cdc-current-situation-2026-05-25; drc-moh-epidemie-dashboard-sitrep-009-graphql-2026-05-24; drc-moh-epidemie-dashboard-sitrep-mve-n-007-mvb-17-2026-pdf-2026-05-22; ecdc-bdbv-drc-uga-2026-05-19-live; ecdc-bdbv-drc-uga-2026-05-21-live; ecdc-bdbv-drc-uga-2026-05-25-live; ecdc-bdbv-drc-uga-2026-05-26-live; ecdc-bdbv-drc-uga-2026-05-27-live; inrb-sitrep-015-2026-05-29; inrb-sitrep-016-2026-05-30; inrb-sitrep-017-2026-05-31; inrb-sitrep-018-2026-06-01; inrb-sitrep-019-2026-06-02; inrb-sitrep-020-2026-06-03; inrb-sitrep-021-2026-06-04; inrb-sitrep-022-2026-06-05; inrb-sitrep-023-2026-06-06; inrb-sitrep-024-2026-06-07; inrb-sitrep-025-2026-06-08; inrb-sitrep-026-2026-06-09; inrb-sitrep-027-2026-06-10; inrb-sitrep-028-2026-06-11; inrb-sitrep-030-2026-06-13; inrb-sitrep-031-2026-06-14; inrb-sitrep-032-2026-06-15; inrb-sitrep-033-2026-06-16; inrb-sitrep-034-2026-06-17; inrb-sitrep-035-2026-06-18; inrb-sitrep-036-2026-06-19; inrb-sitrep-037-2026-06-20; inrb-sitrep-038-2026-06-21; inrb-sitrep-039-2026-06-22; inrb-sitrep-040-2026-06-23; inrb-sitrep-041-2026-06-24; inrb-sitrep-042-2026-06-25; inrb-sitrep-044-2026-06-27; inrb-sitrep-046-2026-06-29; inrb-sitrep-047-2026-06-30; inrb-sitrep-048-2026-07-01; inrb-sitrep-049-2026-07-02; inrb-sitrep-050-2026-07-03; inrb-sitrep-051-2026-07-04; inrb-sitrep-052-2026-07-05; inrb-sitrep-053-2026-07-06; inrb-sitrep-054-2026-07-07; inrb-sitrep-055-2026-07-08; inrb-sitrep-056-2026-07-09; inrb-sitrep-057-2026-07-10; inrb-sitrep-058-2026-07-11; inrb-sitrep-059-2026-07-12; inrb-umie-ebola-drc-2026-build-2026-05-28-bb8b7d5; inrb-umie-ebola-drc-2026-build-2026-06-01-b4cafc9; uganda-moh-ebola-update-2026-06-06; uganda-moh-ebola-update-2026-06-20; uganda-moh-ebola-update-2026-06-21; who-daily-epi-bdbv-2026-06-08; who-dg-remarks-bdbv-2026-05-20; who-dg-remarks-bdbv-2026-05-22; who-don602-2026-05-15-live; who-don603-2026-05-21-live; who-don606-bdbv-2026-06-08; who-ihr-ec-bdbv-temporary-recommendations-2026-05-22; who-pheic-2026-05-17-live; wikipedia-2026-ituri-epidemic-2026-05-20-live,"Descriptive watch-point interval, not a forecast or response recommendation."
corridor:30:nizi:kampala-uga,nizi,kampala-uga,30,0.28113097056141767,0.5952809701266274,0.48670789136349724,0.8392078537361309,0.14524240862380133,0.9764365957872693,zone-attributed confirmed count 110 for this source zone; visibility-adjustment factor 2.02× reflects under-reporting in source zone; raw risk likely understates true hazard,BDBV-CLAIM-050,derived_model_output_with_unsupported_exponent_attribution,pinned_snapshot_model_output,africa-cdc-phecs-2026-05-18-live; afro-sitrep-01-2026-05-18-live; afro-sitrep-01-pdf-2026-05-18-live; cdc-current-situation-2026-05-21; cdc-current-situation-2026-05-23; cdc-current-situation-2026-05-24; cdc-current-situation-2026-05-25; drc-moh-epidemie-dashboard-sitrep-009-graphql-2026-05-24; drc-moh-epidemie-dashboard-sitrep-mve-n-007-mvb-17-2026-pdf-2026-05-22; ecdc-bdbv-drc-uga-2026-05-19-live; ecdc-bdbv-drc-uga-2026-05-21-live; ecdc-bdbv-drc-uga-2026-05-25-live; ecdc-bdbv-drc-uga-2026-05-26-live; ecdc-bdbv-drc-uga-2026-05-27-live; inrb-sitrep-015-2026-05-29; inrb-sitrep-016-2026-05-30; inrb-sitrep-017-2026-05-31; inrb-sitrep-018-2026-06-01; inrb-sitrep-019-2026-06-02; inrb-sitrep-020-2026-06-03; inrb-sitrep-021-2026-06-04; inrb-sitrep-022-2026-06-05; inrb-sitrep-023-2026-06-06; inrb-sitrep-024-2026-06-07; inrb-sitrep-025-2026-06-08; inrb-sitrep-026-2026-06-09; inrb-sitrep-027-2026-06-10; inrb-sitrep-028-2026-06-11; inrb-sitrep-030-2026-06-13; inrb-sitrep-031-2026-06-14; inrb-sitrep-032-2026-06-15; inrb-sitrep-033-2026-06-16; inrb-sitrep-034-2026-06-17; inrb-sitrep-035-2026-06-18; inrb-sitrep-036-2026-06-19; inrb-sitrep-037-2026-06-20; inrb-sitrep-038-2026-06-21; inrb-sitrep-039-2026-06-22; inrb-sitrep-040-2026-06-23; inrb-sitrep-041-2026-06-24; inrb-sitrep-042-2026-06-25; inrb-sitrep-044-2026-06-27; inrb-sitrep-046-2026-06-29; inrb-sitrep-047-2026-06-30; inrb-sitrep-048-2026-07-01; inrb-sitrep-049-2026-07-02; inrb-sitrep-050-2026-07-03; inrb-sitrep-051-2026-07-04; inrb-sitrep-052-2026-07-05; inrb-sitrep-053-2026-07-06; inrb-sitrep-054-2026-07-07; inrb-sitrep-055-2026-07-08; inrb-sitrep-056-2026-07-09; inrb-sitrep-057-2026-07-10; inrb-sitrep-058-2026-07-11; inrb-sitrep-059-2026-07-12; inrb-umie-ebola-drc-2026-build-2026-05-28-bb8b7d5; inrb-umie-ebola-drc-2026-build-2026-06-01-b4cafc9; uganda-moh-ebola-update-2026-06-06; uganda-moh-ebola-update-2026-06-20; uganda-moh-ebola-update-2026-06-21; who-daily-epi-bdbv-2026-06-08; who-dg-remarks-bdbv-2026-05-20; who-dg-remarks-bdbv-2026-05-22; who-don602-2026-05-15-live; who-don603-2026-05-21-live; who-don606-bdbv-2026-06-08; who-ihr-ec-bdbv-temporary-recommendations-2026-05-22; who-pheic-2026-05-17-live; wikipedia-2026-ituri-epidemic-2026-05-20-live,"Descriptive watch-point interval, not a forecast or response recommendation."
corridor:31:nizi:beni-cod,nizi,beni-cod,30,0.2781007694452711,0.5858032150004819,0.48232643712389267,0.8315089861578305,0.16869266055934323,0.9694292516260214,zone-attributed confirmed count 110 for this source zone; visibility-adjustment factor 2.02× reflects under-reporting in source zone; raw risk likely understates true hazard,BDBV-CLAIM-050,derived_model_output_with_unsupported_exponent_attribution,pinned_snapshot_model_output,africa-cdc-phecs-2026-05-18-live; afro-sitrep-01-2026-05-18-live; afro-sitrep-01-pdf-2026-05-18-live; cdc-current-situation-2026-05-21; cdc-current-situation-2026-05-23; cdc-current-situation-2026-05-24; cdc-current-situation-2026-05-25; drc-moh-epidemie-dashboard-sitrep-009-graphql-2026-05-24; drc-moh-epidemie-dashboard-sitrep-mve-n-007-mvb-17-2026-pdf-2026-05-22; ecdc-bdbv-drc-uga-2026-05-19-live; ecdc-bdbv-drc-uga-2026-05-21-live; ecdc-bdbv-drc-uga-2026-05-25-live; ecdc-bdbv-drc-uga-2026-05-26-live; ecdc-bdbv-drc-uga-2026-05-27-live; inrb-sitrep-015-2026-05-29; inrb-sitrep-016-2026-05-30; inrb-sitrep-017-2026-05-31; inrb-sitrep-018-2026-06-01; inrb-sitrep-019-2026-06-02; inrb-sitrep-020-2026-06-03; inrb-sitrep-021-2026-06-04; inrb-sitrep-022-2026-06-05; inrb-sitrep-023-2026-06-06; inrb-sitrep-024-2026-06-07; inrb-sitrep-025-2026-06-08; inrb-sitrep-026-2026-06-09; inrb-sitrep-027-2026-06-10; inrb-sitrep-028-2026-06-11; inrb-sitrep-030-2026-06-13; inrb-sitrep-031-2026-06-14; inrb-sitrep-032-2026-06-15; inrb-sitrep-033-2026-06-16; inrb-sitrep-034-2026-06-17; inrb-sitrep-035-2026-06-18; inrb-sitrep-036-2026-06-19; inrb-sitrep-037-2026-06-20; inrb-sitrep-038-2026-06-21; inrb-sitrep-039-2026-06-22; inrb-sitrep-040-2026-06-23; inrb-sitrep-041-2026-06-24; inrb-sitrep-042-2026-06-25; inrb-sitrep-044-2026-06-27; inrb-sitrep-046-2026-06-29; inrb-sitrep-047-2026-06-30; inrb-sitrep-048-2026-07-01; inrb-sitrep-049-2026-07-02; inrb-sitrep-050-2026-07-03; inrb-sitrep-051-2026-07-04; inrb-sitrep-052-2026-07-05; inrb-sitrep-053-2026-07-06; inrb-sitrep-054-2026-07-07; inrb-sitrep-055-2026-07-08; inrb-sitrep-056-2026-07-09; inrb-sitrep-057-2026-07-10; inrb-sitrep-058-2026-07-11; inrb-sitrep-059-2026-07-12; inrb-umie-ebola-drc-2026-build-2026-05-28-bb8b7d5; inrb-umie-ebola-drc-2026-build-2026-06-01-b4cafc9; uganda-moh-ebola-update-2026-06-06; uganda-moh-ebola-update-2026-06-20; uganda-moh-ebola-update-2026-06-21; who-daily-epi-bdbv-2026-06-08; who-dg-remarks-bdbv-2026-05-20; who-dg-remarks-bdbv-2026-05-22; who-don602-2026-05-15-live; who-don603-2026-05-21-live; who-don606-bdbv-2026-06-08; who-ihr-ec-bdbv-temporary-recommendations-2026-05-22; who-pheic-2026-05-17-live; wikipedia-2026-ituri-epidemic-2026-05-20-live,"Descriptive watch-point interval, not a forecast or response recommendation."
corridor:32:nizi:goma-cod,nizi,goma-cod,30,0.27086642354658835,0.5851125801721675,0.47179133561522957,0.8309426518396474,0.1676625073148132,0.972785451357752,zone-attributed confirmed count 110 for this source zone; visibility-adjustment factor 2.02× reflects under-reporting in source zone; raw risk likely understates true hazard,BDBV-CLAIM-050,derived_model_output_with_unsupported_exponent_attribution,pinned_snapshot_model_output,africa-cdc-phecs-2026-05-18-live; afro-sitrep-01-2026-05-18-live; afro-sitrep-01-pdf-2026-05-18-live; cdc-current-situation-2026-05-21; cdc-current-situation-2026-05-23; cdc-current-situation-2026-05-24; cdc-current-situation-2026-05-25; drc-moh-epidemie-dashboard-sitrep-009-graphql-2026-05-24; drc-moh-epidemie-dashboard-sitrep-mve-n-007-mvb-17-2026-pdf-2026-05-22; ecdc-bdbv-drc-uga-2026-05-19-live; ecdc-bdbv-drc-uga-2026-05-21-live; ecdc-bdbv-drc-uga-2026-05-25-live; ecdc-bdbv-drc-uga-2026-05-26-live; ecdc-bdbv-drc-uga-2026-05-27-live; inrb-sitrep-015-2026-05-29; inrb-sitrep-016-2026-05-30; inrb-sitrep-017-2026-05-31; inrb-sitrep-018-2026-06-01; inrb-sitrep-019-2026-06-02; inrb-sitrep-020-2026-06-03; inrb-sitrep-021-2026-06-04; inrb-sitrep-022-2026-06-05; inrb-sitrep-023-2026-06-06; inrb-sitrep-024-2026-06-07; inrb-sitrep-025-2026-06-08; inrb-sitrep-026-2026-06-09; inrb-sitrep-027-2026-06-10; inrb-sitrep-028-2026-06-11; inrb-sitrep-030-2026-06-13; inrb-sitrep-031-2026-06-14; inrb-sitrep-032-2026-06-15; inrb-sitrep-033-2026-06-16; inrb-sitrep-034-2026-06-17; inrb-sitrep-035-2026-06-18; inrb-sitrep-036-2026-06-19; inrb-sitrep-037-2026-06-20; inrb-sitrep-038-2026-06-21; inrb-sitrep-039-2026-06-22; inrb-sitrep-040-2026-06-23; inrb-sitrep-041-2026-06-24; inrb-sitrep-042-2026-06-25; inrb-sitrep-044-2026-06-27; inrb-sitrep-046-2026-06-29; inrb-sitrep-047-2026-06-30; inrb-sitrep-048-2026-07-01; inrb-sitrep-049-2026-07-02; inrb-sitrep-050-2026-07-03; inrb-sitrep-051-2026-07-04; inrb-sitrep-052-2026-07-05; inrb-sitrep-053-2026-07-06; inrb-sitrep-054-2026-07-07; inrb-sitrep-055-2026-07-08; inrb-sitrep-056-2026-07-09; inrb-sitrep-057-2026-07-10; inrb-sitrep-058-2026-07-11; inrb-sitrep-059-2026-07-12; inrb-umie-ebola-drc-2026-build-2026-05-28-bb8b7d5; inrb-umie-ebola-drc-2026-build-2026-06-01-b4cafc9; uganda-moh-ebola-update-2026-06-06; uganda-moh-ebola-update-2026-06-20; uganda-moh-ebola-update-2026-06-21; who-daily-epi-bdbv-2026-06-08; who-dg-remarks-bdbv-2026-05-20; who-dg-remarks-bdbv-2026-05-22; who-don602-2026-05-15-live; who-don603-2026-05-21-live; who-don606-bdbv-2026-06-08; who-ihr-ec-bdbv-temporary-recommendations-2026-05-22; who-pheic-2026-05-17-live; wikipedia-2026-ituri-epidemic-2026-05-20-live,"Descriptive watch-point interval, not a forecast or response recommendation."
corridor:33:nizi:kasese-uga,nizi,kasese-uga,30,0.2655409851464807,0.5844253871868779,0.4639688726925749,0.8303752611408382,0.1302839933233391,0.9738958230538836,zone-attributed confirmed count 110 for this source zone; visibility-adjustment factor 2.02× reflects under-reporting in source zone; raw risk likely understates true hazard,BDBV-CLAIM-050,derived_model_output_with_unsupported_exponent_attribution,pinned_snapshot_model_output,africa-cdc-phecs-2026-05-18-live; afro-sitrep-01-2026-05-18-live; afro-sitrep-01-pdf-2026-05-18-live; cdc-current-situation-2026-05-21; cdc-current-situation-2026-05-23; cdc-current-situation-2026-05-24; cdc-current-situation-2026-05-25; drc-moh-epidemie-dashboard-sitrep-009-graphql-2026-05-24; drc-moh-epidemie-dashboard-sitrep-mve-n-007-mvb-17-2026-pdf-2026-05-22; ecdc-bdbv-drc-uga-2026-05-19-live; ecdc-bdbv-drc-uga-2026-05-21-live; ecdc-bdbv-drc-uga-2026-05-25-live; ecdc-bdbv-drc-uga-2026-05-26-live; ecdc-bdbv-drc-uga-2026-05-27-live; inrb-sitrep-015-2026-05-29; inrb-sitrep-016-2026-05-30; inrb-sitrep-017-2026-05-31; inrb-sitrep-018-2026-06-01; inrb-sitrep-019-2026-06-02; inrb-sitrep-020-2026-06-03; inrb-sitrep-021-2026-06-04; inrb-sitrep-022-2026-06-05; inrb-sitrep-023-2026-06-06; inrb-sitrep-024-2026-06-07; inrb-sitrep-025-2026-06-08; inrb-sitrep-026-2026-06-09; inrb-sitrep-027-2026-06-10; inrb-sitrep-028-2026-06-11; inrb-sitrep-030-2026-06-13; inrb-sitrep-031-2026-06-14; inrb-sitrep-032-2026-06-15; inrb-sitrep-033-2026-06-16; inrb-sitrep-034-2026-06-17; inrb-sitrep-035-2026-06-18; inrb-sitrep-036-2026-06-19; inrb-sitrep-037-2026-06-20; inrb-sitrep-038-2026-06-21; inrb-sitrep-039-2026-06-22; inrb-sitrep-040-2026-06-23; inrb-sitrep-041-2026-06-24; inrb-sitrep-042-2026-06-25; inrb-sitrep-044-2026-06-27; inrb-sitrep-046-2026-06-29; inrb-sitrep-047-2026-06-30; inrb-sitrep-048-2026-07-01; inrb-sitrep-049-2026-07-02; inrb-sitrep-050-2026-07-03; inrb-sitrep-051-2026-07-04; inrb-sitrep-052-2026-07-05; inrb-sitrep-053-2026-07-06; inrb-sitrep-054-2026-07-07; inrb-sitrep-055-2026-07-08; inrb-sitrep-056-2026-07-09; inrb-sitrep-057-2026-07-10; inrb-sitrep-058-2026-07-11; inrb-sitrep-059-2026-07-12; inrb-umie-ebola-drc-2026-build-2026-05-28-bb8b7d5; inrb-umie-ebola-drc-2026-build-2026-06-01-b4cafc9; uganda-moh-ebola-update-2026-06-06; uganda-moh-ebola-update-2026-06-20; uganda-moh-ebola-update-2026-06-21; who-daily-epi-bdbv-2026-06-08; who-dg-remarks-bdbv-2026-05-20; who-dg-remarks-bdbv-2026-05-22; who-don602-2026-05-15-live; who-don603-2026-05-21-live; who-don606-bdbv-2026-06-08; who-ihr-ec-bdbv-temporary-recommendations-2026-05-22; who-pheic-2026-05-17-live; wikipedia-2026-ituri-epidemic-2026-05-20-live,"Descriptive watch-point interval, not a forecast or response recommendation."
corridor:34:nizi:kisangani-cod,nizi,kisangani-cod,30,0.2595097120161868,0.5808401373260383,0.4550381524600299,0.8274061518673095,0.13201002506097848,0.9794044585726851,zone-attributed confirmed count 110 for this source zone; visibility-adjustment factor 2.02× reflects under-reporting in source zone; raw risk likely understates true hazard,BDBV-CLAIM-050,derived_model_output_with_unsupported_exponent_attribution,pinned_snapshot_model_output,africa-cdc-phecs-2026-05-18-live; afro-sitrep-01-2026-05-18-live; afro-sitrep-01-pdf-2026-05-18-live; cdc-current-situation-2026-05-21; cdc-current-situation-2026-05-23; cdc-current-situation-2026-05-24; cdc-current-situation-2026-05-25; drc-moh-epidemie-dashboard-sitrep-009-graphql-2026-05-24; drc-moh-epidemie-dashboard-sitrep-mve-n-007-mvb-17-2026-pdf-2026-05-22; ecdc-bdbv-drc-uga-2026-05-19-live; ecdc-bdbv-drc-uga-2026-05-21-live; ecdc-bdbv-drc-uga-2026-05-25-live; ecdc-bdbv-drc-uga-2026-05-26-live; ecdc-bdbv-drc-uga-2026-05-27-live; inrb-sitrep-015-2026-05-29; inrb-sitrep-016-2026-05-30; inrb-sitrep-017-2026-05-31; inrb-sitrep-018-2026-06-01; inrb-sitrep-019-2026-06-02; inrb-sitrep-020-2026-06-03; inrb-sitrep-021-2026-06-04; inrb-sitrep-022-2026-06-05; inrb-sitrep-023-2026-06-06; inrb-sitrep-024-2026-06-07; inrb-sitrep-025-2026-06-08; inrb-sitrep-026-2026-06-09; inrb-sitrep-027-2026-06-10; inrb-sitrep-028-2026-06-11; inrb-sitrep-030-2026-06-13; inrb-sitrep-031-2026-06-14; inrb-sitrep-032-2026-06-15; inrb-sitrep-033-2026-06-16; inrb-sitrep-034-2026-06-17; inrb-sitrep-035-2026-06-18; inrb-sitrep-036-2026-06-19; inrb-sitrep-037-2026-06-20; inrb-sitrep-038-2026-06-21; inrb-sitrep-039-2026-06-22; inrb-sitrep-040-2026-06-23; inrb-sitrep-041-2026-06-24; inrb-sitrep-042-2026-06-25; inrb-sitrep-044-2026-06-27; inrb-sitrep-046-2026-06-29; inrb-sitrep-047-2026-06-30; inrb-sitrep-048-2026-07-01; inrb-sitrep-049-2026-07-02; inrb-sitrep-050-2026-07-03; inrb-sitrep-051-2026-07-04; inrb-sitrep-052-2026-07-05; inrb-sitrep-053-2026-07-06; inrb-sitrep-054-2026-07-07; inrb-sitrep-055-2026-07-08; inrb-sitrep-056-2026-07-09; inrb-sitrep-057-2026-07-10; inrb-sitrep-058-2026-07-11; inrb-sitrep-059-2026-07-12; inrb-umie-ebola-drc-2026-build-2026-05-28-bb8b7d5; inrb-umie-ebola-drc-2026-build-2026-06-01-b4cafc9; uganda-moh-ebola-update-2026-06-06; uganda-moh-ebola-update-2026-06-20; uganda-moh-ebola-update-2026-06-21; who-daily-epi-bdbv-2026-06-08; who-dg-remarks-bdbv-2026-05-20; who-dg-remarks-bdbv-2026-05-22; who-don602-2026-05-15-live; who-don603-2026-05-21-live; who-don606-bdbv-2026-06-08; who-ihr-ec-bdbv-temporary-recommendations-2026-05-22; who-pheic-2026-05-17-live; wikipedia-2026-ituri-epidemic-2026-05-20-live,"Descriptive watch-point interval, not a forecast or response recommendation."
corridor:35:nizi:nebbi-uga,nizi,nebbi-uga,30,0.2584855371688284,0.5803521983995458,0.4535144374356813,0.8270004502508591,0.11183030809412614,0.9699615501706006,zone-attributed confirmed count 110 for this source zone; visibility-adjustment factor 2.02× reflects under-reporting in source zone; raw risk likely understates true hazard,BDBV-CLAIM-050,derived_model_output_with_unsupported_exponent_attribution,pinned_snapshot_model_output,africa-cdc-phecs-2026-05-18-live; afro-sitrep-01-2026-05-18-live; afro-sitrep-01-pdf-2026-05-18-live; cdc-current-situation-2026-05-21; cdc-current-situation-2026-05-23; cdc-current-situation-2026-05-24; cdc-current-situation-2026-05-25; drc-moh-epidemie-dashboard-sitrep-009-graphql-2026-05-24; drc-moh-epidemie-dashboard-sitrep-mve-n-007-mvb-17-2026-pdf-2026-05-22; ecdc-bdbv-drc-uga-2026-05-19-live; ecdc-bdbv-drc-uga-2026-05-21-live; ecdc-bdbv-drc-uga-2026-05-25-live; ecdc-bdbv-drc-uga-2026-05-26-live; ecdc-bdbv-drc-uga-2026-05-27-live; inrb-sitrep-015-2026-05-29; inrb-sitrep-016-2026-05-30; inrb-sitrep-017-2026-05-31; inrb-sitrep-018-2026-06-01; inrb-sitrep-019-2026-06-02; inrb-sitrep-020-2026-06-03; inrb-sitrep-021-2026-06-04; inrb-sitrep-022-2026-06-05; inrb-sitrep-023-2026-06-06; inrb-sitrep-024-2026-06-07; inrb-sitrep-025-2026-06-08; inrb-sitrep-026-2026-06-09; inrb-sitrep-027-2026-06-10; inrb-sitrep-028-2026-06-11; inrb-sitrep-030-2026-06-13; inrb-sitrep-031-2026-06-14; inrb-sitrep-032-2026-06-15; inrb-sitrep-033-2026-06-16; inrb-sitrep-034-2026-06-17; inrb-sitrep-035-2026-06-18; inrb-sitrep-036-2026-06-19; inrb-sitrep-037-2026-06-20; inrb-sitrep-038-2026-06-21; inrb-sitrep-039-2026-06-22; inrb-sitrep-040-2026-06-23; inrb-sitrep-041-2026-06-24; inrb-sitrep-042-2026-06-25; inrb-sitrep-044-2026-06-27; inrb-sitrep-046-2026-06-29; inrb-sitrep-047-2026-06-30; inrb-sitrep-048-2026-07-01; inrb-sitrep-049-2026-07-02; inrb-sitrep-050-2026-07-03; inrb-sitrep-051-2026-07-04; inrb-sitrep-052-2026-07-05; inrb-sitrep-053-2026-07-06; inrb-sitrep-054-2026-07-07; inrb-sitrep-055-2026-07-08; inrb-sitrep-056-2026-07-09; inrb-sitrep-057-2026-07-10; inrb-sitrep-058-2026-07-11; inrb-sitrep-059-2026-07-12; inrb-umie-ebola-drc-2026-build-2026-05-28-bb8b7d5; inrb-umie-ebola-drc-2026-build-2026-06-01-b4cafc9; uganda-moh-ebola-update-2026-06-06; uganda-moh-ebola-update-2026-06-20; uganda-moh-ebola-update-2026-06-21; who-daily-epi-bdbv-2026-06-08; who-dg-remarks-bdbv-2026-05-20; who-dg-remarks-bdbv-2026-05-22; who-don602-2026-05-15-live; who-don603-2026-05-21-live; who-don606-bdbv-2026-06-08; who-ihr-ec-bdbv-temporary-recommendations-2026-05-22; who-pheic-2026-05-17-live; wikipedia-2026-ituri-epidemic-2026-05-20-live,"Descriptive watch-point interval, not a forecast or response recommendation."
corridor:36:nizi:bundibugyo-uga,nizi,bundibugyo-uga,30,0.2831558337042658,0.5763320112067493,0.4896266501692368,0.8236355490467151,0.13155747940779045,0.9784721901132133,zone-attributed confirmed count 110 for this source zone; visibility-adjustment factor 2.02× reflects under-reporting in source zone; raw risk likely understates true hazard,BDBV-CLAIM-050,derived_model_output_with_unsupported_exponent_attribution,pinned_snapshot_model_output,africa-cdc-phecs-2026-05-18-live; afro-sitrep-01-2026-05-18-live; afro-sitrep-01-pdf-2026-05-18-live; cdc-current-situation-2026-05-21; cdc-current-situation-2026-05-23; cdc-current-situation-2026-05-24; cdc-current-situation-2026-05-25; drc-moh-epidemie-dashboard-sitrep-009-graphql-2026-05-24; drc-moh-epidemie-dashboard-sitrep-mve-n-007-mvb-17-2026-pdf-2026-05-22; ecdc-bdbv-drc-uga-2026-05-19-live; ecdc-bdbv-drc-uga-2026-05-21-live; ecdc-bdbv-drc-uga-2026-05-25-live; ecdc-bdbv-drc-uga-2026-05-26-live; ecdc-bdbv-drc-uga-2026-05-27-live; inrb-sitrep-015-2026-05-29; inrb-sitrep-016-2026-05-30; inrb-sitrep-017-2026-05-31; inrb-sitrep-018-2026-06-01; inrb-sitrep-019-2026-06-02; inrb-sitrep-020-2026-06-03; inrb-sitrep-021-2026-06-04; inrb-sitrep-022-2026-06-05; inrb-sitrep-023-2026-06-06; inrb-sitrep-024-2026-06-07; inrb-sitrep-025-2026-06-08; inrb-sitrep-026-2026-06-09; inrb-sitrep-027-2026-06-10; inrb-sitrep-028-2026-06-11; inrb-sitrep-030-2026-06-13; inrb-sitrep-031-2026-06-14; inrb-sitrep-032-2026-06-15; inrb-sitrep-033-2026-06-16; inrb-sitrep-034-2026-06-17; inrb-sitrep-035-2026-06-18; inrb-sitrep-036-2026-06-19; inrb-sitrep-037-2026-06-20; inrb-sitrep-038-2026-06-21; inrb-sitrep-039-2026-06-22; inrb-sitrep-040-2026-06-23; inrb-sitrep-041-2026-06-24; inrb-sitrep-042-2026-06-25; inrb-sitrep-044-2026-06-27; inrb-sitrep-046-2026-06-29; inrb-sitrep-047-2026-06-30; inrb-sitrep-048-2026-07-01; inrb-sitrep-049-2026-07-02; inrb-sitrep-050-2026-07-03; inrb-sitrep-051-2026-07-04; inrb-sitrep-052-2026-07-05; inrb-sitrep-053-2026-07-06; inrb-sitrep-054-2026-07-07; inrb-sitrep-055-2026-07-08; inrb-sitrep-056-2026-07-09; inrb-sitrep-057-2026-07-10; inrb-sitrep-058-2026-07-11; inrb-sitrep-059-2026-07-12; inrb-umie-ebola-drc-2026-build-2026-05-28-bb8b7d5; inrb-umie-ebola-drc-2026-build-2026-06-01-b4cafc9; uganda-moh-ebola-update-2026-06-06; uganda-moh-ebola-update-2026-06-20; uganda-moh-ebola-update-2026-06-21; who-daily-epi-bdbv-2026-06-08; who-dg-remarks-bdbv-2026-05-20; who-dg-remarks-bdbv-2026-05-22; who-don602-2026-05-15-live; who-don603-2026-05-21-live; who-don606-bdbv-2026-06-08; who-ihr-ec-bdbv-temporary-recommendations-2026-05-22; who-pheic-2026-05-17-live; wikipedia-2026-ituri-epidemic-2026-05-20-live,"Descriptive watch-point interval, not a forecast or response recommendation."
corridor:37:nyankunde:beni-cod,nyankunde,beni-cod,30,0.2256748170338491,0.5526024076373667,0.403553619952814,0.8031055940432029,0.11583618733715134,0.9599465067210323,zone-attributed confirmed count 97 for this source zone; visibility-adjustment factor 2.02× reflects under-reporting in source zone; raw risk likely understates true hazard,BDBV-CLAIM-050,derived_model_output_with_unsupported_exponent_attribution,pinned_snapshot_model_output,africa-cdc-phecs-2026-05-18-live; afro-sitrep-01-2026-05-18-live; afro-sitrep-01-pdf-2026-05-18-live; cdc-current-situation-2026-05-21; cdc-current-situation-2026-05-23; cdc-current-situation-2026-05-24; cdc-current-situation-2026-05-25; drc-moh-epidemie-dashboard-sitrep-009-graphql-2026-05-24; drc-moh-epidemie-dashboard-sitrep-mve-n-007-mvb-17-2026-pdf-2026-05-22; ecdc-bdbv-drc-uga-2026-05-19-live; ecdc-bdbv-drc-uga-2026-05-21-live; ecdc-bdbv-drc-uga-2026-05-25-live; ecdc-bdbv-drc-uga-2026-05-26-live; ecdc-bdbv-drc-uga-2026-05-27-live; inrb-sitrep-015-2026-05-29; inrb-sitrep-016-2026-05-30; inrb-sitrep-017-2026-05-31; inrb-sitrep-018-2026-06-01; inrb-sitrep-019-2026-06-02; inrb-sitrep-020-2026-06-03; inrb-sitrep-021-2026-06-04; inrb-sitrep-022-2026-06-05; inrb-sitrep-023-2026-06-06; inrb-sitrep-024-2026-06-07; inrb-sitrep-025-2026-06-08; inrb-sitrep-026-2026-06-09; inrb-sitrep-027-2026-06-10; inrb-sitrep-028-2026-06-11; inrb-sitrep-030-2026-06-13; inrb-sitrep-031-2026-06-14; inrb-sitrep-032-2026-06-15; inrb-sitrep-033-2026-06-16; inrb-sitrep-034-2026-06-17; inrb-sitrep-035-2026-06-18; inrb-sitrep-036-2026-06-19; inrb-sitrep-037-2026-06-20; inrb-sitrep-038-2026-06-21; inrb-sitrep-039-2026-06-22; inrb-sitrep-040-2026-06-23; inrb-sitrep-041-2026-06-24; inrb-sitrep-042-2026-06-25; inrb-sitrep-044-2026-06-27; inrb-sitrep-046-2026-06-29; inrb-sitrep-047-2026-06-30; inrb-sitrep-048-2026-07-01; inrb-sitrep-049-2026-07-02; inrb-sitrep-050-2026-07-03; inrb-sitrep-051-2026-07-04; inrb-sitrep-052-2026-07-05; inrb-sitrep-053-2026-07-06; inrb-sitrep-054-2026-07-07; inrb-sitrep-055-2026-07-08; inrb-sitrep-056-2026-07-09; inrb-sitrep-057-2026-07-10; inrb-sitrep-058-2026-07-11; inrb-sitrep-059-2026-07-12; inrb-umie-ebola-drc-2026-build-2026-05-28-bb8b7d5; inrb-umie-ebola-drc-2026-build-2026-06-01-b4cafc9; uganda-moh-ebola-update-2026-06-06; uganda-moh-ebola-update-2026-06-20; uganda-moh-ebola-update-2026-06-21; who-daily-epi-bdbv-2026-06-08; who-dg-remarks-bdbv-2026-05-20; who-dg-remarks-bdbv-2026-05-22; who-don602-2026-05-15-live; who-don603-2026-05-21-live; who-don606-bdbv-2026-06-08; who-ihr-ec-bdbv-temporary-recommendations-2026-05-22; who-pheic-2026-05-17-live; wikipedia-2026-ituri-epidemic-2026-05-20-live,"Descriptive watch-point interval, not a forecast or response recommendation."
corridor:38:nyankunde:kisangani-cod,nyankunde,kisangani-cod,30,0.2528999799009725,0.547015540801979,0.44516510970838924,0.7981068150811736,0.16416236292270225,0.9614752138171406,zone-attributed confirmed count 97 for this source zone; visibility-adjustment factor 2.02× reflects under-reporting in source zone; raw risk likely understates true hazard,BDBV-CLAIM-050,derived_model_output_with_unsupported_exponent_attribution,pinned_snapshot_model_output,africa-cdc-phecs-2026-05-18-live; afro-sitrep-01-2026-05-18-live; afro-sitrep-01-pdf-2026-05-18-live; cdc-current-situation-2026-05-21; cdc-current-situation-2026-05-23; cdc-current-situation-2026-05-24; cdc-current-situation-2026-05-25; drc-moh-epidemie-dashboard-sitrep-009-graphql-2026-05-24; drc-moh-epidemie-dashboard-sitrep-mve-n-007-mvb-17-2026-pdf-2026-05-22; ecdc-bdbv-drc-uga-2026-05-19-live; ecdc-bdbv-drc-uga-2026-05-21-live; ecdc-bdbv-drc-uga-2026-05-25-live; ecdc-bdbv-drc-uga-2026-05-26-live; ecdc-bdbv-drc-uga-2026-05-27-live; inrb-sitrep-015-2026-05-29; inrb-sitrep-016-2026-05-30; inrb-sitrep-017-2026-05-31; inrb-sitrep-018-2026-06-01; inrb-sitrep-019-2026-06-02; inrb-sitrep-020-2026-06-03; inrb-sitrep-021-2026-06-04; inrb-sitrep-022-2026-06-05; inrb-sitrep-023-2026-06-06; inrb-sitrep-024-2026-06-07; inrb-sitrep-025-2026-06-08; inrb-sitrep-026-2026-06-09; inrb-sitrep-027-2026-06-10; inrb-sitrep-028-2026-06-11; inrb-sitrep-030-2026-06-13; inrb-sitrep-031-2026-06-14; inrb-sitrep-032-2026-06-15; inrb-sitrep-033-2026-06-16; inrb-sitrep-034-2026-06-17; inrb-sitrep-035-2026-06-18; inrb-sitrep-036-2026-06-19; inrb-sitrep-037-2026-06-20; inrb-sitrep-038-2026-06-21; inrb-sitrep-039-2026-06-22; inrb-sitrep-040-2026-06-23; inrb-sitrep-041-2026-06-24; inrb-sitrep-042-2026-06-25; inrb-sitrep-044-2026-06-27; inrb-sitrep-046-2026-06-29; inrb-sitrep-047-2026-06-30; inrb-sitrep-048-2026-07-01; inrb-sitrep-049-2026-07-02; inrb-sitrep-050-2026-07-03; inrb-sitrep-051-2026-07-04; inrb-sitrep-052-2026-07-05; inrb-sitrep-053-2026-07-06; inrb-sitrep-054-2026-07-07; inrb-sitrep-055-2026-07-08; inrb-sitrep-056-2026-07-09; inrb-sitrep-057-2026-07-10; inrb-sitrep-058-2026-07-11; inrb-sitrep-059-2026-07-12; inrb-umie-ebola-drc-2026-build-2026-05-28-bb8b7d5; inrb-umie-ebola-drc-2026-build-2026-06-01-b4cafc9; uganda-moh-ebola-update-2026-06-06; uganda-moh-ebola-update-2026-06-20; uganda-moh-ebola-update-2026-06-21; who-daily-epi-bdbv-2026-06-08; who-dg-remarks-bdbv-2026-05-20; who-dg-remarks-bdbv-2026-05-22; who-don602-2026-05-15-live; who-don603-2026-05-21-live; who-don606-bdbv-2026-06-08; who-ihr-ec-bdbv-temporary-recommendations-2026-05-22; who-pheic-2026-05-17-live; wikipedia-2026-ituri-epidemic-2026-05-20-live,"Descriptive watch-point interval, not a forecast or response recommendation."
corridor:39:nyankunde:yei-ssd,nyankunde,yei-ssd,30,0.24011639556889372,0.5457599609578222,0.4258156950771134,0.7969742735067957,0.12352804422004007,0.9657564079845508,zone-attributed confirmed count 97 for this source zone; visibility-adjustment factor 2.02× reflects under-reporting in source zone; raw risk likely understates true hazard,BDBV-CLAIM-050,derived_model_output_with_unsupported_exponent_attribution,pinned_snapshot_model_output,africa-cdc-phecs-2026-05-18-live; afro-sitrep-01-2026-05-18-live; afro-sitrep-01-pdf-2026-05-18-live; cdc-current-situation-2026-05-21; cdc-current-situation-2026-05-23; cdc-current-situation-2026-05-24; cdc-current-situation-2026-05-25; drc-moh-epidemie-dashboard-sitrep-009-graphql-2026-05-24; drc-moh-epidemie-dashboard-sitrep-mve-n-007-mvb-17-2026-pdf-2026-05-22; ecdc-bdbv-drc-uga-2026-05-19-live; ecdc-bdbv-drc-uga-2026-05-21-live; ecdc-bdbv-drc-uga-2026-05-25-live; ecdc-bdbv-drc-uga-2026-05-26-live; ecdc-bdbv-drc-uga-2026-05-27-live; inrb-sitrep-015-2026-05-29; inrb-sitrep-016-2026-05-30; inrb-sitrep-017-2026-05-31; inrb-sitrep-018-2026-06-01; inrb-sitrep-019-2026-06-02; inrb-sitrep-020-2026-06-03; inrb-sitrep-021-2026-06-04; inrb-sitrep-022-2026-06-05; inrb-sitrep-023-2026-06-06; inrb-sitrep-024-2026-06-07; inrb-sitrep-025-2026-06-08; inrb-sitrep-026-2026-06-09; inrb-sitrep-027-2026-06-10; inrb-sitrep-028-2026-06-11; inrb-sitrep-030-2026-06-13; inrb-sitrep-031-2026-06-14; inrb-sitrep-032-2026-06-15; inrb-sitrep-033-2026-06-16; inrb-sitrep-034-2026-06-17; inrb-sitrep-035-2026-06-18; inrb-sitrep-036-2026-06-19; inrb-sitrep-037-2026-06-20; inrb-sitrep-038-2026-06-21; inrb-sitrep-039-2026-06-22; inrb-sitrep-040-2026-06-23; inrb-sitrep-041-2026-06-24; inrb-sitrep-042-2026-06-25; inrb-sitrep-044-2026-06-27; inrb-sitrep-046-2026-06-29; inrb-sitrep-047-2026-06-30; inrb-sitrep-048-2026-07-01; inrb-sitrep-049-2026-07-02; inrb-sitrep-050-2026-07-03; inrb-sitrep-051-2026-07-04; inrb-sitrep-052-2026-07-05; inrb-sitrep-053-2026-07-06; inrb-sitrep-054-2026-07-07; inrb-sitrep-055-2026-07-08; inrb-sitrep-056-2026-07-09; inrb-sitrep-057-2026-07-10; inrb-sitrep-058-2026-07-11; inrb-sitrep-059-2026-07-12; inrb-umie-ebola-drc-2026-build-2026-05-28-bb8b7d5; inrb-umie-ebola-drc-2026-build-2026-06-01-b4cafc9; uganda-moh-ebola-update-2026-06-06; uganda-moh-ebola-update-2026-06-20; uganda-moh-ebola-update-2026-06-21; who-daily-epi-bdbv-2026-06-08; who-dg-remarks-bdbv-2026-05-20; who-dg-remarks-bdbv-2026-05-22; who-don602-2026-05-15-live; who-don603-2026-05-21-live; who-don606-bdbv-2026-06-08; who-ihr-ec-bdbv-temporary-recommendations-2026-05-22; who-pheic-2026-05-17-live; wikipedia-2026-ituri-epidemic-2026-05-20-live,"Descriptive watch-point interval, not a forecast or response recommendation."
corridor:40:nyankunde:kampala-uga,nyankunde,kampala-uga,30,0.22842330503914407,0.5454590403536353,0.4078228309176095,0.7967026126896898,0.14025701133276433,0.9685089797576594,zone-attributed confirmed count 97 for this source zone; visibility-adjustment factor 2.02× reflects under-reporting in source zone; raw risk likely understates true hazard,BDBV-CLAIM-050,derived_model_output_with_unsupported_exponent_attribution,pinned_snapshot_model_output,africa-cdc-phecs-2026-05-18-live; afro-sitrep-01-2026-05-18-live; afro-sitrep-01-pdf-2026-05-18-live; cdc-current-situation-2026-05-21; cdc-current-situation-2026-05-23; cdc-current-situation-2026-05-24; cdc-current-situation-2026-05-25; drc-moh-epidemie-dashboard-sitrep-009-graphql-2026-05-24; drc-moh-epidemie-dashboard-sitrep-mve-n-007-mvb-17-2026-pdf-2026-05-22; ecdc-bdbv-drc-uga-2026-05-19-live; ecdc-bdbv-drc-uga-2026-05-21-live; ecdc-bdbv-drc-uga-2026-05-25-live; ecdc-bdbv-drc-uga-2026-05-26-live; ecdc-bdbv-drc-uga-2026-05-27-live; inrb-sitrep-015-2026-05-29; inrb-sitrep-016-2026-05-30; inrb-sitrep-017-2026-05-31; inrb-sitrep-018-2026-06-01; inrb-sitrep-019-2026-06-02; inrb-sitrep-020-2026-06-03; inrb-sitrep-021-2026-06-04; inrb-sitrep-022-2026-06-05; inrb-sitrep-023-2026-06-06; inrb-sitrep-024-2026-06-07; inrb-sitrep-025-2026-06-08; inrb-sitrep-026-2026-06-09; inrb-sitrep-027-2026-06-10; inrb-sitrep-028-2026-06-11; inrb-sitrep-030-2026-06-13; inrb-sitrep-031-2026-06-14; inrb-sitrep-032-2026-06-15; inrb-sitrep-033-2026-06-16; inrb-sitrep-034-2026-06-17; inrb-sitrep-035-2026-06-18; inrb-sitrep-036-2026-06-19; inrb-sitrep-037-2026-06-20; inrb-sitrep-038-2026-06-21; inrb-sitrep-039-2026-06-22; inrb-sitrep-040-2026-06-23; inrb-sitrep-041-2026-06-24; inrb-sitrep-042-2026-06-25; inrb-sitrep-044-2026-06-27; inrb-sitrep-046-2026-06-29; inrb-sitrep-047-2026-06-30; inrb-sitrep-048-2026-07-01; inrb-sitrep-049-2026-07-02; inrb-sitrep-050-2026-07-03; inrb-sitrep-051-2026-07-04; inrb-sitrep-052-2026-07-05; inrb-sitrep-053-2026-07-06; inrb-sitrep-054-2026-07-07; inrb-sitrep-055-2026-07-08; inrb-sitrep-056-2026-07-09; inrb-sitrep-057-2026-07-10; inrb-sitrep-058-2026-07-11; inrb-sitrep-059-2026-07-12; inrb-umie-ebola-drc-2026-build-2026-05-28-bb8b7d5; inrb-umie-ebola-drc-2026-build-2026-06-01-b4cafc9; uganda-moh-ebola-update-2026-06-06; uganda-moh-ebola-update-2026-06-20; uganda-moh-ebola-update-2026-06-21; who-daily-epi-bdbv-2026-06-08; who-dg-remarks-bdbv-2026-05-20; who-dg-remarks-bdbv-2026-05-22; who-don602-2026-05-15-live; who-don603-2026-05-21-live; who-don606-bdbv-2026-06-08; who-ihr-ec-bdbv-temporary-recommendations-2026-05-22; who-pheic-2026-05-17-live; wikipedia-2026-ituri-epidemic-2026-05-20-live,"Descriptive watch-point interval, not a forecast or response recommendation."
corridor:41:nyankunde:kasese-uga,nyankunde,kasese-uga,30,0.23766158714968222,0.5408123172460547,0.4220616943825146,0.7924816584482947,0.15949497828400847,0.954878153818673,zone-attributed confirmed count 97 for this source zone; visibility-adjustment factor 2.02× reflects under-reporting in source zone; raw risk likely understates true hazard,BDBV-CLAIM-050,derived_model_output_with_unsupported_exponent_attribution,pinned_snapshot_model_output,africa-cdc-phecs-2026-05-18-live; afro-sitrep-01-2026-05-18-live; afro-sitrep-01-pdf-2026-05-18-live; cdc-current-situation-2026-05-21; cdc-current-situation-2026-05-23; cdc-current-situation-2026-05-24; cdc-current-situation-2026-05-25; drc-moh-epidemie-dashboard-sitrep-009-graphql-2026-05-24; drc-moh-epidemie-dashboard-sitrep-mve-n-007-mvb-17-2026-pdf-2026-05-22; ecdc-bdbv-drc-uga-2026-05-19-live; ecdc-bdbv-drc-uga-2026-05-21-live; ecdc-bdbv-drc-uga-2026-05-25-live; ecdc-bdbv-drc-uga-2026-05-26-live; ecdc-bdbv-drc-uga-2026-05-27-live; inrb-sitrep-015-2026-05-29; inrb-sitrep-016-2026-05-30; inrb-sitrep-017-2026-05-31; inrb-sitrep-018-2026-06-01; inrb-sitrep-019-2026-06-02; inrb-sitrep-020-2026-06-03; inrb-sitrep-021-2026-06-04; inrb-sitrep-022-2026-06-05; inrb-sitrep-023-2026-06-06; inrb-sitrep-024-2026-06-07; inrb-sitrep-025-2026-06-08; inrb-sitrep-026-2026-06-09; inrb-sitrep-027-2026-06-10; inrb-sitrep-028-2026-06-11; inrb-sitrep-030-2026-06-13; inrb-sitrep-031-2026-06-14; inrb-sitrep-032-2026-06-15; inrb-sitrep-033-2026-06-16; inrb-sitrep-034-2026-06-17; inrb-sitrep-035-2026-06-18; inrb-sitrep-036-2026-06-19; inrb-sitrep-037-2026-06-20; inrb-sitrep-038-2026-06-21; inrb-sitrep-039-2026-06-22; inrb-sitrep-040-2026-06-23; inrb-sitrep-041-2026-06-24; inrb-sitrep-042-2026-06-25; inrb-sitrep-044-2026-06-27; inrb-sitrep-046-2026-06-29; inrb-sitrep-047-2026-06-30; inrb-sitrep-048-2026-07-01; inrb-sitrep-049-2026-07-02; inrb-sitrep-050-2026-07-03; inrb-sitrep-051-2026-07-04; inrb-sitrep-052-2026-07-05; inrb-sitrep-053-2026-07-06; inrb-sitrep-054-2026-07-07; inrb-sitrep-055-2026-07-08; inrb-sitrep-056-2026-07-09; inrb-sitrep-057-2026-07-10; inrb-sitrep-058-2026-07-11; inrb-sitrep-059-2026-07-12; inrb-umie-ebola-drc-2026-build-2026-05-28-bb8b7d5; inrb-umie-ebola-drc-2026-build-2026-06-01-b4cafc9; uganda-moh-ebola-update-2026-06-06; uganda-moh-ebola-update-2026-06-20; uganda-moh-ebola-update-2026-06-21; who-daily-epi-bdbv-2026-06-08; who-dg-remarks-bdbv-2026-05-20; who-dg-remarks-bdbv-2026-05-22; who-don602-2026-05-15-live; who-don603-2026-05-21-live; who-don606-bdbv-2026-06-08; who-ihr-ec-bdbv-temporary-recommendations-2026-05-22; who-pheic-2026-05-17-live; wikipedia-2026-ituri-epidemic-2026-05-20-live,"Descriptive watch-point interval, not a forecast or response recommendation."
corridor:42:nyankunde:goma-cod,nyankunde,goma-cod,30,0.2271815809190313,0.5282089893567815,0.40589629071844313,0.7808120736273556,0.14202340852877257,0.9615277938618714,zone-attributed confirmed count 97 for this source zone; visibility-adjustment factor 2.02× reflects under-reporting in source zone; raw risk likely understates true hazard,BDBV-CLAIM-050,derived_model_output_with_unsupported_exponent_attribution,pinned_snapshot_model_output,africa-cdc-phecs-2026-05-18-live; afro-sitrep-01-2026-05-18-live; afro-sitrep-01-pdf-2026-05-18-live; cdc-current-situation-2026-05-21; cdc-current-situation-2026-05-23; cdc-current-situation-2026-05-24; cdc-current-situation-2026-05-25; drc-moh-epidemie-dashboard-sitrep-009-graphql-2026-05-24; drc-moh-epidemie-dashboard-sitrep-mve-n-007-mvb-17-2026-pdf-2026-05-22; ecdc-bdbv-drc-uga-2026-05-19-live; ecdc-bdbv-drc-uga-2026-05-21-live; ecdc-bdbv-drc-uga-2026-05-25-live; ecdc-bdbv-drc-uga-2026-05-26-live; ecdc-bdbv-drc-uga-2026-05-27-live; inrb-sitrep-015-2026-05-29; inrb-sitrep-016-2026-05-30; inrb-sitrep-017-2026-05-31; inrb-sitrep-018-2026-06-01; inrb-sitrep-019-2026-06-02; inrb-sitrep-020-2026-06-03; inrb-sitrep-021-2026-06-04; inrb-sitrep-022-2026-06-05; inrb-sitrep-023-2026-06-06; inrb-sitrep-024-2026-06-07; inrb-sitrep-025-2026-06-08; inrb-sitrep-026-2026-06-09; inrb-sitrep-027-2026-06-10; inrb-sitrep-028-2026-06-11; inrb-sitrep-030-2026-06-13; inrb-sitrep-031-2026-06-14; inrb-sitrep-032-2026-06-15; inrb-sitrep-033-2026-06-16; inrb-sitrep-034-2026-06-17; inrb-sitrep-035-2026-06-18; inrb-sitrep-036-2026-06-19; inrb-sitrep-037-2026-06-20; inrb-sitrep-038-2026-06-21; inrb-sitrep-039-2026-06-22; inrb-sitrep-040-2026-06-23; inrb-sitrep-041-2026-06-24; inrb-sitrep-042-2026-06-25; inrb-sitrep-044-2026-06-27; inrb-sitrep-046-2026-06-29; inrb-sitrep-047-2026-06-30; inrb-sitrep-048-2026-07-01; inrb-sitrep-049-2026-07-02; inrb-sitrep-050-2026-07-03; inrb-sitrep-051-2026-07-04; inrb-sitrep-052-2026-07-05; inrb-sitrep-053-2026-07-06; inrb-sitrep-054-2026-07-07; inrb-sitrep-055-2026-07-08; inrb-sitrep-056-2026-07-09; inrb-sitrep-057-2026-07-10; inrb-sitrep-058-2026-07-11; inrb-sitrep-059-2026-07-12; inrb-umie-ebola-drc-2026-build-2026-05-28-bb8b7d5; inrb-umie-ebola-drc-2026-build-2026-06-01-b4cafc9; uganda-moh-ebola-update-2026-06-06; uganda-moh-ebola-update-2026-06-20; uganda-moh-ebola-update-2026-06-21; who-daily-epi-bdbv-2026-06-08; who-dg-remarks-bdbv-2026-05-20; who-dg-remarks-bdbv-2026-05-22; who-don602-2026-05-15-live; who-don603-2026-05-21-live; who-don606-bdbv-2026-06-08; who-ihr-ec-bdbv-temporary-recommendations-2026-05-22; who-pheic-2026-05-17-live; wikipedia-2026-ituri-epidemic-2026-05-20-live,"Descriptive watch-point interval, not a forecast or response recommendation."
corridor:43:nyankunde:nebbi-uga,nyankunde,nebbi-uga,30,0.23797102655530283,0.5276063948943686,0.42253548672764474,0.7802446296009677,0.11256775469869201,0.9611333057371695,zone-attributed confirmed count 97 for this source zone; visibility-adjustment factor 2.02× reflects under-reporting in source zone; raw risk likely understates true hazard,BDBV-CLAIM-050,derived_model_output_with_unsupported_exponent_attribution,pinned_snapshot_model_output,africa-cdc-phecs-2026-05-18-live; afro-sitrep-01-2026-05-18-live; afro-sitrep-01-pdf-2026-05-18-live; cdc-current-situation-2026-05-21; cdc-current-situation-2026-05-23; cdc-current-situation-2026-05-24; cdc-current-situation-2026-05-25; drc-moh-epidemie-dashboard-sitrep-009-graphql-2026-05-24; drc-moh-epidemie-dashboard-sitrep-mve-n-007-mvb-17-2026-pdf-2026-05-22; ecdc-bdbv-drc-uga-2026-05-19-live; ecdc-bdbv-drc-uga-2026-05-21-live; ecdc-bdbv-drc-uga-2026-05-25-live; ecdc-bdbv-drc-uga-2026-05-26-live; ecdc-bdbv-drc-uga-2026-05-27-live; inrb-sitrep-015-2026-05-29; inrb-sitrep-016-2026-05-30; inrb-sitrep-017-2026-05-31; inrb-sitrep-018-2026-06-01; inrb-sitrep-019-2026-06-02; inrb-sitrep-020-2026-06-03; inrb-sitrep-021-2026-06-04; inrb-sitrep-022-2026-06-05; inrb-sitrep-023-2026-06-06; inrb-sitrep-024-2026-06-07; inrb-sitrep-025-2026-06-08; inrb-sitrep-026-2026-06-09; inrb-sitrep-027-2026-06-10; inrb-sitrep-028-2026-06-11; inrb-sitrep-030-2026-06-13; inrb-sitrep-031-2026-06-14; inrb-sitrep-032-2026-06-15; inrb-sitrep-033-2026-06-16; inrb-sitrep-034-2026-06-17; inrb-sitrep-035-2026-06-18; inrb-sitrep-036-2026-06-19; inrb-sitrep-037-2026-06-20; inrb-sitrep-038-2026-06-21; inrb-sitrep-039-2026-06-22; inrb-sitrep-040-2026-06-23; inrb-sitrep-041-2026-06-24; inrb-sitrep-042-2026-06-25; inrb-sitrep-044-2026-06-27; inrb-sitrep-046-2026-06-29; inrb-sitrep-047-2026-06-30; inrb-sitrep-048-2026-07-01; inrb-sitrep-049-2026-07-02; inrb-sitrep-050-2026-07-03; inrb-sitrep-051-2026-07-04; inrb-sitrep-052-2026-07-05; inrb-sitrep-053-2026-07-06; inrb-sitrep-054-2026-07-07; inrb-sitrep-055-2026-07-08; inrb-sitrep-056-2026-07-09; inrb-sitrep-057-2026-07-10; inrb-sitrep-058-2026-07-11; inrb-sitrep-059-2026-07-12; inrb-umie-ebola-drc-2026-build-2026-05-28-bb8b7d5; inrb-umie-ebola-drc-2026-build-2026-06-01-b4cafc9; uganda-moh-ebola-update-2026-06-06; uganda-moh-ebola-update-2026-06-20; uganda-moh-ebola-update-2026-06-21; who-daily-epi-bdbv-2026-06-08; who-dg-remarks-bdbv-2026-05-20; who-dg-remarks-bdbv-2026-05-22; who-don602-2026-05-15-live; who-don603-2026-05-21-live; who-don606-bdbv-2026-06-08; who-ihr-ec-bdbv-temporary-recommendations-2026-05-22; who-pheic-2026-05-17-live; wikipedia-2026-ituri-epidemic-2026-05-20-live,"Descriptive watch-point interval, not a forecast or response recommendation."
corridor:44:nyankunde:bundibugyo-uga,nyankunde,bundibugyo-uga,30,0.23592733219428852,0.5229677870097711,0.4194021241830671,0.7758630492214218,0.11024428160963459,0.9695376447931745,zone-attributed confirmed count 97 for this source zone; visibility-adjustment factor 2.02× reflects under-reporting in source zone; raw risk likely understates true hazard,BDBV-CLAIM-050,derived_model_output_with_unsupported_exponent_attribution,pinned_snapshot_model_output,africa-cdc-phecs-2026-05-18-live; afro-sitrep-01-2026-05-18-live; afro-sitrep-01-pdf-2026-05-18-live; cdc-current-situation-2026-05-21; cdc-current-situation-2026-05-23; cdc-current-situation-2026-05-24; cdc-current-situation-2026-05-25; drc-moh-epidemie-dashboard-sitrep-009-graphql-2026-05-24; drc-moh-epidemie-dashboard-sitrep-mve-n-007-mvb-17-2026-pdf-2026-05-22; ecdc-bdbv-drc-uga-2026-05-19-live; ecdc-bdbv-drc-uga-2026-05-21-live; ecdc-bdbv-drc-uga-2026-05-25-live; ecdc-bdbv-drc-uga-2026-05-26-live; ecdc-bdbv-drc-uga-2026-05-27-live; inrb-sitrep-015-2026-05-29; inrb-sitrep-016-2026-05-30; inrb-sitrep-017-2026-05-31; inrb-sitrep-018-2026-06-01; inrb-sitrep-019-2026-06-02; inrb-sitrep-020-2026-06-03; inrb-sitrep-021-2026-06-04; inrb-sitrep-022-2026-06-05; inrb-sitrep-023-2026-06-06; inrb-sitrep-024-2026-06-07; inrb-sitrep-025-2026-06-08; inrb-sitrep-026-2026-06-09; inrb-sitrep-027-2026-06-10; inrb-sitrep-028-2026-06-11; inrb-sitrep-030-2026-06-13; inrb-sitrep-031-2026-06-14; inrb-sitrep-032-2026-06-15; inrb-sitrep-033-2026-06-16; inrb-sitrep-034-2026-06-17; inrb-sitrep-035-2026-06-18; inrb-sitrep-036-2026-06-19; inrb-sitrep-037-2026-06-20; inrb-sitrep-038-2026-06-21; inrb-sitrep-039-2026-06-22; inrb-sitrep-040-2026-06-23; inrb-sitrep-041-2026-06-24; inrb-sitrep-042-2026-06-25; inrb-sitrep-044-2026-06-27; inrb-sitrep-046-2026-06-29; inrb-sitrep-047-2026-06-30; inrb-sitrep-048-2026-07-01; inrb-sitrep-049-2026-07-02; inrb-sitrep-050-2026-07-03; inrb-sitrep-051-2026-07-04; inrb-sitrep-052-2026-07-05; inrb-sitrep-053-2026-07-06; inrb-sitrep-054-2026-07-07; inrb-sitrep-055-2026-07-08; inrb-sitrep-056-2026-07-09; inrb-sitrep-057-2026-07-10; inrb-sitrep-058-2026-07-11; inrb-sitrep-059-2026-07-12; inrb-umie-ebola-drc-2026-build-2026-05-28-bb8b7d5; inrb-umie-ebola-drc-2026-build-2026-06-01-b4cafc9; uganda-moh-ebola-update-2026-06-06; uganda-moh-ebola-update-2026-06-20; uganda-moh-ebola-update-2026-06-21; who-daily-epi-bdbv-2026-06-08; who-dg-remarks-bdbv-2026-05-20; who-dg-remarks-bdbv-2026-05-22; who-don602-2026-05-15-live; who-don603-2026-05-21-live; who-don606-bdbv-2026-06-08; who-ihr-ec-bdbv-temporary-recommendations-2026-05-22; who-pheic-2026-05-17-live; wikipedia-2026-ituri-epidemic-2026-05-20-live,"Descriptive watch-point interval, not a forecast or response recommendation."
corridor:45:nyankunde:arua-uga,nyankunde,arua-uga,30,0.24129598993970072,0.5219346414716466,0.427614561345122,0.774882639762307,0.13192691714415372,0.9392653730890859,zone-attributed confirmed count 97 for this source zone; visibility-adjustment factor 2.02× reflects under-reporting in source zone; raw risk likely understates true hazard,BDBV-CLAIM-050,derived_model_output_with_unsupported_exponent_attribution,pinned_snapshot_model_output,africa-cdc-phecs-2026-05-18-live; afro-sitrep-01-2026-05-18-live; afro-sitrep-01-pdf-2026-05-18-live; cdc-current-situation-2026-05-21; cdc-current-situation-2026-05-23; cdc-current-situation-2026-05-24; cdc-current-situation-2026-05-25; drc-moh-epidemie-dashboard-sitrep-009-graphql-2026-05-24; drc-moh-epidemie-dashboard-sitrep-mve-n-007-mvb-17-2026-pdf-2026-05-22; ecdc-bdbv-drc-uga-2026-05-19-live; ecdc-bdbv-drc-uga-2026-05-21-live; ecdc-bdbv-drc-uga-2026-05-25-live; ecdc-bdbv-drc-uga-2026-05-26-live; ecdc-bdbv-drc-uga-2026-05-27-live; inrb-sitrep-015-2026-05-29; inrb-sitrep-016-2026-05-30; inrb-sitrep-017-2026-05-31; inrb-sitrep-018-2026-06-01; inrb-sitrep-019-2026-06-02; inrb-sitrep-020-2026-06-03; inrb-sitrep-021-2026-06-04; inrb-sitrep-022-2026-06-05; inrb-sitrep-023-2026-06-06; inrb-sitrep-024-2026-06-07; inrb-sitrep-025-2026-06-08; inrb-sitrep-026-2026-06-09; inrb-sitrep-027-2026-06-10; inrb-sitrep-028-2026-06-11; inrb-sitrep-030-2026-06-13; inrb-sitrep-031-2026-06-14; inrb-sitrep-032-2026-06-15; inrb-sitrep-033-2026-06-16; inrb-sitrep-034-2026-06-17; inrb-sitrep-035-2026-06-18; inrb-sitrep-036-2026-06-19; inrb-sitrep-037-2026-06-20; inrb-sitrep-038-2026-06-21; inrb-sitrep-039-2026-06-22; inrb-sitrep-040-2026-06-23; inrb-sitrep-041-2026-06-24; inrb-sitrep-042-2026-06-25; inrb-sitrep-044-2026-06-27; inrb-sitrep-046-2026-06-29; inrb-sitrep-047-2026-06-30; inrb-sitrep-048-2026-07-01; inrb-sitrep-049-2026-07-02; inrb-sitrep-050-2026-07-03; inrb-sitrep-051-2026-07-04; inrb-sitrep-052-2026-07-05; inrb-sitrep-053-2026-07-06; inrb-sitrep-054-2026-07-07; inrb-sitrep-055-2026-07-08; inrb-sitrep-056-2026-07-09; inrb-sitrep-057-2026-07-10; inrb-sitrep-058-2026-07-11; inrb-sitrep-059-2026-07-12; inrb-umie-ebola-drc-2026-build-2026-05-28-bb8b7d5; inrb-umie-ebola-drc-2026-build-2026-06-01-b4cafc9; uganda-moh-ebola-update-2026-06-06; uganda-moh-ebola-update-2026-06-20; uganda-moh-ebola-update-2026-06-21; who-daily-epi-bdbv-2026-06-08; who-dg-remarks-bdbv-2026-05-20; who-dg-remarks-bdbv-2026-05-22; who-don602-2026-05-15-live; who-don603-2026-05-21-live; who-don606-bdbv-2026-06-08; who-ihr-ec-bdbv-temporary-recommendations-2026-05-22; who-pheic-2026-05-17-live; wikipedia-2026-ituri-epidemic-2026-05-20-live,"Descriptive watch-point interval, not a forecast or response recommendation."
corridor:46:katwa:bundibugyo-uga,katwa,bundibugyo-uga,30,0.19620296293126596,0.4619701548890072,0.3567940600804739,0.7141753497816561,0.09134457120969078,0.9001915795973288,zone-attributed confirmed count 71 for this source zone; visibility-adjustment factor 2.02× reflects under-reporting in source zone; raw risk likely understates true hazard,BDBV-CLAIM-050,derived_model_output_with_unsupported_exponent_attribution,pinned_snapshot_model_output,africa-cdc-phecs-2026-05-18-live; afro-sitrep-01-2026-05-18-live; afro-sitrep-01-pdf-2026-05-18-live; cdc-current-situation-2026-05-21; cdc-current-situation-2026-05-23; cdc-current-situation-2026-05-24; cdc-current-situation-2026-05-25; drc-moh-epidemie-dashboard-sitrep-009-graphql-2026-05-24; drc-moh-epidemie-dashboard-sitrep-mve-n-007-mvb-17-2026-pdf-2026-05-22; ecdc-bdbv-drc-uga-2026-05-19-live; ecdc-bdbv-drc-uga-2026-05-21-live; ecdc-bdbv-drc-uga-2026-05-25-live; ecdc-bdbv-drc-uga-2026-05-26-live; ecdc-bdbv-drc-uga-2026-05-27-live; inrb-sitrep-015-2026-05-29; inrb-sitrep-016-2026-05-30; inrb-sitrep-017-2026-05-31; inrb-sitrep-018-2026-06-01; inrb-sitrep-019-2026-06-02; inrb-sitrep-020-2026-06-03; inrb-sitrep-021-2026-06-04; inrb-sitrep-022-2026-06-05; inrb-sitrep-023-2026-06-06; inrb-sitrep-024-2026-06-07; inrb-sitrep-025-2026-06-08; inrb-sitrep-026-2026-06-09; inrb-sitrep-027-2026-06-10; inrb-sitrep-028-2026-06-11; inrb-sitrep-030-2026-06-13; inrb-sitrep-031-2026-06-14; inrb-sitrep-032-2026-06-15; inrb-sitrep-033-2026-06-16; inrb-sitrep-034-2026-06-17; inrb-sitrep-035-2026-06-18; inrb-sitrep-036-2026-06-19; inrb-sitrep-037-2026-06-20; inrb-sitrep-038-2026-06-21; inrb-sitrep-039-2026-06-22; inrb-sitrep-040-2026-06-23; inrb-sitrep-041-2026-06-24; inrb-sitrep-042-2026-06-25; inrb-sitrep-044-2026-06-27; inrb-sitrep-046-2026-06-29; inrb-sitrep-047-2026-06-30; inrb-sitrep-048-2026-07-01; inrb-sitrep-049-2026-07-02; inrb-sitrep-050-2026-07-03; inrb-sitrep-051-2026-07-04; inrb-sitrep-052-2026-07-05; inrb-sitrep-053-2026-07-06; inrb-sitrep-054-2026-07-07; inrb-sitrep-055-2026-07-08; inrb-sitrep-056-2026-07-09; inrb-sitrep-057-2026-07-10; inrb-sitrep-058-2026-07-11; inrb-sitrep-059-2026-07-12; inrb-umie-ebola-drc-2026-build-2026-05-28-bb8b7d5; inrb-umie-ebola-drc-2026-build-2026-06-01-b4cafc9; uganda-moh-ebola-update-2026-06-06; uganda-moh-ebola-update-2026-06-20; uganda-moh-ebola-update-2026-06-21; who-daily-epi-bdbv-2026-06-08; who-dg-remarks-bdbv-2026-05-20; who-dg-remarks-bdbv-2026-05-22; who-don602-2026-05-15-live; who-don603-2026-05-21-live; who-don606-bdbv-2026-06-08; who-ihr-ec-bdbv-temporary-recommendations-2026-05-22; who-pheic-2026-05-17-live; wikipedia-2026-ituri-epidemic-2026-05-20-live,"Descriptive watch-point interval, not a forecast or response recommendation."
corridor:47:katwa:kasese-uga,katwa,kasese-uga,30,0.20177165311635317,0.4593023625389877,0.3657659103664181,0.711304701279293,0.10744665486346658,0.9163021889062526,zone-attributed confirmed count 71 for this source zone; visibility-adjustment factor 2.02× reflects under-reporting in source zone; raw risk likely understates true hazard,BDBV-CLAIM-050,derived_model_output_with_unsupported_exponent_attribution,pinned_snapshot_model_output,africa-cdc-phecs-2026-05-18-live; afro-sitrep-01-2026-05-18-live; afro-sitrep-01-pdf-2026-05-18-live; cdc-current-situation-2026-05-21; cdc-current-situation-2026-05-23; cdc-current-situation-2026-05-24; cdc-current-situation-2026-05-25; drc-moh-epidemie-dashboard-sitrep-009-graphql-2026-05-24; drc-moh-epidemie-dashboard-sitrep-mve-n-007-mvb-17-2026-pdf-2026-05-22; ecdc-bdbv-drc-uga-2026-05-19-live; ecdc-bdbv-drc-uga-2026-05-21-live; ecdc-bdbv-drc-uga-2026-05-25-live; ecdc-bdbv-drc-uga-2026-05-26-live; ecdc-bdbv-drc-uga-2026-05-27-live; inrb-sitrep-015-2026-05-29; inrb-sitrep-016-2026-05-30; inrb-sitrep-017-2026-05-31; inrb-sitrep-018-2026-06-01; inrb-sitrep-019-2026-06-02; inrb-sitrep-020-2026-06-03; inrb-sitrep-021-2026-06-04; inrb-sitrep-022-2026-06-05; inrb-sitrep-023-2026-06-06; inrb-sitrep-024-2026-06-07; inrb-sitrep-025-2026-06-08; inrb-sitrep-026-2026-06-09; inrb-sitrep-027-2026-06-10; inrb-sitrep-028-2026-06-11; inrb-sitrep-030-2026-06-13; inrb-sitrep-031-2026-06-14; inrb-sitrep-032-2026-06-15; inrb-sitrep-033-2026-06-16; inrb-sitrep-034-2026-06-17; inrb-sitrep-035-2026-06-18; inrb-sitrep-036-2026-06-19; inrb-sitrep-037-2026-06-20; inrb-sitrep-038-2026-06-21; inrb-sitrep-039-2026-06-22; inrb-sitrep-040-2026-06-23; inrb-sitrep-041-2026-06-24; inrb-sitrep-042-2026-06-25; inrb-sitrep-044-2026-06-27; inrb-sitrep-046-2026-06-29; inrb-sitrep-047-2026-06-30; inrb-sitrep-048-2026-07-01; inrb-sitrep-049-2026-07-02; inrb-sitrep-050-2026-07-03; inrb-sitrep-051-2026-07-04; inrb-sitrep-052-2026-07-05; inrb-sitrep-053-2026-07-06; inrb-sitrep-054-2026-07-07; inrb-sitrep-055-2026-07-08; inrb-sitrep-056-2026-07-09; inrb-sitrep-057-2026-07-10; inrb-sitrep-058-2026-07-11; inrb-sitrep-059-2026-07-12; inrb-umie-ebola-drc-2026-build-2026-05-28-bb8b7d5; inrb-umie-ebola-drc-2026-build-2026-06-01-b4cafc9; uganda-moh-ebola-update-2026-06-06; uganda-moh-ebola-update-2026-06-20; uganda-moh-ebola-update-2026-06-21; who-daily-epi-bdbv-2026-06-08; who-dg-remarks-bdbv-2026-05-20; who-dg-remarks-bdbv-2026-05-22; who-don602-2026-05-15-live; who-don603-2026-05-21-live; who-don606-bdbv-2026-06-08; who-ihr-ec-bdbv-temporary-recommendations-2026-05-22; who-pheic-2026-05-17-live; wikipedia-2026-ituri-epidemic-2026-05-20-live,"Descriptive watch-point interval, not a forecast or response recommendation."
corridor:48:katwa:nebbi-uga,katwa,nebbi-uga,30,0.19373015368004717,0.45202307098929134,0.35278991693094053,0.7033986152953149,0.09932246615033948,0.9079414042117472,zone-attributed confirmed count 71 for this source zone; visibility-adjustment factor 2.02× reflects under-reporting in source zone; raw risk likely understates true hazard,BDBV-CLAIM-050,derived_model_output_with_unsupported_exponent_attribution,pinned_snapshot_model_output,africa-cdc-phecs-2026-05-18-live; afro-sitrep-01-2026-05-18-live; afro-sitrep-01-pdf-2026-05-18-live; cdc-current-situation-2026-05-21; cdc-current-situation-2026-05-23; cdc-current-situation-2026-05-24; cdc-current-situation-2026-05-25; drc-moh-epidemie-dashboard-sitrep-009-graphql-2026-05-24; drc-moh-epidemie-dashboard-sitrep-mve-n-007-mvb-17-2026-pdf-2026-05-22; ecdc-bdbv-drc-uga-2026-05-19-live; ecdc-bdbv-drc-uga-2026-05-21-live; ecdc-bdbv-drc-uga-2026-05-25-live; ecdc-bdbv-drc-uga-2026-05-26-live; ecdc-bdbv-drc-uga-2026-05-27-live; inrb-sitrep-015-2026-05-29; inrb-sitrep-016-2026-05-30; inrb-sitrep-017-2026-05-31; inrb-sitrep-018-2026-06-01; inrb-sitrep-019-2026-06-02; inrb-sitrep-020-2026-06-03; inrb-sitrep-021-2026-06-04; inrb-sitrep-022-2026-06-05; inrb-sitrep-023-2026-06-06; inrb-sitrep-024-2026-06-07; inrb-sitrep-025-2026-06-08; inrb-sitrep-026-2026-06-09; inrb-sitrep-027-2026-06-10; inrb-sitrep-028-2026-06-11; inrb-sitrep-030-2026-06-13; inrb-sitrep-031-2026-06-14; inrb-sitrep-032-2026-06-15; inrb-sitrep-033-2026-06-16; inrb-sitrep-034-2026-06-17; inrb-sitrep-035-2026-06-18; inrb-sitrep-036-2026-06-19; inrb-sitrep-037-2026-06-20; inrb-sitrep-038-2026-06-21; inrb-sitrep-039-2026-06-22; inrb-sitrep-040-2026-06-23; inrb-sitrep-041-2026-06-24; inrb-sitrep-042-2026-06-25; inrb-sitrep-044-2026-06-27; inrb-sitrep-046-2026-06-29; inrb-sitrep-047-2026-06-30; inrb-sitrep-048-2026-07-01; inrb-sitrep-049-2026-07-02; inrb-sitrep-050-2026-07-03; inrb-sitrep-051-2026-07-04; inrb-sitrep-052-2026-07-05; inrb-sitrep-053-2026-07-06; inrb-sitrep-054-2026-07-07; inrb-sitrep-055-2026-07-08; inrb-sitrep-056-2026-07-09; inrb-sitrep-057-2026-07-10; inrb-sitrep-058-2026-07-11; inrb-sitrep-059-2026-07-12; inrb-umie-ebola-drc-2026-build-2026-05-28-bb8b7d5; inrb-umie-ebola-drc-2026-build-2026-06-01-b4cafc9; uganda-moh-ebola-update-2026-06-06; uganda-moh-ebola-update-2026-06-20; uganda-moh-ebola-update-2026-06-21; who-daily-epi-bdbv-2026-06-08; who-dg-remarks-bdbv-2026-05-20; who-dg-remarks-bdbv-2026-05-22; who-don602-2026-05-15-live; who-don603-2026-05-21-live; who-don606-bdbv-2026-06-08; who-ihr-ec-bdbv-temporary-recommendations-2026-05-22; who-pheic-2026-05-17-live; wikipedia-2026-ituri-epidemic-2026-05-20-live,"Descriptive watch-point interval, not a forecast or response recommendation."
corridor:49:katwa:goma-cod,katwa,goma-cod,30,0.19667809740864664,0.44630929020919874,0.35756245327581165,0.6971166658205733,0.11691961791216275,0.9104903529387398,zone-attributed confirmed count 71 for this source zone; visibility-adjustment factor 2.02× reflects under-reporting in source zone; raw risk likely understates true hazard,BDBV-CLAIM-050,derived_model_output_with_unsupported_exponent_attribution,pinned_snapshot_model_output,africa-cdc-phecs-2026-05-18-live; afro-sitrep-01-2026-05-18-live; afro-sitrep-01-pdf-2026-05-18-live; cdc-current-situation-2026-05-21; cdc-current-situation-2026-05-23; cdc-current-situation-2026-05-24; cdc-current-situation-2026-05-25; drc-moh-epidemie-dashboard-sitrep-009-graphql-2026-05-24; drc-moh-epidemie-dashboard-sitrep-mve-n-007-mvb-17-2026-pdf-2026-05-22; ecdc-bdbv-drc-uga-2026-05-19-live; ecdc-bdbv-drc-uga-2026-05-21-live; ecdc-bdbv-drc-uga-2026-05-25-live; ecdc-bdbv-drc-uga-2026-05-26-live; ecdc-bdbv-drc-uga-2026-05-27-live; inrb-sitrep-015-2026-05-29; inrb-sitrep-016-2026-05-30; inrb-sitrep-017-2026-05-31; inrb-sitrep-018-2026-06-01; inrb-sitrep-019-2026-06-02; inrb-sitrep-020-2026-06-03; inrb-sitrep-021-2026-06-04; inrb-sitrep-022-2026-06-05; inrb-sitrep-023-2026-06-06; inrb-sitrep-024-2026-06-07; inrb-sitrep-025-2026-06-08; inrb-sitrep-026-2026-06-09; inrb-sitrep-027-2026-06-10; inrb-sitrep-028-2026-06-11; inrb-sitrep-030-2026-06-13; inrb-sitrep-031-2026-06-14; inrb-sitrep-032-2026-06-15; inrb-sitrep-033-2026-06-16; inrb-sitrep-034-2026-06-17; inrb-sitrep-035-2026-06-18; inrb-sitrep-036-2026-06-19; inrb-sitrep-037-2026-06-20; inrb-sitrep-038-2026-06-21; inrb-sitrep-039-2026-06-22; inrb-sitrep-040-2026-06-23; inrb-sitrep-041-2026-06-24; inrb-sitrep-042-2026-06-25; inrb-sitrep-044-2026-06-27; inrb-sitrep-046-2026-06-29; inrb-sitrep-047-2026-06-30; inrb-sitrep-048-2026-07-01; inrb-sitrep-049-2026-07-02; inrb-sitrep-050-2026-07-03; inrb-sitrep-051-2026-07-04; inrb-sitrep-052-2026-07-05; inrb-sitrep-053-2026-07-06; inrb-sitrep-054-2026-07-07; inrb-sitrep-055-2026-07-08; inrb-sitrep-056-2026-07-09; inrb-sitrep-057-2026-07-10; inrb-sitrep-058-2026-07-11; inrb-sitrep-059-2026-07-12; inrb-umie-ebola-drc-2026-build-2026-05-28-bb8b7d5; inrb-umie-ebola-drc-2026-build-2026-06-01-b4cafc9; uganda-moh-ebola-update-2026-06-06; uganda-moh-ebola-update-2026-06-20; uganda-moh-ebola-update-2026-06-21; who-daily-epi-bdbv-2026-06-08; who-dg-remarks-bdbv-2026-05-20; who-dg-remarks-bdbv-2026-05-22; who-don602-2026-05-15-live; who-don603-2026-05-21-live; who-don606-bdbv-2026-06-08; who-ihr-ec-bdbv-temporary-recommendations-2026-05-22; who-pheic-2026-05-17-live; wikipedia-2026-ituri-epidemic-2026-05-20-live,"Descriptive watch-point interval, not a forecast or response recommendation."
corridor:50:katwa:yei-ssd,katwa,yei-ssd,30,0.17402418482155044,0.44523165971647044,0.320430567618789,0.6959243757661505,0.10015933617832401,0.9021813599755573,zone-attributed confirmed count 71 for this source zone; visibility-adjustment factor 2.02× reflects under-reporting in source zone; raw risk likely understates true hazard,BDBV-CLAIM-050,derived_model_output_with_unsupported_exponent_attribution,pinned_snapshot_model_output,africa-cdc-phecs-2026-05-18-live; afro-sitrep-01-2026-05-18-live; afro-sitrep-01-pdf-2026-05-18-live; cdc-current-situation-2026-05-21; cdc-current-situation-2026-05-23; cdc-current-situation-2026-05-24; cdc-current-situation-2026-05-25; drc-moh-epidemie-dashboard-sitrep-009-graphql-2026-05-24; drc-moh-epidemie-dashboard-sitrep-mve-n-007-mvb-17-2026-pdf-2026-05-22; ecdc-bdbv-drc-uga-2026-05-19-live; ecdc-bdbv-drc-uga-2026-05-21-live; ecdc-bdbv-drc-uga-2026-05-25-live; ecdc-bdbv-drc-uga-2026-05-26-live; ecdc-bdbv-drc-uga-2026-05-27-live; inrb-sitrep-015-2026-05-29; inrb-sitrep-016-2026-05-30; inrb-sitrep-017-2026-05-31; inrb-sitrep-018-2026-06-01; inrb-sitrep-019-2026-06-02; inrb-sitrep-020-2026-06-03; inrb-sitrep-021-2026-06-04; inrb-sitrep-022-2026-06-05; inrb-sitrep-023-2026-06-06; inrb-sitrep-024-2026-06-07; inrb-sitrep-025-2026-06-08; inrb-sitrep-026-2026-06-09; inrb-sitrep-027-2026-06-10; inrb-sitrep-028-2026-06-11; inrb-sitrep-030-2026-06-13; inrb-sitrep-031-2026-06-14; inrb-sitrep-032-2026-06-15; inrb-sitrep-033-2026-06-16; inrb-sitrep-034-2026-06-17; inrb-sitrep-035-2026-06-18; inrb-sitrep-036-2026-06-19; inrb-sitrep-037-2026-06-20; inrb-sitrep-038-2026-06-21; inrb-sitrep-039-2026-06-22; inrb-sitrep-040-2026-06-23; inrb-sitrep-041-2026-06-24; inrb-sitrep-042-2026-06-25; inrb-sitrep-044-2026-06-27; inrb-sitrep-046-2026-06-29; inrb-sitrep-047-2026-06-30; inrb-sitrep-048-2026-07-01; inrb-sitrep-049-2026-07-02; inrb-sitrep-050-2026-07-03; inrb-sitrep-051-2026-07-04; inrb-sitrep-052-2026-07-05; inrb-sitrep-053-2026-07-06; inrb-sitrep-054-2026-07-07; inrb-sitrep-055-2026-07-08; inrb-sitrep-056-2026-07-09; inrb-sitrep-057-2026-07-10; inrb-sitrep-058-2026-07-11; inrb-sitrep-059-2026-07-12; inrb-umie-ebola-drc-2026-build-2026-05-28-bb8b7d5; inrb-umie-ebola-drc-2026-build-2026-06-01-b4cafc9; uganda-moh-ebola-update-2026-06-06; uganda-moh-ebola-update-2026-06-20; uganda-moh-ebola-update-2026-06-21; who-daily-epi-bdbv-2026-06-08; who-dg-remarks-bdbv-2026-05-20; who-dg-remarks-bdbv-2026-05-22; who-don602-2026-05-15-live; who-don603-2026-05-21-live; who-don606-bdbv-2026-06-08; who-ihr-ec-bdbv-temporary-recommendations-2026-05-22; who-pheic-2026-05-17-live; wikipedia-2026-ituri-epidemic-2026-05-20-live,"Descriptive watch-point interval, not a forecast or response recommendation."
corridor:51:katwa:arua-uga,katwa,arua-uga,30,0.18295834693116883,0.44155666260134907,0.33519979740013567,0.6918403492855375,0.0944905906634624,0.8659734525946317,zone-attributed confirmed count 71 for this source zone; visibility-adjustment factor 2.02× reflects under-reporting in source zone; raw risk likely understates true hazard,BDBV-CLAIM-050,derived_model_output_with_unsupported_exponent_attribution,pinned_snapshot_model_output,africa-cdc-phecs-2026-05-18-live; afro-sitrep-01-2026-05-18-live; afro-sitrep-01-pdf-2026-05-18-live; cdc-current-situation-2026-05-21; cdc-current-situation-2026-05-23; cdc-current-situation-2026-05-24; cdc-current-situation-2026-05-25; drc-moh-epidemie-dashboard-sitrep-009-graphql-2026-05-24; drc-moh-epidemie-dashboard-sitrep-mve-n-007-mvb-17-2026-pdf-2026-05-22; ecdc-bdbv-drc-uga-2026-05-19-live; ecdc-bdbv-drc-uga-2026-05-21-live; ecdc-bdbv-drc-uga-2026-05-25-live; ecdc-bdbv-drc-uga-2026-05-26-live; ecdc-bdbv-drc-uga-2026-05-27-live; inrb-sitrep-015-2026-05-29; inrb-sitrep-016-2026-05-30; inrb-sitrep-017-2026-05-31; inrb-sitrep-018-2026-06-01; inrb-sitrep-019-2026-06-02; inrb-sitrep-020-2026-06-03; inrb-sitrep-021-2026-06-04; inrb-sitrep-022-2026-06-05; inrb-sitrep-023-2026-06-06; inrb-sitrep-024-2026-06-07; inrb-sitrep-025-2026-06-08; inrb-sitrep-026-2026-06-09; inrb-sitrep-027-2026-06-10; inrb-sitrep-028-2026-06-11; inrb-sitrep-030-2026-06-13; inrb-sitrep-031-2026-06-14; inrb-sitrep-032-2026-06-15; inrb-sitrep-033-2026-06-16; inrb-sitrep-034-2026-06-17; inrb-sitrep-035-2026-06-18; inrb-sitrep-036-2026-06-19; inrb-sitrep-037-2026-06-20; inrb-sitrep-038-2026-06-21; inrb-sitrep-039-2026-06-22; inrb-sitrep-040-2026-06-23; inrb-sitrep-041-2026-06-24; inrb-sitrep-042-2026-06-25; inrb-sitrep-044-2026-06-27; inrb-sitrep-046-2026-06-29; inrb-sitrep-047-2026-06-30; inrb-sitrep-048-2026-07-01; inrb-sitrep-049-2026-07-02; inrb-sitrep-050-2026-07-03; inrb-sitrep-051-2026-07-04; inrb-sitrep-052-2026-07-05; inrb-sitrep-053-2026-07-06; inrb-sitrep-054-2026-07-07; inrb-sitrep-055-2026-07-08; inrb-sitrep-056-2026-07-09; inrb-sitrep-057-2026-07-10; inrb-sitrep-058-2026-07-11; inrb-sitrep-059-2026-07-12; inrb-umie-ebola-drc-2026-build-2026-05-28-bb8b7d5; inrb-umie-ebola-drc-2026-build-2026-06-01-b4cafc9; uganda-moh-ebola-update-2026-06-06; uganda-moh-ebola-update-2026-06-20; uganda-moh-ebola-update-2026-06-21; who-daily-epi-bdbv-2026-06-08; who-dg-remarks-bdbv-2026-05-20; who-dg-remarks-bdbv-2026-05-22; who-don602-2026-05-15-live; who-don603-2026-05-21-live; who-don606-bdbv-2026-06-08; who-ihr-ec-bdbv-temporary-recommendations-2026-05-22; who-pheic-2026-05-17-live; wikipedia-2026-ituri-epidemic-2026-05-20-live,"Descriptive watch-point interval, not a forecast or response recommendation."
corridor:52:katwa:kampala-uga,katwa,kampala-uga,30,0.16722156436496521,0.4395815954602206,0.3090748340377798,0.6896347226868113,0.09806742657484509,0.89979452092404,zone-attributed confirmed count 71 for this source zone; visibility-adjustment factor 2.02× reflects under-reporting in source zone; raw risk likely understates true hazard,BDBV-CLAIM-050,derived_model_output_with_unsupported_exponent_attribution,pinned_snapshot_model_output,africa-cdc-phecs-2026-05-18-live; afro-sitrep-01-2026-05-18-live; afro-sitrep-01-pdf-2026-05-18-live; cdc-current-situation-2026-05-21; cdc-current-situation-2026-05-23; cdc-current-situation-2026-05-24; cdc-current-situation-2026-05-25; drc-moh-epidemie-dashboard-sitrep-009-graphql-2026-05-24; drc-moh-epidemie-dashboard-sitrep-mve-n-007-mvb-17-2026-pdf-2026-05-22; ecdc-bdbv-drc-uga-2026-05-19-live; ecdc-bdbv-drc-uga-2026-05-21-live; ecdc-bdbv-drc-uga-2026-05-25-live; ecdc-bdbv-drc-uga-2026-05-26-live; ecdc-bdbv-drc-uga-2026-05-27-live; inrb-sitrep-015-2026-05-29; inrb-sitrep-016-2026-05-30; inrb-sitrep-017-2026-05-31; inrb-sitrep-018-2026-06-01; inrb-sitrep-019-2026-06-02; inrb-sitrep-020-2026-06-03; inrb-sitrep-021-2026-06-04; inrb-sitrep-022-2026-06-05; inrb-sitrep-023-2026-06-06; inrb-sitrep-024-2026-06-07; inrb-sitrep-025-2026-06-08; inrb-sitrep-026-2026-06-09; inrb-sitrep-027-2026-06-10; inrb-sitrep-028-2026-06-11; inrb-sitrep-030-2026-06-13; inrb-sitrep-031-2026-06-14; inrb-sitrep-032-2026-06-15; inrb-sitrep-033-2026-06-16; inrb-sitrep-034-2026-06-17; inrb-sitrep-035-2026-06-18; inrb-sitrep-036-2026-06-19; inrb-sitrep-037-2026-06-20; inrb-sitrep-038-2026-06-21; inrb-sitrep-039-2026-06-22; inrb-sitrep-040-2026-06-23; inrb-sitrep-041-2026-06-24; inrb-sitrep-042-2026-06-25; inrb-sitrep-044-2026-06-27; inrb-sitrep-046-2026-06-29; inrb-sitrep-047-2026-06-30; inrb-sitrep-048-2026-07-01; inrb-sitrep-049-2026-07-02; inrb-sitrep-050-2026-07-03; inrb-sitrep-051-2026-07-04; inrb-sitrep-052-2026-07-05; inrb-sitrep-053-2026-07-06; inrb-sitrep-054-2026-07-07; inrb-sitrep-055-2026-07-08; inrb-sitrep-056-2026-07-09; inrb-sitrep-057-2026-07-10; inrb-sitrep-058-2026-07-11; inrb-sitrep-059-2026-07-12; inrb-umie-ebola-drc-2026-build-2026-05-28-bb8b7d5; inrb-umie-ebola-drc-2026-build-2026-06-01-b4cafc9; uganda-moh-ebola-update-2026-06-06; uganda-moh-ebola-update-2026-06-20; uganda-moh-ebola-update-2026-06-21; who-daily-epi-bdbv-2026-06-08; who-dg-remarks-bdbv-2026-05-20; who-dg-remarks-bdbv-2026-05-22; who-don602-2026-05-15-live; who-don603-2026-05-21-live; who-don606-bdbv-2026-06-08; who-ihr-ec-bdbv-temporary-recommendations-2026-05-22; who-pheic-2026-05-17-live; wikipedia-2026-ituri-epidemic-2026-05-20-live,"Descriptive watch-point interval, not a forecast or response recommendation."
corridor:53:katwa:beni-cod,katwa,beni-cod,30,0.18427901968567048,0.4357562476417396,0.33736974672796893,0.6853391061517307,0.11665667103633288,0.908825032526024,zone-attributed confirmed count 71 for this source zone; visibility-adjustment factor 2.02× reflects under-reporting in source zone; raw risk likely understates true hazard,BDBV-CLAIM-050,derived_model_output_with_unsupported_exponent_attribution,pinned_snapshot_model_output,africa-cdc-phecs-2026-05-18-live; afro-sitrep-01-2026-05-18-live; afro-sitrep-01-pdf-2026-05-18-live; cdc-current-situation-2026-05-21; cdc-current-situation-2026-05-23; cdc-current-situation-2026-05-24; cdc-current-situation-2026-05-25; drc-moh-epidemie-dashboard-sitrep-009-graphql-2026-05-24; drc-moh-epidemie-dashboard-sitrep-mve-n-007-mvb-17-2026-pdf-2026-05-22; ecdc-bdbv-drc-uga-2026-05-19-live; ecdc-bdbv-drc-uga-2026-05-21-live; ecdc-bdbv-drc-uga-2026-05-25-live; ecdc-bdbv-drc-uga-2026-05-26-live; ecdc-bdbv-drc-uga-2026-05-27-live; inrb-sitrep-015-2026-05-29; inrb-sitrep-016-2026-05-30; inrb-sitrep-017-2026-05-31; inrb-sitrep-018-2026-06-01; inrb-sitrep-019-2026-06-02; inrb-sitrep-020-2026-06-03; inrb-sitrep-021-2026-06-04; inrb-sitrep-022-2026-06-05; inrb-sitrep-023-2026-06-06; inrb-sitrep-024-2026-06-07; inrb-sitrep-025-2026-06-08; inrb-sitrep-026-2026-06-09; inrb-sitrep-027-2026-06-10; inrb-sitrep-028-2026-06-11; inrb-sitrep-030-2026-06-13; inrb-sitrep-031-2026-06-14; inrb-sitrep-032-2026-06-15; inrb-sitrep-033-2026-06-16; inrb-sitrep-034-2026-06-17; inrb-sitrep-035-2026-06-18; inrb-sitrep-036-2026-06-19; inrb-sitrep-037-2026-06-20; inrb-sitrep-038-2026-06-21; inrb-sitrep-039-2026-06-22; inrb-sitrep-040-2026-06-23; inrb-sitrep-041-2026-06-24; inrb-sitrep-042-2026-06-25; inrb-sitrep-044-2026-06-27; inrb-sitrep-046-2026-06-29; inrb-sitrep-047-2026-06-30; inrb-sitrep-048-2026-07-01; inrb-sitrep-049-2026-07-02; inrb-sitrep-050-2026-07-03; inrb-sitrep-051-2026-07-04; inrb-sitrep-052-2026-07-05; inrb-sitrep-053-2026-07-06; inrb-sitrep-054-2026-07-07; inrb-sitrep-055-2026-07-08; inrb-sitrep-056-2026-07-09; inrb-sitrep-057-2026-07-10; inrb-sitrep-058-2026-07-11; inrb-sitrep-059-2026-07-12; inrb-umie-ebola-drc-2026-build-2026-05-28-bb8b7d5; inrb-umie-ebola-drc-2026-build-2026-06-01-b4cafc9; uganda-moh-ebola-update-2026-06-06; uganda-moh-ebola-update-2026-06-20; uganda-moh-ebola-update-2026-06-21; who-daily-epi-bdbv-2026-06-08; who-dg-remarks-bdbv-2026-05-20; who-dg-remarks-bdbv-2026-05-22; who-don602-2026-05-15-live; who-don603-2026-05-21-live; who-don606-bdbv-2026-06-08; who-ihr-ec-bdbv-temporary-recommendations-2026-05-22; who-pheic-2026-05-17-live; wikipedia-2026-ituri-epidemic-2026-05-20-live,"Descriptive watch-point interval, not a forecast or response recommendation."
corridor:54:katwa:kisangani-cod,katwa,kisangani-cod,30,0.18899258615167044,0.4317543281821926,0.34508304872654116,0.6808138110094338,0.12558359522962112,0.9093932392900492,zone-attributed confirmed count 71 for this source zone; visibility-adjustment factor 2.02× reflects under-reporting in source zone; raw risk likely understates true hazard,BDBV-CLAIM-050,derived_model_output_with_unsupported_exponent_attribution,pinned_snapshot_model_output,africa-cdc-phecs-2026-05-18-live; afro-sitrep-01-2026-05-18-live; afro-sitrep-01-pdf-2026-05-18-live; cdc-current-situation-2026-05-21; cdc-current-situation-2026-05-23; cdc-current-situation-2026-05-24; cdc-current-situation-2026-05-25; drc-moh-epidemie-dashboard-sitrep-009-graphql-2026-05-24; drc-moh-epidemie-dashboard-sitrep-mve-n-007-mvb-17-2026-pdf-2026-05-22; ecdc-bdbv-drc-uga-2026-05-19-live; ecdc-bdbv-drc-uga-2026-05-21-live; ecdc-bdbv-drc-uga-2026-05-25-live; ecdc-bdbv-drc-uga-2026-05-26-live; ecdc-bdbv-drc-uga-2026-05-27-live; inrb-sitrep-015-2026-05-29; inrb-sitrep-016-2026-05-30; inrb-sitrep-017-2026-05-31; inrb-sitrep-018-2026-06-01; inrb-sitrep-019-2026-06-02; inrb-sitrep-020-2026-06-03; inrb-sitrep-021-2026-06-04; inrb-sitrep-022-2026-06-05; inrb-sitrep-023-2026-06-06; inrb-sitrep-024-2026-06-07; inrb-sitrep-025-2026-06-08; inrb-sitrep-026-2026-06-09; inrb-sitrep-027-2026-06-10; inrb-sitrep-028-2026-06-11; inrb-sitrep-030-2026-06-13; inrb-sitrep-031-2026-06-14; inrb-sitrep-032-2026-06-15; inrb-sitrep-033-2026-06-16; inrb-sitrep-034-2026-06-17; inrb-sitrep-035-2026-06-18; inrb-sitrep-036-2026-06-19; inrb-sitrep-037-2026-06-20; inrb-sitrep-038-2026-06-21; inrb-sitrep-039-2026-06-22; inrb-sitrep-040-2026-06-23; inrb-sitrep-041-2026-06-24; inrb-sitrep-042-2026-06-25; inrb-sitrep-044-2026-06-27; inrb-sitrep-046-2026-06-29; inrb-sitrep-047-2026-06-30; inrb-sitrep-048-2026-07-01; inrb-sitrep-049-2026-07-02; inrb-sitrep-050-2026-07-03; inrb-sitrep-051-2026-07-04; inrb-sitrep-052-2026-07-05; inrb-sitrep-053-2026-07-06; inrb-sitrep-054-2026-07-07; inrb-sitrep-055-2026-07-08; inrb-sitrep-056-2026-07-09; inrb-sitrep-057-2026-07-10; inrb-sitrep-058-2026-07-11; inrb-sitrep-059-2026-07-12; inrb-umie-ebola-drc-2026-build-2026-05-28-bb8b7d5; inrb-umie-ebola-drc-2026-build-2026-06-01-b4cafc9; uganda-moh-ebola-update-2026-06-06; uganda-moh-ebola-update-2026-06-20; uganda-moh-ebola-update-2026-06-21; who-daily-epi-bdbv-2026-06-08; who-dg-remarks-bdbv-2026-05-20; who-dg-remarks-bdbv-2026-05-22; who-don602-2026-05-15-live; who-don603-2026-05-21-live; who-don606-bdbv-2026-06-08; who-ihr-ec-bdbv-temporary-recommendations-2026-05-22; who-pheic-2026-05-17-live; wikipedia-2026-ituri-epidemic-2026-05-20-live,"Descriptive watch-point interval, not a forecast or response recommendation."
corridor:55:mangala:yei-ssd,mangala,yei-ssd,30,0.13240758868165836,0.3408244830329944,0.24946758250708334,0.5691814070774477,0.07351702179334908,0.8377239675324011,zone-attributed confirmed count 50 for this source zone; visibility-adjustment factor 2.02× reflects under-reporting in source zone; raw risk likely understates true hazard,BDBV-CLAIM-050,derived_model_output_with_unsupported_exponent_attribution,pinned_snapshot_model_output,africa-cdc-phecs-2026-05-18-live; afro-sitrep-01-2026-05-18-live; afro-sitrep-01-pdf-2026-05-18-live; cdc-current-situation-2026-05-21; cdc-current-situation-2026-05-23; cdc-current-situation-2026-05-24; cdc-current-situation-2026-05-25; drc-moh-epidemie-dashboard-sitrep-009-graphql-2026-05-24; drc-moh-epidemie-dashboard-sitrep-mve-n-007-mvb-17-2026-pdf-2026-05-22; ecdc-bdbv-drc-uga-2026-05-19-live; ecdc-bdbv-drc-uga-2026-05-21-live; ecdc-bdbv-drc-uga-2026-05-25-live; ecdc-bdbv-drc-uga-2026-05-26-live; ecdc-bdbv-drc-uga-2026-05-27-live; inrb-sitrep-015-2026-05-29; inrb-sitrep-016-2026-05-30; inrb-sitrep-017-2026-05-31; inrb-sitrep-018-2026-06-01; inrb-sitrep-019-2026-06-02; inrb-sitrep-020-2026-06-03; inrb-sitrep-021-2026-06-04; inrb-sitrep-022-2026-06-05; inrb-sitrep-023-2026-06-06; inrb-sitrep-024-2026-06-07; inrb-sitrep-025-2026-06-08; inrb-sitrep-026-2026-06-09; inrb-sitrep-027-2026-06-10; inrb-sitrep-028-2026-06-11; inrb-sitrep-030-2026-06-13; inrb-sitrep-031-2026-06-14; inrb-sitrep-032-2026-06-15; inrb-sitrep-033-2026-06-16; inrb-sitrep-034-2026-06-17; inrb-sitrep-035-2026-06-18; inrb-sitrep-036-2026-06-19; inrb-sitrep-037-2026-06-20; inrb-sitrep-038-2026-06-21; inrb-sitrep-039-2026-06-22; inrb-sitrep-040-2026-06-23; inrb-sitrep-041-2026-06-24; inrb-sitrep-042-2026-06-25; inrb-sitrep-044-2026-06-27; inrb-sitrep-046-2026-06-29; inrb-sitrep-047-2026-06-30; inrb-sitrep-048-2026-07-01; inrb-sitrep-049-2026-07-02; inrb-sitrep-050-2026-07-03; inrb-sitrep-051-2026-07-04; inrb-sitrep-052-2026-07-05; inrb-sitrep-053-2026-07-06; inrb-sitrep-054-2026-07-07; inrb-sitrep-055-2026-07-08; inrb-sitrep-056-2026-07-09; inrb-sitrep-057-2026-07-10; inrb-sitrep-058-2026-07-11; inrb-sitrep-059-2026-07-12; inrb-umie-ebola-drc-2026-build-2026-05-28-bb8b7d5; inrb-umie-ebola-drc-2026-build-2026-06-01-b4cafc9; uganda-moh-ebola-update-2026-06-06; uganda-moh-ebola-update-2026-06-20; uganda-moh-ebola-update-2026-06-21; who-daily-epi-bdbv-2026-06-08; who-dg-remarks-bdbv-2026-05-20; who-dg-remarks-bdbv-2026-05-22; who-don602-2026-05-15-live; who-don603-2026-05-21-live; who-don606-bdbv-2026-06-08; who-ihr-ec-bdbv-temporary-recommendations-2026-05-22; who-pheic-2026-05-17-live; wikipedia-2026-ituri-epidemic-2026-05-20-live,"Descriptive watch-point interval, not a forecast or response recommendation."
corridor:56:mangala:kisangani-cod,mangala,kisangani-cod,30,0.14200539712623897,0.3391328597676674,0.26615121019624155,0.566944379143881,0.09948162884195388,0.8274585517911233,zone-attributed confirmed count 50 for this source zone; visibility-adjustment factor 2.02× reflects under-reporting in source zone; raw risk likely understates true hazard,BDBV-CLAIM-050,derived_model_output_with_unsupported_exponent_attribution,pinned_snapshot_model_output,africa-cdc-phecs-2026-05-18-live; afro-sitrep-01-2026-05-18-live; afro-sitrep-01-pdf-2026-05-18-live; cdc-current-situation-2026-05-21; cdc-current-situation-2026-05-23; cdc-current-situation-2026-05-24; cdc-current-situation-2026-05-25; drc-moh-epidemie-dashboard-sitrep-009-graphql-2026-05-24; drc-moh-epidemie-dashboard-sitrep-mve-n-007-mvb-17-2026-pdf-2026-05-22; ecdc-bdbv-drc-uga-2026-05-19-live; ecdc-bdbv-drc-uga-2026-05-21-live; ecdc-bdbv-drc-uga-2026-05-25-live; ecdc-bdbv-drc-uga-2026-05-26-live; ecdc-bdbv-drc-uga-2026-05-27-live; inrb-sitrep-015-2026-05-29; inrb-sitrep-016-2026-05-30; inrb-sitrep-017-2026-05-31; inrb-sitrep-018-2026-06-01; inrb-sitrep-019-2026-06-02; inrb-sitrep-020-2026-06-03; inrb-sitrep-021-2026-06-04; inrb-sitrep-022-2026-06-05; inrb-sitrep-023-2026-06-06; inrb-sitrep-024-2026-06-07; inrb-sitrep-025-2026-06-08; inrb-sitrep-026-2026-06-09; inrb-sitrep-027-2026-06-10; inrb-sitrep-028-2026-06-11; inrb-sitrep-030-2026-06-13; inrb-sitrep-031-2026-06-14; inrb-sitrep-032-2026-06-15; inrb-sitrep-033-2026-06-16; inrb-sitrep-034-2026-06-17; inrb-sitrep-035-2026-06-18; inrb-sitrep-036-2026-06-19; inrb-sitrep-037-2026-06-20; inrb-sitrep-038-2026-06-21; inrb-sitrep-039-2026-06-22; inrb-sitrep-040-2026-06-23; inrb-sitrep-041-2026-06-24; inrb-sitrep-042-2026-06-25; inrb-sitrep-044-2026-06-27; inrb-sitrep-046-2026-06-29; inrb-sitrep-047-2026-06-30; inrb-sitrep-048-2026-07-01; inrb-sitrep-049-2026-07-02; inrb-sitrep-050-2026-07-03; inrb-sitrep-051-2026-07-04; inrb-sitrep-052-2026-07-05; inrb-sitrep-053-2026-07-06; inrb-sitrep-054-2026-07-07; inrb-sitrep-055-2026-07-08; inrb-sitrep-056-2026-07-09; inrb-sitrep-057-2026-07-10; inrb-sitrep-058-2026-07-11; inrb-sitrep-059-2026-07-12; inrb-umie-ebola-drc-2026-build-2026-05-28-bb8b7d5; inrb-umie-ebola-drc-2026-build-2026-06-01-b4cafc9; uganda-moh-ebola-update-2026-06-06; uganda-moh-ebola-update-2026-06-20; uganda-moh-ebola-update-2026-06-21; who-daily-epi-bdbv-2026-06-08; who-dg-remarks-bdbv-2026-05-20; who-dg-remarks-bdbv-2026-05-22; who-don602-2026-05-15-live; who-don603-2026-05-21-live; who-don606-bdbv-2026-06-08; who-ihr-ec-bdbv-temporary-recommendations-2026-05-22; who-pheic-2026-05-17-live; wikipedia-2026-ituri-epidemic-2026-05-20-live,"Descriptive watch-point interval, not a forecast or response recommendation."
corridor:57:mangala:bundibugyo-uga,mangala,bundibugyo-uga,30,0.13253849115936253,0.33827390167588384,0.24969877134200874,0.5658065879140437,0.07985461980314752,0.8289940483220918,zone-attributed confirmed count 50 for this source zone; visibility-adjustment factor 2.02× reflects under-reporting in source zone; raw risk likely understates true hazard,BDBV-CLAIM-050,derived_model_output_with_unsupported_exponent_attribution,pinned_snapshot_model_output,africa-cdc-phecs-2026-05-18-live; afro-sitrep-01-2026-05-18-live; afro-sitrep-01-pdf-2026-05-18-live; cdc-current-situation-2026-05-21; cdc-current-situation-2026-05-23; cdc-current-situation-2026-05-24; cdc-current-situation-2026-05-25; drc-moh-epidemie-dashboard-sitrep-009-graphql-2026-05-24; drc-moh-epidemie-dashboard-sitrep-mve-n-007-mvb-17-2026-pdf-2026-05-22; ecdc-bdbv-drc-uga-2026-05-19-live; ecdc-bdbv-drc-uga-2026-05-21-live; ecdc-bdbv-drc-uga-2026-05-25-live; ecdc-bdbv-drc-uga-2026-05-26-live; ecdc-bdbv-drc-uga-2026-05-27-live; inrb-sitrep-015-2026-05-29; inrb-sitrep-016-2026-05-30; inrb-sitrep-017-2026-05-31; inrb-sitrep-018-2026-06-01; inrb-sitrep-019-2026-06-02; inrb-sitrep-020-2026-06-03; inrb-sitrep-021-2026-06-04; inrb-sitrep-022-2026-06-05; inrb-sitrep-023-2026-06-06; inrb-sitrep-024-2026-06-07; inrb-sitrep-025-2026-06-08; inrb-sitrep-026-2026-06-09; inrb-sitrep-027-2026-06-10; inrb-sitrep-028-2026-06-11; inrb-sitrep-030-2026-06-13; inrb-sitrep-031-2026-06-14; inrb-sitrep-032-2026-06-15; inrb-sitrep-033-2026-06-16; inrb-sitrep-034-2026-06-17; inrb-sitrep-035-2026-06-18; inrb-sitrep-036-2026-06-19; inrb-sitrep-037-2026-06-20; inrb-sitrep-038-2026-06-21; inrb-sitrep-039-2026-06-22; inrb-sitrep-040-2026-06-23; inrb-sitrep-041-2026-06-24; inrb-sitrep-042-2026-06-25; inrb-sitrep-044-2026-06-27; inrb-sitrep-046-2026-06-29; inrb-sitrep-047-2026-06-30; inrb-sitrep-048-2026-07-01; inrb-sitrep-049-2026-07-02; inrb-sitrep-050-2026-07-03; inrb-sitrep-051-2026-07-04; inrb-sitrep-052-2026-07-05; inrb-sitrep-053-2026-07-06; inrb-sitrep-054-2026-07-07; inrb-sitrep-055-2026-07-08; inrb-sitrep-056-2026-07-09; inrb-sitrep-057-2026-07-10; inrb-sitrep-058-2026-07-11; inrb-sitrep-059-2026-07-12; inrb-umie-ebola-drc-2026-build-2026-05-28-bb8b7d5; inrb-umie-ebola-drc-2026-build-2026-06-01-b4cafc9; uganda-moh-ebola-update-2026-06-06; uganda-moh-ebola-update-2026-06-20; uganda-moh-ebola-update-2026-06-21; who-daily-epi-bdbv-2026-06-08; who-dg-remarks-bdbv-2026-05-20; who-dg-remarks-bdbv-2026-05-22; who-don602-2026-05-15-live; who-don603-2026-05-21-live; who-don606-bdbv-2026-06-08; who-ihr-ec-bdbv-temporary-recommendations-2026-05-22; who-pheic-2026-05-17-live; wikipedia-2026-ituri-epidemic-2026-05-20-live,"Descriptive watch-point interval, not a forecast or response recommendation."
corridor:58:mangala:beni-cod,mangala,beni-cod,30,0.14026338309447706,0.3381409815588375,0.26313768023526013,0.5656304022608217,0.0715854820080807,0.8518698339541396,zone-attributed confirmed count 50 for this source zone; visibility-adjustment factor 2.02× reflects under-reporting in source zone; raw risk likely understates true hazard,BDBV-CLAIM-050,derived_model_output_with_unsupported_exponent_attribution,pinned_snapshot_model_output,africa-cdc-phecs-2026-05-18-live; afro-sitrep-01-2026-05-18-live; afro-sitrep-01-pdf-2026-05-18-live; cdc-current-situation-2026-05-21; cdc-current-situation-2026-05-23; cdc-current-situation-2026-05-24; cdc-current-situation-2026-05-25; drc-moh-epidemie-dashboard-sitrep-009-graphql-2026-05-24; drc-moh-epidemie-dashboard-sitrep-mve-n-007-mvb-17-2026-pdf-2026-05-22; ecdc-bdbv-drc-uga-2026-05-19-live; ecdc-bdbv-drc-uga-2026-05-21-live; ecdc-bdbv-drc-uga-2026-05-25-live; ecdc-bdbv-drc-uga-2026-05-26-live; ecdc-bdbv-drc-uga-2026-05-27-live; inrb-sitrep-015-2026-05-29; inrb-sitrep-016-2026-05-30; inrb-sitrep-017-2026-05-31; inrb-sitrep-018-2026-06-01; inrb-sitrep-019-2026-06-02; inrb-sitrep-020-2026-06-03; inrb-sitrep-021-2026-06-04; inrb-sitrep-022-2026-06-05; inrb-sitrep-023-2026-06-06; inrb-sitrep-024-2026-06-07; inrb-sitrep-025-2026-06-08; inrb-sitrep-026-2026-06-09; inrb-sitrep-027-2026-06-10; inrb-sitrep-028-2026-06-11; inrb-sitrep-030-2026-06-13; inrb-sitrep-031-2026-06-14; inrb-sitrep-032-2026-06-15; inrb-sitrep-033-2026-06-16; inrb-sitrep-034-2026-06-17; inrb-sitrep-035-2026-06-18; inrb-sitrep-036-2026-06-19; inrb-sitrep-037-2026-06-20; inrb-sitrep-038-2026-06-21; inrb-sitrep-039-2026-06-22; inrb-sitrep-040-2026-06-23; inrb-sitrep-041-2026-06-24; inrb-sitrep-042-2026-06-25; inrb-sitrep-044-2026-06-27; inrb-sitrep-046-2026-06-29; inrb-sitrep-047-2026-06-30; inrb-sitrep-048-2026-07-01; inrb-sitrep-049-2026-07-02; inrb-sitrep-050-2026-07-03; inrb-sitrep-051-2026-07-04; inrb-sitrep-052-2026-07-05; inrb-sitrep-053-2026-07-06; inrb-sitrep-054-2026-07-07; inrb-sitrep-055-2026-07-08; inrb-sitrep-056-2026-07-09; inrb-sitrep-057-2026-07-10; inrb-sitrep-058-2026-07-11; inrb-sitrep-059-2026-07-12; inrb-umie-ebola-drc-2026-build-2026-05-28-bb8b7d5; inrb-umie-ebola-drc-2026-build-2026-06-01-b4cafc9; uganda-moh-ebola-update-2026-06-06; uganda-moh-ebola-update-2026-06-20; uganda-moh-ebola-update-2026-06-21; who-daily-epi-bdbv-2026-06-08; who-dg-remarks-bdbv-2026-05-20; who-dg-remarks-bdbv-2026-05-22; who-don602-2026-05-15-live; who-don603-2026-05-21-live; who-don606-bdbv-2026-06-08; who-ihr-ec-bdbv-temporary-recommendations-2026-05-22; who-pheic-2026-05-17-live; wikipedia-2026-ituri-epidemic-2026-05-20-live,"Descriptive watch-point interval, not a forecast or response recommendation."
corridor:59:mangala:arua-uga,mangala,arua-uga,30,0.1358028456831485,0.3370267937707787,0.2553928549883458,0.5641516451101299,0.07482089145454064,0.8193733131679014,zone-attributed confirmed count 50 for this source zone; visibility-adjustment factor 2.02× reflects under-reporting in source zone; raw risk likely understates true hazard,BDBV-CLAIM-050,derived_model_output_with_unsupported_exponent_attribution,pinned_snapshot_model_output,africa-cdc-phecs-2026-05-18-live; afro-sitrep-01-2026-05-18-live; afro-sitrep-01-pdf-2026-05-18-live; cdc-current-situation-2026-05-21; cdc-current-situation-2026-05-23; cdc-current-situation-2026-05-24; cdc-current-situation-2026-05-25; drc-moh-epidemie-dashboard-sitrep-009-graphql-2026-05-24; drc-moh-epidemie-dashboard-sitrep-mve-n-007-mvb-17-2026-pdf-2026-05-22; ecdc-bdbv-drc-uga-2026-05-19-live; ecdc-bdbv-drc-uga-2026-05-21-live; ecdc-bdbv-drc-uga-2026-05-25-live; ecdc-bdbv-drc-uga-2026-05-26-live; ecdc-bdbv-drc-uga-2026-05-27-live; inrb-sitrep-015-2026-05-29; inrb-sitrep-016-2026-05-30; inrb-sitrep-017-2026-05-31; inrb-sitrep-018-2026-06-01; inrb-sitrep-019-2026-06-02; inrb-sitrep-020-2026-06-03; inrb-sitrep-021-2026-06-04; inrb-sitrep-022-2026-06-05; inrb-sitrep-023-2026-06-06; inrb-sitrep-024-2026-06-07; inrb-sitrep-025-2026-06-08; inrb-sitrep-026-2026-06-09; inrb-sitrep-027-2026-06-10; inrb-sitrep-028-2026-06-11; inrb-sitrep-030-2026-06-13; inrb-sitrep-031-2026-06-14; inrb-sitrep-032-2026-06-15; inrb-sitrep-033-2026-06-16; inrb-sitrep-034-2026-06-17; inrb-sitrep-035-2026-06-18; inrb-sitrep-036-2026-06-19; inrb-sitrep-037-2026-06-20; inrb-sitrep-038-2026-06-21; inrb-sitrep-039-2026-06-22; inrb-sitrep-040-2026-06-23; inrb-sitrep-041-2026-06-24; inrb-sitrep-042-2026-06-25; inrb-sitrep-044-2026-06-27; inrb-sitrep-046-2026-06-29; inrb-sitrep-047-2026-06-30; inrb-sitrep-048-2026-07-01; inrb-sitrep-049-2026-07-02; inrb-sitrep-050-2026-07-03; inrb-sitrep-051-2026-07-04; inrb-sitrep-052-2026-07-05; inrb-sitrep-053-2026-07-06; inrb-sitrep-054-2026-07-07; inrb-sitrep-055-2026-07-08; inrb-sitrep-056-2026-07-09; inrb-sitrep-057-2026-07-10; inrb-sitrep-058-2026-07-11; inrb-sitrep-059-2026-07-12; inrb-umie-ebola-drc-2026-build-2026-05-28-bb8b7d5; inrb-umie-ebola-drc-2026-build-2026-06-01-b4cafc9; uganda-moh-ebola-update-2026-06-06; uganda-moh-ebola-update-2026-06-20; uganda-moh-ebola-update-2026-06-21; who-daily-epi-bdbv-2026-06-08; who-dg-remarks-bdbv-2026-05-20; who-dg-remarks-bdbv-2026-05-22; who-don602-2026-05-15-live; who-don603-2026-05-21-live; who-don606-bdbv-2026-06-08; who-ihr-ec-bdbv-temporary-recommendations-2026-05-22; who-pheic-2026-05-17-live; wikipedia-2026-ituri-epidemic-2026-05-20-live,"Descriptive watch-point interval, not a forecast or response recommendation."
corridor:60:mangala:kasese-uga,mangala,kasese-uga,30,0.13027241359002947,0.33596953920411987,0.24573316793613825,0.5627461416019166,0.07310722415662745,0.8396590968079065,zone-attributed confirmed count 50 for this source zone; visibility-adjustment factor 2.02× reflects under-reporting in source zone; raw risk likely understates true hazard,BDBV-CLAIM-050,derived_model_output_with_unsupported_exponent_attribution,pinned_snapshot_model_output,africa-cdc-phecs-2026-05-18-live; afro-sitrep-01-2026-05-18-live; afro-sitrep-01-pdf-2026-05-18-live; cdc-current-situation-2026-05-21; cdc-current-situation-2026-05-23; cdc-current-situation-2026-05-24; cdc-current-situation-2026-05-25; drc-moh-epidemie-dashboard-sitrep-009-graphql-2026-05-24; drc-moh-epidemie-dashboard-sitrep-mve-n-007-mvb-17-2026-pdf-2026-05-22; ecdc-bdbv-drc-uga-2026-05-19-live; ecdc-bdbv-drc-uga-2026-05-21-live; ecdc-bdbv-drc-uga-2026-05-25-live; ecdc-bdbv-drc-uga-2026-05-26-live; ecdc-bdbv-drc-uga-2026-05-27-live; inrb-sitrep-015-2026-05-29; inrb-sitrep-016-2026-05-30; inrb-sitrep-017-2026-05-31; inrb-sitrep-018-2026-06-01; inrb-sitrep-019-2026-06-02; inrb-sitrep-020-2026-06-03; inrb-sitrep-021-2026-06-04; inrb-sitrep-022-2026-06-05; inrb-sitrep-023-2026-06-06; inrb-sitrep-024-2026-06-07; inrb-sitrep-025-2026-06-08; inrb-sitrep-026-2026-06-09; inrb-sitrep-027-2026-06-10; inrb-sitrep-028-2026-06-11; inrb-sitrep-030-2026-06-13; inrb-sitrep-031-2026-06-14; inrb-sitrep-032-2026-06-15; inrb-sitrep-033-2026-06-16; inrb-sitrep-034-2026-06-17; inrb-sitrep-035-2026-06-18; inrb-sitrep-036-2026-06-19; inrb-sitrep-037-2026-06-20; inrb-sitrep-038-2026-06-21; inrb-sitrep-039-2026-06-22; inrb-sitrep-040-2026-06-23; inrb-sitrep-041-2026-06-24; inrb-sitrep-042-2026-06-25; inrb-sitrep-044-2026-06-27; inrb-sitrep-046-2026-06-29; inrb-sitrep-047-2026-06-30; inrb-sitrep-048-2026-07-01; inrb-sitrep-049-2026-07-02; inrb-sitrep-050-2026-07-03; inrb-sitrep-051-2026-07-04; inrb-sitrep-052-2026-07-05; inrb-sitrep-053-2026-07-06; inrb-sitrep-054-2026-07-07; inrb-sitrep-055-2026-07-08; inrb-sitrep-056-2026-07-09; inrb-sitrep-057-2026-07-10; inrb-sitrep-058-2026-07-11; inrb-sitrep-059-2026-07-12; inrb-umie-ebola-drc-2026-build-2026-05-28-bb8b7d5; inrb-umie-ebola-drc-2026-build-2026-06-01-b4cafc9; uganda-moh-ebola-update-2026-06-06; uganda-moh-ebola-update-2026-06-20; uganda-moh-ebola-update-2026-06-21; who-daily-epi-bdbv-2026-06-08; who-dg-remarks-bdbv-2026-05-20; who-dg-remarks-bdbv-2026-05-22; who-don602-2026-05-15-live; who-don603-2026-05-21-live; who-don606-bdbv-2026-06-08; who-ihr-ec-bdbv-temporary-recommendations-2026-05-22; who-pheic-2026-05-17-live; wikipedia-2026-ituri-epidemic-2026-05-20-live,"Descriptive watch-point interval, not a forecast or response recommendation."
corridor:61:mangala:kampala-uga,mangala,kampala-uga,30,0.137063837233699,0.3285063339677218,0.25758633652470864,0.5527597823134638,0.06447906821917235,0.8072603412085428,zone-attributed confirmed count 50 for this source zone; visibility-adjustment factor 2.02× reflects under-reporting in source zone; raw risk likely understates true hazard,BDBV-CLAIM-050,derived_model_output_with_unsupported_exponent_attribution,pinned_snapshot_model_output,africa-cdc-phecs-2026-05-18-live; afro-sitrep-01-2026-05-18-live; afro-sitrep-01-pdf-2026-05-18-live; cdc-current-situation-2026-05-21; cdc-current-situation-2026-05-23; cdc-current-situation-2026-05-24; cdc-current-situation-2026-05-25; drc-moh-epidemie-dashboard-sitrep-009-graphql-2026-05-24; drc-moh-epidemie-dashboard-sitrep-mve-n-007-mvb-17-2026-pdf-2026-05-22; ecdc-bdbv-drc-uga-2026-05-19-live; ecdc-bdbv-drc-uga-2026-05-21-live; ecdc-bdbv-drc-uga-2026-05-25-live; ecdc-bdbv-drc-uga-2026-05-26-live; ecdc-bdbv-drc-uga-2026-05-27-live; inrb-sitrep-015-2026-05-29; inrb-sitrep-016-2026-05-30; inrb-sitrep-017-2026-05-31; inrb-sitrep-018-2026-06-01; inrb-sitrep-019-2026-06-02; inrb-sitrep-020-2026-06-03; inrb-sitrep-021-2026-06-04; inrb-sitrep-022-2026-06-05; inrb-sitrep-023-2026-06-06; inrb-sitrep-024-2026-06-07; inrb-sitrep-025-2026-06-08; inrb-sitrep-026-2026-06-09; inrb-sitrep-027-2026-06-10; inrb-sitrep-028-2026-06-11; inrb-sitrep-030-2026-06-13; inrb-sitrep-031-2026-06-14; inrb-sitrep-032-2026-06-15; inrb-sitrep-033-2026-06-16; inrb-sitrep-034-2026-06-17; inrb-sitrep-035-2026-06-18; inrb-sitrep-036-2026-06-19; inrb-sitrep-037-2026-06-20; inrb-sitrep-038-2026-06-21; inrb-sitrep-039-2026-06-22; inrb-sitrep-040-2026-06-23; inrb-sitrep-041-2026-06-24; inrb-sitrep-042-2026-06-25; inrb-sitrep-044-2026-06-27; inrb-sitrep-046-2026-06-29; inrb-sitrep-047-2026-06-30; inrb-sitrep-048-2026-07-01; inrb-sitrep-049-2026-07-02; inrb-sitrep-050-2026-07-03; inrb-sitrep-051-2026-07-04; inrb-sitrep-052-2026-07-05; inrb-sitrep-053-2026-07-06; inrb-sitrep-054-2026-07-07; inrb-sitrep-055-2026-07-08; inrb-sitrep-056-2026-07-09; inrb-sitrep-057-2026-07-10; inrb-sitrep-058-2026-07-11; inrb-sitrep-059-2026-07-12; inrb-umie-ebola-drc-2026-build-2026-05-28-bb8b7d5; inrb-umie-ebola-drc-2026-build-2026-06-01-b4cafc9; uganda-moh-ebola-update-2026-06-06; uganda-moh-ebola-update-2026-06-20; uganda-moh-ebola-update-2026-06-21; who-daily-epi-bdbv-2026-06-08; who-dg-remarks-bdbv-2026-05-20; who-dg-remarks-bdbv-2026-05-22; who-don602-2026-05-15-live; who-don603-2026-05-21-live; who-don606-bdbv-2026-06-08; who-ihr-ec-bdbv-temporary-recommendations-2026-05-22; who-pheic-2026-05-17-live; wikipedia-2026-ituri-epidemic-2026-05-20-live,"Descriptive watch-point interval, not a forecast or response recommendation."
corridor:62:mangala:goma-cod,mangala,goma-cod,30,0.13374446507078366,0.32705010040091426,0.2518049662013556,0.5507979396180896,0.08075453798274504,0.8474155682593323,zone-attributed confirmed count 50 for this source zone; visibility-adjustment factor 2.02× reflects under-reporting in source zone; raw risk likely understates true hazard,BDBV-CLAIM-050,derived_model_output_with_unsupported_exponent_attribution,pinned_snapshot_model_output,africa-cdc-phecs-2026-05-18-live; afro-sitrep-01-2026-05-18-live; afro-sitrep-01-pdf-2026-05-18-live; cdc-current-situation-2026-05-21; cdc-current-situation-2026-05-23; cdc-current-situation-2026-05-24; cdc-current-situation-2026-05-25; drc-moh-epidemie-dashboard-sitrep-009-graphql-2026-05-24; drc-moh-epidemie-dashboard-sitrep-mve-n-007-mvb-17-2026-pdf-2026-05-22; ecdc-bdbv-drc-uga-2026-05-19-live; ecdc-bdbv-drc-uga-2026-05-21-live; ecdc-bdbv-drc-uga-2026-05-25-live; ecdc-bdbv-drc-uga-2026-05-26-live; ecdc-bdbv-drc-uga-2026-05-27-live; inrb-sitrep-015-2026-05-29; inrb-sitrep-016-2026-05-30; inrb-sitrep-017-2026-05-31; inrb-sitrep-018-2026-06-01; inrb-sitrep-019-2026-06-02; inrb-sitrep-020-2026-06-03; inrb-sitrep-021-2026-06-04; inrb-sitrep-022-2026-06-05; inrb-sitrep-023-2026-06-06; inrb-sitrep-024-2026-06-07; inrb-sitrep-025-2026-06-08; inrb-sitrep-026-2026-06-09; inrb-sitrep-027-2026-06-10; inrb-sitrep-028-2026-06-11; inrb-sitrep-030-2026-06-13; inrb-sitrep-031-2026-06-14; inrb-sitrep-032-2026-06-15; inrb-sitrep-033-2026-06-16; inrb-sitrep-034-2026-06-17; inrb-sitrep-035-2026-06-18; inrb-sitrep-036-2026-06-19; inrb-sitrep-037-2026-06-20; inrb-sitrep-038-2026-06-21; inrb-sitrep-039-2026-06-22; inrb-sitrep-040-2026-06-23; inrb-sitrep-041-2026-06-24; inrb-sitrep-042-2026-06-25; inrb-sitrep-044-2026-06-27; inrb-sitrep-046-2026-06-29; inrb-sitrep-047-2026-06-30; inrb-sitrep-048-2026-07-01; inrb-sitrep-049-2026-07-02; inrb-sitrep-050-2026-07-03; inrb-sitrep-051-2026-07-04; inrb-sitrep-052-2026-07-05; inrb-sitrep-053-2026-07-06; inrb-sitrep-054-2026-07-07; inrb-sitrep-055-2026-07-08; inrb-sitrep-056-2026-07-09; inrb-sitrep-057-2026-07-10; inrb-sitrep-058-2026-07-11; inrb-sitrep-059-2026-07-12; inrb-umie-ebola-drc-2026-build-2026-05-28-bb8b7d5; inrb-umie-ebola-drc-2026-build-2026-06-01-b4cafc9; uganda-moh-ebola-update-2026-06-06; uganda-moh-ebola-update-2026-06-20; uganda-moh-ebola-update-2026-06-21; who-daily-epi-bdbv-2026-06-08; who-dg-remarks-bdbv-2026-05-20; who-dg-remarks-bdbv-2026-05-22; who-don602-2026-05-15-live; who-don603-2026-05-21-live; who-don606-bdbv-2026-06-08; who-ihr-ec-bdbv-temporary-recommendations-2026-05-22; who-pheic-2026-05-17-live; wikipedia-2026-ituri-epidemic-2026-05-20-live,"Descriptive watch-point interval, not a forecast or response recommendation."
corridor:63:mangala:nebbi-uga,mangala,nebbi-uga,30,0.13447086007849307,0.3170989873159311,0.25306955176140944,0.5372752390407848,0.07195367203948777,0.8017671608019544,zone-attributed confirmed count 50 for this source zone; visibility-adjustment factor 2.02× reflects under-reporting in source zone; raw risk likely understates true hazard,BDBV-CLAIM-050,derived_model_output_with_unsupported_exponent_attribution,pinned_snapshot_model_output,africa-cdc-phecs-2026-05-18-live; afro-sitrep-01-2026-05-18-live; afro-sitrep-01-pdf-2026-05-18-live; cdc-current-situation-2026-05-21; cdc-current-situation-2026-05-23; cdc-current-situation-2026-05-24; cdc-current-situation-2026-05-25; drc-moh-epidemie-dashboard-sitrep-009-graphql-2026-05-24; drc-moh-epidemie-dashboard-sitrep-mve-n-007-mvb-17-2026-pdf-2026-05-22; ecdc-bdbv-drc-uga-2026-05-19-live; ecdc-bdbv-drc-uga-2026-05-21-live; ecdc-bdbv-drc-uga-2026-05-25-live; ecdc-bdbv-drc-uga-2026-05-26-live; ecdc-bdbv-drc-uga-2026-05-27-live; inrb-sitrep-015-2026-05-29; inrb-sitrep-016-2026-05-30; inrb-sitrep-017-2026-05-31; inrb-sitrep-018-2026-06-01; inrb-sitrep-019-2026-06-02; inrb-sitrep-020-2026-06-03; inrb-sitrep-021-2026-06-04; inrb-sitrep-022-2026-06-05; inrb-sitrep-023-2026-06-06; inrb-sitrep-024-2026-06-07; inrb-sitrep-025-2026-06-08; inrb-sitrep-026-2026-06-09; inrb-sitrep-027-2026-06-10; inrb-sitrep-028-2026-06-11; inrb-sitrep-030-2026-06-13; inrb-sitrep-031-2026-06-14; inrb-sitrep-032-2026-06-15; inrb-sitrep-033-2026-06-16; inrb-sitrep-034-2026-06-17; inrb-sitrep-035-2026-06-18; inrb-sitrep-036-2026-06-19; inrb-sitrep-037-2026-06-20; inrb-sitrep-038-2026-06-21; inrb-sitrep-039-2026-06-22; inrb-sitrep-040-2026-06-23; inrb-sitrep-041-2026-06-24; inrb-sitrep-042-2026-06-25; inrb-sitrep-044-2026-06-27; inrb-sitrep-046-2026-06-29; inrb-sitrep-047-2026-06-30; inrb-sitrep-048-2026-07-01; inrb-sitrep-049-2026-07-02; inrb-sitrep-050-2026-07-03; inrb-sitrep-051-2026-07-04; inrb-sitrep-052-2026-07-05; inrb-sitrep-053-2026-07-06; inrb-sitrep-054-2026-07-07; inrb-sitrep-055-2026-07-08; inrb-sitrep-056-2026-07-09; inrb-sitrep-057-2026-07-10; inrb-sitrep-058-2026-07-11; inrb-sitrep-059-2026-07-12; inrb-umie-ebola-drc-2026-build-2026-05-28-bb8b7d5; inrb-umie-ebola-drc-2026-build-2026-06-01-b4cafc9; uganda-moh-ebola-update-2026-06-06; uganda-moh-ebola-update-2026-06-20; uganda-moh-ebola-update-2026-06-21; who-daily-epi-bdbv-2026-06-08; who-dg-remarks-bdbv-2026-05-20; who-dg-remarks-bdbv-2026-05-22; who-don602-2026-05-15-live; who-don603-2026-05-21-live; who-don606-bdbv-2026-06-08; who-ihr-ec-bdbv-temporary-recommendations-2026-05-22; who-pheic-2026-05-17-live; wikipedia-2026-ituri-epidemic-2026-05-20-live,"Descriptive watch-point interval, not a forecast or response recommendation."
corridor:64:lita:kasese-uga,lita,kasese-uga,30,0.12163647765503804,0.311858236069136,0.23052450965448334,0.5300700003929254,0.07240610924911728,0.7773836844121479,zone-attributed confirmed count 45 for this source zone; visibility-adjustment factor 2.02× reflects under-reporting in source zone; raw risk likely understates true hazard,BDBV-CLAIM-050,derived_model_output_with_unsupported_exponent_attribution,pinned_snapshot_model_output,africa-cdc-phecs-2026-05-18-live; afro-sitrep-01-2026-05-18-live; afro-sitrep-01-pdf-2026-05-18-live; cdc-current-situation-2026-05-21; cdc-current-situation-2026-05-23; cdc-current-situation-2026-05-24; cdc-current-situation-2026-05-25; drc-moh-epidemie-dashboard-sitrep-009-graphql-2026-05-24; drc-moh-epidemie-dashboard-sitrep-mve-n-007-mvb-17-2026-pdf-2026-05-22; ecdc-bdbv-drc-uga-2026-05-19-live; ecdc-bdbv-drc-uga-2026-05-21-live; ecdc-bdbv-drc-uga-2026-05-25-live; ecdc-bdbv-drc-uga-2026-05-26-live; ecdc-bdbv-drc-uga-2026-05-27-live; inrb-sitrep-015-2026-05-29; inrb-sitrep-016-2026-05-30; inrb-sitrep-017-2026-05-31; inrb-sitrep-018-2026-06-01; inrb-sitrep-019-2026-06-02; inrb-sitrep-020-2026-06-03; inrb-sitrep-021-2026-06-04; inrb-sitrep-022-2026-06-05; inrb-sitrep-023-2026-06-06; inrb-sitrep-024-2026-06-07; inrb-sitrep-025-2026-06-08; inrb-sitrep-026-2026-06-09; inrb-sitrep-027-2026-06-10; inrb-sitrep-028-2026-06-11; inrb-sitrep-030-2026-06-13; inrb-sitrep-031-2026-06-14; inrb-sitrep-032-2026-06-15; inrb-sitrep-033-2026-06-16; inrb-sitrep-034-2026-06-17; inrb-sitrep-035-2026-06-18; inrb-sitrep-036-2026-06-19; inrb-sitrep-037-2026-06-20; inrb-sitrep-038-2026-06-21; inrb-sitrep-039-2026-06-22; inrb-sitrep-040-2026-06-23; inrb-sitrep-041-2026-06-24; inrb-sitrep-042-2026-06-25; inrb-sitrep-044-2026-06-27; inrb-sitrep-046-2026-06-29; inrb-sitrep-047-2026-06-30; inrb-sitrep-048-2026-07-01; inrb-sitrep-049-2026-07-02; inrb-sitrep-050-2026-07-03; inrb-sitrep-051-2026-07-04; inrb-sitrep-052-2026-07-05; inrb-sitrep-053-2026-07-06; inrb-sitrep-054-2026-07-07; inrb-sitrep-055-2026-07-08; inrb-sitrep-056-2026-07-09; inrb-sitrep-057-2026-07-10; inrb-sitrep-058-2026-07-11; inrb-sitrep-059-2026-07-12; inrb-umie-ebola-drc-2026-build-2026-05-28-bb8b7d5; inrb-umie-ebola-drc-2026-build-2026-06-01-b4cafc9; uganda-moh-ebola-update-2026-06-06; uganda-moh-ebola-update-2026-06-20; uganda-moh-ebola-update-2026-06-21; who-daily-epi-bdbv-2026-06-08; who-dg-remarks-bdbv-2026-05-20; who-dg-remarks-bdbv-2026-05-22; who-don602-2026-05-15-live; who-don603-2026-05-21-live; who-don606-bdbv-2026-06-08; who-ihr-ec-bdbv-temporary-recommendations-2026-05-22; who-pheic-2026-05-17-live; wikipedia-2026-ituri-epidemic-2026-05-20-live,"Descriptive watch-point interval, not a forecast or response recommendation."
corridor:65:butembo:goma-cod,butembo,goma-cod,30,0.11310033611501838,0.31068373194593824,0.21534050963036647,0.5284506963999045,0.055707458580767345,0.7532967451387221,zone-attributed confirmed count 44 for this source zone; visibility-adjustment factor 2.02× reflects under-reporting in source zone; raw risk likely understates true hazard,BDBV-CLAIM-050,derived_model_output_with_unsupported_exponent_attribution,pinned_snapshot_model_output,africa-cdc-phecs-2026-05-18-live; afro-sitrep-01-2026-05-18-live; afro-sitrep-01-pdf-2026-05-18-live; cdc-current-situation-2026-05-21; cdc-current-situation-2026-05-23; cdc-current-situation-2026-05-24; cdc-current-situation-2026-05-25; drc-moh-epidemie-dashboard-sitrep-009-graphql-2026-05-24; drc-moh-epidemie-dashboard-sitrep-mve-n-007-mvb-17-2026-pdf-2026-05-22; ecdc-bdbv-drc-uga-2026-05-19-live; ecdc-bdbv-drc-uga-2026-05-21-live; ecdc-bdbv-drc-uga-2026-05-25-live; ecdc-bdbv-drc-uga-2026-05-26-live; ecdc-bdbv-drc-uga-2026-05-27-live; inrb-sitrep-015-2026-05-29; inrb-sitrep-016-2026-05-30; inrb-sitrep-017-2026-05-31; inrb-sitrep-018-2026-06-01; inrb-sitrep-019-2026-06-02; inrb-sitrep-020-2026-06-03; inrb-sitrep-021-2026-06-04; inrb-sitrep-022-2026-06-05; inrb-sitrep-023-2026-06-06; inrb-sitrep-024-2026-06-07; inrb-sitrep-025-2026-06-08; inrb-sitrep-026-2026-06-09; inrb-sitrep-027-2026-06-10; inrb-sitrep-028-2026-06-11; inrb-sitrep-030-2026-06-13; inrb-sitrep-031-2026-06-14; inrb-sitrep-032-2026-06-15; inrb-sitrep-033-2026-06-16; inrb-sitrep-034-2026-06-17; inrb-sitrep-035-2026-06-18; inrb-sitrep-036-2026-06-19; inrb-sitrep-037-2026-06-20; inrb-sitrep-038-2026-06-21; inrb-sitrep-039-2026-06-22; inrb-sitrep-040-2026-06-23; inrb-sitrep-041-2026-06-24; inrb-sitrep-042-2026-06-25; inrb-sitrep-044-2026-06-27; inrb-sitrep-046-2026-06-29; inrb-sitrep-047-2026-06-30; inrb-sitrep-048-2026-07-01; inrb-sitrep-049-2026-07-02; inrb-sitrep-050-2026-07-03; inrb-sitrep-051-2026-07-04; inrb-sitrep-052-2026-07-05; inrb-sitrep-053-2026-07-06; inrb-sitrep-054-2026-07-07; inrb-sitrep-055-2026-07-08; inrb-sitrep-056-2026-07-09; inrb-sitrep-057-2026-07-10; inrb-sitrep-058-2026-07-11; inrb-sitrep-059-2026-07-12; inrb-umie-ebola-drc-2026-build-2026-05-28-bb8b7d5; inrb-umie-ebola-drc-2026-build-2026-06-01-b4cafc9; uganda-moh-ebola-update-2026-06-06; uganda-moh-ebola-update-2026-06-20; uganda-moh-ebola-update-2026-06-21; who-daily-epi-bdbv-2026-06-08; who-dg-remarks-bdbv-2026-05-20; who-dg-remarks-bdbv-2026-05-22; who-don602-2026-05-15-live; who-don603-2026-05-21-live; who-don606-bdbv-2026-06-08; who-ihr-ec-bdbv-temporary-recommendations-2026-05-22; who-pheic-2026-05-17-live; wikipedia-2026-ituri-epidemic-2026-05-20-live,"Descriptive watch-point interval, not a forecast or response recommendation."
corridor:66:lita:beni-cod,lita,beni-cod,30,0.1229694478288536,0.31030309382475163,0.23288209700864249,0.5279244396902714,0.06544870588444673,0.7773601363303895,zone-attributed confirmed count 45 for this source zone; visibility-adjustment factor 2.02× reflects under-reporting in source zone; raw risk likely understates true hazard,BDBV-CLAIM-050,derived_model_output_with_unsupported_exponent_attribution,pinned_snapshot_model_output,africa-cdc-phecs-2026-05-18-live; afro-sitrep-01-2026-05-18-live; afro-sitrep-01-pdf-2026-05-18-live; cdc-current-situation-2026-05-21; cdc-current-situation-2026-05-23; cdc-current-situation-2026-05-24; cdc-current-situation-2026-05-25; drc-moh-epidemie-dashboard-sitrep-009-graphql-2026-05-24; drc-moh-epidemie-dashboard-sitrep-mve-n-007-mvb-17-2026-pdf-2026-05-22; ecdc-bdbv-drc-uga-2026-05-19-live; ecdc-bdbv-drc-uga-2026-05-21-live; ecdc-bdbv-drc-uga-2026-05-25-live; ecdc-bdbv-drc-uga-2026-05-26-live; ecdc-bdbv-drc-uga-2026-05-27-live; inrb-sitrep-015-2026-05-29; inrb-sitrep-016-2026-05-30; inrb-sitrep-017-2026-05-31; inrb-sitrep-018-2026-06-01; inrb-sitrep-019-2026-06-02; inrb-sitrep-020-2026-06-03; inrb-sitrep-021-2026-06-04; inrb-sitrep-022-2026-06-05; inrb-sitrep-023-2026-06-06; inrb-sitrep-024-2026-06-07; inrb-sitrep-025-2026-06-08; inrb-sitrep-026-2026-06-09; inrb-sitrep-027-2026-06-10; inrb-sitrep-028-2026-06-11; inrb-sitrep-030-2026-06-13; inrb-sitrep-031-2026-06-14; inrb-sitrep-032-2026-06-15; inrb-sitrep-033-2026-06-16; inrb-sitrep-034-2026-06-17; inrb-sitrep-035-2026-06-18; inrb-sitrep-036-2026-06-19; inrb-sitrep-037-2026-06-20; inrb-sitrep-038-2026-06-21; inrb-sitrep-039-2026-06-22; inrb-sitrep-040-2026-06-23; inrb-sitrep-041-2026-06-24; inrb-sitrep-042-2026-06-25; inrb-sitrep-044-2026-06-27; inrb-sitrep-046-2026-06-29; inrb-sitrep-047-2026-06-30; inrb-sitrep-048-2026-07-01; inrb-sitrep-049-2026-07-02; inrb-sitrep-050-2026-07-03; inrb-sitrep-051-2026-07-04; inrb-sitrep-052-2026-07-05; inrb-sitrep-053-2026-07-06; inrb-sitrep-054-2026-07-07; inrb-sitrep-055-2026-07-08; inrb-sitrep-056-2026-07-09; inrb-sitrep-057-2026-07-10; inrb-sitrep-058-2026-07-11; inrb-sitrep-059-2026-07-12; inrb-umie-ebola-drc-2026-build-2026-05-28-bb8b7d5; inrb-umie-ebola-drc-2026-build-2026-06-01-b4cafc9; uganda-moh-ebola-update-2026-06-06; uganda-moh-ebola-update-2026-06-20; uganda-moh-ebola-update-2026-06-21; who-daily-epi-bdbv-2026-06-08; who-dg-remarks-bdbv-2026-05-20; who-dg-remarks-bdbv-2026-05-22; who-don602-2026-05-15-live; who-don603-2026-05-21-live; who-don606-bdbv-2026-06-08; who-ihr-ec-bdbv-temporary-recommendations-2026-05-22; who-pheic-2026-05-17-live; wikipedia-2026-ituri-epidemic-2026-05-20-live,"Descriptive watch-point interval, not a forecast or response recommendation."
corridor:67:lita:goma-cod,lita,goma-cod,30,0.11321364137196904,0.30864547926192065,0.21554308574970893,0.5256291124919384,0.06510303208213773,0.7684934199998669,zone-attributed confirmed count 45 for this source zone; visibility-adjustment factor 2.02× reflects under-reporting in source zone; raw risk likely understates true hazard,BDBV-CLAIM-050,derived_model_output_with_unsupported_exponent_attribution,pinned_snapshot_model_output,africa-cdc-phecs-2026-05-18-live; afro-sitrep-01-2026-05-18-live; afro-sitrep-01-pdf-2026-05-18-live; cdc-current-situation-2026-05-21; cdc-current-situation-2026-05-23; cdc-current-situation-2026-05-24; cdc-current-situation-2026-05-25; drc-moh-epidemie-dashboard-sitrep-009-graphql-2026-05-24; drc-moh-epidemie-dashboard-sitrep-mve-n-007-mvb-17-2026-pdf-2026-05-22; ecdc-bdbv-drc-uga-2026-05-19-live; ecdc-bdbv-drc-uga-2026-05-21-live; ecdc-bdbv-drc-uga-2026-05-25-live; ecdc-bdbv-drc-uga-2026-05-26-live; ecdc-bdbv-drc-uga-2026-05-27-live; inrb-sitrep-015-2026-05-29; inrb-sitrep-016-2026-05-30; inrb-sitrep-017-2026-05-31; inrb-sitrep-018-2026-06-01; inrb-sitrep-019-2026-06-02; inrb-sitrep-020-2026-06-03; inrb-sitrep-021-2026-06-04; inrb-sitrep-022-2026-06-05; inrb-sitrep-023-2026-06-06; inrb-sitrep-024-2026-06-07; inrb-sitrep-025-2026-06-08; inrb-sitrep-026-2026-06-09; inrb-sitrep-027-2026-06-10; inrb-sitrep-028-2026-06-11; inrb-sitrep-030-2026-06-13; inrb-sitrep-031-2026-06-14; inrb-sitrep-032-2026-06-15; inrb-sitrep-033-2026-06-16; inrb-sitrep-034-2026-06-17; inrb-sitrep-035-2026-06-18; inrb-sitrep-036-2026-06-19; inrb-sitrep-037-2026-06-20; inrb-sitrep-038-2026-06-21; inrb-sitrep-039-2026-06-22; inrb-sitrep-040-2026-06-23; inrb-sitrep-041-2026-06-24; inrb-sitrep-042-2026-06-25; inrb-sitrep-044-2026-06-27; inrb-sitrep-046-2026-06-29; inrb-sitrep-047-2026-06-30; inrb-sitrep-048-2026-07-01; inrb-sitrep-049-2026-07-02; inrb-sitrep-050-2026-07-03; inrb-sitrep-051-2026-07-04; inrb-sitrep-052-2026-07-05; inrb-sitrep-053-2026-07-06; inrb-sitrep-054-2026-07-07; inrb-sitrep-055-2026-07-08; inrb-sitrep-056-2026-07-09; inrb-sitrep-057-2026-07-10; inrb-sitrep-058-2026-07-11; inrb-sitrep-059-2026-07-12; inrb-umie-ebola-drc-2026-build-2026-05-28-bb8b7d5; inrb-umie-ebola-drc-2026-build-2026-06-01-b4cafc9; uganda-moh-ebola-update-2026-06-06; uganda-moh-ebola-update-2026-06-20; uganda-moh-ebola-update-2026-06-21; who-daily-epi-bdbv-2026-06-08; who-dg-remarks-bdbv-2026-05-20; who-dg-remarks-bdbv-2026-05-22; who-don602-2026-05-15-live; who-don603-2026-05-21-live; who-don606-bdbv-2026-06-08; who-ihr-ec-bdbv-temporary-recommendations-2026-05-22; who-pheic-2026-05-17-live; wikipedia-2026-ituri-epidemic-2026-05-20-live,"Descriptive watch-point interval, not a forecast or response recommendation."
corridor:68:lita:kampala-uga,lita,kampala-uga,30,0.11181900862517063,0.307522562283596,0.2130483711397536,0.5240711510886966,0.05420683297065266,0.7505172063402343,zone-attributed confirmed count 45 for this source zone; visibility-adjustment factor 2.02× reflects under-reporting in source zone; raw risk likely understates true hazard,BDBV-CLAIM-050,derived_model_output_with_unsupported_exponent_attribution,pinned_snapshot_model_output,africa-cdc-phecs-2026-05-18-live; afro-sitrep-01-2026-05-18-live; afro-sitrep-01-pdf-2026-05-18-live; cdc-current-situation-2026-05-21; cdc-current-situation-2026-05-23; cdc-current-situation-2026-05-24; cdc-current-situation-2026-05-25; drc-moh-epidemie-dashboard-sitrep-009-graphql-2026-05-24; drc-moh-epidemie-dashboard-sitrep-mve-n-007-mvb-17-2026-pdf-2026-05-22; ecdc-bdbv-drc-uga-2026-05-19-live; ecdc-bdbv-drc-uga-2026-05-21-live; ecdc-bdbv-drc-uga-2026-05-25-live; ecdc-bdbv-drc-uga-2026-05-26-live; ecdc-bdbv-drc-uga-2026-05-27-live; inrb-sitrep-015-2026-05-29; inrb-sitrep-016-2026-05-30; inrb-sitrep-017-2026-05-31; inrb-sitrep-018-2026-06-01; inrb-sitrep-019-2026-06-02; inrb-sitrep-020-2026-06-03; inrb-sitrep-021-2026-06-04; inrb-sitrep-022-2026-06-05; inrb-sitrep-023-2026-06-06; inrb-sitrep-024-2026-06-07; inrb-sitrep-025-2026-06-08; inrb-sitrep-026-2026-06-09; inrb-sitrep-027-2026-06-10; inrb-sitrep-028-2026-06-11; inrb-sitrep-030-2026-06-13; inrb-sitrep-031-2026-06-14; inrb-sitrep-032-2026-06-15; inrb-sitrep-033-2026-06-16; inrb-sitrep-034-2026-06-17; inrb-sitrep-035-2026-06-18; inrb-sitrep-036-2026-06-19; inrb-sitrep-037-2026-06-20; inrb-sitrep-038-2026-06-21; inrb-sitrep-039-2026-06-22; inrb-sitrep-040-2026-06-23; inrb-sitrep-041-2026-06-24; inrb-sitrep-042-2026-06-25; inrb-sitrep-044-2026-06-27; inrb-sitrep-046-2026-06-29; inrb-sitrep-047-2026-06-30; inrb-sitrep-048-2026-07-01; inrb-sitrep-049-2026-07-02; inrb-sitrep-050-2026-07-03; inrb-sitrep-051-2026-07-04; inrb-sitrep-052-2026-07-05; inrb-sitrep-053-2026-07-06; inrb-sitrep-054-2026-07-07; inrb-sitrep-055-2026-07-08; inrb-sitrep-056-2026-07-09; inrb-sitrep-057-2026-07-10; inrb-sitrep-058-2026-07-11; inrb-sitrep-059-2026-07-12; inrb-umie-ebola-drc-2026-build-2026-05-28-bb8b7d5; inrb-umie-ebola-drc-2026-build-2026-06-01-b4cafc9; uganda-moh-ebola-update-2026-06-06; uganda-moh-ebola-update-2026-06-20; uganda-moh-ebola-update-2026-06-21; who-daily-epi-bdbv-2026-06-08; who-dg-remarks-bdbv-2026-05-20; who-dg-remarks-bdbv-2026-05-22; who-don602-2026-05-15-live; who-don603-2026-05-21-live; who-don606-bdbv-2026-06-08; who-ihr-ec-bdbv-temporary-recommendations-2026-05-22; who-pheic-2026-05-17-live; wikipedia-2026-ituri-epidemic-2026-05-20-live,"Descriptive watch-point interval, not a forecast or response recommendation."
corridor:69:lita:nebbi-uga,lita,nebbi-uga,30,0.12375162159954689,0.3068970748659265,0.23426378156196961,0.523202181355266,0.0441427738105693,0.7514863991149436,zone-attributed confirmed count 45 for this source zone; visibility-adjustment factor 2.02× reflects under-reporting in source zone; raw risk likely understates true hazard,BDBV-CLAIM-050,derived_model_output_with_unsupported_exponent_attribution,pinned_snapshot_model_output,africa-cdc-phecs-2026-05-18-live; afro-sitrep-01-2026-05-18-live; afro-sitrep-01-pdf-2026-05-18-live; cdc-current-situation-2026-05-21; cdc-current-situation-2026-05-23; cdc-current-situation-2026-05-24; cdc-current-situation-2026-05-25; drc-moh-epidemie-dashboard-sitrep-009-graphql-2026-05-24; drc-moh-epidemie-dashboard-sitrep-mve-n-007-mvb-17-2026-pdf-2026-05-22; ecdc-bdbv-drc-uga-2026-05-19-live; ecdc-bdbv-drc-uga-2026-05-21-live; ecdc-bdbv-drc-uga-2026-05-25-live; ecdc-bdbv-drc-uga-2026-05-26-live; ecdc-bdbv-drc-uga-2026-05-27-live; inrb-sitrep-015-2026-05-29; inrb-sitrep-016-2026-05-30; inrb-sitrep-017-2026-05-31; inrb-sitrep-018-2026-06-01; inrb-sitrep-019-2026-06-02; inrb-sitrep-020-2026-06-03; inrb-sitrep-021-2026-06-04; inrb-sitrep-022-2026-06-05; inrb-sitrep-023-2026-06-06; inrb-sitrep-024-2026-06-07; inrb-sitrep-025-2026-06-08; inrb-sitrep-026-2026-06-09; inrb-sitrep-027-2026-06-10; inrb-sitrep-028-2026-06-11; inrb-sitrep-030-2026-06-13; inrb-sitrep-031-2026-06-14; inrb-sitrep-032-2026-06-15; inrb-sitrep-033-2026-06-16; inrb-sitrep-034-2026-06-17; inrb-sitrep-035-2026-06-18; inrb-sitrep-036-2026-06-19; inrb-sitrep-037-2026-06-20; inrb-sitrep-038-2026-06-21; inrb-sitrep-039-2026-06-22; inrb-sitrep-040-2026-06-23; inrb-sitrep-041-2026-06-24; inrb-sitrep-042-2026-06-25; inrb-sitrep-044-2026-06-27; inrb-sitrep-046-2026-06-29; inrb-sitrep-047-2026-06-30; inrb-sitrep-048-2026-07-01; inrb-sitrep-049-2026-07-02; inrb-sitrep-050-2026-07-03; inrb-sitrep-051-2026-07-04; inrb-sitrep-052-2026-07-05; inrb-sitrep-053-2026-07-06; inrb-sitrep-054-2026-07-07; inrb-sitrep-055-2026-07-08; inrb-sitrep-056-2026-07-09; inrb-sitrep-057-2026-07-10; inrb-sitrep-058-2026-07-11; inrb-sitrep-059-2026-07-12; inrb-umie-ebola-drc-2026-build-2026-05-28-bb8b7d5; inrb-umie-ebola-drc-2026-build-2026-06-01-b4cafc9; uganda-moh-ebola-update-2026-06-06; uganda-moh-ebola-update-2026-06-20; uganda-moh-ebola-update-2026-06-21; who-daily-epi-bdbv-2026-06-08; who-dg-remarks-bdbv-2026-05-20; who-dg-remarks-bdbv-2026-05-22; who-don602-2026-05-15-live; who-don603-2026-05-21-live; who-don606-bdbv-2026-06-08; who-ihr-ec-bdbv-temporary-recommendations-2026-05-22; who-pheic-2026-05-17-live; wikipedia-2026-ituri-epidemic-2026-05-20-live,"Descriptive watch-point interval, not a forecast or response recommendation."
corridor:70:butembo:kisangani-cod,butembo,kisangani-cod,30,0.13326166436035541,0.30503723523748766,0.25096105648777256,0.5206130351319584,0.07666345590832502,0.7797501961352635,zone-attributed confirmed count 44 for this source zone; visibility-adjustment factor 2.02× reflects under-reporting in source zone; raw risk likely understates true hazard,BDBV-CLAIM-050,derived_model_output_with_unsupported_exponent_attribution,pinned_snapshot_model_output,africa-cdc-phecs-2026-05-18-live; afro-sitrep-01-2026-05-18-live; afro-sitrep-01-pdf-2026-05-18-live; cdc-current-situation-2026-05-21; cdc-current-situation-2026-05-23; cdc-current-situation-2026-05-24; cdc-current-situation-2026-05-25; drc-moh-epidemie-dashboard-sitrep-009-graphql-2026-05-24; drc-moh-epidemie-dashboard-sitrep-mve-n-007-mvb-17-2026-pdf-2026-05-22; ecdc-bdbv-drc-uga-2026-05-19-live; ecdc-bdbv-drc-uga-2026-05-21-live; ecdc-bdbv-drc-uga-2026-05-25-live; ecdc-bdbv-drc-uga-2026-05-26-live; ecdc-bdbv-drc-uga-2026-05-27-live; inrb-sitrep-015-2026-05-29; inrb-sitrep-016-2026-05-30; inrb-sitrep-017-2026-05-31; inrb-sitrep-018-2026-06-01; inrb-sitrep-019-2026-06-02; inrb-sitrep-020-2026-06-03; inrb-sitrep-021-2026-06-04; inrb-sitrep-022-2026-06-05; inrb-sitrep-023-2026-06-06; inrb-sitrep-024-2026-06-07; inrb-sitrep-025-2026-06-08; inrb-sitrep-026-2026-06-09; inrb-sitrep-027-2026-06-10; inrb-sitrep-028-2026-06-11; inrb-sitrep-030-2026-06-13; inrb-sitrep-031-2026-06-14; inrb-sitrep-032-2026-06-15; inrb-sitrep-033-2026-06-16; inrb-sitrep-034-2026-06-17; inrb-sitrep-035-2026-06-18; inrb-sitrep-036-2026-06-19; inrb-sitrep-037-2026-06-20; inrb-sitrep-038-2026-06-21; inrb-sitrep-039-2026-06-22; inrb-sitrep-040-2026-06-23; inrb-sitrep-041-2026-06-24; inrb-sitrep-042-2026-06-25; inrb-sitrep-044-2026-06-27; inrb-sitrep-046-2026-06-29; inrb-sitrep-047-2026-06-30; inrb-sitrep-048-2026-07-01; inrb-sitrep-049-2026-07-02; inrb-sitrep-050-2026-07-03; inrb-sitrep-051-2026-07-04; inrb-sitrep-052-2026-07-05; inrb-sitrep-053-2026-07-06; inrb-sitrep-054-2026-07-07; inrb-sitrep-055-2026-07-08; inrb-sitrep-056-2026-07-09; inrb-sitrep-057-2026-07-10; inrb-sitrep-058-2026-07-11; inrb-sitrep-059-2026-07-12; inrb-umie-ebola-drc-2026-build-2026-05-28-bb8b7d5; inrb-umie-ebola-drc-2026-build-2026-06-01-b4cafc9; uganda-moh-ebola-update-2026-06-06; uganda-moh-ebola-update-2026-06-20; uganda-moh-ebola-update-2026-06-21; who-daily-epi-bdbv-2026-06-08; who-dg-remarks-bdbv-2026-05-20; who-dg-remarks-bdbv-2026-05-22; who-don602-2026-05-15-live; who-don603-2026-05-21-live; who-don606-bdbv-2026-06-08; who-ihr-ec-bdbv-temporary-recommendations-2026-05-22; who-pheic-2026-05-17-live; wikipedia-2026-ituri-epidemic-2026-05-20-live,"Descriptive watch-point interval, not a forecast or response recommendation."
corridor:71:butembo:bundibugyo-uga,butembo,bundibugyo-uga,30,0.11967615733108491,0.3042820123184501,0.2270508016153344,0.5195604370072866,0.05631938056397523,0.7396124303756004,zone-attributed confirmed count 44 for this source zone; visibility-adjustment factor 2.02× reflects under-reporting in source zone; raw risk likely understates true hazard,BDBV-CLAIM-050,derived_model_output_with_unsupported_exponent_attribution,pinned_snapshot_model_output,africa-cdc-phecs-2026-05-18-live; afro-sitrep-01-2026-05-18-live; afro-sitrep-01-pdf-2026-05-18-live; cdc-current-situation-2026-05-21; cdc-current-situation-2026-05-23; cdc-current-situation-2026-05-24; cdc-current-situation-2026-05-25; drc-moh-epidemie-dashboard-sitrep-009-graphql-2026-05-24; drc-moh-epidemie-dashboard-sitrep-mve-n-007-mvb-17-2026-pdf-2026-05-22; ecdc-bdbv-drc-uga-2026-05-19-live; ecdc-bdbv-drc-uga-2026-05-21-live; ecdc-bdbv-drc-uga-2026-05-25-live; ecdc-bdbv-drc-uga-2026-05-26-live; ecdc-bdbv-drc-uga-2026-05-27-live; inrb-sitrep-015-2026-05-29; inrb-sitrep-016-2026-05-30; inrb-sitrep-017-2026-05-31; inrb-sitrep-018-2026-06-01; inrb-sitrep-019-2026-06-02; inrb-sitrep-020-2026-06-03; inrb-sitrep-021-2026-06-04; inrb-sitrep-022-2026-06-05; inrb-sitrep-023-2026-06-06; inrb-sitrep-024-2026-06-07; inrb-sitrep-025-2026-06-08; inrb-sitrep-026-2026-06-09; inrb-sitrep-027-2026-06-10; inrb-sitrep-028-2026-06-11; inrb-sitrep-030-2026-06-13; inrb-sitrep-031-2026-06-14; inrb-sitrep-032-2026-06-15; inrb-sitrep-033-2026-06-16; inrb-sitrep-034-2026-06-17; inrb-sitrep-035-2026-06-18; inrb-sitrep-036-2026-06-19; inrb-sitrep-037-2026-06-20; inrb-sitrep-038-2026-06-21; inrb-sitrep-039-2026-06-22; inrb-sitrep-040-2026-06-23; inrb-sitrep-041-2026-06-24; inrb-sitrep-042-2026-06-25; inrb-sitrep-044-2026-06-27; inrb-sitrep-046-2026-06-29; inrb-sitrep-047-2026-06-30; inrb-sitrep-048-2026-07-01; inrb-sitrep-049-2026-07-02; inrb-sitrep-050-2026-07-03; inrb-sitrep-051-2026-07-04; inrb-sitrep-052-2026-07-05; inrb-sitrep-053-2026-07-06; inrb-sitrep-054-2026-07-07; inrb-sitrep-055-2026-07-08; inrb-sitrep-056-2026-07-09; inrb-sitrep-057-2026-07-10; inrb-sitrep-058-2026-07-11; inrb-sitrep-059-2026-07-12; inrb-umie-ebola-drc-2026-build-2026-05-28-bb8b7d5; inrb-umie-ebola-drc-2026-build-2026-06-01-b4cafc9; uganda-moh-ebola-update-2026-06-06; uganda-moh-ebola-update-2026-06-20; uganda-moh-ebola-update-2026-06-21; who-daily-epi-bdbv-2026-06-08; who-dg-remarks-bdbv-2026-05-20; who-dg-remarks-bdbv-2026-05-22; who-don602-2026-05-15-live; who-don603-2026-05-21-live; who-don606-bdbv-2026-06-08; who-ihr-ec-bdbv-temporary-recommendations-2026-05-22; who-pheic-2026-05-17-live; wikipedia-2026-ituri-epidemic-2026-05-20-live,"Descriptive watch-point interval, not a forecast or response recommendation."
corridor:72:butembo:kasese-uga,butembo,kasese-uga,30,0.11460084564785275,0.30427310532584556,0.21802046593896648,0.5195480201469911,0.0625968382521034,0.7488049643820249,zone-attributed confirmed count 44 for this source zone; visibility-adjustment factor 2.02× reflects under-reporting in source zone; raw risk likely understates true hazard,BDBV-CLAIM-050,derived_model_output_with_unsupported_exponent_attribution,pinned_snapshot_model_output,africa-cdc-phecs-2026-05-18-live; afro-sitrep-01-2026-05-18-live; afro-sitrep-01-pdf-2026-05-18-live; cdc-current-situation-2026-05-21; cdc-current-situation-2026-05-23; cdc-current-situation-2026-05-24; cdc-current-situation-2026-05-25; drc-moh-epidemie-dashboard-sitrep-009-graphql-2026-05-24; drc-moh-epidemie-dashboard-sitrep-mve-n-007-mvb-17-2026-pdf-2026-05-22; ecdc-bdbv-drc-uga-2026-05-19-live; ecdc-bdbv-drc-uga-2026-05-21-live; ecdc-bdbv-drc-uga-2026-05-25-live; ecdc-bdbv-drc-uga-2026-05-26-live; ecdc-bdbv-drc-uga-2026-05-27-live; inrb-sitrep-015-2026-05-29; inrb-sitrep-016-2026-05-30; inrb-sitrep-017-2026-05-31; inrb-sitrep-018-2026-06-01; inrb-sitrep-019-2026-06-02; inrb-sitrep-020-2026-06-03; inrb-sitrep-021-2026-06-04; inrb-sitrep-022-2026-06-05; inrb-sitrep-023-2026-06-06; inrb-sitrep-024-2026-06-07; inrb-sitrep-025-2026-06-08; inrb-sitrep-026-2026-06-09; inrb-sitrep-027-2026-06-10; inrb-sitrep-028-2026-06-11; inrb-sitrep-030-2026-06-13; inrb-sitrep-031-2026-06-14; inrb-sitrep-032-2026-06-15; inrb-sitrep-033-2026-06-16; inrb-sitrep-034-2026-06-17; inrb-sitrep-035-2026-06-18; inrb-sitrep-036-2026-06-19; inrb-sitrep-037-2026-06-20; inrb-sitrep-038-2026-06-21; inrb-sitrep-039-2026-06-22; inrb-sitrep-040-2026-06-23; inrb-sitrep-041-2026-06-24; inrb-sitrep-042-2026-06-25; inrb-sitrep-044-2026-06-27; inrb-sitrep-046-2026-06-29; inrb-sitrep-047-2026-06-30; inrb-sitrep-048-2026-07-01; inrb-sitrep-049-2026-07-02; inrb-sitrep-050-2026-07-03; inrb-sitrep-051-2026-07-04; inrb-sitrep-052-2026-07-05; inrb-sitrep-053-2026-07-06; inrb-sitrep-054-2026-07-07; inrb-sitrep-055-2026-07-08; inrb-sitrep-056-2026-07-09; inrb-sitrep-057-2026-07-10; inrb-sitrep-058-2026-07-11; inrb-sitrep-059-2026-07-12; inrb-umie-ebola-drc-2026-build-2026-05-28-bb8b7d5; inrb-umie-ebola-drc-2026-build-2026-06-01-b4cafc9; uganda-moh-ebola-update-2026-06-06; uganda-moh-ebola-update-2026-06-20; uganda-moh-ebola-update-2026-06-21; who-daily-epi-bdbv-2026-06-08; who-dg-remarks-bdbv-2026-05-20; who-dg-remarks-bdbv-2026-05-22; who-don602-2026-05-15-live; who-don603-2026-05-21-live; who-don606-bdbv-2026-06-08; who-ihr-ec-bdbv-temporary-recommendations-2026-05-22; who-pheic-2026-05-17-live; wikipedia-2026-ituri-epidemic-2026-05-20-live,"Descriptive watch-point interval, not a forecast or response recommendation."
corridor:73:butembo:arua-uga,butembo,arua-uga,30,0.11766587576467041,0.3026794991052804,0.22348032077404942,0.5173180555078554,0.06130426958830992,0.7885040261570184,zone-attributed confirmed count 44 for this source zone; visibility-adjustment factor 2.02× reflects under-reporting in source zone; raw risk likely understates true hazard,BDBV-CLAIM-050,derived_model_output_with_unsupported_exponent_attribution,pinned_snapshot_model_output,africa-cdc-phecs-2026-05-18-live; afro-sitrep-01-2026-05-18-live; afro-sitrep-01-pdf-2026-05-18-live; cdc-current-situation-2026-05-21; cdc-current-situation-2026-05-23; cdc-current-situation-2026-05-24; cdc-current-situation-2026-05-25; drc-moh-epidemie-dashboard-sitrep-009-graphql-2026-05-24; drc-moh-epidemie-dashboard-sitrep-mve-n-007-mvb-17-2026-pdf-2026-05-22; ecdc-bdbv-drc-uga-2026-05-19-live; ecdc-bdbv-drc-uga-2026-05-21-live; ecdc-bdbv-drc-uga-2026-05-25-live; ecdc-bdbv-drc-uga-2026-05-26-live; ecdc-bdbv-drc-uga-2026-05-27-live; inrb-sitrep-015-2026-05-29; inrb-sitrep-016-2026-05-30; inrb-sitrep-017-2026-05-31; inrb-sitrep-018-2026-06-01; inrb-sitrep-019-2026-06-02; inrb-sitrep-020-2026-06-03; inrb-sitrep-021-2026-06-04; inrb-sitrep-022-2026-06-05; inrb-sitrep-023-2026-06-06; inrb-sitrep-024-2026-06-07; inrb-sitrep-025-2026-06-08; inrb-sitrep-026-2026-06-09; inrb-sitrep-027-2026-06-10; inrb-sitrep-028-2026-06-11; inrb-sitrep-030-2026-06-13; inrb-sitrep-031-2026-06-14; inrb-sitrep-032-2026-06-15; inrb-sitrep-033-2026-06-16; inrb-sitrep-034-2026-06-17; inrb-sitrep-035-2026-06-18; inrb-sitrep-036-2026-06-19; inrb-sitrep-037-2026-06-20; inrb-sitrep-038-2026-06-21; inrb-sitrep-039-2026-06-22; inrb-sitrep-040-2026-06-23; inrb-sitrep-041-2026-06-24; inrb-sitrep-042-2026-06-25; inrb-sitrep-044-2026-06-27; inrb-sitrep-046-2026-06-29; inrb-sitrep-047-2026-06-30; inrb-sitrep-048-2026-07-01; inrb-sitrep-049-2026-07-02; inrb-sitrep-050-2026-07-03; inrb-sitrep-051-2026-07-04; inrb-sitrep-052-2026-07-05; inrb-sitrep-053-2026-07-06; inrb-sitrep-054-2026-07-07; inrb-sitrep-055-2026-07-08; inrb-sitrep-056-2026-07-09; inrb-sitrep-057-2026-07-10; inrb-sitrep-058-2026-07-11; inrb-sitrep-059-2026-07-12; inrb-umie-ebola-drc-2026-build-2026-05-28-bb8b7d5; inrb-umie-ebola-drc-2026-build-2026-06-01-b4cafc9; uganda-moh-ebola-update-2026-06-06; uganda-moh-ebola-update-2026-06-20; uganda-moh-ebola-update-2026-06-21; who-daily-epi-bdbv-2026-06-08; who-dg-remarks-bdbv-2026-05-20; who-dg-remarks-bdbv-2026-05-22; who-don602-2026-05-15-live; who-don603-2026-05-21-live; who-don606-bdbv-2026-06-08; who-ihr-ec-bdbv-temporary-recommendations-2026-05-22; who-pheic-2026-05-17-live; wikipedia-2026-ituri-epidemic-2026-05-20-live,"Descriptive watch-point interval, not a forecast or response recommendation."
corridor:74:butembo:beni-cod,butembo,beni-cod,30,0.11512968240934593,0.30111493914951326,0.21896193368138814,0.5151311476268042,0.06382709311917968,0.7650590586033977,zone-attributed confirmed count 44 for this source zone; visibility-adjustment factor 2.02× reflects under-reporting in source zone; raw risk likely understates true hazard,BDBV-CLAIM-050,derived_model_output_with_unsupported_exponent_attribution,pinned_snapshot_model_output,africa-cdc-phecs-2026-05-18-live; afro-sitrep-01-2026-05-18-live; afro-sitrep-01-pdf-2026-05-18-live; cdc-current-situation-2026-05-21; cdc-current-situation-2026-05-23; cdc-current-situation-2026-05-24; cdc-current-situation-2026-05-25; drc-moh-epidemie-dashboard-sitrep-009-graphql-2026-05-24; drc-moh-epidemie-dashboard-sitrep-mve-n-007-mvb-17-2026-pdf-2026-05-22; ecdc-bdbv-drc-uga-2026-05-19-live; ecdc-bdbv-drc-uga-2026-05-21-live; ecdc-bdbv-drc-uga-2026-05-25-live; ecdc-bdbv-drc-uga-2026-05-26-live; ecdc-bdbv-drc-uga-2026-05-27-live; inrb-sitrep-015-2026-05-29; inrb-sitrep-016-2026-05-30; inrb-sitrep-017-2026-05-31; inrb-sitrep-018-2026-06-01; inrb-sitrep-019-2026-06-02; inrb-sitrep-020-2026-06-03; inrb-sitrep-021-2026-06-04; inrb-sitrep-022-2026-06-05; inrb-sitrep-023-2026-06-06; inrb-sitrep-024-2026-06-07; inrb-sitrep-025-2026-06-08; inrb-sitrep-026-2026-06-09; inrb-sitrep-027-2026-06-10; inrb-sitrep-028-2026-06-11; inrb-sitrep-030-2026-06-13; inrb-sitrep-031-2026-06-14; inrb-sitrep-032-2026-06-15; inrb-sitrep-033-2026-06-16; inrb-sitrep-034-2026-06-17; inrb-sitrep-035-2026-06-18; inrb-sitrep-036-2026-06-19; inrb-sitrep-037-2026-06-20; inrb-sitrep-038-2026-06-21; inrb-sitrep-039-2026-06-22; inrb-sitrep-040-2026-06-23; inrb-sitrep-041-2026-06-24; inrb-sitrep-042-2026-06-25; inrb-sitrep-044-2026-06-27; inrb-sitrep-046-2026-06-29; inrb-sitrep-047-2026-06-30; inrb-sitrep-048-2026-07-01; inrb-sitrep-049-2026-07-02; inrb-sitrep-050-2026-07-03; inrb-sitrep-051-2026-07-04; inrb-sitrep-052-2026-07-05; inrb-sitrep-053-2026-07-06; inrb-sitrep-054-2026-07-07; inrb-sitrep-055-2026-07-08; inrb-sitrep-056-2026-07-09; inrb-sitrep-057-2026-07-10; inrb-sitrep-058-2026-07-11; inrb-sitrep-059-2026-07-12; inrb-umie-ebola-drc-2026-build-2026-05-28-bb8b7d5; inrb-umie-ebola-drc-2026-build-2026-06-01-b4cafc9; uganda-moh-ebola-update-2026-06-06; uganda-moh-ebola-update-2026-06-20; uganda-moh-ebola-update-2026-06-21; who-daily-epi-bdbv-2026-06-08; who-dg-remarks-bdbv-2026-05-20; who-dg-remarks-bdbv-2026-05-22; who-don602-2026-05-15-live; who-don603-2026-05-21-live; who-don606-bdbv-2026-06-08; who-ihr-ec-bdbv-temporary-recommendations-2026-05-22; who-pheic-2026-05-17-live; wikipedia-2026-ituri-epidemic-2026-05-20-live,"Descriptive watch-point interval, not a forecast or response recommendation."
corridor:75:lita:arua-uga,lita,arua-uga,30,0.12769103494113282,0.3008871073061818,0.24120349584205336,0.5148116987058838,0.07316262779871086,0.7841977527133569,zone-attributed confirmed count 45 for this source zone; visibility-adjustment factor 2.02× reflects under-reporting in source zone; raw risk likely understates true hazard,BDBV-CLAIM-050,derived_model_output_with_unsupported_exponent_attribution,pinned_snapshot_model_output,africa-cdc-phecs-2026-05-18-live; afro-sitrep-01-2026-05-18-live; afro-sitrep-01-pdf-2026-05-18-live; cdc-current-situation-2026-05-21; cdc-current-situation-2026-05-23; cdc-current-situation-2026-05-24; cdc-current-situation-2026-05-25; drc-moh-epidemie-dashboard-sitrep-009-graphql-2026-05-24; drc-moh-epidemie-dashboard-sitrep-mve-n-007-mvb-17-2026-pdf-2026-05-22; ecdc-bdbv-drc-uga-2026-05-19-live; ecdc-bdbv-drc-uga-2026-05-21-live; ecdc-bdbv-drc-uga-2026-05-25-live; ecdc-bdbv-drc-uga-2026-05-26-live; ecdc-bdbv-drc-uga-2026-05-27-live; inrb-sitrep-015-2026-05-29; inrb-sitrep-016-2026-05-30; inrb-sitrep-017-2026-05-31; inrb-sitrep-018-2026-06-01; inrb-sitrep-019-2026-06-02; inrb-sitrep-020-2026-06-03; inrb-sitrep-021-2026-06-04; inrb-sitrep-022-2026-06-05; inrb-sitrep-023-2026-06-06; inrb-sitrep-024-2026-06-07; inrb-sitrep-025-2026-06-08; inrb-sitrep-026-2026-06-09; inrb-sitrep-027-2026-06-10; inrb-sitrep-028-2026-06-11; inrb-sitrep-030-2026-06-13; inrb-sitrep-031-2026-06-14; inrb-sitrep-032-2026-06-15; inrb-sitrep-033-2026-06-16; inrb-sitrep-034-2026-06-17; inrb-sitrep-035-2026-06-18; inrb-sitrep-036-2026-06-19; inrb-sitrep-037-2026-06-20; inrb-sitrep-038-2026-06-21; inrb-sitrep-039-2026-06-22; inrb-sitrep-040-2026-06-23; inrb-sitrep-041-2026-06-24; inrb-sitrep-042-2026-06-25; inrb-sitrep-044-2026-06-27; inrb-sitrep-046-2026-06-29; inrb-sitrep-047-2026-06-30; inrb-sitrep-048-2026-07-01; inrb-sitrep-049-2026-07-02; inrb-sitrep-050-2026-07-03; inrb-sitrep-051-2026-07-04; inrb-sitrep-052-2026-07-05; inrb-sitrep-053-2026-07-06; inrb-sitrep-054-2026-07-07; inrb-sitrep-055-2026-07-08; inrb-sitrep-056-2026-07-09; inrb-sitrep-057-2026-07-10; inrb-sitrep-058-2026-07-11; inrb-sitrep-059-2026-07-12; inrb-umie-ebola-drc-2026-build-2026-05-28-bb8b7d5; inrb-umie-ebola-drc-2026-build-2026-06-01-b4cafc9; uganda-moh-ebola-update-2026-06-06; uganda-moh-ebola-update-2026-06-20; uganda-moh-ebola-update-2026-06-21; who-daily-epi-bdbv-2026-06-08; who-dg-remarks-bdbv-2026-05-20; who-dg-remarks-bdbv-2026-05-22; who-don602-2026-05-15-live; who-don603-2026-05-21-live; who-don606-bdbv-2026-06-08; who-ihr-ec-bdbv-temporary-recommendations-2026-05-22; who-pheic-2026-05-17-live; wikipedia-2026-ituri-epidemic-2026-05-20-live,"Descriptive watch-point interval, not a forecast or response recommendation."
corridor:76:butembo:nebbi-uga,butembo,nebbi-uga,30,0.12211551121549463,0.30078814311262675,0.23137065871792384,0.5146730108236688,0.061356821386175854,0.7549580327100163,zone-attributed confirmed count 44 for this source zone; visibility-adjustment factor 2.02× reflects under-reporting in source zone; raw risk likely understates true hazard,BDBV-CLAIM-050,derived_model_output_with_unsupported_exponent_attribution,pinned_snapshot_model_output,africa-cdc-phecs-2026-05-18-live; afro-sitrep-01-2026-05-18-live; afro-sitrep-01-pdf-2026-05-18-live; cdc-current-situation-2026-05-21; cdc-current-situation-2026-05-23; cdc-current-situation-2026-05-24; cdc-current-situation-2026-05-25; drc-moh-epidemie-dashboard-sitrep-009-graphql-2026-05-24; drc-moh-epidemie-dashboard-sitrep-mve-n-007-mvb-17-2026-pdf-2026-05-22; ecdc-bdbv-drc-uga-2026-05-19-live; ecdc-bdbv-drc-uga-2026-05-21-live; ecdc-bdbv-drc-uga-2026-05-25-live; ecdc-bdbv-drc-uga-2026-05-26-live; ecdc-bdbv-drc-uga-2026-05-27-live; inrb-sitrep-015-2026-05-29; inrb-sitrep-016-2026-05-30; inrb-sitrep-017-2026-05-31; inrb-sitrep-018-2026-06-01; inrb-sitrep-019-2026-06-02; inrb-sitrep-020-2026-06-03; inrb-sitrep-021-2026-06-04; inrb-sitrep-022-2026-06-05; inrb-sitrep-023-2026-06-06; inrb-sitrep-024-2026-06-07; inrb-sitrep-025-2026-06-08; inrb-sitrep-026-2026-06-09; inrb-sitrep-027-2026-06-10; inrb-sitrep-028-2026-06-11; inrb-sitrep-030-2026-06-13; inrb-sitrep-031-2026-06-14; inrb-sitrep-032-2026-06-15; inrb-sitrep-033-2026-06-16; inrb-sitrep-034-2026-06-17; inrb-sitrep-035-2026-06-18; inrb-sitrep-036-2026-06-19; inrb-sitrep-037-2026-06-20; inrb-sitrep-038-2026-06-21; inrb-sitrep-039-2026-06-22; inrb-sitrep-040-2026-06-23; inrb-sitrep-041-2026-06-24; inrb-sitrep-042-2026-06-25; inrb-sitrep-044-2026-06-27; inrb-sitrep-046-2026-06-29; inrb-sitrep-047-2026-06-30; inrb-sitrep-048-2026-07-01; inrb-sitrep-049-2026-07-02; inrb-sitrep-050-2026-07-03; inrb-sitrep-051-2026-07-04; inrb-sitrep-052-2026-07-05; inrb-sitrep-053-2026-07-06; inrb-sitrep-054-2026-07-07; inrb-sitrep-055-2026-07-08; inrb-sitrep-056-2026-07-09; inrb-sitrep-057-2026-07-10; inrb-sitrep-058-2026-07-11; inrb-sitrep-059-2026-07-12; inrb-umie-ebola-drc-2026-build-2026-05-28-bb8b7d5; inrb-umie-ebola-drc-2026-build-2026-06-01-b4cafc9; uganda-moh-ebola-update-2026-06-06; uganda-moh-ebola-update-2026-06-20; uganda-moh-ebola-update-2026-06-21; who-daily-epi-bdbv-2026-06-08; who-dg-remarks-bdbv-2026-05-20; who-dg-remarks-bdbv-2026-05-22; who-don602-2026-05-15-live; who-don603-2026-05-21-live; who-don606-bdbv-2026-06-08; who-ihr-ec-bdbv-temporary-recommendations-2026-05-22; who-pheic-2026-05-17-live; wikipedia-2026-ituri-epidemic-2026-05-20-live,"Descriptive watch-point interval, not a forecast or response recommendation."
corridor:77:lita:kisangani-cod,lita,kisangani-cod,30,0.12788807341182176,0.3005027356875062,0.24154974423963255,0.514272094062207,0.06330089100132545,0.7705829654251248,zone-attributed confirmed count 45 for this source zone; visibility-adjustment factor 2.02× reflects under-reporting in source zone; raw risk likely understates true hazard,BDBV-CLAIM-050,derived_model_output_with_unsupported_exponent_attribution,pinned_snapshot_model_output,africa-cdc-phecs-2026-05-18-live; afro-sitrep-01-2026-05-18-live; afro-sitrep-01-pdf-2026-05-18-live; cdc-current-situation-2026-05-21; cdc-current-situation-2026-05-23; cdc-current-situation-2026-05-24; cdc-current-situation-2026-05-25; drc-moh-epidemie-dashboard-sitrep-009-graphql-2026-05-24; drc-moh-epidemie-dashboard-sitrep-mve-n-007-mvb-17-2026-pdf-2026-05-22; ecdc-bdbv-drc-uga-2026-05-19-live; ecdc-bdbv-drc-uga-2026-05-21-live; ecdc-bdbv-drc-uga-2026-05-25-live; ecdc-bdbv-drc-uga-2026-05-26-live; ecdc-bdbv-drc-uga-2026-05-27-live; inrb-sitrep-015-2026-05-29; inrb-sitrep-016-2026-05-30; inrb-sitrep-017-2026-05-31; inrb-sitrep-018-2026-06-01; inrb-sitrep-019-2026-06-02; inrb-sitrep-020-2026-06-03; inrb-sitrep-021-2026-06-04; inrb-sitrep-022-2026-06-05; inrb-sitrep-023-2026-06-06; inrb-sitrep-024-2026-06-07; inrb-sitrep-025-2026-06-08; inrb-sitrep-026-2026-06-09; inrb-sitrep-027-2026-06-10; inrb-sitrep-028-2026-06-11; inrb-sitrep-030-2026-06-13; inrb-sitrep-031-2026-06-14; inrb-sitrep-032-2026-06-15; inrb-sitrep-033-2026-06-16; inrb-sitrep-034-2026-06-17; inrb-sitrep-035-2026-06-18; inrb-sitrep-036-2026-06-19; inrb-sitrep-037-2026-06-20; inrb-sitrep-038-2026-06-21; inrb-sitrep-039-2026-06-22; inrb-sitrep-040-2026-06-23; inrb-sitrep-041-2026-06-24; inrb-sitrep-042-2026-06-25; inrb-sitrep-044-2026-06-27; inrb-sitrep-046-2026-06-29; inrb-sitrep-047-2026-06-30; inrb-sitrep-048-2026-07-01; inrb-sitrep-049-2026-07-02; inrb-sitrep-050-2026-07-03; inrb-sitrep-051-2026-07-04; inrb-sitrep-052-2026-07-05; inrb-sitrep-053-2026-07-06; inrb-sitrep-054-2026-07-07; inrb-sitrep-055-2026-07-08; inrb-sitrep-056-2026-07-09; inrb-sitrep-057-2026-07-10; inrb-sitrep-058-2026-07-11; inrb-sitrep-059-2026-07-12; inrb-umie-ebola-drc-2026-build-2026-05-28-bb8b7d5; inrb-umie-ebola-drc-2026-build-2026-06-01-b4cafc9; uganda-moh-ebola-update-2026-06-06; uganda-moh-ebola-update-2026-06-20; uganda-moh-ebola-update-2026-06-21; who-daily-epi-bdbv-2026-06-08; who-dg-remarks-bdbv-2026-05-20; who-dg-remarks-bdbv-2026-05-22; who-don602-2026-05-15-live; who-don603-2026-05-21-live; who-don606-bdbv-2026-06-08; who-ihr-ec-bdbv-temporary-recommendations-2026-05-22; who-pheic-2026-05-17-live; wikipedia-2026-ituri-epidemic-2026-05-20-live,"Descriptive watch-point interval, not a forecast or response recommendation."
corridor:78:lita:yei-ssd,lita,yei-ssd,30,0.12852795594643357,0.29585929167678665,0.24267371801881238,0.5077356391555063,0.06205934254743101,0.7870359756481821,zone-attributed confirmed count 45 for this source zone; visibility-adjustment factor 2.02× reflects under-reporting in source zone; raw risk likely understates true hazard,BDBV-CLAIM-050,derived_model_output_with_unsupported_exponent_attribution,pinned_snapshot_model_output,africa-cdc-phecs-2026-05-18-live; afro-sitrep-01-2026-05-18-live; afro-sitrep-01-pdf-2026-05-18-live; cdc-current-situation-2026-05-21; cdc-current-situation-2026-05-23; cdc-current-situation-2026-05-24; cdc-current-situation-2026-05-25; drc-moh-epidemie-dashboard-sitrep-009-graphql-2026-05-24; drc-moh-epidemie-dashboard-sitrep-mve-n-007-mvb-17-2026-pdf-2026-05-22; ecdc-bdbv-drc-uga-2026-05-19-live; ecdc-bdbv-drc-uga-2026-05-21-live; ecdc-bdbv-drc-uga-2026-05-25-live; ecdc-bdbv-drc-uga-2026-05-26-live; ecdc-bdbv-drc-uga-2026-05-27-live; inrb-sitrep-015-2026-05-29; inrb-sitrep-016-2026-05-30; inrb-sitrep-017-2026-05-31; inrb-sitrep-018-2026-06-01; inrb-sitrep-019-2026-06-02; inrb-sitrep-020-2026-06-03; inrb-sitrep-021-2026-06-04; inrb-sitrep-022-2026-06-05; inrb-sitrep-023-2026-06-06; inrb-sitrep-024-2026-06-07; inrb-sitrep-025-2026-06-08; inrb-sitrep-026-2026-06-09; inrb-sitrep-027-2026-06-10; inrb-sitrep-028-2026-06-11; inrb-sitrep-030-2026-06-13; inrb-sitrep-031-2026-06-14; inrb-sitrep-032-2026-06-15; inrb-sitrep-033-2026-06-16; inrb-sitrep-034-2026-06-17; inrb-sitrep-035-2026-06-18; inrb-sitrep-036-2026-06-19; inrb-sitrep-037-2026-06-20; inrb-sitrep-038-2026-06-21; inrb-sitrep-039-2026-06-22; inrb-sitrep-040-2026-06-23; inrb-sitrep-041-2026-06-24; inrb-sitrep-042-2026-06-25; inrb-sitrep-044-2026-06-27; inrb-sitrep-046-2026-06-29; inrb-sitrep-047-2026-06-30; inrb-sitrep-048-2026-07-01; inrb-sitrep-049-2026-07-02; inrb-sitrep-050-2026-07-03; inrb-sitrep-051-2026-07-04; inrb-sitrep-052-2026-07-05; inrb-sitrep-053-2026-07-06; inrb-sitrep-054-2026-07-07; inrb-sitrep-055-2026-07-08; inrb-sitrep-056-2026-07-09; inrb-sitrep-057-2026-07-10; inrb-sitrep-058-2026-07-11; inrb-sitrep-059-2026-07-12; inrb-umie-ebola-drc-2026-build-2026-05-28-bb8b7d5; inrb-umie-ebola-drc-2026-build-2026-06-01-b4cafc9; uganda-moh-ebola-update-2026-06-06; uganda-moh-ebola-update-2026-06-20; uganda-moh-ebola-update-2026-06-21; who-daily-epi-bdbv-2026-06-08; who-dg-remarks-bdbv-2026-05-20; who-dg-remarks-bdbv-2026-05-22; who-don602-2026-05-15-live; who-don603-2026-05-21-live; who-don606-bdbv-2026-06-08; who-ihr-ec-bdbv-temporary-recommendations-2026-05-22; who-pheic-2026-05-17-live; wikipedia-2026-ituri-epidemic-2026-05-20-live,"Descriptive watch-point interval, not a forecast or response recommendation."
corridor:79:butembo:kampala-uga,butembo,kampala-uga,30,0.11727867396428762,0.2910521841756754,0.22279160766837813,0.5009209163565702,0.052093305340755305,0.7552621647101804,zone-attributed confirmed count 44 for this source zone; visibility-adjustment factor 2.02× reflects under-reporting in source zone; raw risk likely understates true hazard,BDBV-CLAIM-050,derived_model_output_with_unsupported_exponent_attribution,pinned_snapshot_model_output,africa-cdc-phecs-2026-05-18-live; afro-sitrep-01-2026-05-18-live; afro-sitrep-01-pdf-2026-05-18-live; cdc-current-situation-2026-05-21; cdc-current-situation-2026-05-23; cdc-current-situation-2026-05-24; cdc-current-situation-2026-05-25; drc-moh-epidemie-dashboard-sitrep-009-graphql-2026-05-24; drc-moh-epidemie-dashboard-sitrep-mve-n-007-mvb-17-2026-pdf-2026-05-22; ecdc-bdbv-drc-uga-2026-05-19-live; ecdc-bdbv-drc-uga-2026-05-21-live; ecdc-bdbv-drc-uga-2026-05-25-live; ecdc-bdbv-drc-uga-2026-05-26-live; ecdc-bdbv-drc-uga-2026-05-27-live; inrb-sitrep-015-2026-05-29; inrb-sitrep-016-2026-05-30; inrb-sitrep-017-2026-05-31; inrb-sitrep-018-2026-06-01; inrb-sitrep-019-2026-06-02; inrb-sitrep-020-2026-06-03; inrb-sitrep-021-2026-06-04; inrb-sitrep-022-2026-06-05; inrb-sitrep-023-2026-06-06; inrb-sitrep-024-2026-06-07; inrb-sitrep-025-2026-06-08; inrb-sitrep-026-2026-06-09; inrb-sitrep-027-2026-06-10; inrb-sitrep-028-2026-06-11; inrb-sitrep-030-2026-06-13; inrb-sitrep-031-2026-06-14; inrb-sitrep-032-2026-06-15; inrb-sitrep-033-2026-06-16; inrb-sitrep-034-2026-06-17; inrb-sitrep-035-2026-06-18; inrb-sitrep-036-2026-06-19; inrb-sitrep-037-2026-06-20; inrb-sitrep-038-2026-06-21; inrb-sitrep-039-2026-06-22; inrb-sitrep-040-2026-06-23; inrb-sitrep-041-2026-06-24; inrb-sitrep-042-2026-06-25; inrb-sitrep-044-2026-06-27; inrb-sitrep-046-2026-06-29; inrb-sitrep-047-2026-06-30; inrb-sitrep-048-2026-07-01; inrb-sitrep-049-2026-07-02; inrb-sitrep-050-2026-07-03; inrb-sitrep-051-2026-07-04; inrb-sitrep-052-2026-07-05; inrb-sitrep-053-2026-07-06; inrb-sitrep-054-2026-07-07; inrb-sitrep-055-2026-07-08; inrb-sitrep-056-2026-07-09; inrb-sitrep-057-2026-07-10; inrb-sitrep-058-2026-07-11; inrb-sitrep-059-2026-07-12; inrb-umie-ebola-drc-2026-build-2026-05-28-bb8b7d5; inrb-umie-ebola-drc-2026-build-2026-06-01-b4cafc9; uganda-moh-ebola-update-2026-06-06; uganda-moh-ebola-update-2026-06-20; uganda-moh-ebola-update-2026-06-21; who-daily-epi-bdbv-2026-06-08; who-dg-remarks-bdbv-2026-05-20; who-dg-remarks-bdbv-2026-05-22; who-don602-2026-05-15-live; who-don603-2026-05-21-live; who-don606-bdbv-2026-06-08; who-ihr-ec-bdbv-temporary-recommendations-2026-05-22; who-pheic-2026-05-17-live; wikipedia-2026-ituri-epidemic-2026-05-20-live,"Descriptive watch-point interval, not a forecast or response recommendation."
corridor:80:lita:bundibugyo-uga,lita,bundibugyo-uga,30,0.12358916293775782,0.2870471989982082,0.23397667462880217,0.4952089003723612,0.05992536905967558,0.7606499691442735,zone-attributed confirmed count 45 for this source zone; visibility-adjustment factor 2.02× reflects under-reporting in source zone; raw risk likely understates true hazard,BDBV-CLAIM-050,derived_model_output_with_unsupported_exponent_attribution,pinned_snapshot_model_output,africa-cdc-phecs-2026-05-18-live; afro-sitrep-01-2026-05-18-live; afro-sitrep-01-pdf-2026-05-18-live; cdc-current-situation-2026-05-21; cdc-current-situation-2026-05-23; cdc-current-situation-2026-05-24; cdc-current-situation-2026-05-25; drc-moh-epidemie-dashboard-sitrep-009-graphql-2026-05-24; drc-moh-epidemie-dashboard-sitrep-mve-n-007-mvb-17-2026-pdf-2026-05-22; ecdc-bdbv-drc-uga-2026-05-19-live; ecdc-bdbv-drc-uga-2026-05-21-live; ecdc-bdbv-drc-uga-2026-05-25-live; ecdc-bdbv-drc-uga-2026-05-26-live; ecdc-bdbv-drc-uga-2026-05-27-live; inrb-sitrep-015-2026-05-29; inrb-sitrep-016-2026-05-30; inrb-sitrep-017-2026-05-31; inrb-sitrep-018-2026-06-01; inrb-sitrep-019-2026-06-02; inrb-sitrep-020-2026-06-03; inrb-sitrep-021-2026-06-04; inrb-sitrep-022-2026-06-05; inrb-sitrep-023-2026-06-06; inrb-sitrep-024-2026-06-07; inrb-sitrep-025-2026-06-08; inrb-sitrep-026-2026-06-09; inrb-sitrep-027-2026-06-10; inrb-sitrep-028-2026-06-11; inrb-sitrep-030-2026-06-13; inrb-sitrep-031-2026-06-14; inrb-sitrep-032-2026-06-15; inrb-sitrep-033-2026-06-16; inrb-sitrep-034-2026-06-17; inrb-sitrep-035-2026-06-18; inrb-sitrep-036-2026-06-19; inrb-sitrep-037-2026-06-20; inrb-sitrep-038-2026-06-21; inrb-sitrep-039-2026-06-22; inrb-sitrep-040-2026-06-23; inrb-sitrep-041-2026-06-24; inrb-sitrep-042-2026-06-25; inrb-sitrep-044-2026-06-27; inrb-sitrep-046-2026-06-29; inrb-sitrep-047-2026-06-30; inrb-sitrep-048-2026-07-01; inrb-sitrep-049-2026-07-02; inrb-sitrep-050-2026-07-03; inrb-sitrep-051-2026-07-04; inrb-sitrep-052-2026-07-05; inrb-sitrep-053-2026-07-06; inrb-sitrep-054-2026-07-07; inrb-sitrep-055-2026-07-08; inrb-sitrep-056-2026-07-09; inrb-sitrep-057-2026-07-10; inrb-sitrep-058-2026-07-11; inrb-sitrep-059-2026-07-12; inrb-umie-ebola-drc-2026-build-2026-05-28-bb8b7d5; inrb-umie-ebola-drc-2026-build-2026-06-01-b4cafc9; uganda-moh-ebola-update-2026-06-06; uganda-moh-ebola-update-2026-06-20; uganda-moh-ebola-update-2026-06-21; who-daily-epi-bdbv-2026-06-08; who-dg-remarks-bdbv-2026-05-20; who-dg-remarks-bdbv-2026-05-22; who-don602-2026-05-15-live; who-don603-2026-05-21-live; who-don606-bdbv-2026-06-08; who-ihr-ec-bdbv-temporary-recommendations-2026-05-22; who-pheic-2026-05-17-live; wikipedia-2026-ituri-epidemic-2026-05-20-live,"Descriptive watch-point interval, not a forecast or response recommendation."
corridor:81:butembo:yei-ssd,butembo,yei-ssd,30,0.12304942540363398,0.2819328675480358,0.23302342120544783,0.4878659186291414,0.0700078771341813,0.8076333904925456,zone-attributed confirmed count 44 for this source zone; visibility-adjustment factor 2.02× reflects under-reporting in source zone; raw risk likely understates true hazard,BDBV-CLAIM-050,derived_model_output_with_unsupported_exponent_attribution,pinned_snapshot_model_output,africa-cdc-phecs-2026-05-18-live; afro-sitrep-01-2026-05-18-live; afro-sitrep-01-pdf-2026-05-18-live; cdc-current-situation-2026-05-21; cdc-current-situation-2026-05-23; cdc-current-situation-2026-05-24; cdc-current-situation-2026-05-25; drc-moh-epidemie-dashboard-sitrep-009-graphql-2026-05-24; drc-moh-epidemie-dashboard-sitrep-mve-n-007-mvb-17-2026-pdf-2026-05-22; ecdc-bdbv-drc-uga-2026-05-19-live; ecdc-bdbv-drc-uga-2026-05-21-live; ecdc-bdbv-drc-uga-2026-05-25-live; ecdc-bdbv-drc-uga-2026-05-26-live; ecdc-bdbv-drc-uga-2026-05-27-live; inrb-sitrep-015-2026-05-29; inrb-sitrep-016-2026-05-30; inrb-sitrep-017-2026-05-31; inrb-sitrep-018-2026-06-01; inrb-sitrep-019-2026-06-02; inrb-sitrep-020-2026-06-03; inrb-sitrep-021-2026-06-04; inrb-sitrep-022-2026-06-05; inrb-sitrep-023-2026-06-06; inrb-sitrep-024-2026-06-07; inrb-sitrep-025-2026-06-08; inrb-sitrep-026-2026-06-09; inrb-sitrep-027-2026-06-10; inrb-sitrep-028-2026-06-11; inrb-sitrep-030-2026-06-13; inrb-sitrep-031-2026-06-14; inrb-sitrep-032-2026-06-15; inrb-sitrep-033-2026-06-16; inrb-sitrep-034-2026-06-17; inrb-sitrep-035-2026-06-18; inrb-sitrep-036-2026-06-19; inrb-sitrep-037-2026-06-20; inrb-sitrep-038-2026-06-21; inrb-sitrep-039-2026-06-22; inrb-sitrep-040-2026-06-23; inrb-sitrep-041-2026-06-24; inrb-sitrep-042-2026-06-25; inrb-sitrep-044-2026-06-27; inrb-sitrep-046-2026-06-29; inrb-sitrep-047-2026-06-30; inrb-sitrep-048-2026-07-01; inrb-sitrep-049-2026-07-02; inrb-sitrep-050-2026-07-03; inrb-sitrep-051-2026-07-04; inrb-sitrep-052-2026-07-05; inrb-sitrep-053-2026-07-06; inrb-sitrep-054-2026-07-07; inrb-sitrep-055-2026-07-08; inrb-sitrep-056-2026-07-09; inrb-sitrep-057-2026-07-10; inrb-sitrep-058-2026-07-11; inrb-sitrep-059-2026-07-12; inrb-umie-ebola-drc-2026-build-2026-05-28-bb8b7d5; inrb-umie-ebola-drc-2026-build-2026-06-01-b4cafc9; uganda-moh-ebola-update-2026-06-06; uganda-moh-ebola-update-2026-06-20; uganda-moh-ebola-update-2026-06-21; who-daily-epi-bdbv-2026-06-08; who-dg-remarks-bdbv-2026-05-20; who-dg-remarks-bdbv-2026-05-22; who-don602-2026-05-15-live; who-don603-2026-05-21-live; who-don606-bdbv-2026-06-08; who-ihr-ec-bdbv-temporary-recommendations-2026-05-22; who-pheic-2026-05-17-live; wikipedia-2026-ituri-epidemic-2026-05-20-live,"Descriptive watch-point interval, not a forecast or response recommendation."
corridor:82:nia-nia:goma-cod,nia-nia,goma-cod,30,0.10455894582699327,0.2665945250873386,0.1999971194671006,0.46552160479569527,0.06433422418867141,0.7228370547977604,zone-attributed confirmed count 35 for this source zone; visibility-adjustment factor 2.02× reflects under-reporting in source zone; raw risk likely understates true hazard,BDBV-CLAIM-050,derived_model_output_with_unsupported_exponent_attribution,pinned_snapshot_model_output,africa-cdc-phecs-2026-05-18-live; afro-sitrep-01-2026-05-18-live; afro-sitrep-01-pdf-2026-05-18-live; cdc-current-situation-2026-05-21; cdc-current-situation-2026-05-23; cdc-current-situation-2026-05-24; cdc-current-situation-2026-05-25; drc-moh-epidemie-dashboard-sitrep-009-graphql-2026-05-24; drc-moh-epidemie-dashboard-sitrep-mve-n-007-mvb-17-2026-pdf-2026-05-22; ecdc-bdbv-drc-uga-2026-05-19-live; ecdc-bdbv-drc-uga-2026-05-21-live; ecdc-bdbv-drc-uga-2026-05-25-live; ecdc-bdbv-drc-uga-2026-05-26-live; ecdc-bdbv-drc-uga-2026-05-27-live; inrb-sitrep-015-2026-05-29; inrb-sitrep-016-2026-05-30; inrb-sitrep-017-2026-05-31; inrb-sitrep-018-2026-06-01; inrb-sitrep-019-2026-06-02; inrb-sitrep-020-2026-06-03; inrb-sitrep-021-2026-06-04; inrb-sitrep-022-2026-06-05; inrb-sitrep-023-2026-06-06; inrb-sitrep-024-2026-06-07; inrb-sitrep-025-2026-06-08; inrb-sitrep-026-2026-06-09; inrb-sitrep-027-2026-06-10; inrb-sitrep-028-2026-06-11; inrb-sitrep-030-2026-06-13; inrb-sitrep-031-2026-06-14; inrb-sitrep-032-2026-06-15; inrb-sitrep-033-2026-06-16; inrb-sitrep-034-2026-06-17; inrb-sitrep-035-2026-06-18; inrb-sitrep-036-2026-06-19; inrb-sitrep-037-2026-06-20; inrb-sitrep-038-2026-06-21; inrb-sitrep-039-2026-06-22; inrb-sitrep-040-2026-06-23; inrb-sitrep-041-2026-06-24; inrb-sitrep-042-2026-06-25; inrb-sitrep-044-2026-06-27; inrb-sitrep-046-2026-06-29; inrb-sitrep-047-2026-06-30; inrb-sitrep-048-2026-07-01; inrb-sitrep-049-2026-07-02; inrb-sitrep-050-2026-07-03; inrb-sitrep-051-2026-07-04; inrb-sitrep-052-2026-07-05; inrb-sitrep-053-2026-07-06; inrb-sitrep-054-2026-07-07; inrb-sitrep-055-2026-07-08; inrb-sitrep-056-2026-07-09; inrb-sitrep-057-2026-07-10; inrb-sitrep-058-2026-07-11; inrb-sitrep-059-2026-07-12; inrb-umie-ebola-drc-2026-build-2026-05-28-bb8b7d5; inrb-umie-ebola-drc-2026-build-2026-06-01-b4cafc9; uganda-moh-ebola-update-2026-06-06; uganda-moh-ebola-update-2026-06-20; uganda-moh-ebola-update-2026-06-21; who-daily-epi-bdbv-2026-06-08; who-dg-remarks-bdbv-2026-05-20; who-dg-remarks-bdbv-2026-05-22; who-don602-2026-05-15-live; who-don603-2026-05-21-live; who-don606-bdbv-2026-06-08; who-ihr-ec-bdbv-temporary-recommendations-2026-05-22; who-pheic-2026-05-17-live; wikipedia-2026-ituri-epidemic-2026-05-20-live,"Descriptive watch-point interval, not a forecast or response recommendation."
corridor:83:nia-nia:arua-uga,nia-nia,arua-uga,30,0.1100205452979961,0.25750212837872855,0.20982546129031757,0.45204770517952364,0.07605494605007122,0.7182676414745162,zone-attributed confirmed count 35 for this source zone; visibility-adjustment factor 2.02× reflects under-reporting in source zone; raw risk likely understates true hazard,BDBV-CLAIM-050,derived_model_output_with_unsupported_exponent_attribution,pinned_snapshot_model_output,africa-cdc-phecs-2026-05-18-live; afro-sitrep-01-2026-05-18-live; afro-sitrep-01-pdf-2026-05-18-live; cdc-current-situation-2026-05-21; cdc-current-situation-2026-05-23; cdc-current-situation-2026-05-24; cdc-current-situation-2026-05-25; drc-moh-epidemie-dashboard-sitrep-009-graphql-2026-05-24; drc-moh-epidemie-dashboard-sitrep-mve-n-007-mvb-17-2026-pdf-2026-05-22; ecdc-bdbv-drc-uga-2026-05-19-live; ecdc-bdbv-drc-uga-2026-05-21-live; ecdc-bdbv-drc-uga-2026-05-25-live; ecdc-bdbv-drc-uga-2026-05-26-live; ecdc-bdbv-drc-uga-2026-05-27-live; inrb-sitrep-015-2026-05-29; inrb-sitrep-016-2026-05-30; inrb-sitrep-017-2026-05-31; inrb-sitrep-018-2026-06-01; inrb-sitrep-019-2026-06-02; inrb-sitrep-020-2026-06-03; inrb-sitrep-021-2026-06-04; inrb-sitrep-022-2026-06-05; inrb-sitrep-023-2026-06-06; inrb-sitrep-024-2026-06-07; inrb-sitrep-025-2026-06-08; inrb-sitrep-026-2026-06-09; inrb-sitrep-027-2026-06-10; inrb-sitrep-028-2026-06-11; inrb-sitrep-030-2026-06-13; inrb-sitrep-031-2026-06-14; inrb-sitrep-032-2026-06-15; inrb-sitrep-033-2026-06-16; inrb-sitrep-034-2026-06-17; inrb-sitrep-035-2026-06-18; inrb-sitrep-036-2026-06-19; inrb-sitrep-037-2026-06-20; inrb-sitrep-038-2026-06-21; inrb-sitrep-039-2026-06-22; inrb-sitrep-040-2026-06-23; inrb-sitrep-041-2026-06-24; inrb-sitrep-042-2026-06-25; inrb-sitrep-044-2026-06-27; inrb-sitrep-046-2026-06-29; inrb-sitrep-047-2026-06-30; inrb-sitrep-048-2026-07-01; inrb-sitrep-049-2026-07-02; inrb-sitrep-050-2026-07-03; inrb-sitrep-051-2026-07-04; inrb-sitrep-052-2026-07-05; inrb-sitrep-053-2026-07-06; inrb-sitrep-054-2026-07-07; inrb-sitrep-055-2026-07-08; inrb-sitrep-056-2026-07-09; inrb-sitrep-057-2026-07-10; inrb-sitrep-058-2026-07-11; inrb-sitrep-059-2026-07-12; inrb-umie-ebola-drc-2026-build-2026-05-28-bb8b7d5; inrb-umie-ebola-drc-2026-build-2026-06-01-b4cafc9; uganda-moh-ebola-update-2026-06-06; uganda-moh-ebola-update-2026-06-20; uganda-moh-ebola-update-2026-06-21; who-daily-epi-bdbv-2026-06-08; who-dg-remarks-bdbv-2026-05-20; who-dg-remarks-bdbv-2026-05-22; who-don602-2026-05-15-live; who-don603-2026-05-21-live; who-don606-bdbv-2026-06-08; who-ihr-ec-bdbv-temporary-recommendations-2026-05-22; who-pheic-2026-05-17-live; wikipedia-2026-ituri-epidemic-2026-05-20-live,"Descriptive watch-point interval, not a forecast or response recommendation."
corridor:84:nia-nia:kampala-uga,nia-nia,kampala-uga,30,0.09764838889605668,0.2551458421836499,0.18747334992079065,0.44852989909480756,0.05246686510953012,0.698359093937984,zone-attributed confirmed count 35 for this source zone; visibility-adjustment factor 2.02× reflects under-reporting in source zone; raw risk likely understates true hazard,BDBV-CLAIM-050,derived_model_output_with_unsupported_exponent_attribution,pinned_snapshot_model_output,africa-cdc-phecs-2026-05-18-live; afro-sitrep-01-2026-05-18-live; afro-sitrep-01-pdf-2026-05-18-live; cdc-current-situation-2026-05-21; cdc-current-situation-2026-05-23; cdc-current-situation-2026-05-24; cdc-current-situation-2026-05-25; drc-moh-epidemie-dashboard-sitrep-009-graphql-2026-05-24; drc-moh-epidemie-dashboard-sitrep-mve-n-007-mvb-17-2026-pdf-2026-05-22; ecdc-bdbv-drc-uga-2026-05-19-live; ecdc-bdbv-drc-uga-2026-05-21-live; ecdc-bdbv-drc-uga-2026-05-25-live; ecdc-bdbv-drc-uga-2026-05-26-live; ecdc-bdbv-drc-uga-2026-05-27-live; inrb-sitrep-015-2026-05-29; inrb-sitrep-016-2026-05-30; inrb-sitrep-017-2026-05-31; inrb-sitrep-018-2026-06-01; inrb-sitrep-019-2026-06-02; inrb-sitrep-020-2026-06-03; inrb-sitrep-021-2026-06-04; inrb-sitrep-022-2026-06-05; inrb-sitrep-023-2026-06-06; inrb-sitrep-024-2026-06-07; inrb-sitrep-025-2026-06-08; inrb-sitrep-026-2026-06-09; inrb-sitrep-027-2026-06-10; inrb-sitrep-028-2026-06-11; inrb-sitrep-030-2026-06-13; inrb-sitrep-031-2026-06-14; inrb-sitrep-032-2026-06-15; inrb-sitrep-033-2026-06-16; inrb-sitrep-034-2026-06-17; inrb-sitrep-035-2026-06-18; inrb-sitrep-036-2026-06-19; inrb-sitrep-037-2026-06-20; inrb-sitrep-038-2026-06-21; inrb-sitrep-039-2026-06-22; inrb-sitrep-040-2026-06-23; inrb-sitrep-041-2026-06-24; inrb-sitrep-042-2026-06-25; inrb-sitrep-044-2026-06-27; inrb-sitrep-046-2026-06-29; inrb-sitrep-047-2026-06-30; inrb-sitrep-048-2026-07-01; inrb-sitrep-049-2026-07-02; inrb-sitrep-050-2026-07-03; inrb-sitrep-051-2026-07-04; inrb-sitrep-052-2026-07-05; inrb-sitrep-053-2026-07-06; inrb-sitrep-054-2026-07-07; inrb-sitrep-055-2026-07-08; inrb-sitrep-056-2026-07-09; inrb-sitrep-057-2026-07-10; inrb-sitrep-058-2026-07-11; inrb-sitrep-059-2026-07-12; inrb-umie-ebola-drc-2026-build-2026-05-28-bb8b7d5; inrb-umie-ebola-drc-2026-build-2026-06-01-b4cafc9; uganda-moh-ebola-update-2026-06-06; uganda-moh-ebola-update-2026-06-20; uganda-moh-ebola-update-2026-06-21; who-daily-epi-bdbv-2026-06-08; who-dg-remarks-bdbv-2026-05-20; who-dg-remarks-bdbv-2026-05-22; who-don602-2026-05-15-live; who-don603-2026-05-21-live; who-don606-bdbv-2026-06-08; who-ihr-ec-bdbv-temporary-recommendations-2026-05-22; who-pheic-2026-05-17-live; wikipedia-2026-ituri-epidemic-2026-05-20-live,"Descriptive watch-point interval, not a forecast or response recommendation."
corridor:85:nia-nia:bundibugyo-uga,nia-nia,bundibugyo-uga,30,0.09711320732307538,0.2534438585200324,0.18649931165831182,0.44598064599210296,0.04264538212898635,0.7059468859478483,zone-attributed confirmed count 35 for this source zone; visibility-adjustment factor 2.02× reflects under-reporting in source zone; raw risk likely understates true hazard,BDBV-CLAIM-050,derived_model_output_with_unsupported_exponent_attribution,pinned_snapshot_model_output,africa-cdc-phecs-2026-05-18-live; afro-sitrep-01-2026-05-18-live; afro-sitrep-01-pdf-2026-05-18-live; cdc-current-situation-2026-05-21; cdc-current-situation-2026-05-23; cdc-current-situation-2026-05-24; cdc-current-situation-2026-05-25; drc-moh-epidemie-dashboard-sitrep-009-graphql-2026-05-24; drc-moh-epidemie-dashboard-sitrep-mve-n-007-mvb-17-2026-pdf-2026-05-22; ecdc-bdbv-drc-uga-2026-05-19-live; ecdc-bdbv-drc-uga-2026-05-21-live; ecdc-bdbv-drc-uga-2026-05-25-live; ecdc-bdbv-drc-uga-2026-05-26-live; ecdc-bdbv-drc-uga-2026-05-27-live; inrb-sitrep-015-2026-05-29; inrb-sitrep-016-2026-05-30; inrb-sitrep-017-2026-05-31; inrb-sitrep-018-2026-06-01; inrb-sitrep-019-2026-06-02; inrb-sitrep-020-2026-06-03; inrb-sitrep-021-2026-06-04; inrb-sitrep-022-2026-06-05; inrb-sitrep-023-2026-06-06; inrb-sitrep-024-2026-06-07; inrb-sitrep-025-2026-06-08; inrb-sitrep-026-2026-06-09; inrb-sitrep-027-2026-06-10; inrb-sitrep-028-2026-06-11; inrb-sitrep-030-2026-06-13; inrb-sitrep-031-2026-06-14; inrb-sitrep-032-2026-06-15; inrb-sitrep-033-2026-06-16; inrb-sitrep-034-2026-06-17; inrb-sitrep-035-2026-06-18; inrb-sitrep-036-2026-06-19; inrb-sitrep-037-2026-06-20; inrb-sitrep-038-2026-06-21; inrb-sitrep-039-2026-06-22; inrb-sitrep-040-2026-06-23; inrb-sitrep-041-2026-06-24; inrb-sitrep-042-2026-06-25; inrb-sitrep-044-2026-06-27; inrb-sitrep-046-2026-06-29; inrb-sitrep-047-2026-06-30; inrb-sitrep-048-2026-07-01; inrb-sitrep-049-2026-07-02; inrb-sitrep-050-2026-07-03; inrb-sitrep-051-2026-07-04; inrb-sitrep-052-2026-07-05; inrb-sitrep-053-2026-07-06; inrb-sitrep-054-2026-07-07; inrb-sitrep-055-2026-07-08; inrb-sitrep-056-2026-07-09; inrb-sitrep-057-2026-07-10; inrb-sitrep-058-2026-07-11; inrb-sitrep-059-2026-07-12; inrb-umie-ebola-drc-2026-build-2026-05-28-bb8b7d5; inrb-umie-ebola-drc-2026-build-2026-06-01-b4cafc9; uganda-moh-ebola-update-2026-06-06; uganda-moh-ebola-update-2026-06-20; uganda-moh-ebola-update-2026-06-21; who-daily-epi-bdbv-2026-06-08; who-dg-remarks-bdbv-2026-05-20; who-dg-remarks-bdbv-2026-05-22; who-don602-2026-05-15-live; who-don603-2026-05-21-live; who-don606-bdbv-2026-06-08; who-ihr-ec-bdbv-temporary-recommendations-2026-05-22; who-pheic-2026-05-17-live; wikipedia-2026-ituri-epidemic-2026-05-20-live,"Descriptive watch-point interval, not a forecast or response recommendation."
corridor:86:nia-nia:yei-ssd,nia-nia,yei-ssd,30,0.10127727849080478,0.24853685908080375,0.1940619210052948,0.43859834896985705,0.0576937863144389,0.6862868390614184,zone-attributed confirmed count 35 for this source zone; visibility-adjustment factor 2.02× reflects under-reporting in source zone; raw risk likely understates true hazard,BDBV-CLAIM-050,derived_model_output_with_unsupported_exponent_attribution,pinned_snapshot_model_output,africa-cdc-phecs-2026-05-18-live; afro-sitrep-01-2026-05-18-live; afro-sitrep-01-pdf-2026-05-18-live; cdc-current-situation-2026-05-21; cdc-current-situation-2026-05-23; cdc-current-situation-2026-05-24; cdc-current-situation-2026-05-25; drc-moh-epidemie-dashboard-sitrep-009-graphql-2026-05-24; drc-moh-epidemie-dashboard-sitrep-mve-n-007-mvb-17-2026-pdf-2026-05-22; ecdc-bdbv-drc-uga-2026-05-19-live; ecdc-bdbv-drc-uga-2026-05-21-live; ecdc-bdbv-drc-uga-2026-05-25-live; ecdc-bdbv-drc-uga-2026-05-26-live; ecdc-bdbv-drc-uga-2026-05-27-live; inrb-sitrep-015-2026-05-29; inrb-sitrep-016-2026-05-30; inrb-sitrep-017-2026-05-31; inrb-sitrep-018-2026-06-01; inrb-sitrep-019-2026-06-02; inrb-sitrep-020-2026-06-03; inrb-sitrep-021-2026-06-04; inrb-sitrep-022-2026-06-05; inrb-sitrep-023-2026-06-06; inrb-sitrep-024-2026-06-07; inrb-sitrep-025-2026-06-08; inrb-sitrep-026-2026-06-09; inrb-sitrep-027-2026-06-10; inrb-sitrep-028-2026-06-11; inrb-sitrep-030-2026-06-13; inrb-sitrep-031-2026-06-14; inrb-sitrep-032-2026-06-15; inrb-sitrep-033-2026-06-16; inrb-sitrep-034-2026-06-17; inrb-sitrep-035-2026-06-18; inrb-sitrep-036-2026-06-19; inrb-sitrep-037-2026-06-20; inrb-sitrep-038-2026-06-21; inrb-sitrep-039-2026-06-22; inrb-sitrep-040-2026-06-23; inrb-sitrep-041-2026-06-24; inrb-sitrep-042-2026-06-25; inrb-sitrep-044-2026-06-27; inrb-sitrep-046-2026-06-29; inrb-sitrep-047-2026-06-30; inrb-sitrep-048-2026-07-01; inrb-sitrep-049-2026-07-02; inrb-sitrep-050-2026-07-03; inrb-sitrep-051-2026-07-04; inrb-sitrep-052-2026-07-05; inrb-sitrep-053-2026-07-06; inrb-sitrep-054-2026-07-07; inrb-sitrep-055-2026-07-08; inrb-sitrep-056-2026-07-09; inrb-sitrep-057-2026-07-10; inrb-sitrep-058-2026-07-11; inrb-sitrep-059-2026-07-12; inrb-umie-ebola-drc-2026-build-2026-05-28-bb8b7d5; inrb-umie-ebola-drc-2026-build-2026-06-01-b4cafc9; uganda-moh-ebola-update-2026-06-06; uganda-moh-ebola-update-2026-06-20; uganda-moh-ebola-update-2026-06-21; who-daily-epi-bdbv-2026-06-08; who-dg-remarks-bdbv-2026-05-20; who-dg-remarks-bdbv-2026-05-22; who-don602-2026-05-15-live; who-don603-2026-05-21-live; who-don606-bdbv-2026-06-08; who-ihr-ec-bdbv-temporary-recommendations-2026-05-22; who-pheic-2026-05-17-live; wikipedia-2026-ituri-epidemic-2026-05-20-live,"Descriptive watch-point interval, not a forecast or response recommendation."
corridor:87:nia-nia:kisangani-cod,nia-nia,kisangani-cod,30,0.09256372406914293,0.2408368373653039,0.17819619287859403,0.42691511941102916,0.053518517243181955,0.6822071390007576,zone-attributed confirmed count 35 for this source zone; visibility-adjustment factor 2.02× reflects under-reporting in source zone; raw risk likely understates true hazard,BDBV-CLAIM-050,derived_model_output_with_unsupported_exponent_attribution,pinned_snapshot_model_output,africa-cdc-phecs-2026-05-18-live; afro-sitrep-01-2026-05-18-live; afro-sitrep-01-pdf-2026-05-18-live; cdc-current-situation-2026-05-21; cdc-current-situation-2026-05-23; cdc-current-situation-2026-05-24; cdc-current-situation-2026-05-25; drc-moh-epidemie-dashboard-sitrep-009-graphql-2026-05-24; drc-moh-epidemie-dashboard-sitrep-mve-n-007-mvb-17-2026-pdf-2026-05-22; ecdc-bdbv-drc-uga-2026-05-19-live; ecdc-bdbv-drc-uga-2026-05-21-live; ecdc-bdbv-drc-uga-2026-05-25-live; ecdc-bdbv-drc-uga-2026-05-26-live; ecdc-bdbv-drc-uga-2026-05-27-live; inrb-sitrep-015-2026-05-29; inrb-sitrep-016-2026-05-30; inrb-sitrep-017-2026-05-31; inrb-sitrep-018-2026-06-01; inrb-sitrep-019-2026-06-02; inrb-sitrep-020-2026-06-03; inrb-sitrep-021-2026-06-04; inrb-sitrep-022-2026-06-05; inrb-sitrep-023-2026-06-06; inrb-sitrep-024-2026-06-07; inrb-sitrep-025-2026-06-08; inrb-sitrep-026-2026-06-09; inrb-sitrep-027-2026-06-10; inrb-sitrep-028-2026-06-11; inrb-sitrep-030-2026-06-13; inrb-sitrep-031-2026-06-14; inrb-sitrep-032-2026-06-15; inrb-sitrep-033-2026-06-16; inrb-sitrep-034-2026-06-17; inrb-sitrep-035-2026-06-18; inrb-sitrep-036-2026-06-19; inrb-sitrep-037-2026-06-20; inrb-sitrep-038-2026-06-21; inrb-sitrep-039-2026-06-22; inrb-sitrep-040-2026-06-23; inrb-sitrep-041-2026-06-24; inrb-sitrep-042-2026-06-25; inrb-sitrep-044-2026-06-27; inrb-sitrep-046-2026-06-29; inrb-sitrep-047-2026-06-30; inrb-sitrep-048-2026-07-01; inrb-sitrep-049-2026-07-02; inrb-sitrep-050-2026-07-03; inrb-sitrep-051-2026-07-04; inrb-sitrep-052-2026-07-05; inrb-sitrep-053-2026-07-06; inrb-sitrep-054-2026-07-07; inrb-sitrep-055-2026-07-08; inrb-sitrep-056-2026-07-09; inrb-sitrep-057-2026-07-10; inrb-sitrep-058-2026-07-11; inrb-sitrep-059-2026-07-12; inrb-umie-ebola-drc-2026-build-2026-05-28-bb8b7d5; inrb-umie-ebola-drc-2026-build-2026-06-01-b4cafc9; uganda-moh-ebola-update-2026-06-06; uganda-moh-ebola-update-2026-06-20; uganda-moh-ebola-update-2026-06-21; who-daily-epi-bdbv-2026-06-08; who-dg-remarks-bdbv-2026-05-20; who-dg-remarks-bdbv-2026-05-22; who-don602-2026-05-15-live; who-don603-2026-05-21-live; who-don606-bdbv-2026-06-08; who-ihr-ec-bdbv-temporary-recommendations-2026-05-22; who-pheic-2026-05-17-live; wikipedia-2026-ituri-epidemic-2026-05-20-live,"Descriptive watch-point interval, not a forecast or response recommendation."
corridor:88:nia-nia:beni-cod,nia-nia,beni-cod,30,0.09176252558788353,0.23976628987779192,0.1767294860766662,0.4252780354976028,0.04534720879981034,0.6764531415934639,zone-attributed confirmed count 35 for this source zone; visibility-adjustment factor 2.02× reflects under-reporting in source zone; raw risk likely understates true hazard,BDBV-CLAIM-050,derived_model_output_with_unsupported_exponent_attribution,pinned_snapshot_model_output,africa-cdc-phecs-2026-05-18-live; afro-sitrep-01-2026-05-18-live; afro-sitrep-01-pdf-2026-05-18-live; cdc-current-situation-2026-05-21; cdc-current-situation-2026-05-23; cdc-current-situation-2026-05-24; cdc-current-situation-2026-05-25; drc-moh-epidemie-dashboard-sitrep-009-graphql-2026-05-24; drc-moh-epidemie-dashboard-sitrep-mve-n-007-mvb-17-2026-pdf-2026-05-22; ecdc-bdbv-drc-uga-2026-05-19-live; ecdc-bdbv-drc-uga-2026-05-21-live; ecdc-bdbv-drc-uga-2026-05-25-live; ecdc-bdbv-drc-uga-2026-05-26-live; ecdc-bdbv-drc-uga-2026-05-27-live; inrb-sitrep-015-2026-05-29; inrb-sitrep-016-2026-05-30; inrb-sitrep-017-2026-05-31; inrb-sitrep-018-2026-06-01; inrb-sitrep-019-2026-06-02; inrb-sitrep-020-2026-06-03; inrb-sitrep-021-2026-06-04; inrb-sitrep-022-2026-06-05; inrb-sitrep-023-2026-06-06; inrb-sitrep-024-2026-06-07; inrb-sitrep-025-2026-06-08; inrb-sitrep-026-2026-06-09; inrb-sitrep-027-2026-06-10; inrb-sitrep-028-2026-06-11; inrb-sitrep-030-2026-06-13; inrb-sitrep-031-2026-06-14; inrb-sitrep-032-2026-06-15; inrb-sitrep-033-2026-06-16; inrb-sitrep-034-2026-06-17; inrb-sitrep-035-2026-06-18; inrb-sitrep-036-2026-06-19; inrb-sitrep-037-2026-06-20; inrb-sitrep-038-2026-06-21; inrb-sitrep-039-2026-06-22; inrb-sitrep-040-2026-06-23; inrb-sitrep-041-2026-06-24; inrb-sitrep-042-2026-06-25; inrb-sitrep-044-2026-06-27; inrb-sitrep-046-2026-06-29; inrb-sitrep-047-2026-06-30; inrb-sitrep-048-2026-07-01; inrb-sitrep-049-2026-07-02; inrb-sitrep-050-2026-07-03; inrb-sitrep-051-2026-07-04; inrb-sitrep-052-2026-07-05; inrb-sitrep-053-2026-07-06; inrb-sitrep-054-2026-07-07; inrb-sitrep-055-2026-07-08; inrb-sitrep-056-2026-07-09; inrb-sitrep-057-2026-07-10; inrb-sitrep-058-2026-07-11; inrb-sitrep-059-2026-07-12; inrb-umie-ebola-drc-2026-build-2026-05-28-bb8b7d5; inrb-umie-ebola-drc-2026-build-2026-06-01-b4cafc9; uganda-moh-ebola-update-2026-06-06; uganda-moh-ebola-update-2026-06-20; uganda-moh-ebola-update-2026-06-21; who-daily-epi-bdbv-2026-06-08; who-dg-remarks-bdbv-2026-05-20; who-dg-remarks-bdbv-2026-05-22; who-don602-2026-05-15-live; who-don603-2026-05-21-live; who-don606-bdbv-2026-06-08; who-ihr-ec-bdbv-temporary-recommendations-2026-05-22; who-pheic-2026-05-17-live; wikipedia-2026-ituri-epidemic-2026-05-20-live,"Descriptive watch-point interval, not a forecast or response recommendation."
corridor:89:nia-nia:kasese-uga,nia-nia,kasese-uga,30,0.09079935162990513,0.23421730273772942,0.17496451060310186,0.4167737691927812,0.051732629814554065,0.7015959263905593,zone-attributed confirmed count 35 for this source zone; visibility-adjustment factor 2.02× reflects under-reporting in source zone; raw risk likely understates true hazard,BDBV-CLAIM-050,derived_model_output_with_unsupported_exponent_attribution,pinned_snapshot_model_output,africa-cdc-phecs-2026-05-18-live; afro-sitrep-01-2026-05-18-live; afro-sitrep-01-pdf-2026-05-18-live; cdc-current-situation-2026-05-21; cdc-current-situation-2026-05-23; cdc-current-situation-2026-05-24; cdc-current-situation-2026-05-25; drc-moh-epidemie-dashboard-sitrep-009-graphql-2026-05-24; drc-moh-epidemie-dashboard-sitrep-mve-n-007-mvb-17-2026-pdf-2026-05-22; ecdc-bdbv-drc-uga-2026-05-19-live; ecdc-bdbv-drc-uga-2026-05-21-live; ecdc-bdbv-drc-uga-2026-05-25-live; ecdc-bdbv-drc-uga-2026-05-26-live; ecdc-bdbv-drc-uga-2026-05-27-live; inrb-sitrep-015-2026-05-29; inrb-sitrep-016-2026-05-30; inrb-sitrep-017-2026-05-31; inrb-sitrep-018-2026-06-01; inrb-sitrep-019-2026-06-02; inrb-sitrep-020-2026-06-03; inrb-sitrep-021-2026-06-04; inrb-sitrep-022-2026-06-05; inrb-sitrep-023-2026-06-06; inrb-sitrep-024-2026-06-07; inrb-sitrep-025-2026-06-08; inrb-sitrep-026-2026-06-09; inrb-sitrep-027-2026-06-10; inrb-sitrep-028-2026-06-11; inrb-sitrep-030-2026-06-13; inrb-sitrep-031-2026-06-14; inrb-sitrep-032-2026-06-15; inrb-sitrep-033-2026-06-16; inrb-sitrep-034-2026-06-17; inrb-sitrep-035-2026-06-18; inrb-sitrep-036-2026-06-19; inrb-sitrep-037-2026-06-20; inrb-sitrep-038-2026-06-21; inrb-sitrep-039-2026-06-22; inrb-sitrep-040-2026-06-23; inrb-sitrep-041-2026-06-24; inrb-sitrep-042-2026-06-25; inrb-sitrep-044-2026-06-27; inrb-sitrep-046-2026-06-29; inrb-sitrep-047-2026-06-30; inrb-sitrep-048-2026-07-01; inrb-sitrep-049-2026-07-02; inrb-sitrep-050-2026-07-03; inrb-sitrep-051-2026-07-04; inrb-sitrep-052-2026-07-05; inrb-sitrep-053-2026-07-06; inrb-sitrep-054-2026-07-07; inrb-sitrep-055-2026-07-08; inrb-sitrep-056-2026-07-09; inrb-sitrep-057-2026-07-10; inrb-sitrep-058-2026-07-11; inrb-sitrep-059-2026-07-12; inrb-umie-ebola-drc-2026-build-2026-05-28-bb8b7d5; inrb-umie-ebola-drc-2026-build-2026-06-01-b4cafc9; uganda-moh-ebola-update-2026-06-06; uganda-moh-ebola-update-2026-06-20; uganda-moh-ebola-update-2026-06-21; who-daily-epi-bdbv-2026-06-08; who-dg-remarks-bdbv-2026-05-20; who-dg-remarks-bdbv-2026-05-22; who-don602-2026-05-15-live; who-don603-2026-05-21-live; who-don606-bdbv-2026-06-08; who-ihr-ec-bdbv-temporary-recommendations-2026-05-22; who-pheic-2026-05-17-live; wikipedia-2026-ituri-epidemic-2026-05-20-live,"Descriptive watch-point interval, not a forecast or response recommendation."
corridor:90:nia-nia:nebbi-uga,nia-nia,nebbi-uga,30,0.09181032316047055,0.2341790317488911,0.17681702288592177,0.41671469013019535,0.0472348406270897,0.6465352164570397,zone-attributed confirmed count 35 for this source zone; visibility-adjustment factor 2.02× reflects under-reporting in source zone; raw risk likely understates true hazard,BDBV-CLAIM-050,derived_model_output_with_unsupported_exponent_attribution,pinned_snapshot_model_output,africa-cdc-phecs-2026-05-18-live; afro-sitrep-01-2026-05-18-live; afro-sitrep-01-pdf-2026-05-18-live; cdc-current-situation-2026-05-21; cdc-current-situation-2026-05-23; cdc-current-situation-2026-05-24; cdc-current-situation-2026-05-25; drc-moh-epidemie-dashboard-sitrep-009-graphql-2026-05-24; drc-moh-epidemie-dashboard-sitrep-mve-n-007-mvb-17-2026-pdf-2026-05-22; ecdc-bdbv-drc-uga-2026-05-19-live; ecdc-bdbv-drc-uga-2026-05-21-live; ecdc-bdbv-drc-uga-2026-05-25-live; ecdc-bdbv-drc-uga-2026-05-26-live; ecdc-bdbv-drc-uga-2026-05-27-live; inrb-sitrep-015-2026-05-29; inrb-sitrep-016-2026-05-30; inrb-sitrep-017-2026-05-31; inrb-sitrep-018-2026-06-01; inrb-sitrep-019-2026-06-02; inrb-sitrep-020-2026-06-03; inrb-sitrep-021-2026-06-04; inrb-sitrep-022-2026-06-05; inrb-sitrep-023-2026-06-06; inrb-sitrep-024-2026-06-07; inrb-sitrep-025-2026-06-08; inrb-sitrep-026-2026-06-09; inrb-sitrep-027-2026-06-10; inrb-sitrep-028-2026-06-11; inrb-sitrep-030-2026-06-13; inrb-sitrep-031-2026-06-14; inrb-sitrep-032-2026-06-15; inrb-sitrep-033-2026-06-16; inrb-sitrep-034-2026-06-17; inrb-sitrep-035-2026-06-18; inrb-sitrep-036-2026-06-19; inrb-sitrep-037-2026-06-20; inrb-sitrep-038-2026-06-21; inrb-sitrep-039-2026-06-22; inrb-sitrep-040-2026-06-23; inrb-sitrep-041-2026-06-24; inrb-sitrep-042-2026-06-25; inrb-sitrep-044-2026-06-27; inrb-sitrep-046-2026-06-29; inrb-sitrep-047-2026-06-30; inrb-sitrep-048-2026-07-01; inrb-sitrep-049-2026-07-02; inrb-sitrep-050-2026-07-03; inrb-sitrep-051-2026-07-04; inrb-sitrep-052-2026-07-05; inrb-sitrep-053-2026-07-06; inrb-sitrep-054-2026-07-07; inrb-sitrep-055-2026-07-08; inrb-sitrep-056-2026-07-09; inrb-sitrep-057-2026-07-10; inrb-sitrep-058-2026-07-11; inrb-sitrep-059-2026-07-12; inrb-umie-ebola-drc-2026-build-2026-05-28-bb8b7d5; inrb-umie-ebola-drc-2026-build-2026-06-01-b4cafc9; uganda-moh-ebola-update-2026-06-06; uganda-moh-ebola-update-2026-06-20; uganda-moh-ebola-update-2026-06-21; who-daily-epi-bdbv-2026-06-08; who-dg-remarks-bdbv-2026-05-20; who-dg-remarks-bdbv-2026-05-22; who-don602-2026-05-15-live; who-don603-2026-05-21-live; who-don606-bdbv-2026-06-08; who-ihr-ec-bdbv-temporary-recommendations-2026-05-22; who-pheic-2026-05-17-live; wikipedia-2026-ituri-epidemic-2026-05-20-live,"Descriptive watch-point interval, not a forecast or response recommendation."
corridor:91:bambu:kampala-uga,bambu,kampala-uga,30,0.08942265144155082,0.23110920180861896,0.17243845448937356,0.4119808990625232,0.049143003069300015,0.692387143713668,zone-attributed confirmed count 31 for this source zone; visibility-adjustment factor 2.02× reflects under-reporting in source zone; raw risk likely understates true hazard,BDBV-CLAIM-050,derived_model_output_with_unsupported_exponent_attribution,pinned_snapshot_model_output,africa-cdc-phecs-2026-05-18-live; afro-sitrep-01-2026-05-18-live; afro-sitrep-01-pdf-2026-05-18-live; cdc-current-situation-2026-05-21; cdc-current-situation-2026-05-23; cdc-current-situation-2026-05-24; cdc-current-situation-2026-05-25; drc-moh-epidemie-dashboard-sitrep-009-graphql-2026-05-24; drc-moh-epidemie-dashboard-sitrep-mve-n-007-mvb-17-2026-pdf-2026-05-22; ecdc-bdbv-drc-uga-2026-05-19-live; ecdc-bdbv-drc-uga-2026-05-21-live; ecdc-bdbv-drc-uga-2026-05-25-live; ecdc-bdbv-drc-uga-2026-05-26-live; ecdc-bdbv-drc-uga-2026-05-27-live; inrb-sitrep-015-2026-05-29; inrb-sitrep-016-2026-05-30; inrb-sitrep-017-2026-05-31; inrb-sitrep-018-2026-06-01; inrb-sitrep-019-2026-06-02; inrb-sitrep-020-2026-06-03; inrb-sitrep-021-2026-06-04; inrb-sitrep-022-2026-06-05; inrb-sitrep-023-2026-06-06; inrb-sitrep-024-2026-06-07; inrb-sitrep-025-2026-06-08; inrb-sitrep-026-2026-06-09; inrb-sitrep-027-2026-06-10; inrb-sitrep-028-2026-06-11; inrb-sitrep-030-2026-06-13; inrb-sitrep-031-2026-06-14; inrb-sitrep-032-2026-06-15; inrb-sitrep-033-2026-06-16; inrb-sitrep-034-2026-06-17; inrb-sitrep-035-2026-06-18; inrb-sitrep-036-2026-06-19; inrb-sitrep-037-2026-06-20; inrb-sitrep-038-2026-06-21; inrb-sitrep-039-2026-06-22; inrb-sitrep-040-2026-06-23; inrb-sitrep-041-2026-06-24; inrb-sitrep-042-2026-06-25; inrb-sitrep-044-2026-06-27; inrb-sitrep-046-2026-06-29; inrb-sitrep-047-2026-06-30; inrb-sitrep-048-2026-07-01; inrb-sitrep-049-2026-07-02; inrb-sitrep-050-2026-07-03; inrb-sitrep-051-2026-07-04; inrb-sitrep-052-2026-07-05; inrb-sitrep-053-2026-07-06; inrb-sitrep-054-2026-07-07; inrb-sitrep-055-2026-07-08; inrb-sitrep-056-2026-07-09; inrb-sitrep-057-2026-07-10; inrb-sitrep-058-2026-07-11; inrb-sitrep-059-2026-07-12; inrb-umie-ebola-drc-2026-build-2026-05-28-bb8b7d5; inrb-umie-ebola-drc-2026-build-2026-06-01-b4cafc9; uganda-moh-ebola-update-2026-06-06; uganda-moh-ebola-update-2026-06-20; uganda-moh-ebola-update-2026-06-21; who-daily-epi-bdbv-2026-06-08; who-dg-remarks-bdbv-2026-05-20; who-dg-remarks-bdbv-2026-05-22; who-don602-2026-05-15-live; who-don603-2026-05-21-live; who-don606-bdbv-2026-06-08; who-ihr-ec-bdbv-temporary-recommendations-2026-05-22; who-pheic-2026-05-17-live; wikipedia-2026-ituri-epidemic-2026-05-20-live,"Descriptive watch-point interval, not a forecast or response recommendation."
corridor:92:bambu:kisangani-cod,bambu,kisangani-cod,30,0.08582777240612505,0.22568733186693624,0.16582395026977395,0.40357310547625946,0.040906638622912016,0.6625445437708982,zone-attributed confirmed count 31 for this source zone; visibility-adjustment factor 2.02× reflects under-reporting in source zone; raw risk likely understates true hazard,BDBV-CLAIM-050,derived_model_output_with_unsupported_exponent_attribution,pinned_snapshot_model_output,africa-cdc-phecs-2026-05-18-live; afro-sitrep-01-2026-05-18-live; afro-sitrep-01-pdf-2026-05-18-live; cdc-current-situation-2026-05-21; cdc-current-situation-2026-05-23; cdc-current-situation-2026-05-24; cdc-current-situation-2026-05-25; drc-moh-epidemie-dashboard-sitrep-009-graphql-2026-05-24; drc-moh-epidemie-dashboard-sitrep-mve-n-007-mvb-17-2026-pdf-2026-05-22; ecdc-bdbv-drc-uga-2026-05-19-live; ecdc-bdbv-drc-uga-2026-05-21-live; ecdc-bdbv-drc-uga-2026-05-25-live; ecdc-bdbv-drc-uga-2026-05-26-live; ecdc-bdbv-drc-uga-2026-05-27-live; inrb-sitrep-015-2026-05-29; inrb-sitrep-016-2026-05-30; inrb-sitrep-017-2026-05-31; inrb-sitrep-018-2026-06-01; inrb-sitrep-019-2026-06-02; inrb-sitrep-020-2026-06-03; inrb-sitrep-021-2026-06-04; inrb-sitrep-022-2026-06-05; inrb-sitrep-023-2026-06-06; inrb-sitrep-024-2026-06-07; inrb-sitrep-025-2026-06-08; inrb-sitrep-026-2026-06-09; inrb-sitrep-027-2026-06-10; inrb-sitrep-028-2026-06-11; inrb-sitrep-030-2026-06-13; inrb-sitrep-031-2026-06-14; inrb-sitrep-032-2026-06-15; inrb-sitrep-033-2026-06-16; inrb-sitrep-034-2026-06-17; inrb-sitrep-035-2026-06-18; inrb-sitrep-036-2026-06-19; inrb-sitrep-037-2026-06-20; inrb-sitrep-038-2026-06-21; inrb-sitrep-039-2026-06-22; inrb-sitrep-040-2026-06-23; inrb-sitrep-041-2026-06-24; inrb-sitrep-042-2026-06-25; inrb-sitrep-044-2026-06-27; inrb-sitrep-046-2026-06-29; inrb-sitrep-047-2026-06-30; inrb-sitrep-048-2026-07-01; inrb-sitrep-049-2026-07-02; inrb-sitrep-050-2026-07-03; inrb-sitrep-051-2026-07-04; inrb-sitrep-052-2026-07-05; inrb-sitrep-053-2026-07-06; inrb-sitrep-054-2026-07-07; inrb-sitrep-055-2026-07-08; inrb-sitrep-056-2026-07-09; inrb-sitrep-057-2026-07-10; inrb-sitrep-058-2026-07-11; inrb-sitrep-059-2026-07-12; inrb-umie-ebola-drc-2026-build-2026-05-28-bb8b7d5; inrb-umie-ebola-drc-2026-build-2026-06-01-b4cafc9; uganda-moh-ebola-update-2026-06-06; uganda-moh-ebola-update-2026-06-20; uganda-moh-ebola-update-2026-06-21; who-daily-epi-bdbv-2026-06-08; who-dg-remarks-bdbv-2026-05-20; who-dg-remarks-bdbv-2026-05-22; who-don602-2026-05-15-live; who-don603-2026-05-21-live; who-don606-bdbv-2026-06-08; who-ihr-ec-bdbv-temporary-recommendations-2026-05-22; who-pheic-2026-05-17-live; wikipedia-2026-ituri-epidemic-2026-05-20-live,"Descriptive watch-point interval, not a forecast or response recommendation."
corridor:93:beni-cod:nebbi-uga,beni-cod,nebbi-uga,30,0.08698952647323602,0.2243765787236145,0.16796446275222388,0.4015314136840223,0.046627642882264904,0.6062803519228375,zone-attributed confirmed count 30 for this source zone; visibility-adjustment factor 2.02× reflects under-reporting in source zone; raw risk likely understates true hazard,BDBV-CLAIM-050,derived_model_output_with_unsupported_exponent_attribution,pinned_snapshot_model_output,africa-cdc-phecs-2026-05-18-live; afro-sitrep-01-2026-05-18-live; afro-sitrep-01-pdf-2026-05-18-live; cdc-current-situation-2026-05-21; cdc-current-situation-2026-05-23; cdc-current-situation-2026-05-24; cdc-current-situation-2026-05-25; drc-moh-epidemie-dashboard-sitrep-009-graphql-2026-05-24; drc-moh-epidemie-dashboard-sitrep-mve-n-007-mvb-17-2026-pdf-2026-05-22; ecdc-bdbv-drc-uga-2026-05-19-live; ecdc-bdbv-drc-uga-2026-05-21-live; ecdc-bdbv-drc-uga-2026-05-25-live; ecdc-bdbv-drc-uga-2026-05-26-live; ecdc-bdbv-drc-uga-2026-05-27-live; inrb-sitrep-015-2026-05-29; inrb-sitrep-016-2026-05-30; inrb-sitrep-017-2026-05-31; inrb-sitrep-018-2026-06-01; inrb-sitrep-019-2026-06-02; inrb-sitrep-020-2026-06-03; inrb-sitrep-021-2026-06-04; inrb-sitrep-022-2026-06-05; inrb-sitrep-023-2026-06-06; inrb-sitrep-024-2026-06-07; inrb-sitrep-025-2026-06-08; inrb-sitrep-026-2026-06-09; inrb-sitrep-027-2026-06-10; inrb-sitrep-028-2026-06-11; inrb-sitrep-030-2026-06-13; inrb-sitrep-031-2026-06-14; inrb-sitrep-032-2026-06-15; inrb-sitrep-033-2026-06-16; inrb-sitrep-034-2026-06-17; inrb-sitrep-035-2026-06-18; inrb-sitrep-036-2026-06-19; inrb-sitrep-037-2026-06-20; inrb-sitrep-038-2026-06-21; inrb-sitrep-039-2026-06-22; inrb-sitrep-040-2026-06-23; inrb-sitrep-041-2026-06-24; inrb-sitrep-042-2026-06-25; inrb-sitrep-044-2026-06-27; inrb-sitrep-046-2026-06-29; inrb-sitrep-047-2026-06-30; inrb-sitrep-048-2026-07-01; inrb-sitrep-049-2026-07-02; inrb-sitrep-050-2026-07-03; inrb-sitrep-051-2026-07-04; inrb-sitrep-052-2026-07-05; inrb-sitrep-053-2026-07-06; inrb-sitrep-054-2026-07-07; inrb-sitrep-055-2026-07-08; inrb-sitrep-056-2026-07-09; inrb-sitrep-057-2026-07-10; inrb-sitrep-058-2026-07-11; inrb-sitrep-059-2026-07-12; inrb-umie-ebola-drc-2026-build-2026-05-28-bb8b7d5; inrb-umie-ebola-drc-2026-build-2026-06-01-b4cafc9; uganda-moh-ebola-update-2026-06-06; uganda-moh-ebola-update-2026-06-20; uganda-moh-ebola-update-2026-06-21; who-daily-epi-bdbv-2026-06-08; who-dg-remarks-bdbv-2026-05-20; who-dg-remarks-bdbv-2026-05-22; who-don602-2026-05-15-live; who-don603-2026-05-21-live; who-don606-bdbv-2026-06-08; who-ihr-ec-bdbv-temporary-recommendations-2026-05-22; who-pheic-2026-05-17-live; wikipedia-2026-ituri-epidemic-2026-05-20-live,"Descriptive watch-point interval, not a forecast or response recommendation."
corridor:94:bambu:goma-cod,bambu,goma-cod,30,0.09560634527335063,0.22374931036763396,0.1837541069349591,0.40055306051157236,0.05619222895724043,0.6549789948188439,zone-attributed confirmed count 31 for this source zone; visibility-adjustment factor 2.02× reflects under-reporting in source zone; raw risk likely understates true hazard,BDBV-CLAIM-050,derived_model_output_with_unsupported_exponent_attribution,pinned_snapshot_model_output,africa-cdc-phecs-2026-05-18-live; afro-sitrep-01-2026-05-18-live; afro-sitrep-01-pdf-2026-05-18-live; cdc-current-situation-2026-05-21; cdc-current-situation-2026-05-23; cdc-current-situation-2026-05-24; cdc-current-situation-2026-05-25; drc-moh-epidemie-dashboard-sitrep-009-graphql-2026-05-24; drc-moh-epidemie-dashboard-sitrep-mve-n-007-mvb-17-2026-pdf-2026-05-22; ecdc-bdbv-drc-uga-2026-05-19-live; ecdc-bdbv-drc-uga-2026-05-21-live; ecdc-bdbv-drc-uga-2026-05-25-live; ecdc-bdbv-drc-uga-2026-05-26-live; ecdc-bdbv-drc-uga-2026-05-27-live; inrb-sitrep-015-2026-05-29; inrb-sitrep-016-2026-05-30; inrb-sitrep-017-2026-05-31; inrb-sitrep-018-2026-06-01; inrb-sitrep-019-2026-06-02; inrb-sitrep-020-2026-06-03; inrb-sitrep-021-2026-06-04; inrb-sitrep-022-2026-06-05; inrb-sitrep-023-2026-06-06; inrb-sitrep-024-2026-06-07; inrb-sitrep-025-2026-06-08; inrb-sitrep-026-2026-06-09; inrb-sitrep-027-2026-06-10; inrb-sitrep-028-2026-06-11; inrb-sitrep-030-2026-06-13; inrb-sitrep-031-2026-06-14; inrb-sitrep-032-2026-06-15; inrb-sitrep-033-2026-06-16; inrb-sitrep-034-2026-06-17; inrb-sitrep-035-2026-06-18; inrb-sitrep-036-2026-06-19; inrb-sitrep-037-2026-06-20; inrb-sitrep-038-2026-06-21; inrb-sitrep-039-2026-06-22; inrb-sitrep-040-2026-06-23; inrb-sitrep-041-2026-06-24; inrb-sitrep-042-2026-06-25; inrb-sitrep-044-2026-06-27; inrb-sitrep-046-2026-06-29; inrb-sitrep-047-2026-06-30; inrb-sitrep-048-2026-07-01; inrb-sitrep-049-2026-07-02; inrb-sitrep-050-2026-07-03; inrb-sitrep-051-2026-07-04; inrb-sitrep-052-2026-07-05; inrb-sitrep-053-2026-07-06; inrb-sitrep-054-2026-07-07; inrb-sitrep-055-2026-07-08; inrb-sitrep-056-2026-07-09; inrb-sitrep-057-2026-07-10; inrb-sitrep-058-2026-07-11; inrb-sitrep-059-2026-07-12; inrb-umie-ebola-drc-2026-build-2026-05-28-bb8b7d5; inrb-umie-ebola-drc-2026-build-2026-06-01-b4cafc9; uganda-moh-ebola-update-2026-06-06; uganda-moh-ebola-update-2026-06-20; uganda-moh-ebola-update-2026-06-21; who-daily-epi-bdbv-2026-06-08; who-dg-remarks-bdbv-2026-05-20; who-dg-remarks-bdbv-2026-05-22; who-don602-2026-05-15-live; who-don603-2026-05-21-live; who-don606-bdbv-2026-06-08; who-ihr-ec-bdbv-temporary-recommendations-2026-05-22; who-pheic-2026-05-17-live; wikipedia-2026-ituri-epidemic-2026-05-20-live,"Descriptive watch-point interval, not a forecast or response recommendation."
corridor:95:bambu:yei-ssd,bambu,yei-ssd,30,0.08603686739281957,0.22195626264761403,0.1662093567911672,0.3977521131549643,0.062078478285543366,0.649866729593489,zone-attributed confirmed count 31 for this source zone; visibility-adjustment factor 2.02× reflects under-reporting in source zone; raw risk likely understates true hazard,BDBV-CLAIM-050,derived_model_output_with_unsupported_exponent_attribution,pinned_snapshot_model_output,africa-cdc-phecs-2026-05-18-live; afro-sitrep-01-2026-05-18-live; afro-sitrep-01-pdf-2026-05-18-live; cdc-current-situation-2026-05-21; cdc-current-situation-2026-05-23; cdc-current-situation-2026-05-24; cdc-current-situation-2026-05-25; drc-moh-epidemie-dashboard-sitrep-009-graphql-2026-05-24; drc-moh-epidemie-dashboard-sitrep-mve-n-007-mvb-17-2026-pdf-2026-05-22; ecdc-bdbv-drc-uga-2026-05-19-live; ecdc-bdbv-drc-uga-2026-05-21-live; ecdc-bdbv-drc-uga-2026-05-25-live; ecdc-bdbv-drc-uga-2026-05-26-live; ecdc-bdbv-drc-uga-2026-05-27-live; inrb-sitrep-015-2026-05-29; inrb-sitrep-016-2026-05-30; inrb-sitrep-017-2026-05-31; inrb-sitrep-018-2026-06-01; inrb-sitrep-019-2026-06-02; inrb-sitrep-020-2026-06-03; inrb-sitrep-021-2026-06-04; inrb-sitrep-022-2026-06-05; inrb-sitrep-023-2026-06-06; inrb-sitrep-024-2026-06-07; inrb-sitrep-025-2026-06-08; inrb-sitrep-026-2026-06-09; inrb-sitrep-027-2026-06-10; inrb-sitrep-028-2026-06-11; inrb-sitrep-030-2026-06-13; inrb-sitrep-031-2026-06-14; inrb-sitrep-032-2026-06-15; inrb-sitrep-033-2026-06-16; inrb-sitrep-034-2026-06-17; inrb-sitrep-035-2026-06-18; inrb-sitrep-036-2026-06-19; inrb-sitrep-037-2026-06-20; inrb-sitrep-038-2026-06-21; inrb-sitrep-039-2026-06-22; inrb-sitrep-040-2026-06-23; inrb-sitrep-041-2026-06-24; inrb-sitrep-042-2026-06-25; inrb-sitrep-044-2026-06-27; inrb-sitrep-046-2026-06-29; inrb-sitrep-047-2026-06-30; inrb-sitrep-048-2026-07-01; inrb-sitrep-049-2026-07-02; inrb-sitrep-050-2026-07-03; inrb-sitrep-051-2026-07-04; inrb-sitrep-052-2026-07-05; inrb-sitrep-053-2026-07-06; inrb-sitrep-054-2026-07-07; inrb-sitrep-055-2026-07-08; inrb-sitrep-056-2026-07-09; inrb-sitrep-057-2026-07-10; inrb-sitrep-058-2026-07-11; inrb-sitrep-059-2026-07-12; inrb-umie-ebola-drc-2026-build-2026-05-28-bb8b7d5; inrb-umie-ebola-drc-2026-build-2026-06-01-b4cafc9; uganda-moh-ebola-update-2026-06-06; uganda-moh-ebola-update-2026-06-20; uganda-moh-ebola-update-2026-06-21; who-daily-epi-bdbv-2026-06-08; who-dg-remarks-bdbv-2026-05-20; who-dg-remarks-bdbv-2026-05-22; who-don602-2026-05-15-live; who-don603-2026-05-21-live; who-don606-bdbv-2026-06-08; who-ihr-ec-bdbv-temporary-recommendations-2026-05-22; who-pheic-2026-05-17-live; wikipedia-2026-ituri-epidemic-2026-05-20-live,"Descriptive watch-point interval, not a forecast or response recommendation."
corridor:96:beni-cod:yei-ssd,beni-cod,yei-ssd,30,0.08082145951093744,0.21902868023885746,0.15656805359011527,0.39316467222105445,0.04801342116887046,0.6857056525308597,zone-attributed confirmed count 30 for this source zone; visibility-adjustment factor 2.02× reflects under-reporting in source zone; raw risk likely understates true hazard,BDBV-CLAIM-050,derived_model_output_with_unsupported_exponent_attribution,pinned_snapshot_model_output,africa-cdc-phecs-2026-05-18-live; afro-sitrep-01-2026-05-18-live; afro-sitrep-01-pdf-2026-05-18-live; cdc-current-situation-2026-05-21; cdc-current-situation-2026-05-23; cdc-current-situation-2026-05-24; cdc-current-situation-2026-05-25; drc-moh-epidemie-dashboard-sitrep-009-graphql-2026-05-24; drc-moh-epidemie-dashboard-sitrep-mve-n-007-mvb-17-2026-pdf-2026-05-22; ecdc-bdbv-drc-uga-2026-05-19-live; ecdc-bdbv-drc-uga-2026-05-21-live; ecdc-bdbv-drc-uga-2026-05-25-live; ecdc-bdbv-drc-uga-2026-05-26-live; ecdc-bdbv-drc-uga-2026-05-27-live; inrb-sitrep-015-2026-05-29; inrb-sitrep-016-2026-05-30; inrb-sitrep-017-2026-05-31; inrb-sitrep-018-2026-06-01; inrb-sitrep-019-2026-06-02; inrb-sitrep-020-2026-06-03; inrb-sitrep-021-2026-06-04; inrb-sitrep-022-2026-06-05; inrb-sitrep-023-2026-06-06; inrb-sitrep-024-2026-06-07; inrb-sitrep-025-2026-06-08; inrb-sitrep-026-2026-06-09; inrb-sitrep-027-2026-06-10; inrb-sitrep-028-2026-06-11; inrb-sitrep-030-2026-06-13; inrb-sitrep-031-2026-06-14; inrb-sitrep-032-2026-06-15; inrb-sitrep-033-2026-06-16; inrb-sitrep-034-2026-06-17; inrb-sitrep-035-2026-06-18; inrb-sitrep-036-2026-06-19; inrb-sitrep-037-2026-06-20; inrb-sitrep-038-2026-06-21; inrb-sitrep-039-2026-06-22; inrb-sitrep-040-2026-06-23; inrb-sitrep-041-2026-06-24; inrb-sitrep-042-2026-06-25; inrb-sitrep-044-2026-06-27; inrb-sitrep-046-2026-06-29; inrb-sitrep-047-2026-06-30; inrb-sitrep-048-2026-07-01; inrb-sitrep-049-2026-07-02; inrb-sitrep-050-2026-07-03; inrb-sitrep-051-2026-07-04; inrb-sitrep-052-2026-07-05; inrb-sitrep-053-2026-07-06; inrb-sitrep-054-2026-07-07; inrb-sitrep-055-2026-07-08; inrb-sitrep-056-2026-07-09; inrb-sitrep-057-2026-07-10; inrb-sitrep-058-2026-07-11; inrb-sitrep-059-2026-07-12; inrb-umie-ebola-drc-2026-build-2026-05-28-bb8b7d5; inrb-umie-ebola-drc-2026-build-2026-06-01-b4cafc9; uganda-moh-ebola-update-2026-06-06; uganda-moh-ebola-update-2026-06-20; uganda-moh-ebola-update-2026-06-21; who-daily-epi-bdbv-2026-06-08; who-dg-remarks-bdbv-2026-05-20; who-dg-remarks-bdbv-2026-05-22; who-don602-2026-05-15-live; who-don603-2026-05-21-live; who-don606-bdbv-2026-06-08; who-ihr-ec-bdbv-temporary-recommendations-2026-05-22; who-pheic-2026-05-17-live; wikipedia-2026-ituri-epidemic-2026-05-20-live,"Descriptive watch-point interval, not a forecast or response recommendation."
corridor:97:bambu:kasese-uga,bambu,kasese-uga,30,0.08801551827237064,0.21673155962981447,0.16985251401132495,0.38955287915751025,0.04951650206194168,0.6476911927108974,zone-attributed confirmed count 31 for this source zone; visibility-adjustment factor 2.02× reflects under-reporting in source zone; raw risk likely understates true hazard,BDBV-CLAIM-050,derived_model_output_with_unsupported_exponent_attribution,pinned_snapshot_model_output,africa-cdc-phecs-2026-05-18-live; afro-sitrep-01-2026-05-18-live; afro-sitrep-01-pdf-2026-05-18-live; cdc-current-situation-2026-05-21; cdc-current-situation-2026-05-23; cdc-current-situation-2026-05-24; cdc-current-situation-2026-05-25; drc-moh-epidemie-dashboard-sitrep-009-graphql-2026-05-24; drc-moh-epidemie-dashboard-sitrep-mve-n-007-mvb-17-2026-pdf-2026-05-22; ecdc-bdbv-drc-uga-2026-05-19-live; ecdc-bdbv-drc-uga-2026-05-21-live; ecdc-bdbv-drc-uga-2026-05-25-live; ecdc-bdbv-drc-uga-2026-05-26-live; ecdc-bdbv-drc-uga-2026-05-27-live; inrb-sitrep-015-2026-05-29; inrb-sitrep-016-2026-05-30; inrb-sitrep-017-2026-05-31; inrb-sitrep-018-2026-06-01; inrb-sitrep-019-2026-06-02; inrb-sitrep-020-2026-06-03; inrb-sitrep-021-2026-06-04; inrb-sitrep-022-2026-06-05; inrb-sitrep-023-2026-06-06; inrb-sitrep-024-2026-06-07; inrb-sitrep-025-2026-06-08; inrb-sitrep-026-2026-06-09; inrb-sitrep-027-2026-06-10; inrb-sitrep-028-2026-06-11; inrb-sitrep-030-2026-06-13; inrb-sitrep-031-2026-06-14; inrb-sitrep-032-2026-06-15; inrb-sitrep-033-2026-06-16; inrb-sitrep-034-2026-06-17; inrb-sitrep-035-2026-06-18; inrb-sitrep-036-2026-06-19; inrb-sitrep-037-2026-06-20; inrb-sitrep-038-2026-06-21; inrb-sitrep-039-2026-06-22; inrb-sitrep-040-2026-06-23; inrb-sitrep-041-2026-06-24; inrb-sitrep-042-2026-06-25; inrb-sitrep-044-2026-06-27; inrb-sitrep-046-2026-06-29; inrb-sitrep-047-2026-06-30; inrb-sitrep-048-2026-07-01; inrb-sitrep-049-2026-07-02; inrb-sitrep-050-2026-07-03; inrb-sitrep-051-2026-07-04; inrb-sitrep-052-2026-07-05; inrb-sitrep-053-2026-07-06; inrb-sitrep-054-2026-07-07; inrb-sitrep-055-2026-07-08; inrb-sitrep-056-2026-07-09; inrb-sitrep-057-2026-07-10; inrb-sitrep-058-2026-07-11; inrb-sitrep-059-2026-07-12; inrb-umie-ebola-drc-2026-build-2026-05-28-bb8b7d5; inrb-umie-ebola-drc-2026-build-2026-06-01-b4cafc9; uganda-moh-ebola-update-2026-06-06; uganda-moh-ebola-update-2026-06-20; uganda-moh-ebola-update-2026-06-21; who-daily-epi-bdbv-2026-06-08; who-dg-remarks-bdbv-2026-05-20; who-dg-remarks-bdbv-2026-05-22; who-don602-2026-05-15-live; who-don603-2026-05-21-live; who-don606-bdbv-2026-06-08; who-ihr-ec-bdbv-temporary-recommendations-2026-05-22; who-pheic-2026-05-17-live; wikipedia-2026-ituri-epidemic-2026-05-20-live,"Descriptive watch-point interval, not a forecast or response recommendation."
corridor:98:bambu:beni-cod,bambu,beni-cod,30,0.08336190261458484,0.21669146288485283,0.16127141879557827,0.38948957392985617,0.045068179894022044,0.6480209719021364,zone-attributed confirmed count 31 for this source zone; visibility-adjustment factor 2.02× reflects under-reporting in source zone; raw risk likely understates true hazard,BDBV-CLAIM-050,derived_model_output_with_unsupported_exponent_attribution,pinned_snapshot_model_output,africa-cdc-phecs-2026-05-18-live; afro-sitrep-01-2026-05-18-live; afro-sitrep-01-pdf-2026-05-18-live; cdc-current-situation-2026-05-21; cdc-current-situation-2026-05-23; cdc-current-situation-2026-05-24; cdc-current-situation-2026-05-25; drc-moh-epidemie-dashboard-sitrep-009-graphql-2026-05-24; drc-moh-epidemie-dashboard-sitrep-mve-n-007-mvb-17-2026-pdf-2026-05-22; ecdc-bdbv-drc-uga-2026-05-19-live; ecdc-bdbv-drc-uga-2026-05-21-live; ecdc-bdbv-drc-uga-2026-05-25-live; ecdc-bdbv-drc-uga-2026-05-26-live; ecdc-bdbv-drc-uga-2026-05-27-live; inrb-sitrep-015-2026-05-29; inrb-sitrep-016-2026-05-30; inrb-sitrep-017-2026-05-31; inrb-sitrep-018-2026-06-01; inrb-sitrep-019-2026-06-02; inrb-sitrep-020-2026-06-03; inrb-sitrep-021-2026-06-04; inrb-sitrep-022-2026-06-05; inrb-sitrep-023-2026-06-06; inrb-sitrep-024-2026-06-07; inrb-sitrep-025-2026-06-08; inrb-sitrep-026-2026-06-09; inrb-sitrep-027-2026-06-10; inrb-sitrep-028-2026-06-11; inrb-sitrep-030-2026-06-13; inrb-sitrep-031-2026-06-14; inrb-sitrep-032-2026-06-15; inrb-sitrep-033-2026-06-16; inrb-sitrep-034-2026-06-17; inrb-sitrep-035-2026-06-18; inrb-sitrep-036-2026-06-19; inrb-sitrep-037-2026-06-20; inrb-sitrep-038-2026-06-21; inrb-sitrep-039-2026-06-22; inrb-sitrep-040-2026-06-23; inrb-sitrep-041-2026-06-24; inrb-sitrep-042-2026-06-25; inrb-sitrep-044-2026-06-27; inrb-sitrep-046-2026-06-29; inrb-sitrep-047-2026-06-30; inrb-sitrep-048-2026-07-01; inrb-sitrep-049-2026-07-02; inrb-sitrep-050-2026-07-03; inrb-sitrep-051-2026-07-04; inrb-sitrep-052-2026-07-05; inrb-sitrep-053-2026-07-06; inrb-sitrep-054-2026-07-07; inrb-sitrep-055-2026-07-08; inrb-sitrep-056-2026-07-09; inrb-sitrep-057-2026-07-10; inrb-sitrep-058-2026-07-11; inrb-sitrep-059-2026-07-12; inrb-umie-ebola-drc-2026-build-2026-05-28-bb8b7d5; inrb-umie-ebola-drc-2026-build-2026-06-01-b4cafc9; uganda-moh-ebola-update-2026-06-06; uganda-moh-ebola-update-2026-06-20; uganda-moh-ebola-update-2026-06-21; who-daily-epi-bdbv-2026-06-08; who-dg-remarks-bdbv-2026-05-20; who-dg-remarks-bdbv-2026-05-22; who-don602-2026-05-15-live; who-don603-2026-05-21-live; who-don606-bdbv-2026-06-08; who-ihr-ec-bdbv-temporary-recommendations-2026-05-22; who-pheic-2026-05-17-live; wikipedia-2026-ituri-epidemic-2026-05-20-live,"Descriptive watch-point interval, not a forecast or response recommendation."
corridor:99:beni-cod:bundibugyo-uga,beni-cod,bundibugyo-uga,30,0.07836509000384112,0.21632474236709953,0.1520078480797132,0.38891208864213533,0.044197959459597806,0.6196662462345415,zone-attributed confirmed count 30 for this source zone; visibility-adjustment factor 2.02× reflects under-reporting in source zone; raw risk likely understates true hazard,BDBV-CLAIM-050,derived_model_output_with_unsupported_exponent_attribution,pinned_snapshot_model_output,africa-cdc-phecs-2026-05-18-live; afro-sitrep-01-2026-05-18-live; afro-sitrep-01-pdf-2026-05-18-live; cdc-current-situation-2026-05-21; cdc-current-situation-2026-05-23; cdc-current-situation-2026-05-24; cdc-current-situation-2026-05-25; drc-moh-epidemie-dashboard-sitrep-009-graphql-2026-05-24; drc-moh-epidemie-dashboard-sitrep-mve-n-007-mvb-17-2026-pdf-2026-05-22; ecdc-bdbv-drc-uga-2026-05-19-live; ecdc-bdbv-drc-uga-2026-05-21-live; ecdc-bdbv-drc-uga-2026-05-25-live; ecdc-bdbv-drc-uga-2026-05-26-live; ecdc-bdbv-drc-uga-2026-05-27-live; inrb-sitrep-015-2026-05-29; inrb-sitrep-016-2026-05-30; inrb-sitrep-017-2026-05-31; inrb-sitrep-018-2026-06-01; inrb-sitrep-019-2026-06-02; inrb-sitrep-020-2026-06-03; inrb-sitrep-021-2026-06-04; inrb-sitrep-022-2026-06-05; inrb-sitrep-023-2026-06-06; inrb-sitrep-024-2026-06-07; inrb-sitrep-025-2026-06-08; inrb-sitrep-026-2026-06-09; inrb-sitrep-027-2026-06-10; inrb-sitrep-028-2026-06-11; inrb-sitrep-030-2026-06-13; inrb-sitrep-031-2026-06-14; inrb-sitrep-032-2026-06-15; inrb-sitrep-033-2026-06-16; inrb-sitrep-034-2026-06-17; inrb-sitrep-035-2026-06-18; inrb-sitrep-036-2026-06-19; inrb-sitrep-037-2026-06-20; inrb-sitrep-038-2026-06-21; inrb-sitrep-039-2026-06-22; inrb-sitrep-040-2026-06-23; inrb-sitrep-041-2026-06-24; inrb-sitrep-042-2026-06-25; inrb-sitrep-044-2026-06-27; inrb-sitrep-046-2026-06-29; inrb-sitrep-047-2026-06-30; inrb-sitrep-048-2026-07-01; inrb-sitrep-049-2026-07-02; inrb-sitrep-050-2026-07-03; inrb-sitrep-051-2026-07-04; inrb-sitrep-052-2026-07-05; inrb-sitrep-053-2026-07-06; inrb-sitrep-054-2026-07-07; inrb-sitrep-055-2026-07-08; inrb-sitrep-056-2026-07-09; inrb-sitrep-057-2026-07-10; inrb-sitrep-058-2026-07-11; inrb-sitrep-059-2026-07-12; inrb-umie-ebola-drc-2026-build-2026-05-28-bb8b7d5; inrb-umie-ebola-drc-2026-build-2026-06-01-b4cafc9; uganda-moh-ebola-update-2026-06-06; uganda-moh-ebola-update-2026-06-20; uganda-moh-ebola-update-2026-06-21; who-daily-epi-bdbv-2026-06-08; who-dg-remarks-bdbv-2026-05-20; who-dg-remarks-bdbv-2026-05-22; who-don602-2026-05-15-live; who-don603-2026-05-21-live; who-don606-bdbv-2026-06-08; who-ihr-ec-bdbv-temporary-recommendations-2026-05-22; who-pheic-2026-05-17-live; wikipedia-2026-ituri-epidemic-2026-05-20-live,"Descriptive watch-point interval, not a forecast or response recommendation."
corridor:100:bambu:bundibugyo-uga,bambu,bundibugyo-uga,30,0.08808614370592346,0.2160314195576703,0.16998239150851238,0.3884498392438196,0.044354727936144964,0.658409702373095,zone-attributed confirmed count 31 for this source zone; visibility-adjustment factor 2.02× reflects under-reporting in source zone; raw risk likely understates true hazard,BDBV-CLAIM-050,derived_model_output_with_unsupported_exponent_attribution,pinned_snapshot_model_output,africa-cdc-phecs-2026-05-18-live; afro-sitrep-01-2026-05-18-live; afro-sitrep-01-pdf-2026-05-18-live; cdc-current-situation-2026-05-21; cdc-current-situation-2026-05-23; cdc-current-situation-2026-05-24; cdc-current-situation-2026-05-25; drc-moh-epidemie-dashboard-sitrep-009-graphql-2026-05-24; drc-moh-epidemie-dashboard-sitrep-mve-n-007-mvb-17-2026-pdf-2026-05-22; ecdc-bdbv-drc-uga-2026-05-19-live; ecdc-bdbv-drc-uga-2026-05-21-live; ecdc-bdbv-drc-uga-2026-05-25-live; ecdc-bdbv-drc-uga-2026-05-26-live; ecdc-bdbv-drc-uga-2026-05-27-live; inrb-sitrep-015-2026-05-29; inrb-sitrep-016-2026-05-30; inrb-sitrep-017-2026-05-31; inrb-sitrep-018-2026-06-01; inrb-sitrep-019-2026-06-02; inrb-sitrep-020-2026-06-03; inrb-sitrep-021-2026-06-04; inrb-sitrep-022-2026-06-05; inrb-sitrep-023-2026-06-06; inrb-sitrep-024-2026-06-07; inrb-sitrep-025-2026-06-08; inrb-sitrep-026-2026-06-09; inrb-sitrep-027-2026-06-10; inrb-sitrep-028-2026-06-11; inrb-sitrep-030-2026-06-13; inrb-sitrep-031-2026-06-14; inrb-sitrep-032-2026-06-15; inrb-sitrep-033-2026-06-16; inrb-sitrep-034-2026-06-17; inrb-sitrep-035-2026-06-18; inrb-sitrep-036-2026-06-19; inrb-sitrep-037-2026-06-20; inrb-sitrep-038-2026-06-21; inrb-sitrep-039-2026-06-22; inrb-sitrep-040-2026-06-23; inrb-sitrep-041-2026-06-24; inrb-sitrep-042-2026-06-25; inrb-sitrep-044-2026-06-27; inrb-sitrep-046-2026-06-29; inrb-sitrep-047-2026-06-30; inrb-sitrep-048-2026-07-01; inrb-sitrep-049-2026-07-02; inrb-sitrep-050-2026-07-03; inrb-sitrep-051-2026-07-04; inrb-sitrep-052-2026-07-05; inrb-sitrep-053-2026-07-06; inrb-sitrep-054-2026-07-07; inrb-sitrep-055-2026-07-08; inrb-sitrep-056-2026-07-09; inrb-sitrep-057-2026-07-10; inrb-sitrep-058-2026-07-11; inrb-sitrep-059-2026-07-12; inrb-umie-ebola-drc-2026-build-2026-05-28-bb8b7d5; inrb-umie-ebola-drc-2026-build-2026-06-01-b4cafc9; uganda-moh-ebola-update-2026-06-06; uganda-moh-ebola-update-2026-06-20; uganda-moh-ebola-update-2026-06-21; who-daily-epi-bdbv-2026-06-08; who-dg-remarks-bdbv-2026-05-20; who-dg-remarks-bdbv-2026-05-22; who-don602-2026-05-15-live; who-don603-2026-05-21-live; who-don606-bdbv-2026-06-08; who-ihr-ec-bdbv-temporary-recommendations-2026-05-22; who-pheic-2026-05-17-live; wikipedia-2026-ituri-epidemic-2026-05-20-live,"Descriptive watch-point interval, not a forecast or response recommendation."
corridor:101:beni-cod:kasese-uga,beni-cod,kasese-uga,30,0.08598114830897507,0.21582032772171988,0.16610670200011415,0.388115742392221,0.043397935758851314,0.6297383852614479,zone-attributed confirmed count 30 for this source zone; visibility-adjustment factor 2.02× reflects under-reporting in source zone; raw risk likely understates true hazard,BDBV-CLAIM-050,derived_model_output_with_unsupported_exponent_attribution,pinned_snapshot_model_output,africa-cdc-phecs-2026-05-18-live; afro-sitrep-01-2026-05-18-live; afro-sitrep-01-pdf-2026-05-18-live; cdc-current-situation-2026-05-21; cdc-current-situation-2026-05-23; cdc-current-situation-2026-05-24; cdc-current-situation-2026-05-25; drc-moh-epidemie-dashboard-sitrep-009-graphql-2026-05-24; drc-moh-epidemie-dashboard-sitrep-mve-n-007-mvb-17-2026-pdf-2026-05-22; ecdc-bdbv-drc-uga-2026-05-19-live; ecdc-bdbv-drc-uga-2026-05-21-live; ecdc-bdbv-drc-uga-2026-05-25-live; ecdc-bdbv-drc-uga-2026-05-26-live; ecdc-bdbv-drc-uga-2026-05-27-live; inrb-sitrep-015-2026-05-29; inrb-sitrep-016-2026-05-30; inrb-sitrep-017-2026-05-31; inrb-sitrep-018-2026-06-01; inrb-sitrep-019-2026-06-02; inrb-sitrep-020-2026-06-03; inrb-sitrep-021-2026-06-04; inrb-sitrep-022-2026-06-05; inrb-sitrep-023-2026-06-06; inrb-sitrep-024-2026-06-07; inrb-sitrep-025-2026-06-08; inrb-sitrep-026-2026-06-09; inrb-sitrep-027-2026-06-10; inrb-sitrep-028-2026-06-11; inrb-sitrep-030-2026-06-13; inrb-sitrep-031-2026-06-14; inrb-sitrep-032-2026-06-15; inrb-sitrep-033-2026-06-16; inrb-sitrep-034-2026-06-17; inrb-sitrep-035-2026-06-18; inrb-sitrep-036-2026-06-19; inrb-sitrep-037-2026-06-20; inrb-sitrep-038-2026-06-21; inrb-sitrep-039-2026-06-22; inrb-sitrep-040-2026-06-23; inrb-sitrep-041-2026-06-24; inrb-sitrep-042-2026-06-25; inrb-sitrep-044-2026-06-27; inrb-sitrep-046-2026-06-29; inrb-sitrep-047-2026-06-30; inrb-sitrep-048-2026-07-01; inrb-sitrep-049-2026-07-02; inrb-sitrep-050-2026-07-03; inrb-sitrep-051-2026-07-04; inrb-sitrep-052-2026-07-05; inrb-sitrep-053-2026-07-06; inrb-sitrep-054-2026-07-07; inrb-sitrep-055-2026-07-08; inrb-sitrep-056-2026-07-09; inrb-sitrep-057-2026-07-10; inrb-sitrep-058-2026-07-11; inrb-sitrep-059-2026-07-12; inrb-umie-ebola-drc-2026-build-2026-05-28-bb8b7d5; inrb-umie-ebola-drc-2026-build-2026-06-01-b4cafc9; uganda-moh-ebola-update-2026-06-06; uganda-moh-ebola-update-2026-06-20; uganda-moh-ebola-update-2026-06-21; who-daily-epi-bdbv-2026-06-08; who-dg-remarks-bdbv-2026-05-20; who-dg-remarks-bdbv-2026-05-22; who-don602-2026-05-15-live; who-don603-2026-05-21-live; who-don606-bdbv-2026-06-08; who-ihr-ec-bdbv-temporary-recommendations-2026-05-22; who-pheic-2026-05-17-live; wikipedia-2026-ituri-epidemic-2026-05-20-live,"Descriptive watch-point interval, not a forecast or response recommendation."
corridor:102:bambu:nebbi-uga,bambu,nebbi-uga,30,0.08760944261100409,0.21575458939184516,0.16910550306514133,0.38801183874332346,0.04625633295729025,0.6563671202657714,zone-attributed confirmed count 31 for this source zone; visibility-adjustment factor 2.02× reflects under-reporting in source zone; raw risk likely understates true hazard,BDBV-CLAIM-050,derived_model_output_with_unsupported_exponent_attribution,pinned_snapshot_model_output,africa-cdc-phecs-2026-05-18-live; afro-sitrep-01-2026-05-18-live; afro-sitrep-01-pdf-2026-05-18-live; cdc-current-situation-2026-05-21; cdc-current-situation-2026-05-23; cdc-current-situation-2026-05-24; cdc-current-situation-2026-05-25; drc-moh-epidemie-dashboard-sitrep-009-graphql-2026-05-24; drc-moh-epidemie-dashboard-sitrep-mve-n-007-mvb-17-2026-pdf-2026-05-22; ecdc-bdbv-drc-uga-2026-05-19-live; ecdc-bdbv-drc-uga-2026-05-21-live; ecdc-bdbv-drc-uga-2026-05-25-live; ecdc-bdbv-drc-uga-2026-05-26-live; ecdc-bdbv-drc-uga-2026-05-27-live; inrb-sitrep-015-2026-05-29; inrb-sitrep-016-2026-05-30; inrb-sitrep-017-2026-05-31; inrb-sitrep-018-2026-06-01; inrb-sitrep-019-2026-06-02; inrb-sitrep-020-2026-06-03; inrb-sitrep-021-2026-06-04; inrb-sitrep-022-2026-06-05; inrb-sitrep-023-2026-06-06; inrb-sitrep-024-2026-06-07; inrb-sitrep-025-2026-06-08; inrb-sitrep-026-2026-06-09; inrb-sitrep-027-2026-06-10; inrb-sitrep-028-2026-06-11; inrb-sitrep-030-2026-06-13; inrb-sitrep-031-2026-06-14; inrb-sitrep-032-2026-06-15; inrb-sitrep-033-2026-06-16; inrb-sitrep-034-2026-06-17; inrb-sitrep-035-2026-06-18; inrb-sitrep-036-2026-06-19; inrb-sitrep-037-2026-06-20; inrb-sitrep-038-2026-06-21; inrb-sitrep-039-2026-06-22; inrb-sitrep-040-2026-06-23; inrb-sitrep-041-2026-06-24; inrb-sitrep-042-2026-06-25; inrb-sitrep-044-2026-06-27; inrb-sitrep-046-2026-06-29; inrb-sitrep-047-2026-06-30; inrb-sitrep-048-2026-07-01; inrb-sitrep-049-2026-07-02; inrb-sitrep-050-2026-07-03; inrb-sitrep-051-2026-07-04; inrb-sitrep-052-2026-07-05; inrb-sitrep-053-2026-07-06; inrb-sitrep-054-2026-07-07; inrb-sitrep-055-2026-07-08; inrb-sitrep-056-2026-07-09; inrb-sitrep-057-2026-07-10; inrb-sitrep-058-2026-07-11; inrb-sitrep-059-2026-07-12; inrb-umie-ebola-drc-2026-build-2026-05-28-bb8b7d5; inrb-umie-ebola-drc-2026-build-2026-06-01-b4cafc9; uganda-moh-ebola-update-2026-06-06; uganda-moh-ebola-update-2026-06-20; uganda-moh-ebola-update-2026-06-21; who-daily-epi-bdbv-2026-06-08; who-dg-remarks-bdbv-2026-05-20; who-dg-remarks-bdbv-2026-05-22; who-don602-2026-05-15-live; who-don603-2026-05-21-live; who-don606-bdbv-2026-06-08; who-ihr-ec-bdbv-temporary-recommendations-2026-05-22; who-pheic-2026-05-17-live; wikipedia-2026-ituri-epidemic-2026-05-20-live,"Descriptive watch-point interval, not a forecast or response recommendation."
corridor:103:bambu:arua-uga,bambu,arua-uga,30,0.08634603540865843,0.21483919477537983,0.16677917913807713,0.3865693332868884,0.051210741708028806,0.6494679925696758,zone-attributed confirmed count 31 for this source zone; visibility-adjustment factor 2.02× reflects under-reporting in source zone; raw risk likely understates true hazard,BDBV-CLAIM-050,derived_model_output_with_unsupported_exponent_attribution,pinned_snapshot_model_output,africa-cdc-phecs-2026-05-18-live; afro-sitrep-01-2026-05-18-live; afro-sitrep-01-pdf-2026-05-18-live; cdc-current-situation-2026-05-21; cdc-current-situation-2026-05-23; cdc-current-situation-2026-05-24; cdc-current-situation-2026-05-25; drc-moh-epidemie-dashboard-sitrep-009-graphql-2026-05-24; drc-moh-epidemie-dashboard-sitrep-mve-n-007-mvb-17-2026-pdf-2026-05-22; ecdc-bdbv-drc-uga-2026-05-19-live; ecdc-bdbv-drc-uga-2026-05-21-live; ecdc-bdbv-drc-uga-2026-05-25-live; ecdc-bdbv-drc-uga-2026-05-26-live; ecdc-bdbv-drc-uga-2026-05-27-live; inrb-sitrep-015-2026-05-29; inrb-sitrep-016-2026-05-30; inrb-sitrep-017-2026-05-31; inrb-sitrep-018-2026-06-01; inrb-sitrep-019-2026-06-02; inrb-sitrep-020-2026-06-03; inrb-sitrep-021-2026-06-04; inrb-sitrep-022-2026-06-05; inrb-sitrep-023-2026-06-06; inrb-sitrep-024-2026-06-07; inrb-sitrep-025-2026-06-08; inrb-sitrep-026-2026-06-09; inrb-sitrep-027-2026-06-10; inrb-sitrep-028-2026-06-11; inrb-sitrep-030-2026-06-13; inrb-sitrep-031-2026-06-14; inrb-sitrep-032-2026-06-15; inrb-sitrep-033-2026-06-16; inrb-sitrep-034-2026-06-17; inrb-sitrep-035-2026-06-18; inrb-sitrep-036-2026-06-19; inrb-sitrep-037-2026-06-20; inrb-sitrep-038-2026-06-21; inrb-sitrep-039-2026-06-22; inrb-sitrep-040-2026-06-23; inrb-sitrep-041-2026-06-24; inrb-sitrep-042-2026-06-25; inrb-sitrep-044-2026-06-27; inrb-sitrep-046-2026-06-29; inrb-sitrep-047-2026-06-30; inrb-sitrep-048-2026-07-01; inrb-sitrep-049-2026-07-02; inrb-sitrep-050-2026-07-03; inrb-sitrep-051-2026-07-04; inrb-sitrep-052-2026-07-05; inrb-sitrep-053-2026-07-06; inrb-sitrep-054-2026-07-07; inrb-sitrep-055-2026-07-08; inrb-sitrep-056-2026-07-09; inrb-sitrep-057-2026-07-10; inrb-sitrep-058-2026-07-11; inrb-sitrep-059-2026-07-12; inrb-umie-ebola-drc-2026-build-2026-05-28-bb8b7d5; inrb-umie-ebola-drc-2026-build-2026-06-01-b4cafc9; uganda-moh-ebola-update-2026-06-06; uganda-moh-ebola-update-2026-06-20; uganda-moh-ebola-update-2026-06-21; who-daily-epi-bdbv-2026-06-08; who-dg-remarks-bdbv-2026-05-20; who-dg-remarks-bdbv-2026-05-22; who-don602-2026-05-15-live; who-don603-2026-05-21-live; who-don606-bdbv-2026-06-08; who-ihr-ec-bdbv-temporary-recommendations-2026-05-22; who-pheic-2026-05-17-live; wikipedia-2026-ituri-epidemic-2026-05-20-live,"Descriptive watch-point interval, not a forecast or response recommendation."
corridor:104:beni-cod:kampala-uga,beni-cod,kampala-uga,30,0.08101931908542853,0.21472855484388417,0.1569348319228918,0.3863946503534821,0.03647133842627611,0.6599330763154156,zone-attributed confirmed count 30 for this source zone; visibility-adjustment factor 2.02× reflects under-reporting in source zone; raw risk likely understates true hazard,BDBV-CLAIM-050,derived_model_output_with_unsupported_exponent_attribution,pinned_snapshot_model_output,africa-cdc-phecs-2026-05-18-live; afro-sitrep-01-2026-05-18-live; afro-sitrep-01-pdf-2026-05-18-live; cdc-current-situation-2026-05-21; cdc-current-situation-2026-05-23; cdc-current-situation-2026-05-24; cdc-current-situation-2026-05-25; drc-moh-epidemie-dashboard-sitrep-009-graphql-2026-05-24; drc-moh-epidemie-dashboard-sitrep-mve-n-007-mvb-17-2026-pdf-2026-05-22; ecdc-bdbv-drc-uga-2026-05-19-live; ecdc-bdbv-drc-uga-2026-05-21-live; ecdc-bdbv-drc-uga-2026-05-25-live; ecdc-bdbv-drc-uga-2026-05-26-live; ecdc-bdbv-drc-uga-2026-05-27-live; inrb-sitrep-015-2026-05-29; inrb-sitrep-016-2026-05-30; inrb-sitrep-017-2026-05-31; inrb-sitrep-018-2026-06-01; inrb-sitrep-019-2026-06-02; inrb-sitrep-020-2026-06-03; inrb-sitrep-021-2026-06-04; inrb-sitrep-022-2026-06-05; inrb-sitrep-023-2026-06-06; inrb-sitrep-024-2026-06-07; inrb-sitrep-025-2026-06-08; inrb-sitrep-026-2026-06-09; inrb-sitrep-027-2026-06-10; inrb-sitrep-028-2026-06-11; inrb-sitrep-030-2026-06-13; inrb-sitrep-031-2026-06-14; inrb-sitrep-032-2026-06-15; inrb-sitrep-033-2026-06-16; inrb-sitrep-034-2026-06-17; inrb-sitrep-035-2026-06-18; inrb-sitrep-036-2026-06-19; inrb-sitrep-037-2026-06-20; inrb-sitrep-038-2026-06-21; inrb-sitrep-039-2026-06-22; inrb-sitrep-040-2026-06-23; inrb-sitrep-041-2026-06-24; inrb-sitrep-042-2026-06-25; inrb-sitrep-044-2026-06-27; inrb-sitrep-046-2026-06-29; inrb-sitrep-047-2026-06-30; inrb-sitrep-048-2026-07-01; inrb-sitrep-049-2026-07-02; inrb-sitrep-050-2026-07-03; inrb-sitrep-051-2026-07-04; inrb-sitrep-052-2026-07-05; inrb-sitrep-053-2026-07-06; inrb-sitrep-054-2026-07-07; inrb-sitrep-055-2026-07-08; inrb-sitrep-056-2026-07-09; inrb-sitrep-057-2026-07-10; inrb-sitrep-058-2026-07-11; inrb-sitrep-059-2026-07-12; inrb-umie-ebola-drc-2026-build-2026-05-28-bb8b7d5; inrb-umie-ebola-drc-2026-build-2026-06-01-b4cafc9; uganda-moh-ebola-update-2026-06-06; uganda-moh-ebola-update-2026-06-20; uganda-moh-ebola-update-2026-06-21; who-daily-epi-bdbv-2026-06-08; who-dg-remarks-bdbv-2026-05-20; who-dg-remarks-bdbv-2026-05-22; who-don602-2026-05-15-live; who-don603-2026-05-21-live; who-don606-bdbv-2026-06-08; who-ihr-ec-bdbv-temporary-recommendations-2026-05-22; who-pheic-2026-05-17-live; wikipedia-2026-ituri-epidemic-2026-05-20-live,"Descriptive watch-point interval, not a forecast or response recommendation."
corridor:105:beni-cod:goma-cod,beni-cod,goma-cod,30,0.08055699108743841,0.21243416353933817,0.1560777333535553,0.38276675449418585,0.03474869371039168,0.5867039944015016,zone-attributed confirmed count 30 for this source zone; visibility-adjustment factor 2.02× reflects under-reporting in source zone; raw risk likely understates true hazard,BDBV-CLAIM-050,derived_model_output_with_unsupported_exponent_attribution,pinned_snapshot_model_output,africa-cdc-phecs-2026-05-18-live; afro-sitrep-01-2026-05-18-live; afro-sitrep-01-pdf-2026-05-18-live; cdc-current-situation-2026-05-21; cdc-current-situation-2026-05-23; cdc-current-situation-2026-05-24; cdc-current-situation-2026-05-25; drc-moh-epidemie-dashboard-sitrep-009-graphql-2026-05-24; drc-moh-epidemie-dashboard-sitrep-mve-n-007-mvb-17-2026-pdf-2026-05-22; ecdc-bdbv-drc-uga-2026-05-19-live; ecdc-bdbv-drc-uga-2026-05-21-live; ecdc-bdbv-drc-uga-2026-05-25-live; ecdc-bdbv-drc-uga-2026-05-26-live; ecdc-bdbv-drc-uga-2026-05-27-live; inrb-sitrep-015-2026-05-29; inrb-sitrep-016-2026-05-30; inrb-sitrep-017-2026-05-31; inrb-sitrep-018-2026-06-01; inrb-sitrep-019-2026-06-02; inrb-sitrep-020-2026-06-03; inrb-sitrep-021-2026-06-04; inrb-sitrep-022-2026-06-05; inrb-sitrep-023-2026-06-06; inrb-sitrep-024-2026-06-07; inrb-sitrep-025-2026-06-08; inrb-sitrep-026-2026-06-09; inrb-sitrep-027-2026-06-10; inrb-sitrep-028-2026-06-11; inrb-sitrep-030-2026-06-13; inrb-sitrep-031-2026-06-14; inrb-sitrep-032-2026-06-15; inrb-sitrep-033-2026-06-16; inrb-sitrep-034-2026-06-17; inrb-sitrep-035-2026-06-18; inrb-sitrep-036-2026-06-19; inrb-sitrep-037-2026-06-20; inrb-sitrep-038-2026-06-21; inrb-sitrep-039-2026-06-22; inrb-sitrep-040-2026-06-23; inrb-sitrep-041-2026-06-24; inrb-sitrep-042-2026-06-25; inrb-sitrep-044-2026-06-27; inrb-sitrep-046-2026-06-29; inrb-sitrep-047-2026-06-30; inrb-sitrep-048-2026-07-01; inrb-sitrep-049-2026-07-02; inrb-sitrep-050-2026-07-03; inrb-sitrep-051-2026-07-04; inrb-sitrep-052-2026-07-05; inrb-sitrep-053-2026-07-06; inrb-sitrep-054-2026-07-07; inrb-sitrep-055-2026-07-08; inrb-sitrep-056-2026-07-09; inrb-sitrep-057-2026-07-10; inrb-sitrep-058-2026-07-11; inrb-sitrep-059-2026-07-12; inrb-umie-ebola-drc-2026-build-2026-05-28-bb8b7d5; inrb-umie-ebola-drc-2026-build-2026-06-01-b4cafc9; uganda-moh-ebola-update-2026-06-06; uganda-moh-ebola-update-2026-06-20; uganda-moh-ebola-update-2026-06-21; who-daily-epi-bdbv-2026-06-08; who-dg-remarks-bdbv-2026-05-20; who-dg-remarks-bdbv-2026-05-22; who-don602-2026-05-15-live; who-don603-2026-05-21-live; who-don606-bdbv-2026-06-08; who-ihr-ec-bdbv-temporary-recommendations-2026-05-22; who-pheic-2026-05-17-live; wikipedia-2026-ituri-epidemic-2026-05-20-live,"Descriptive watch-point interval, not a forecast or response recommendation."
corridor:106:beni-cod:kisangani-cod,beni-cod,kisangani-cod,30,0.08777833286826162,0.20533596218176958,0.16941622757743807,0.3714752155391784,0.051521104235944984,0.6503287132174077,zone-attributed confirmed count 30 for this source zone; visibility-adjustment factor 2.02× reflects under-reporting in source zone; raw risk likely understates true hazard,BDBV-CLAIM-050,derived_model_output_with_unsupported_exponent_attribution,pinned_snapshot_model_output,africa-cdc-phecs-2026-05-18-live; afro-sitrep-01-2026-05-18-live; afro-sitrep-01-pdf-2026-05-18-live; cdc-current-situation-2026-05-21; cdc-current-situation-2026-05-23; cdc-current-situation-2026-05-24; cdc-current-situation-2026-05-25; drc-moh-epidemie-dashboard-sitrep-009-graphql-2026-05-24; drc-moh-epidemie-dashboard-sitrep-mve-n-007-mvb-17-2026-pdf-2026-05-22; ecdc-bdbv-drc-uga-2026-05-19-live; ecdc-bdbv-drc-uga-2026-05-21-live; ecdc-bdbv-drc-uga-2026-05-25-live; ecdc-bdbv-drc-uga-2026-05-26-live; ecdc-bdbv-drc-uga-2026-05-27-live; inrb-sitrep-015-2026-05-29; inrb-sitrep-016-2026-05-30; inrb-sitrep-017-2026-05-31; inrb-sitrep-018-2026-06-01; inrb-sitrep-019-2026-06-02; inrb-sitrep-020-2026-06-03; inrb-sitrep-021-2026-06-04; inrb-sitrep-022-2026-06-05; inrb-sitrep-023-2026-06-06; inrb-sitrep-024-2026-06-07; inrb-sitrep-025-2026-06-08; inrb-sitrep-026-2026-06-09; inrb-sitrep-027-2026-06-10; inrb-sitrep-028-2026-06-11; inrb-sitrep-030-2026-06-13; inrb-sitrep-031-2026-06-14; inrb-sitrep-032-2026-06-15; inrb-sitrep-033-2026-06-16; inrb-sitrep-034-2026-06-17; inrb-sitrep-035-2026-06-18; inrb-sitrep-036-2026-06-19; inrb-sitrep-037-2026-06-20; inrb-sitrep-038-2026-06-21; inrb-sitrep-039-2026-06-22; inrb-sitrep-040-2026-06-23; inrb-sitrep-041-2026-06-24; inrb-sitrep-042-2026-06-25; inrb-sitrep-044-2026-06-27; inrb-sitrep-046-2026-06-29; inrb-sitrep-047-2026-06-30; inrb-sitrep-048-2026-07-01; inrb-sitrep-049-2026-07-02; inrb-sitrep-050-2026-07-03; inrb-sitrep-051-2026-07-04; inrb-sitrep-052-2026-07-05; inrb-sitrep-053-2026-07-06; inrb-sitrep-054-2026-07-07; inrb-sitrep-055-2026-07-08; inrb-sitrep-056-2026-07-09; inrb-sitrep-057-2026-07-10; inrb-sitrep-058-2026-07-11; inrb-sitrep-059-2026-07-12; inrb-umie-ebola-drc-2026-build-2026-05-28-bb8b7d5; inrb-umie-ebola-drc-2026-build-2026-06-01-b4cafc9; uganda-moh-ebola-update-2026-06-06; uganda-moh-ebola-update-2026-06-20; uganda-moh-ebola-update-2026-06-21; who-daily-epi-bdbv-2026-06-08; who-dg-remarks-bdbv-2026-05-20; who-dg-remarks-bdbv-2026-05-22; who-don602-2026-05-15-live; who-don603-2026-05-21-live; who-don606-bdbv-2026-06-08; who-ihr-ec-bdbv-temporary-recommendations-2026-05-22; who-pheic-2026-05-17-live; wikipedia-2026-ituri-epidemic-2026-05-20-live,"Descriptive watch-point interval, not a forecast or response recommendation."
corridor:107:beni-cod:arua-uga,beni-cod,arua-uga,30,0.08258581738897633,0.20292805589743357,0.15983601067596553,0.3676211547426629,0.041749048619413885,0.6588632963486593,zone-attributed confirmed count 30 for this source zone; visibility-adjustment factor 2.02× reflects under-reporting in source zone; raw risk likely understates true hazard,BDBV-CLAIM-050,derived_model_output_with_unsupported_exponent_attribution,pinned_snapshot_model_output,africa-cdc-phecs-2026-05-18-live; afro-sitrep-01-2026-05-18-live; afro-sitrep-01-pdf-2026-05-18-live; cdc-current-situation-2026-05-21; cdc-current-situation-2026-05-23; cdc-current-situation-2026-05-24; cdc-current-situation-2026-05-25; drc-moh-epidemie-dashboard-sitrep-009-graphql-2026-05-24; drc-moh-epidemie-dashboard-sitrep-mve-n-007-mvb-17-2026-pdf-2026-05-22; ecdc-bdbv-drc-uga-2026-05-19-live; ecdc-bdbv-drc-uga-2026-05-21-live; ecdc-bdbv-drc-uga-2026-05-25-live; ecdc-bdbv-drc-uga-2026-05-26-live; ecdc-bdbv-drc-uga-2026-05-27-live; inrb-sitrep-015-2026-05-29; inrb-sitrep-016-2026-05-30; inrb-sitrep-017-2026-05-31; inrb-sitrep-018-2026-06-01; inrb-sitrep-019-2026-06-02; inrb-sitrep-020-2026-06-03; inrb-sitrep-021-2026-06-04; inrb-sitrep-022-2026-06-05; inrb-sitrep-023-2026-06-06; inrb-sitrep-024-2026-06-07; inrb-sitrep-025-2026-06-08; inrb-sitrep-026-2026-06-09; inrb-sitrep-027-2026-06-10; inrb-sitrep-028-2026-06-11; inrb-sitrep-030-2026-06-13; inrb-sitrep-031-2026-06-14; inrb-sitrep-032-2026-06-15; inrb-sitrep-033-2026-06-16; inrb-sitrep-034-2026-06-17; inrb-sitrep-035-2026-06-18; inrb-sitrep-036-2026-06-19; inrb-sitrep-037-2026-06-20; inrb-sitrep-038-2026-06-21; inrb-sitrep-039-2026-06-22; inrb-sitrep-040-2026-06-23; inrb-sitrep-041-2026-06-24; inrb-sitrep-042-2026-06-25; inrb-sitrep-044-2026-06-27; inrb-sitrep-046-2026-06-29; inrb-sitrep-047-2026-06-30; inrb-sitrep-048-2026-07-01; inrb-sitrep-049-2026-07-02; inrb-sitrep-050-2026-07-03; inrb-sitrep-051-2026-07-04; inrb-sitrep-052-2026-07-05; inrb-sitrep-053-2026-07-06; inrb-sitrep-054-2026-07-07; inrb-sitrep-055-2026-07-08; inrb-sitrep-056-2026-07-09; inrb-sitrep-057-2026-07-10; inrb-sitrep-058-2026-07-11; inrb-sitrep-059-2026-07-12; inrb-umie-ebola-drc-2026-build-2026-05-28-bb8b7d5; inrb-umie-ebola-drc-2026-build-2026-06-01-b4cafc9; uganda-moh-ebola-update-2026-06-06; uganda-moh-ebola-update-2026-06-20; uganda-moh-ebola-update-2026-06-21; who-daily-epi-bdbv-2026-06-08; who-dg-remarks-bdbv-2026-05-20; who-dg-remarks-bdbv-2026-05-22; who-don602-2026-05-15-live; who-don603-2026-05-21-live; who-don606-bdbv-2026-06-08; who-ihr-ec-bdbv-temporary-recommendations-2026-05-22; who-pheic-2026-05-17-live; wikipedia-2026-ituri-epidemic-2026-05-20-live,"Descriptive watch-point interval, not a forecast or response recommendation."
corridor:108:komanda:kasese-uga,komanda,kasese-uga,30,0.06956017634332703,0.18409107779756692,0.1355593717212565,0.33706128370088695,0.045861530935488004,0.5526808062131139,zone-attributed confirmed count 25 for this source zone; visibility-adjustment factor 2.02× reflects under-reporting in source zone; raw risk likely understates true hazard,BDBV-CLAIM-050,derived_model_output_with_unsupported_exponent_attribution,pinned_snapshot_model_output,africa-cdc-phecs-2026-05-18-live; afro-sitrep-01-2026-05-18-live; afro-sitrep-01-pdf-2026-05-18-live; cdc-current-situation-2026-05-21; cdc-current-situation-2026-05-23; cdc-current-situation-2026-05-24; cdc-current-situation-2026-05-25; drc-moh-epidemie-dashboard-sitrep-009-graphql-2026-05-24; drc-moh-epidemie-dashboard-sitrep-mve-n-007-mvb-17-2026-pdf-2026-05-22; ecdc-bdbv-drc-uga-2026-05-19-live; ecdc-bdbv-drc-uga-2026-05-21-live; ecdc-bdbv-drc-uga-2026-05-25-live; ecdc-bdbv-drc-uga-2026-05-26-live; ecdc-bdbv-drc-uga-2026-05-27-live; inrb-sitrep-015-2026-05-29; inrb-sitrep-016-2026-05-30; inrb-sitrep-017-2026-05-31; inrb-sitrep-018-2026-06-01; inrb-sitrep-019-2026-06-02; inrb-sitrep-020-2026-06-03; inrb-sitrep-021-2026-06-04; inrb-sitrep-022-2026-06-05; inrb-sitrep-023-2026-06-06; inrb-sitrep-024-2026-06-07; inrb-sitrep-025-2026-06-08; inrb-sitrep-026-2026-06-09; inrb-sitrep-027-2026-06-10; inrb-sitrep-028-2026-06-11; inrb-sitrep-030-2026-06-13; inrb-sitrep-031-2026-06-14; inrb-sitrep-032-2026-06-15; inrb-sitrep-033-2026-06-16; inrb-sitrep-034-2026-06-17; inrb-sitrep-035-2026-06-18; inrb-sitrep-036-2026-06-19; inrb-sitrep-037-2026-06-20; inrb-sitrep-038-2026-06-21; inrb-sitrep-039-2026-06-22; inrb-sitrep-040-2026-06-23; inrb-sitrep-041-2026-06-24; inrb-sitrep-042-2026-06-25; inrb-sitrep-044-2026-06-27; inrb-sitrep-046-2026-06-29; inrb-sitrep-047-2026-06-30; inrb-sitrep-048-2026-07-01; inrb-sitrep-049-2026-07-02; inrb-sitrep-050-2026-07-03; inrb-sitrep-051-2026-07-04; inrb-sitrep-052-2026-07-05; inrb-sitrep-053-2026-07-06; inrb-sitrep-054-2026-07-07; inrb-sitrep-055-2026-07-08; inrb-sitrep-056-2026-07-09; inrb-sitrep-057-2026-07-10; inrb-sitrep-058-2026-07-11; inrb-sitrep-059-2026-07-12; inrb-umie-ebola-drc-2026-build-2026-05-28-bb8b7d5; inrb-umie-ebola-drc-2026-build-2026-06-01-b4cafc9; uganda-moh-ebola-update-2026-06-06; uganda-moh-ebola-update-2026-06-20; uganda-moh-ebola-update-2026-06-21; who-daily-epi-bdbv-2026-06-08; who-dg-remarks-bdbv-2026-05-20; who-dg-remarks-bdbv-2026-05-22; who-don602-2026-05-15-live; who-don603-2026-05-21-live; who-don606-bdbv-2026-06-08; who-ihr-ec-bdbv-temporary-recommendations-2026-05-22; who-pheic-2026-05-17-live; wikipedia-2026-ituri-epidemic-2026-05-20-live,"Descriptive watch-point interval, not a forecast or response recommendation."
corridor:109:komanda:nebbi-uga,komanda,nebbi-uga,30,0.07383922570049939,0.18375155271383928,0.1435730011252836,0.3365037670616068,0.032759500315714375,0.5477472301397128,zone-attributed confirmed count 25 for this source zone; visibility-adjustment factor 2.02× reflects under-reporting in source zone; raw risk likely understates true hazard,BDBV-CLAIM-050,derived_model_output_with_unsupported_exponent_attribution,pinned_snapshot_model_output,africa-cdc-phecs-2026-05-18-live; afro-sitrep-01-2026-05-18-live; afro-sitrep-01-pdf-2026-05-18-live; cdc-current-situation-2026-05-21; cdc-current-situation-2026-05-23; cdc-current-situation-2026-05-24; cdc-current-situation-2026-05-25; drc-moh-epidemie-dashboard-sitrep-009-graphql-2026-05-24; drc-moh-epidemie-dashboard-sitrep-mve-n-007-mvb-17-2026-pdf-2026-05-22; ecdc-bdbv-drc-uga-2026-05-19-live; ecdc-bdbv-drc-uga-2026-05-21-live; ecdc-bdbv-drc-uga-2026-05-25-live; ecdc-bdbv-drc-uga-2026-05-26-live; ecdc-bdbv-drc-uga-2026-05-27-live; inrb-sitrep-015-2026-05-29; inrb-sitrep-016-2026-05-30; inrb-sitrep-017-2026-05-31; inrb-sitrep-018-2026-06-01; inrb-sitrep-019-2026-06-02; inrb-sitrep-020-2026-06-03; inrb-sitrep-021-2026-06-04; inrb-sitrep-022-2026-06-05; inrb-sitrep-023-2026-06-06; inrb-sitrep-024-2026-06-07; inrb-sitrep-025-2026-06-08; inrb-sitrep-026-2026-06-09; inrb-sitrep-027-2026-06-10; inrb-sitrep-028-2026-06-11; inrb-sitrep-030-2026-06-13; inrb-sitrep-031-2026-06-14; inrb-sitrep-032-2026-06-15; inrb-sitrep-033-2026-06-16; inrb-sitrep-034-2026-06-17; inrb-sitrep-035-2026-06-18; inrb-sitrep-036-2026-06-19; inrb-sitrep-037-2026-06-20; inrb-sitrep-038-2026-06-21; inrb-sitrep-039-2026-06-22; inrb-sitrep-040-2026-06-23; inrb-sitrep-041-2026-06-24; inrb-sitrep-042-2026-06-25; inrb-sitrep-044-2026-06-27; inrb-sitrep-046-2026-06-29; inrb-sitrep-047-2026-06-30; inrb-sitrep-048-2026-07-01; inrb-sitrep-049-2026-07-02; inrb-sitrep-050-2026-07-03; inrb-sitrep-051-2026-07-04; inrb-sitrep-052-2026-07-05; inrb-sitrep-053-2026-07-06; inrb-sitrep-054-2026-07-07; inrb-sitrep-055-2026-07-08; inrb-sitrep-056-2026-07-09; inrb-sitrep-057-2026-07-10; inrb-sitrep-058-2026-07-11; inrb-sitrep-059-2026-07-12; inrb-umie-ebola-drc-2026-build-2026-05-28-bb8b7d5; inrb-umie-ebola-drc-2026-build-2026-06-01-b4cafc9; uganda-moh-ebola-update-2026-06-06; uganda-moh-ebola-update-2026-06-20; uganda-moh-ebola-update-2026-06-21; who-daily-epi-bdbv-2026-06-08; who-dg-remarks-bdbv-2026-05-20; who-dg-remarks-bdbv-2026-05-22; who-don602-2026-05-15-live; who-don603-2026-05-21-live; who-don606-bdbv-2026-06-08; who-ihr-ec-bdbv-temporary-recommendations-2026-05-22; who-pheic-2026-05-17-live; wikipedia-2026-ituri-epidemic-2026-05-20-live,"Descriptive watch-point interval, not a forecast or response recommendation."
corridor:110:komanda:beni-cod,komanda,beni-cod,30,0.06667695115708291,0.18321159686578053,0.1301384853614983,0.3356166886679348,0.03664358562514035,0.5428856443961974,zone-attributed confirmed count 25 for this source zone; visibility-adjustment factor 2.02× reflects under-reporting in source zone; raw risk likely understates true hazard,BDBV-CLAIM-050,derived_model_output_with_unsupported_exponent_attribution,pinned_snapshot_model_output,africa-cdc-phecs-2026-05-18-live; afro-sitrep-01-2026-05-18-live; afro-sitrep-01-pdf-2026-05-18-live; cdc-current-situation-2026-05-21; cdc-current-situation-2026-05-23; cdc-current-situation-2026-05-24; cdc-current-situation-2026-05-25; drc-moh-epidemie-dashboard-sitrep-009-graphql-2026-05-24; drc-moh-epidemie-dashboard-sitrep-mve-n-007-mvb-17-2026-pdf-2026-05-22; ecdc-bdbv-drc-uga-2026-05-19-live; ecdc-bdbv-drc-uga-2026-05-21-live; ecdc-bdbv-drc-uga-2026-05-25-live; ecdc-bdbv-drc-uga-2026-05-26-live; ecdc-bdbv-drc-uga-2026-05-27-live; inrb-sitrep-015-2026-05-29; inrb-sitrep-016-2026-05-30; inrb-sitrep-017-2026-05-31; inrb-sitrep-018-2026-06-01; inrb-sitrep-019-2026-06-02; inrb-sitrep-020-2026-06-03; inrb-sitrep-021-2026-06-04; inrb-sitrep-022-2026-06-05; inrb-sitrep-023-2026-06-06; inrb-sitrep-024-2026-06-07; inrb-sitrep-025-2026-06-08; inrb-sitrep-026-2026-06-09; inrb-sitrep-027-2026-06-10; inrb-sitrep-028-2026-06-11; inrb-sitrep-030-2026-06-13; inrb-sitrep-031-2026-06-14; inrb-sitrep-032-2026-06-15; inrb-sitrep-033-2026-06-16; inrb-sitrep-034-2026-06-17; inrb-sitrep-035-2026-06-18; inrb-sitrep-036-2026-06-19; inrb-sitrep-037-2026-06-20; inrb-sitrep-038-2026-06-21; inrb-sitrep-039-2026-06-22; inrb-sitrep-040-2026-06-23; inrb-sitrep-041-2026-06-24; inrb-sitrep-042-2026-06-25; inrb-sitrep-044-2026-06-27; inrb-sitrep-046-2026-06-29; inrb-sitrep-047-2026-06-30; inrb-sitrep-048-2026-07-01; inrb-sitrep-049-2026-07-02; inrb-sitrep-050-2026-07-03; inrb-sitrep-051-2026-07-04; inrb-sitrep-052-2026-07-05; inrb-sitrep-053-2026-07-06; inrb-sitrep-054-2026-07-07; inrb-sitrep-055-2026-07-08; inrb-sitrep-056-2026-07-09; inrb-sitrep-057-2026-07-10; inrb-sitrep-058-2026-07-11; inrb-sitrep-059-2026-07-12; inrb-umie-ebola-drc-2026-build-2026-05-28-bb8b7d5; inrb-umie-ebola-drc-2026-build-2026-06-01-b4cafc9; uganda-moh-ebola-update-2026-06-06; uganda-moh-ebola-update-2026-06-20; uganda-moh-ebola-update-2026-06-21; who-daily-epi-bdbv-2026-06-08; who-dg-remarks-bdbv-2026-05-20; who-dg-remarks-bdbv-2026-05-22; who-don602-2026-05-15-live; who-don603-2026-05-21-live; who-don606-bdbv-2026-06-08; who-ihr-ec-bdbv-temporary-recommendations-2026-05-22; who-pheic-2026-05-17-live; wikipedia-2026-ituri-epidemic-2026-05-20-live,"Descriptive watch-point interval, not a forecast or response recommendation."
corridor:111:komanda:kampala-uga,komanda,kampala-uga,30,0.0703410947496117,0.18295389306244644,0.13702452746454877,0.3351930528758871,0.03518893865684047,0.5833388748102458,zone-attributed confirmed count 25 for this source zone; visibility-adjustment factor 2.02× reflects under-reporting in source zone; raw risk likely understates true hazard,BDBV-CLAIM-050,derived_model_output_with_unsupported_exponent_attribution,pinned_snapshot_model_output,africa-cdc-phecs-2026-05-18-live; afro-sitrep-01-2026-05-18-live; afro-sitrep-01-pdf-2026-05-18-live; cdc-current-situation-2026-05-21; cdc-current-situation-2026-05-23; cdc-current-situation-2026-05-24; cdc-current-situation-2026-05-25; drc-moh-epidemie-dashboard-sitrep-009-graphql-2026-05-24; drc-moh-epidemie-dashboard-sitrep-mve-n-007-mvb-17-2026-pdf-2026-05-22; ecdc-bdbv-drc-uga-2026-05-19-live; ecdc-bdbv-drc-uga-2026-05-21-live; ecdc-bdbv-drc-uga-2026-05-25-live; ecdc-bdbv-drc-uga-2026-05-26-live; ecdc-bdbv-drc-uga-2026-05-27-live; inrb-sitrep-015-2026-05-29; inrb-sitrep-016-2026-05-30; inrb-sitrep-017-2026-05-31; inrb-sitrep-018-2026-06-01; inrb-sitrep-019-2026-06-02; inrb-sitrep-020-2026-06-03; inrb-sitrep-021-2026-06-04; inrb-sitrep-022-2026-06-05; inrb-sitrep-023-2026-06-06; inrb-sitrep-024-2026-06-07; inrb-sitrep-025-2026-06-08; inrb-sitrep-026-2026-06-09; inrb-sitrep-027-2026-06-10; inrb-sitrep-028-2026-06-11; inrb-sitrep-030-2026-06-13; inrb-sitrep-031-2026-06-14; inrb-sitrep-032-2026-06-15; inrb-sitrep-033-2026-06-16; inrb-sitrep-034-2026-06-17; inrb-sitrep-035-2026-06-18; inrb-sitrep-036-2026-06-19; inrb-sitrep-037-2026-06-20; inrb-sitrep-038-2026-06-21; inrb-sitrep-039-2026-06-22; inrb-sitrep-040-2026-06-23; inrb-sitrep-041-2026-06-24; inrb-sitrep-042-2026-06-25; inrb-sitrep-044-2026-06-27; inrb-sitrep-046-2026-06-29; inrb-sitrep-047-2026-06-30; inrb-sitrep-048-2026-07-01; inrb-sitrep-049-2026-07-02; inrb-sitrep-050-2026-07-03; inrb-sitrep-051-2026-07-04; inrb-sitrep-052-2026-07-05; inrb-sitrep-053-2026-07-06; inrb-sitrep-054-2026-07-07; inrb-sitrep-055-2026-07-08; inrb-sitrep-056-2026-07-09; inrb-sitrep-057-2026-07-10; inrb-sitrep-058-2026-07-11; inrb-sitrep-059-2026-07-12; inrb-umie-ebola-drc-2026-build-2026-05-28-bb8b7d5; inrb-umie-ebola-drc-2026-build-2026-06-01-b4cafc9; uganda-moh-ebola-update-2026-06-06; uganda-moh-ebola-update-2026-06-20; uganda-moh-ebola-update-2026-06-21; who-daily-epi-bdbv-2026-06-08; who-dg-remarks-bdbv-2026-05-20; who-dg-remarks-bdbv-2026-05-22; who-don602-2026-05-15-live; who-don603-2026-05-21-live; who-don606-bdbv-2026-06-08; who-ihr-ec-bdbv-temporary-recommendations-2026-05-22; who-pheic-2026-05-17-live; wikipedia-2026-ituri-epidemic-2026-05-20-live,"Descriptive watch-point interval, not a forecast or response recommendation."
corridor:112:komanda:kisangani-cod,komanda,kisangani-cod,30,0.06781088480628969,0.18266002097935652,0.13227250991891357,0.33470987151474796,0.03496854180601607,0.5693213307702181,zone-attributed confirmed count 25 for this source zone; visibility-adjustment factor 2.02× reflects under-reporting in source zone; raw risk likely understates true hazard,BDBV-CLAIM-050,derived_model_output_with_unsupported_exponent_attribution,pinned_snapshot_model_output,africa-cdc-phecs-2026-05-18-live; afro-sitrep-01-2026-05-18-live; afro-sitrep-01-pdf-2026-05-18-live; cdc-current-situation-2026-05-21; cdc-current-situation-2026-05-23; cdc-current-situation-2026-05-24; cdc-current-situation-2026-05-25; drc-moh-epidemie-dashboard-sitrep-009-graphql-2026-05-24; drc-moh-epidemie-dashboard-sitrep-mve-n-007-mvb-17-2026-pdf-2026-05-22; ecdc-bdbv-drc-uga-2026-05-19-live; ecdc-bdbv-drc-uga-2026-05-21-live; ecdc-bdbv-drc-uga-2026-05-25-live; ecdc-bdbv-drc-uga-2026-05-26-live; ecdc-bdbv-drc-uga-2026-05-27-live; inrb-sitrep-015-2026-05-29; inrb-sitrep-016-2026-05-30; inrb-sitrep-017-2026-05-31; inrb-sitrep-018-2026-06-01; inrb-sitrep-019-2026-06-02; inrb-sitrep-020-2026-06-03; inrb-sitrep-021-2026-06-04; inrb-sitrep-022-2026-06-05; inrb-sitrep-023-2026-06-06; inrb-sitrep-024-2026-06-07; inrb-sitrep-025-2026-06-08; inrb-sitrep-026-2026-06-09; inrb-sitrep-027-2026-06-10; inrb-sitrep-028-2026-06-11; inrb-sitrep-030-2026-06-13; inrb-sitrep-031-2026-06-14; inrb-sitrep-032-2026-06-15; inrb-sitrep-033-2026-06-16; inrb-sitrep-034-2026-06-17; inrb-sitrep-035-2026-06-18; inrb-sitrep-036-2026-06-19; inrb-sitrep-037-2026-06-20; inrb-sitrep-038-2026-06-21; inrb-sitrep-039-2026-06-22; inrb-sitrep-040-2026-06-23; inrb-sitrep-041-2026-06-24; inrb-sitrep-042-2026-06-25; inrb-sitrep-044-2026-06-27; inrb-sitrep-046-2026-06-29; inrb-sitrep-047-2026-06-30; inrb-sitrep-048-2026-07-01; inrb-sitrep-049-2026-07-02; inrb-sitrep-050-2026-07-03; inrb-sitrep-051-2026-07-04; inrb-sitrep-052-2026-07-05; inrb-sitrep-053-2026-07-06; inrb-sitrep-054-2026-07-07; inrb-sitrep-055-2026-07-08; inrb-sitrep-056-2026-07-09; inrb-sitrep-057-2026-07-10; inrb-sitrep-058-2026-07-11; inrb-sitrep-059-2026-07-12; inrb-umie-ebola-drc-2026-build-2026-05-28-bb8b7d5; inrb-umie-ebola-drc-2026-build-2026-06-01-b4cafc9; uganda-moh-ebola-update-2026-06-06; uganda-moh-ebola-update-2026-06-20; uganda-moh-ebola-update-2026-06-21; who-daily-epi-bdbv-2026-06-08; who-dg-remarks-bdbv-2026-05-20; who-dg-remarks-bdbv-2026-05-22; who-don602-2026-05-15-live; who-don603-2026-05-21-live; who-don606-bdbv-2026-06-08; who-ihr-ec-bdbv-temporary-recommendations-2026-05-22; who-pheic-2026-05-17-live; wikipedia-2026-ituri-epidemic-2026-05-20-live,"Descriptive watch-point interval, not a forecast or response recommendation."
corridor:113:komanda:goma-cod,komanda,goma-cod,30,0.07374884528984305,0.18202744275104796,0.14340413544207664,0.333669110542397,0.03723067607170073,0.563628705953752,zone-attributed confirmed count 25 for this source zone; visibility-adjustment factor 2.02× reflects under-reporting in source zone; raw risk likely understates true hazard,BDBV-CLAIM-050,derived_model_output_with_unsupported_exponent_attribution,pinned_snapshot_model_output,africa-cdc-phecs-2026-05-18-live; afro-sitrep-01-2026-05-18-live; afro-sitrep-01-pdf-2026-05-18-live; cdc-current-situation-2026-05-21; cdc-current-situation-2026-05-23; cdc-current-situation-2026-05-24; cdc-current-situation-2026-05-25; drc-moh-epidemie-dashboard-sitrep-009-graphql-2026-05-24; drc-moh-epidemie-dashboard-sitrep-mve-n-007-mvb-17-2026-pdf-2026-05-22; ecdc-bdbv-drc-uga-2026-05-19-live; ecdc-bdbv-drc-uga-2026-05-21-live; ecdc-bdbv-drc-uga-2026-05-25-live; ecdc-bdbv-drc-uga-2026-05-26-live; ecdc-bdbv-drc-uga-2026-05-27-live; inrb-sitrep-015-2026-05-29; inrb-sitrep-016-2026-05-30; inrb-sitrep-017-2026-05-31; inrb-sitrep-018-2026-06-01; inrb-sitrep-019-2026-06-02; inrb-sitrep-020-2026-06-03; inrb-sitrep-021-2026-06-04; inrb-sitrep-022-2026-06-05; inrb-sitrep-023-2026-06-06; inrb-sitrep-024-2026-06-07; inrb-sitrep-025-2026-06-08; inrb-sitrep-026-2026-06-09; inrb-sitrep-027-2026-06-10; inrb-sitrep-028-2026-06-11; inrb-sitrep-030-2026-06-13; inrb-sitrep-031-2026-06-14; inrb-sitrep-032-2026-06-15; inrb-sitrep-033-2026-06-16; inrb-sitrep-034-2026-06-17; inrb-sitrep-035-2026-06-18; inrb-sitrep-036-2026-06-19; inrb-sitrep-037-2026-06-20; inrb-sitrep-038-2026-06-21; inrb-sitrep-039-2026-06-22; inrb-sitrep-040-2026-06-23; inrb-sitrep-041-2026-06-24; inrb-sitrep-042-2026-06-25; inrb-sitrep-044-2026-06-27; inrb-sitrep-046-2026-06-29; inrb-sitrep-047-2026-06-30; inrb-sitrep-048-2026-07-01; inrb-sitrep-049-2026-07-02; inrb-sitrep-050-2026-07-03; inrb-sitrep-051-2026-07-04; inrb-sitrep-052-2026-07-05; inrb-sitrep-053-2026-07-06; inrb-sitrep-054-2026-07-07; inrb-sitrep-055-2026-07-08; inrb-sitrep-056-2026-07-09; inrb-sitrep-057-2026-07-10; inrb-sitrep-058-2026-07-11; inrb-sitrep-059-2026-07-12; inrb-umie-ebola-drc-2026-build-2026-05-28-bb8b7d5; inrb-umie-ebola-drc-2026-build-2026-06-01-b4cafc9; uganda-moh-ebola-update-2026-06-06; uganda-moh-ebola-update-2026-06-20; uganda-moh-ebola-update-2026-06-21; who-daily-epi-bdbv-2026-06-08; who-dg-remarks-bdbv-2026-05-20; who-dg-remarks-bdbv-2026-05-22; who-don602-2026-05-15-live; who-don603-2026-05-21-live; who-don606-bdbv-2026-06-08; who-ihr-ec-bdbv-temporary-recommendations-2026-05-22; who-pheic-2026-05-17-live; wikipedia-2026-ituri-epidemic-2026-05-20-live,"Descriptive watch-point interval, not a forecast or response recommendation."
corridor:114:komanda:yei-ssd,komanda,yei-ssd,30,0.0654510408027213,0.18042552938278492,0.1278284440146634,0.33102986997323247,0.03535740586670701,0.5648173787192275,zone-attributed confirmed count 25 for this source zone; visibility-adjustment factor 2.02× reflects under-reporting in source zone; raw risk likely understates true hazard,BDBV-CLAIM-050,derived_model_output_with_unsupported_exponent_attribution,pinned_snapshot_model_output,africa-cdc-phecs-2026-05-18-live; afro-sitrep-01-2026-05-18-live; afro-sitrep-01-pdf-2026-05-18-live; cdc-current-situation-2026-05-21; cdc-current-situation-2026-05-23; cdc-current-situation-2026-05-24; cdc-current-situation-2026-05-25; drc-moh-epidemie-dashboard-sitrep-009-graphql-2026-05-24; drc-moh-epidemie-dashboard-sitrep-mve-n-007-mvb-17-2026-pdf-2026-05-22; ecdc-bdbv-drc-uga-2026-05-19-live; ecdc-bdbv-drc-uga-2026-05-21-live; ecdc-bdbv-drc-uga-2026-05-25-live; ecdc-bdbv-drc-uga-2026-05-26-live; ecdc-bdbv-drc-uga-2026-05-27-live; inrb-sitrep-015-2026-05-29; inrb-sitrep-016-2026-05-30; inrb-sitrep-017-2026-05-31; inrb-sitrep-018-2026-06-01; inrb-sitrep-019-2026-06-02; inrb-sitrep-020-2026-06-03; inrb-sitrep-021-2026-06-04; inrb-sitrep-022-2026-06-05; inrb-sitrep-023-2026-06-06; inrb-sitrep-024-2026-06-07; inrb-sitrep-025-2026-06-08; inrb-sitrep-026-2026-06-09; inrb-sitrep-027-2026-06-10; inrb-sitrep-028-2026-06-11; inrb-sitrep-030-2026-06-13; inrb-sitrep-031-2026-06-14; inrb-sitrep-032-2026-06-15; inrb-sitrep-033-2026-06-16; inrb-sitrep-034-2026-06-17; inrb-sitrep-035-2026-06-18; inrb-sitrep-036-2026-06-19; inrb-sitrep-037-2026-06-20; inrb-sitrep-038-2026-06-21; inrb-sitrep-039-2026-06-22; inrb-sitrep-040-2026-06-23; inrb-sitrep-041-2026-06-24; inrb-sitrep-042-2026-06-25; inrb-sitrep-044-2026-06-27; inrb-sitrep-046-2026-06-29; inrb-sitrep-047-2026-06-30; inrb-sitrep-048-2026-07-01; inrb-sitrep-049-2026-07-02; inrb-sitrep-050-2026-07-03; inrb-sitrep-051-2026-07-04; inrb-sitrep-052-2026-07-05; inrb-sitrep-053-2026-07-06; inrb-sitrep-054-2026-07-07; inrb-sitrep-055-2026-07-08; inrb-sitrep-056-2026-07-09; inrb-sitrep-057-2026-07-10; inrb-sitrep-058-2026-07-11; inrb-sitrep-059-2026-07-12; inrb-umie-ebola-drc-2026-build-2026-05-28-bb8b7d5; inrb-umie-ebola-drc-2026-build-2026-06-01-b4cafc9; uganda-moh-ebola-update-2026-06-06; uganda-moh-ebola-update-2026-06-20; uganda-moh-ebola-update-2026-06-21; who-daily-epi-bdbv-2026-06-08; who-dg-remarks-bdbv-2026-05-20; who-dg-remarks-bdbv-2026-05-22; who-don602-2026-05-15-live; who-don603-2026-05-21-live; who-don606-bdbv-2026-06-08; who-ihr-ec-bdbv-temporary-recommendations-2026-05-22; who-pheic-2026-05-17-live; wikipedia-2026-ituri-epidemic-2026-05-20-live,"Descriptive watch-point interval, not a forecast or response recommendation."
corridor:115:komanda:bundibugyo-uga,komanda,bundibugyo-uga,30,0.06186475064500738,0.17287006599989363,0.1210527692974539,0.31851073633418925,0.03957766141842348,0.5298536086118508,zone-attributed confirmed count 25 for this source zone; visibility-adjustment factor 2.02× reflects under-reporting in source zone; raw risk likely understates true hazard,BDBV-CLAIM-050,derived_model_output_with_unsupported_exponent_attribution,pinned_snapshot_model_output,africa-cdc-phecs-2026-05-18-live; afro-sitrep-01-2026-05-18-live; afro-sitrep-01-pdf-2026-05-18-live; cdc-current-situation-2026-05-21; cdc-current-situation-2026-05-23; cdc-current-situation-2026-05-24; cdc-current-situation-2026-05-25; drc-moh-epidemie-dashboard-sitrep-009-graphql-2026-05-24; drc-moh-epidemie-dashboard-sitrep-mve-n-007-mvb-17-2026-pdf-2026-05-22; ecdc-bdbv-drc-uga-2026-05-19-live; ecdc-bdbv-drc-uga-2026-05-21-live; ecdc-bdbv-drc-uga-2026-05-25-live; ecdc-bdbv-drc-uga-2026-05-26-live; ecdc-bdbv-drc-uga-2026-05-27-live; inrb-sitrep-015-2026-05-29; inrb-sitrep-016-2026-05-30; inrb-sitrep-017-2026-05-31; inrb-sitrep-018-2026-06-01; inrb-sitrep-019-2026-06-02; inrb-sitrep-020-2026-06-03; inrb-sitrep-021-2026-06-04; inrb-sitrep-022-2026-06-05; inrb-sitrep-023-2026-06-06; inrb-sitrep-024-2026-06-07; inrb-sitrep-025-2026-06-08; inrb-sitrep-026-2026-06-09; inrb-sitrep-027-2026-06-10; inrb-sitrep-028-2026-06-11; inrb-sitrep-030-2026-06-13; inrb-sitrep-031-2026-06-14; inrb-sitrep-032-2026-06-15; inrb-sitrep-033-2026-06-16; inrb-sitrep-034-2026-06-17; inrb-sitrep-035-2026-06-18; inrb-sitrep-036-2026-06-19; inrb-sitrep-037-2026-06-20; inrb-sitrep-038-2026-06-21; inrb-sitrep-039-2026-06-22; inrb-sitrep-040-2026-06-23; inrb-sitrep-041-2026-06-24; inrb-sitrep-042-2026-06-25; inrb-sitrep-044-2026-06-27; inrb-sitrep-046-2026-06-29; inrb-sitrep-047-2026-06-30; inrb-sitrep-048-2026-07-01; inrb-sitrep-049-2026-07-02; inrb-sitrep-050-2026-07-03; inrb-sitrep-051-2026-07-04; inrb-sitrep-052-2026-07-05; inrb-sitrep-053-2026-07-06; inrb-sitrep-054-2026-07-07; inrb-sitrep-055-2026-07-08; inrb-sitrep-056-2026-07-09; inrb-sitrep-057-2026-07-10; inrb-sitrep-058-2026-07-11; inrb-sitrep-059-2026-07-12; inrb-umie-ebola-drc-2026-build-2026-05-28-bb8b7d5; inrb-umie-ebola-drc-2026-build-2026-06-01-b4cafc9; uganda-moh-ebola-update-2026-06-06; uganda-moh-ebola-update-2026-06-20; uganda-moh-ebola-update-2026-06-21; who-daily-epi-bdbv-2026-06-08; who-dg-remarks-bdbv-2026-05-20; who-dg-remarks-bdbv-2026-05-22; who-don602-2026-05-15-live; who-don603-2026-05-21-live; who-don606-bdbv-2026-06-08; who-ihr-ec-bdbv-temporary-recommendations-2026-05-22; who-pheic-2026-05-17-live; wikipedia-2026-ituri-epidemic-2026-05-20-live,"Descriptive watch-point interval, not a forecast or response recommendation."
corridor:116:komanda:arua-uga,komanda,arua-uga,30,0.062440590834188625,0.1603883157570666,0.12214242741163078,0.2975721562010454,0.03737233515135535,0.5673260587601334,zone-attributed confirmed count 25 for this source zone; visibility-adjustment factor 2.02× reflects under-reporting in source zone; raw risk likely understates true hazard,BDBV-CLAIM-050,derived_model_output_with_unsupported_exponent_attribution,pinned_snapshot_model_output,africa-cdc-phecs-2026-05-18-live; afro-sitrep-01-2026-05-18-live; afro-sitrep-01-pdf-2026-05-18-live; cdc-current-situation-2026-05-21; cdc-current-situation-2026-05-23; cdc-current-situation-2026-05-24; cdc-current-situation-2026-05-25; drc-moh-epidemie-dashboard-sitrep-009-graphql-2026-05-24; drc-moh-epidemie-dashboard-sitrep-mve-n-007-mvb-17-2026-pdf-2026-05-22; ecdc-bdbv-drc-uga-2026-05-19-live; ecdc-bdbv-drc-uga-2026-05-21-live; ecdc-bdbv-drc-uga-2026-05-25-live; ecdc-bdbv-drc-uga-2026-05-26-live; ecdc-bdbv-drc-uga-2026-05-27-live; inrb-sitrep-015-2026-05-29; inrb-sitrep-016-2026-05-30; inrb-sitrep-017-2026-05-31; inrb-sitrep-018-2026-06-01; inrb-sitrep-019-2026-06-02; inrb-sitrep-020-2026-06-03; inrb-sitrep-021-2026-06-04; inrb-sitrep-022-2026-06-05; inrb-sitrep-023-2026-06-06; inrb-sitrep-024-2026-06-07; inrb-sitrep-025-2026-06-08; inrb-sitrep-026-2026-06-09; inrb-sitrep-027-2026-06-10; inrb-sitrep-028-2026-06-11; inrb-sitrep-030-2026-06-13; inrb-sitrep-031-2026-06-14; inrb-sitrep-032-2026-06-15; inrb-sitrep-033-2026-06-16; inrb-sitrep-034-2026-06-17; inrb-sitrep-035-2026-06-18; inrb-sitrep-036-2026-06-19; inrb-sitrep-037-2026-06-20; inrb-sitrep-038-2026-06-21; inrb-sitrep-039-2026-06-22; inrb-sitrep-040-2026-06-23; inrb-sitrep-041-2026-06-24; inrb-sitrep-042-2026-06-25; inrb-sitrep-044-2026-06-27; inrb-sitrep-046-2026-06-29; inrb-sitrep-047-2026-06-30; inrb-sitrep-048-2026-07-01; inrb-sitrep-049-2026-07-02; inrb-sitrep-050-2026-07-03; inrb-sitrep-051-2026-07-04; inrb-sitrep-052-2026-07-05; inrb-sitrep-053-2026-07-06; inrb-sitrep-054-2026-07-07; inrb-sitrep-055-2026-07-08; inrb-sitrep-056-2026-07-09; inrb-sitrep-057-2026-07-10; inrb-sitrep-058-2026-07-11; inrb-sitrep-059-2026-07-12; inrb-umie-ebola-drc-2026-build-2026-05-28-bb8b7d5; inrb-umie-ebola-drc-2026-build-2026-06-01-b4cafc9; uganda-moh-ebola-update-2026-06-06; uganda-moh-ebola-update-2026-06-20; uganda-moh-ebola-update-2026-06-21; who-daily-epi-bdbv-2026-06-08; who-dg-remarks-bdbv-2026-05-20; who-dg-remarks-bdbv-2026-05-22; who-don602-2026-05-15-live; who-don603-2026-05-21-live; who-don606-bdbv-2026-06-08; who-ihr-ec-bdbv-temporary-recommendations-2026-05-22; who-pheic-2026-05-17-live; wikipedia-2026-ituri-epidemic-2026-05-20-live,"Descriptive watch-point interval, not a forecast or response recommendation."
corridor:117:tchomia:beni-cod,tchomia,beni-cod,30,0.05458446663034475,0.15393140038985875,0.10721659934369915,0.28661469983117127,0.02767506709998193,0.49305917042807207,zone-attributed confirmed count 19 for this source zone; visibility-adjustment factor 2.02× reflects under-reporting in source zone; raw risk likely understates true hazard,BDBV-CLAIM-050,derived_model_output_with_unsupported_exponent_attribution,pinned_snapshot_model_output,africa-cdc-phecs-2026-05-18-live; afro-sitrep-01-2026-05-18-live; afro-sitrep-01-pdf-2026-05-18-live; cdc-current-situation-2026-05-21; cdc-current-situation-2026-05-23; cdc-current-situation-2026-05-24; cdc-current-situation-2026-05-25; drc-moh-epidemie-dashboard-sitrep-009-graphql-2026-05-24; drc-moh-epidemie-dashboard-sitrep-mve-n-007-mvb-17-2026-pdf-2026-05-22; ecdc-bdbv-drc-uga-2026-05-19-live; ecdc-bdbv-drc-uga-2026-05-21-live; ecdc-bdbv-drc-uga-2026-05-25-live; ecdc-bdbv-drc-uga-2026-05-26-live; ecdc-bdbv-drc-uga-2026-05-27-live; inrb-sitrep-015-2026-05-29; inrb-sitrep-016-2026-05-30; inrb-sitrep-017-2026-05-31; inrb-sitrep-018-2026-06-01; inrb-sitrep-019-2026-06-02; inrb-sitrep-020-2026-06-03; inrb-sitrep-021-2026-06-04; inrb-sitrep-022-2026-06-05; inrb-sitrep-023-2026-06-06; inrb-sitrep-024-2026-06-07; inrb-sitrep-025-2026-06-08; inrb-sitrep-026-2026-06-09; inrb-sitrep-027-2026-06-10; inrb-sitrep-028-2026-06-11; inrb-sitrep-030-2026-06-13; inrb-sitrep-031-2026-06-14; inrb-sitrep-032-2026-06-15; inrb-sitrep-033-2026-06-16; inrb-sitrep-034-2026-06-17; inrb-sitrep-035-2026-06-18; inrb-sitrep-036-2026-06-19; inrb-sitrep-037-2026-06-20; inrb-sitrep-038-2026-06-21; inrb-sitrep-039-2026-06-22; inrb-sitrep-040-2026-06-23; inrb-sitrep-041-2026-06-24; inrb-sitrep-042-2026-06-25; inrb-sitrep-044-2026-06-27; inrb-sitrep-046-2026-06-29; inrb-sitrep-047-2026-06-30; inrb-sitrep-048-2026-07-01; inrb-sitrep-049-2026-07-02; inrb-sitrep-050-2026-07-03; inrb-sitrep-051-2026-07-04; inrb-sitrep-052-2026-07-05; inrb-sitrep-053-2026-07-06; inrb-sitrep-054-2026-07-07; inrb-sitrep-055-2026-07-08; inrb-sitrep-056-2026-07-09; inrb-sitrep-057-2026-07-10; inrb-sitrep-058-2026-07-11; inrb-sitrep-059-2026-07-12; inrb-umie-ebola-drc-2026-build-2026-05-28-bb8b7d5; inrb-umie-ebola-drc-2026-build-2026-06-01-b4cafc9; uganda-moh-ebola-update-2026-06-06; uganda-moh-ebola-update-2026-06-20; uganda-moh-ebola-update-2026-06-21; who-daily-epi-bdbv-2026-06-08; who-dg-remarks-bdbv-2026-05-20; who-dg-remarks-bdbv-2026-05-22; who-don602-2026-05-15-live; who-don603-2026-05-21-live; who-don606-bdbv-2026-06-08; who-ihr-ec-bdbv-temporary-recommendations-2026-05-22; who-pheic-2026-05-17-live; wikipedia-2026-ituri-epidemic-2026-05-20-live,"Descriptive watch-point interval, not a forecast or response recommendation."
corridor:118:tchomia:kasese-uga,tchomia,kasese-uga,30,0.054031059527839986,0.15086374764762592,0.10616027293005995,0.28137901800024867,0.03328000012944174,0.4711111023339022,zone-attributed confirmed count 19 for this source zone; visibility-adjustment factor 2.02× reflects under-reporting in source zone; raw risk likely understates true hazard,BDBV-CLAIM-050,derived_model_output_with_unsupported_exponent_attribution,pinned_snapshot_model_output,africa-cdc-phecs-2026-05-18-live; afro-sitrep-01-2026-05-18-live; afro-sitrep-01-pdf-2026-05-18-live; cdc-current-situation-2026-05-21; cdc-current-situation-2026-05-23; cdc-current-situation-2026-05-24; cdc-current-situation-2026-05-25; drc-moh-epidemie-dashboard-sitrep-009-graphql-2026-05-24; drc-moh-epidemie-dashboard-sitrep-mve-n-007-mvb-17-2026-pdf-2026-05-22; ecdc-bdbv-drc-uga-2026-05-19-live; ecdc-bdbv-drc-uga-2026-05-21-live; ecdc-bdbv-drc-uga-2026-05-25-live; ecdc-bdbv-drc-uga-2026-05-26-live; ecdc-bdbv-drc-uga-2026-05-27-live; inrb-sitrep-015-2026-05-29; inrb-sitrep-016-2026-05-30; inrb-sitrep-017-2026-05-31; inrb-sitrep-018-2026-06-01; inrb-sitrep-019-2026-06-02; inrb-sitrep-020-2026-06-03; inrb-sitrep-021-2026-06-04; inrb-sitrep-022-2026-06-05; inrb-sitrep-023-2026-06-06; inrb-sitrep-024-2026-06-07; inrb-sitrep-025-2026-06-08; inrb-sitrep-026-2026-06-09; inrb-sitrep-027-2026-06-10; inrb-sitrep-028-2026-06-11; inrb-sitrep-030-2026-06-13; inrb-sitrep-031-2026-06-14; inrb-sitrep-032-2026-06-15; inrb-sitrep-033-2026-06-16; inrb-sitrep-034-2026-06-17; inrb-sitrep-035-2026-06-18; inrb-sitrep-036-2026-06-19; inrb-sitrep-037-2026-06-20; inrb-sitrep-038-2026-06-21; inrb-sitrep-039-2026-06-22; inrb-sitrep-040-2026-06-23; inrb-sitrep-041-2026-06-24; inrb-sitrep-042-2026-06-25; inrb-sitrep-044-2026-06-27; inrb-sitrep-046-2026-06-29; inrb-sitrep-047-2026-06-30; inrb-sitrep-048-2026-07-01; inrb-sitrep-049-2026-07-02; inrb-sitrep-050-2026-07-03; inrb-sitrep-051-2026-07-04; inrb-sitrep-052-2026-07-05; inrb-sitrep-053-2026-07-06; inrb-sitrep-054-2026-07-07; inrb-sitrep-055-2026-07-08; inrb-sitrep-056-2026-07-09; inrb-sitrep-057-2026-07-10; inrb-sitrep-058-2026-07-11; inrb-sitrep-059-2026-07-12; inrb-umie-ebola-drc-2026-build-2026-05-28-bb8b7d5; inrb-umie-ebola-drc-2026-build-2026-06-01-b4cafc9; uganda-moh-ebola-update-2026-06-06; uganda-moh-ebola-update-2026-06-20; uganda-moh-ebola-update-2026-06-21; who-daily-epi-bdbv-2026-06-08; who-dg-remarks-bdbv-2026-05-20; who-dg-remarks-bdbv-2026-05-22; who-don602-2026-05-15-live; who-don603-2026-05-21-live; who-don606-bdbv-2026-06-08; who-ihr-ec-bdbv-temporary-recommendations-2026-05-22; who-pheic-2026-05-17-live; wikipedia-2026-ituri-epidemic-2026-05-20-live,"Descriptive watch-point interval, not a forecast or response recommendation."
corridor:119:tchomia:nebbi-uga,tchomia,nebbi-uga,30,0.055629953015194716,0.14407949022102662,0.10921020963264541,0.269731133582902,0.02967943721822103,0.42914003154077346,zone-attributed confirmed count 19 for this source zone; visibility-adjustment factor 2.02× reflects under-reporting in source zone; raw risk likely understates true hazard,BDBV-CLAIM-050,derived_model_output_with_unsupported_exponent_attribution,pinned_snapshot_model_output,africa-cdc-phecs-2026-05-18-live; afro-sitrep-01-2026-05-18-live; afro-sitrep-01-pdf-2026-05-18-live; cdc-current-situation-2026-05-21; cdc-current-situation-2026-05-23; cdc-current-situation-2026-05-24; cdc-current-situation-2026-05-25; drc-moh-epidemie-dashboard-sitrep-009-graphql-2026-05-24; drc-moh-epidemie-dashboard-sitrep-mve-n-007-mvb-17-2026-pdf-2026-05-22; ecdc-bdbv-drc-uga-2026-05-19-live; ecdc-bdbv-drc-uga-2026-05-21-live; ecdc-bdbv-drc-uga-2026-05-25-live; ecdc-bdbv-drc-uga-2026-05-26-live; ecdc-bdbv-drc-uga-2026-05-27-live; inrb-sitrep-015-2026-05-29; inrb-sitrep-016-2026-05-30; inrb-sitrep-017-2026-05-31; inrb-sitrep-018-2026-06-01; inrb-sitrep-019-2026-06-02; inrb-sitrep-020-2026-06-03; inrb-sitrep-021-2026-06-04; inrb-sitrep-022-2026-06-05; inrb-sitrep-023-2026-06-06; inrb-sitrep-024-2026-06-07; inrb-sitrep-025-2026-06-08; inrb-sitrep-026-2026-06-09; inrb-sitrep-027-2026-06-10; inrb-sitrep-028-2026-06-11; inrb-sitrep-030-2026-06-13; inrb-sitrep-031-2026-06-14; inrb-sitrep-032-2026-06-15; inrb-sitrep-033-2026-06-16; inrb-sitrep-034-2026-06-17; inrb-sitrep-035-2026-06-18; inrb-sitrep-036-2026-06-19; inrb-sitrep-037-2026-06-20; inrb-sitrep-038-2026-06-21; inrb-sitrep-039-2026-06-22; inrb-sitrep-040-2026-06-23; inrb-sitrep-041-2026-06-24; inrb-sitrep-042-2026-06-25; inrb-sitrep-044-2026-06-27; inrb-sitrep-046-2026-06-29; inrb-sitrep-047-2026-06-30; inrb-sitrep-048-2026-07-01; inrb-sitrep-049-2026-07-02; inrb-sitrep-050-2026-07-03; inrb-sitrep-051-2026-07-04; inrb-sitrep-052-2026-07-05; inrb-sitrep-053-2026-07-06; inrb-sitrep-054-2026-07-07; inrb-sitrep-055-2026-07-08; inrb-sitrep-056-2026-07-09; inrb-sitrep-057-2026-07-10; inrb-sitrep-058-2026-07-11; inrb-sitrep-059-2026-07-12; inrb-umie-ebola-drc-2026-build-2026-05-28-bb8b7d5; inrb-umie-ebola-drc-2026-build-2026-06-01-b4cafc9; uganda-moh-ebola-update-2026-06-06; uganda-moh-ebola-update-2026-06-20; uganda-moh-ebola-update-2026-06-21; who-daily-epi-bdbv-2026-06-08; who-dg-remarks-bdbv-2026-05-20; who-dg-remarks-bdbv-2026-05-22; who-don602-2026-05-15-live; who-don603-2026-05-21-live; who-don606-bdbv-2026-06-08; who-ihr-ec-bdbv-temporary-recommendations-2026-05-22; who-pheic-2026-05-17-live; wikipedia-2026-ituri-epidemic-2026-05-20-live,"Descriptive watch-point interval, not a forecast or response recommendation."
corridor:120:tchomia:yei-ssd,tchomia,yei-ssd,30,0.05487725483570011,0.14393632699405406,0.10777512421131055,0.2694843170761209,0.02745368337489835,0.4719966413091138,zone-attributed confirmed count 19 for this source zone; visibility-adjustment factor 2.02× reflects under-reporting in source zone; raw risk likely understates true hazard,BDBV-CLAIM-050,derived_model_output_with_unsupported_exponent_attribution,pinned_snapshot_model_output,africa-cdc-phecs-2026-05-18-live; afro-sitrep-01-2026-05-18-live; afro-sitrep-01-pdf-2026-05-18-live; cdc-current-situation-2026-05-21; cdc-current-situation-2026-05-23; cdc-current-situation-2026-05-24; cdc-current-situation-2026-05-25; drc-moh-epidemie-dashboard-sitrep-009-graphql-2026-05-24; drc-moh-epidemie-dashboard-sitrep-mve-n-007-mvb-17-2026-pdf-2026-05-22; ecdc-bdbv-drc-uga-2026-05-19-live; ecdc-bdbv-drc-uga-2026-05-21-live; ecdc-bdbv-drc-uga-2026-05-25-live; ecdc-bdbv-drc-uga-2026-05-26-live; ecdc-bdbv-drc-uga-2026-05-27-live; inrb-sitrep-015-2026-05-29; inrb-sitrep-016-2026-05-30; inrb-sitrep-017-2026-05-31; inrb-sitrep-018-2026-06-01; inrb-sitrep-019-2026-06-02; inrb-sitrep-020-2026-06-03; inrb-sitrep-021-2026-06-04; inrb-sitrep-022-2026-06-05; inrb-sitrep-023-2026-06-06; inrb-sitrep-024-2026-06-07; inrb-sitrep-025-2026-06-08; inrb-sitrep-026-2026-06-09; inrb-sitrep-027-2026-06-10; inrb-sitrep-028-2026-06-11; inrb-sitrep-030-2026-06-13; inrb-sitrep-031-2026-06-14; inrb-sitrep-032-2026-06-15; inrb-sitrep-033-2026-06-16; inrb-sitrep-034-2026-06-17; inrb-sitrep-035-2026-06-18; inrb-sitrep-036-2026-06-19; inrb-sitrep-037-2026-06-20; inrb-sitrep-038-2026-06-21; inrb-sitrep-039-2026-06-22; inrb-sitrep-040-2026-06-23; inrb-sitrep-041-2026-06-24; inrb-sitrep-042-2026-06-25; inrb-sitrep-044-2026-06-27; inrb-sitrep-046-2026-06-29; inrb-sitrep-047-2026-06-30; inrb-sitrep-048-2026-07-01; inrb-sitrep-049-2026-07-02; inrb-sitrep-050-2026-07-03; inrb-sitrep-051-2026-07-04; inrb-sitrep-052-2026-07-05; inrb-sitrep-053-2026-07-06; inrb-sitrep-054-2026-07-07; inrb-sitrep-055-2026-07-08; inrb-sitrep-056-2026-07-09; inrb-sitrep-057-2026-07-10; inrb-sitrep-058-2026-07-11; inrb-sitrep-059-2026-07-12; inrb-umie-ebola-drc-2026-build-2026-05-28-bb8b7d5; inrb-umie-ebola-drc-2026-build-2026-06-01-b4cafc9; uganda-moh-ebola-update-2026-06-06; uganda-moh-ebola-update-2026-06-20; uganda-moh-ebola-update-2026-06-21; who-daily-epi-bdbv-2026-06-08; who-dg-remarks-bdbv-2026-05-20; who-dg-remarks-bdbv-2026-05-22; who-don602-2026-05-15-live; who-don603-2026-05-21-live; who-don606-bdbv-2026-06-08; who-ihr-ec-bdbv-temporary-recommendations-2026-05-22; who-pheic-2026-05-17-live; wikipedia-2026-ituri-epidemic-2026-05-20-live,"Descriptive watch-point interval, not a forecast or response recommendation."
corridor:121:tchomia:goma-cod,tchomia,goma-cod,30,0.05380882798055636,0.1436517651627821,0.10573605722368151,0.2689933303781453,0.02942462204857569,0.4756124087788557,zone-attributed confirmed count 19 for this source zone; visibility-adjustment factor 2.02× reflects under-reporting in source zone; raw risk likely understates true hazard,BDBV-CLAIM-050,derived_model_output_with_unsupported_exponent_attribution,pinned_snapshot_model_output,africa-cdc-phecs-2026-05-18-live; afro-sitrep-01-2026-05-18-live; afro-sitrep-01-pdf-2026-05-18-live; cdc-current-situation-2026-05-21; cdc-current-situation-2026-05-23; cdc-current-situation-2026-05-24; cdc-current-situation-2026-05-25; drc-moh-epidemie-dashboard-sitrep-009-graphql-2026-05-24; drc-moh-epidemie-dashboard-sitrep-mve-n-007-mvb-17-2026-pdf-2026-05-22; ecdc-bdbv-drc-uga-2026-05-19-live; ecdc-bdbv-drc-uga-2026-05-21-live; ecdc-bdbv-drc-uga-2026-05-25-live; ecdc-bdbv-drc-uga-2026-05-26-live; ecdc-bdbv-drc-uga-2026-05-27-live; inrb-sitrep-015-2026-05-29; inrb-sitrep-016-2026-05-30; inrb-sitrep-017-2026-05-31; inrb-sitrep-018-2026-06-01; inrb-sitrep-019-2026-06-02; inrb-sitrep-020-2026-06-03; inrb-sitrep-021-2026-06-04; inrb-sitrep-022-2026-06-05; inrb-sitrep-023-2026-06-06; inrb-sitrep-024-2026-06-07; inrb-sitrep-025-2026-06-08; inrb-sitrep-026-2026-06-09; inrb-sitrep-027-2026-06-10; inrb-sitrep-028-2026-06-11; inrb-sitrep-030-2026-06-13; inrb-sitrep-031-2026-06-14; inrb-sitrep-032-2026-06-15; inrb-sitrep-033-2026-06-16; inrb-sitrep-034-2026-06-17; inrb-sitrep-035-2026-06-18; inrb-sitrep-036-2026-06-19; inrb-sitrep-037-2026-06-20; inrb-sitrep-038-2026-06-21; inrb-sitrep-039-2026-06-22; inrb-sitrep-040-2026-06-23; inrb-sitrep-041-2026-06-24; inrb-sitrep-042-2026-06-25; inrb-sitrep-044-2026-06-27; inrb-sitrep-046-2026-06-29; inrb-sitrep-047-2026-06-30; inrb-sitrep-048-2026-07-01; inrb-sitrep-049-2026-07-02; inrb-sitrep-050-2026-07-03; inrb-sitrep-051-2026-07-04; inrb-sitrep-052-2026-07-05; inrb-sitrep-053-2026-07-06; inrb-sitrep-054-2026-07-07; inrb-sitrep-055-2026-07-08; inrb-sitrep-056-2026-07-09; inrb-sitrep-057-2026-07-10; inrb-sitrep-058-2026-07-11; inrb-sitrep-059-2026-07-12; inrb-umie-ebola-drc-2026-build-2026-05-28-bb8b7d5; inrb-umie-ebola-drc-2026-build-2026-06-01-b4cafc9; uganda-moh-ebola-update-2026-06-06; uganda-moh-ebola-update-2026-06-20; uganda-moh-ebola-update-2026-06-21; who-daily-epi-bdbv-2026-06-08; who-dg-remarks-bdbv-2026-05-20; who-dg-remarks-bdbv-2026-05-22; who-don602-2026-05-15-live; who-don603-2026-05-21-live; who-don606-bdbv-2026-06-08; who-ihr-ec-bdbv-temporary-recommendations-2026-05-22; who-pheic-2026-05-17-live; wikipedia-2026-ituri-epidemic-2026-05-20-live,"Descriptive watch-point interval, not a forecast or response recommendation."
corridor:122:tchomia:kampala-uga,tchomia,kampala-uga,30,0.047734511532903784,0.14319780539376675,0.09409854879134613,0.2682104033284782,0.02334332534833806,0.49520547540203147,zone-attributed confirmed count 19 for this source zone; visibility-adjustment factor 2.02× reflects under-reporting in source zone; raw risk likely understates true hazard,BDBV-CLAIM-050,derived_model_output_with_unsupported_exponent_attribution,pinned_snapshot_model_output,africa-cdc-phecs-2026-05-18-live; afro-sitrep-01-2026-05-18-live; afro-sitrep-01-pdf-2026-05-18-live; cdc-current-situation-2026-05-21; cdc-current-situation-2026-05-23; cdc-current-situation-2026-05-24; cdc-current-situation-2026-05-25; drc-moh-epidemie-dashboard-sitrep-009-graphql-2026-05-24; drc-moh-epidemie-dashboard-sitrep-mve-n-007-mvb-17-2026-pdf-2026-05-22; ecdc-bdbv-drc-uga-2026-05-19-live; ecdc-bdbv-drc-uga-2026-05-21-live; ecdc-bdbv-drc-uga-2026-05-25-live; ecdc-bdbv-drc-uga-2026-05-26-live; ecdc-bdbv-drc-uga-2026-05-27-live; inrb-sitrep-015-2026-05-29; inrb-sitrep-016-2026-05-30; inrb-sitrep-017-2026-05-31; inrb-sitrep-018-2026-06-01; inrb-sitrep-019-2026-06-02; inrb-sitrep-020-2026-06-03; inrb-sitrep-021-2026-06-04; inrb-sitrep-022-2026-06-05; inrb-sitrep-023-2026-06-06; inrb-sitrep-024-2026-06-07; inrb-sitrep-025-2026-06-08; inrb-sitrep-026-2026-06-09; inrb-sitrep-027-2026-06-10; inrb-sitrep-028-2026-06-11; inrb-sitrep-030-2026-06-13; inrb-sitrep-031-2026-06-14; inrb-sitrep-032-2026-06-15; inrb-sitrep-033-2026-06-16; inrb-sitrep-034-2026-06-17; inrb-sitrep-035-2026-06-18; inrb-sitrep-036-2026-06-19; inrb-sitrep-037-2026-06-20; inrb-sitrep-038-2026-06-21; inrb-sitrep-039-2026-06-22; inrb-sitrep-040-2026-06-23; inrb-sitrep-041-2026-06-24; inrb-sitrep-042-2026-06-25; inrb-sitrep-044-2026-06-27; inrb-sitrep-046-2026-06-29; inrb-sitrep-047-2026-06-30; inrb-sitrep-048-2026-07-01; inrb-sitrep-049-2026-07-02; inrb-sitrep-050-2026-07-03; inrb-sitrep-051-2026-07-04; inrb-sitrep-052-2026-07-05; inrb-sitrep-053-2026-07-06; inrb-sitrep-054-2026-07-07; inrb-sitrep-055-2026-07-08; inrb-sitrep-056-2026-07-09; inrb-sitrep-057-2026-07-10; inrb-sitrep-058-2026-07-11; inrb-sitrep-059-2026-07-12; inrb-umie-ebola-drc-2026-build-2026-05-28-bb8b7d5; inrb-umie-ebola-drc-2026-build-2026-06-01-b4cafc9; uganda-moh-ebola-update-2026-06-06; uganda-moh-ebola-update-2026-06-20; uganda-moh-ebola-update-2026-06-21; who-daily-epi-bdbv-2026-06-08; who-dg-remarks-bdbv-2026-05-20; who-dg-remarks-bdbv-2026-05-22; who-don602-2026-05-15-live; who-don603-2026-05-21-live; who-don606-bdbv-2026-06-08; who-ihr-ec-bdbv-temporary-recommendations-2026-05-22; who-pheic-2026-05-17-live; wikipedia-2026-ituri-epidemic-2026-05-20-live,"Descriptive watch-point interval, not a forecast or response recommendation."
corridor:123:tchomia:kisangani-cod,tchomia,kisangani-cod,30,0.05451388884580663,0.1412684851852961,0.10708162589948023,0.2648767548959515,0.02869944947674851,0.45075184940049795,zone-attributed confirmed count 19 for this source zone; visibility-adjustment factor 2.02× reflects under-reporting in source zone; raw risk likely understates true hazard,BDBV-CLAIM-050,derived_model_output_with_unsupported_exponent_attribution,pinned_snapshot_model_output,africa-cdc-phecs-2026-05-18-live; afro-sitrep-01-2026-05-18-live; afro-sitrep-01-pdf-2026-05-18-live; cdc-current-situation-2026-05-21; cdc-current-situation-2026-05-23; cdc-current-situation-2026-05-24; cdc-current-situation-2026-05-25; drc-moh-epidemie-dashboard-sitrep-009-graphql-2026-05-24; drc-moh-epidemie-dashboard-sitrep-mve-n-007-mvb-17-2026-pdf-2026-05-22; ecdc-bdbv-drc-uga-2026-05-19-live; ecdc-bdbv-drc-uga-2026-05-21-live; ecdc-bdbv-drc-uga-2026-05-25-live; ecdc-bdbv-drc-uga-2026-05-26-live; ecdc-bdbv-drc-uga-2026-05-27-live; inrb-sitrep-015-2026-05-29; inrb-sitrep-016-2026-05-30; inrb-sitrep-017-2026-05-31; inrb-sitrep-018-2026-06-01; inrb-sitrep-019-2026-06-02; inrb-sitrep-020-2026-06-03; inrb-sitrep-021-2026-06-04; inrb-sitrep-022-2026-06-05; inrb-sitrep-023-2026-06-06; inrb-sitrep-024-2026-06-07; inrb-sitrep-025-2026-06-08; inrb-sitrep-026-2026-06-09; inrb-sitrep-027-2026-06-10; inrb-sitrep-028-2026-06-11; inrb-sitrep-030-2026-06-13; inrb-sitrep-031-2026-06-14; inrb-sitrep-032-2026-06-15; inrb-sitrep-033-2026-06-16; inrb-sitrep-034-2026-06-17; inrb-sitrep-035-2026-06-18; inrb-sitrep-036-2026-06-19; inrb-sitrep-037-2026-06-20; inrb-sitrep-038-2026-06-21; inrb-sitrep-039-2026-06-22; inrb-sitrep-040-2026-06-23; inrb-sitrep-041-2026-06-24; inrb-sitrep-042-2026-06-25; inrb-sitrep-044-2026-06-27; inrb-sitrep-046-2026-06-29; inrb-sitrep-047-2026-06-30; inrb-sitrep-048-2026-07-01; inrb-sitrep-049-2026-07-02; inrb-sitrep-050-2026-07-03; inrb-sitrep-051-2026-07-04; inrb-sitrep-052-2026-07-05; inrb-sitrep-053-2026-07-06; inrb-sitrep-054-2026-07-07; inrb-sitrep-055-2026-07-08; inrb-sitrep-056-2026-07-09; inrb-sitrep-057-2026-07-10; inrb-sitrep-058-2026-07-11; inrb-sitrep-059-2026-07-12; inrb-umie-ebola-drc-2026-build-2026-05-28-bb8b7d5; inrb-umie-ebola-drc-2026-build-2026-06-01-b4cafc9; uganda-moh-ebola-update-2026-06-06; uganda-moh-ebola-update-2026-06-20; uganda-moh-ebola-update-2026-06-21; who-daily-epi-bdbv-2026-06-08; who-dg-remarks-bdbv-2026-05-20; who-dg-remarks-bdbv-2026-05-22; who-don602-2026-05-15-live; who-don603-2026-05-21-live; who-don606-bdbv-2026-06-08; who-ihr-ec-bdbv-temporary-recommendations-2026-05-22; who-pheic-2026-05-17-live; wikipedia-2026-ituri-epidemic-2026-05-20-live,"Descriptive watch-point interval, not a forecast or response recommendation."
corridor:124:tchomia:bundibugyo-uga,tchomia,bundibugyo-uga,30,0.055355139279978455,0.14125567361364066,0.10868640725493006,0.2648549648798184,0.027982838781545644,0.4583663180461334,zone-attributed confirmed count 19 for this source zone; visibility-adjustment factor 2.02× reflects under-reporting in source zone; raw risk likely understates true hazard,BDBV-CLAIM-050,derived_model_output_with_unsupported_exponent_attribution,pinned_snapshot_model_output,africa-cdc-phecs-2026-05-18-live; afro-sitrep-01-2026-05-18-live; afro-sitrep-01-pdf-2026-05-18-live; cdc-current-situation-2026-05-21; cdc-current-situation-2026-05-23; cdc-current-situation-2026-05-24; cdc-current-situation-2026-05-25; drc-moh-epidemie-dashboard-sitrep-009-graphql-2026-05-24; drc-moh-epidemie-dashboard-sitrep-mve-n-007-mvb-17-2026-pdf-2026-05-22; ecdc-bdbv-drc-uga-2026-05-19-live; ecdc-bdbv-drc-uga-2026-05-21-live; ecdc-bdbv-drc-uga-2026-05-25-live; ecdc-bdbv-drc-uga-2026-05-26-live; ecdc-bdbv-drc-uga-2026-05-27-live; inrb-sitrep-015-2026-05-29; inrb-sitrep-016-2026-05-30; inrb-sitrep-017-2026-05-31; inrb-sitrep-018-2026-06-01; inrb-sitrep-019-2026-06-02; inrb-sitrep-020-2026-06-03; inrb-sitrep-021-2026-06-04; inrb-sitrep-022-2026-06-05; inrb-sitrep-023-2026-06-06; inrb-sitrep-024-2026-06-07; inrb-sitrep-025-2026-06-08; inrb-sitrep-026-2026-06-09; inrb-sitrep-027-2026-06-10; inrb-sitrep-028-2026-06-11; inrb-sitrep-030-2026-06-13; inrb-sitrep-031-2026-06-14; inrb-sitrep-032-2026-06-15; inrb-sitrep-033-2026-06-16; inrb-sitrep-034-2026-06-17; inrb-sitrep-035-2026-06-18; inrb-sitrep-036-2026-06-19; inrb-sitrep-037-2026-06-20; inrb-sitrep-038-2026-06-21; inrb-sitrep-039-2026-06-22; inrb-sitrep-040-2026-06-23; inrb-sitrep-041-2026-06-24; inrb-sitrep-042-2026-06-25; inrb-sitrep-044-2026-06-27; inrb-sitrep-046-2026-06-29; inrb-sitrep-047-2026-06-30; inrb-sitrep-048-2026-07-01; inrb-sitrep-049-2026-07-02; inrb-sitrep-050-2026-07-03; inrb-sitrep-051-2026-07-04; inrb-sitrep-052-2026-07-05; inrb-sitrep-053-2026-07-06; inrb-sitrep-054-2026-07-07; inrb-sitrep-055-2026-07-08; inrb-sitrep-056-2026-07-09; inrb-sitrep-057-2026-07-10; inrb-sitrep-058-2026-07-11; inrb-sitrep-059-2026-07-12; inrb-umie-ebola-drc-2026-build-2026-05-28-bb8b7d5; inrb-umie-ebola-drc-2026-build-2026-06-01-b4cafc9; uganda-moh-ebola-update-2026-06-06; uganda-moh-ebola-update-2026-06-20; uganda-moh-ebola-update-2026-06-21; who-daily-epi-bdbv-2026-06-08; who-dg-remarks-bdbv-2026-05-20; who-dg-remarks-bdbv-2026-05-22; who-don602-2026-05-15-live; who-don603-2026-05-21-live; who-don606-bdbv-2026-06-08; who-ihr-ec-bdbv-temporary-recommendations-2026-05-22; who-pheic-2026-05-17-live; wikipedia-2026-ituri-epidemic-2026-05-20-live,"Descriptive watch-point interval, not a forecast or response recommendation."
corridor:125:tchomia:arua-uga,tchomia,arua-uga,30,0.05228652921408272,0.14009621286676222,0.10282668931404498,0.2628480538289152,0.029156972703786865,0.4639790422478012,zone-attributed confirmed count 19 for this source zone; visibility-adjustment factor 2.02× reflects under-reporting in source zone; raw risk likely understates true hazard,BDBV-CLAIM-050,derived_model_output_with_unsupported_exponent_attribution,pinned_snapshot_model_output,africa-cdc-phecs-2026-05-18-live; afro-sitrep-01-2026-05-18-live; afro-sitrep-01-pdf-2026-05-18-live; cdc-current-situation-2026-05-21; cdc-current-situation-2026-05-23; cdc-current-situation-2026-05-24; cdc-current-situation-2026-05-25; drc-moh-epidemie-dashboard-sitrep-009-graphql-2026-05-24; drc-moh-epidemie-dashboard-sitrep-mve-n-007-mvb-17-2026-pdf-2026-05-22; ecdc-bdbv-drc-uga-2026-05-19-live; ecdc-bdbv-drc-uga-2026-05-21-live; ecdc-bdbv-drc-uga-2026-05-25-live; ecdc-bdbv-drc-uga-2026-05-26-live; ecdc-bdbv-drc-uga-2026-05-27-live; inrb-sitrep-015-2026-05-29; inrb-sitrep-016-2026-05-30; inrb-sitrep-017-2026-05-31; inrb-sitrep-018-2026-06-01; inrb-sitrep-019-2026-06-02; inrb-sitrep-020-2026-06-03; inrb-sitrep-021-2026-06-04; inrb-sitrep-022-2026-06-05; inrb-sitrep-023-2026-06-06; inrb-sitrep-024-2026-06-07; inrb-sitrep-025-2026-06-08; inrb-sitrep-026-2026-06-09; inrb-sitrep-027-2026-06-10; inrb-sitrep-028-2026-06-11; inrb-sitrep-030-2026-06-13; inrb-sitrep-031-2026-06-14; inrb-sitrep-032-2026-06-15; inrb-sitrep-033-2026-06-16; inrb-sitrep-034-2026-06-17; inrb-sitrep-035-2026-06-18; inrb-sitrep-036-2026-06-19; inrb-sitrep-037-2026-06-20; inrb-sitrep-038-2026-06-21; inrb-sitrep-039-2026-06-22; inrb-sitrep-040-2026-06-23; inrb-sitrep-041-2026-06-24; inrb-sitrep-042-2026-06-25; inrb-sitrep-044-2026-06-27; inrb-sitrep-046-2026-06-29; inrb-sitrep-047-2026-06-30; inrb-sitrep-048-2026-07-01; inrb-sitrep-049-2026-07-02; inrb-sitrep-050-2026-07-03; inrb-sitrep-051-2026-07-04; inrb-sitrep-052-2026-07-05; inrb-sitrep-053-2026-07-06; inrb-sitrep-054-2026-07-07; inrb-sitrep-055-2026-07-08; inrb-sitrep-056-2026-07-09; inrb-sitrep-057-2026-07-10; inrb-sitrep-058-2026-07-11; inrb-sitrep-059-2026-07-12; inrb-umie-ebola-drc-2026-build-2026-05-28-bb8b7d5; inrb-umie-ebola-drc-2026-build-2026-06-01-b4cafc9; uganda-moh-ebola-update-2026-06-06; uganda-moh-ebola-update-2026-06-20; uganda-moh-ebola-update-2026-06-21; who-daily-epi-bdbv-2026-06-08; who-dg-remarks-bdbv-2026-05-20; who-dg-remarks-bdbv-2026-05-22; who-don602-2026-05-15-live; who-don603-2026-05-21-live; who-don606-bdbv-2026-06-08; who-ihr-ec-bdbv-temporary-recommendations-2026-05-22; who-pheic-2026-05-17-live; wikipedia-2026-ituri-epidemic-2026-05-20-live,"Descriptive watch-point interval, not a forecast or response recommendation."
corridor:126:musienene:kasese-uga,musienene,kasese-uga,30,0.028282868937719557,0.08153989020941146,0.056320597101739894,0.15789950133800842,0.01637331493471288,0.2759182679344965,zone-attributed confirmed count 10 for this source zone; visibility-adjustment factor 2.02× reflects under-reporting in source zone; raw risk likely understates true hazard,BDBV-CLAIM-050,derived_model_output_with_unsupported_exponent_attribution,pinned_snapshot_model_output,africa-cdc-phecs-2026-05-18-live; afro-sitrep-01-2026-05-18-live; afro-sitrep-01-pdf-2026-05-18-live; cdc-current-situation-2026-05-21; cdc-current-situation-2026-05-23; cdc-current-situation-2026-05-24; cdc-current-situation-2026-05-25; drc-moh-epidemie-dashboard-sitrep-009-graphql-2026-05-24; drc-moh-epidemie-dashboard-sitrep-mve-n-007-mvb-17-2026-pdf-2026-05-22; ecdc-bdbv-drc-uga-2026-05-19-live; ecdc-bdbv-drc-uga-2026-05-21-live; ecdc-bdbv-drc-uga-2026-05-25-live; ecdc-bdbv-drc-uga-2026-05-26-live; ecdc-bdbv-drc-uga-2026-05-27-live; inrb-sitrep-015-2026-05-29; inrb-sitrep-016-2026-05-30; inrb-sitrep-017-2026-05-31; inrb-sitrep-018-2026-06-01; inrb-sitrep-019-2026-06-02; inrb-sitrep-020-2026-06-03; inrb-sitrep-021-2026-06-04; inrb-sitrep-022-2026-06-05; inrb-sitrep-023-2026-06-06; inrb-sitrep-024-2026-06-07; inrb-sitrep-025-2026-06-08; inrb-sitrep-026-2026-06-09; inrb-sitrep-027-2026-06-10; inrb-sitrep-028-2026-06-11; inrb-sitrep-030-2026-06-13; inrb-sitrep-031-2026-06-14; inrb-sitrep-032-2026-06-15; inrb-sitrep-033-2026-06-16; inrb-sitrep-034-2026-06-17; inrb-sitrep-035-2026-06-18; inrb-sitrep-036-2026-06-19; inrb-sitrep-037-2026-06-20; inrb-sitrep-038-2026-06-21; inrb-sitrep-039-2026-06-22; inrb-sitrep-040-2026-06-23; inrb-sitrep-041-2026-06-24; inrb-sitrep-042-2026-06-25; inrb-sitrep-044-2026-06-27; inrb-sitrep-046-2026-06-29; inrb-sitrep-047-2026-06-30; inrb-sitrep-048-2026-07-01; inrb-sitrep-049-2026-07-02; inrb-sitrep-050-2026-07-03; inrb-sitrep-051-2026-07-04; inrb-sitrep-052-2026-07-05; inrb-sitrep-053-2026-07-06; inrb-sitrep-054-2026-07-07; inrb-sitrep-055-2026-07-08; inrb-sitrep-056-2026-07-09; inrb-sitrep-057-2026-07-10; inrb-sitrep-058-2026-07-11; inrb-sitrep-059-2026-07-12; inrb-umie-ebola-drc-2026-build-2026-05-28-bb8b7d5; inrb-umie-ebola-drc-2026-build-2026-06-01-b4cafc9; uganda-moh-ebola-update-2026-06-06; uganda-moh-ebola-update-2026-06-20; uganda-moh-ebola-update-2026-06-21; who-daily-epi-bdbv-2026-06-08; who-dg-remarks-bdbv-2026-05-20; who-dg-remarks-bdbv-2026-05-22; who-don602-2026-05-15-live; who-don603-2026-05-21-live; who-don606-bdbv-2026-06-08; who-ihr-ec-bdbv-temporary-recommendations-2026-05-22; who-pheic-2026-05-17-live; wikipedia-2026-ituri-epidemic-2026-05-20-live,"Descriptive watch-point interval, not a forecast or response recommendation."
corridor:127:musienene:bundibugyo-uga,musienene,bundibugyo-uga,30,0.029253339656381855,0.0799489996146,0.05822386485057526,0.1549495957955092,0.012702937908731985,0.2964759398770148,zone-attributed confirmed count 10 for this source zone; visibility-adjustment factor 2.02× reflects under-reporting in source zone; raw risk likely understates true hazard,BDBV-CLAIM-050,derived_model_output_with_unsupported_exponent_attribution,pinned_snapshot_model_output,africa-cdc-phecs-2026-05-18-live; afro-sitrep-01-2026-05-18-live; afro-sitrep-01-pdf-2026-05-18-live; cdc-current-situation-2026-05-21; cdc-current-situation-2026-05-23; cdc-current-situation-2026-05-24; cdc-current-situation-2026-05-25; drc-moh-epidemie-dashboard-sitrep-009-graphql-2026-05-24; drc-moh-epidemie-dashboard-sitrep-mve-n-007-mvb-17-2026-pdf-2026-05-22; ecdc-bdbv-drc-uga-2026-05-19-live; ecdc-bdbv-drc-uga-2026-05-21-live; ecdc-bdbv-drc-uga-2026-05-25-live; ecdc-bdbv-drc-uga-2026-05-26-live; ecdc-bdbv-drc-uga-2026-05-27-live; inrb-sitrep-015-2026-05-29; inrb-sitrep-016-2026-05-30; inrb-sitrep-017-2026-05-31; inrb-sitrep-018-2026-06-01; inrb-sitrep-019-2026-06-02; inrb-sitrep-020-2026-06-03; inrb-sitrep-021-2026-06-04; inrb-sitrep-022-2026-06-05; inrb-sitrep-023-2026-06-06; inrb-sitrep-024-2026-06-07; inrb-sitrep-025-2026-06-08; inrb-sitrep-026-2026-06-09; inrb-sitrep-027-2026-06-10; inrb-sitrep-028-2026-06-11; inrb-sitrep-030-2026-06-13; inrb-sitrep-031-2026-06-14; inrb-sitrep-032-2026-06-15; inrb-sitrep-033-2026-06-16; inrb-sitrep-034-2026-06-17; inrb-sitrep-035-2026-06-18; inrb-sitrep-036-2026-06-19; inrb-sitrep-037-2026-06-20; inrb-sitrep-038-2026-06-21; inrb-sitrep-039-2026-06-22; inrb-sitrep-040-2026-06-23; inrb-sitrep-041-2026-06-24; inrb-sitrep-042-2026-06-25; inrb-sitrep-044-2026-06-27; inrb-sitrep-046-2026-06-29; inrb-sitrep-047-2026-06-30; inrb-sitrep-048-2026-07-01; inrb-sitrep-049-2026-07-02; inrb-sitrep-050-2026-07-03; inrb-sitrep-051-2026-07-04; inrb-sitrep-052-2026-07-05; inrb-sitrep-053-2026-07-06; inrb-sitrep-054-2026-07-07; inrb-sitrep-055-2026-07-08; inrb-sitrep-056-2026-07-09; inrb-sitrep-057-2026-07-10; inrb-sitrep-058-2026-07-11; inrb-sitrep-059-2026-07-12; inrb-umie-ebola-drc-2026-build-2026-05-28-bb8b7d5; inrb-umie-ebola-drc-2026-build-2026-06-01-b4cafc9; uganda-moh-ebola-update-2026-06-06; uganda-moh-ebola-update-2026-06-20; uganda-moh-ebola-update-2026-06-21; who-daily-epi-bdbv-2026-06-08; who-dg-remarks-bdbv-2026-05-20; who-dg-remarks-bdbv-2026-05-22; who-don602-2026-05-15-live; who-don603-2026-05-21-live; who-don606-bdbv-2026-06-08; who-ihr-ec-bdbv-temporary-recommendations-2026-05-22; who-pheic-2026-05-17-live; wikipedia-2026-ituri-epidemic-2026-05-20-live,"Descriptive watch-point interval, not a forecast or response recommendation."
corridor:128:musienene:beni-cod,musienene,beni-cod,30,0.030729568508295863,0.0797657392069891,0.06111527802812863,0.15460965735604645,0.014678379628228863,0.28469456852572705,zone-attributed confirmed count 10 for this source zone; visibility-adjustment factor 2.02× reflects under-reporting in source zone; raw risk likely understates true hazard,BDBV-CLAIM-050,derived_model_output_with_unsupported_exponent_attribution,pinned_snapshot_model_output,africa-cdc-phecs-2026-05-18-live; afro-sitrep-01-2026-05-18-live; afro-sitrep-01-pdf-2026-05-18-live; cdc-current-situation-2026-05-21; cdc-current-situation-2026-05-23; cdc-current-situation-2026-05-24; cdc-current-situation-2026-05-25; drc-moh-epidemie-dashboard-sitrep-009-graphql-2026-05-24; drc-moh-epidemie-dashboard-sitrep-mve-n-007-mvb-17-2026-pdf-2026-05-22; ecdc-bdbv-drc-uga-2026-05-19-live; ecdc-bdbv-drc-uga-2026-05-21-live; ecdc-bdbv-drc-uga-2026-05-25-live; ecdc-bdbv-drc-uga-2026-05-26-live; ecdc-bdbv-drc-uga-2026-05-27-live; inrb-sitrep-015-2026-05-29; inrb-sitrep-016-2026-05-30; inrb-sitrep-017-2026-05-31; inrb-sitrep-018-2026-06-01; inrb-sitrep-019-2026-06-02; inrb-sitrep-020-2026-06-03; inrb-sitrep-021-2026-06-04; inrb-sitrep-022-2026-06-05; inrb-sitrep-023-2026-06-06; inrb-sitrep-024-2026-06-07; inrb-sitrep-025-2026-06-08; inrb-sitrep-026-2026-06-09; inrb-sitrep-027-2026-06-10; inrb-sitrep-028-2026-06-11; inrb-sitrep-030-2026-06-13; inrb-sitrep-031-2026-06-14; inrb-sitrep-032-2026-06-15; inrb-sitrep-033-2026-06-16; inrb-sitrep-034-2026-06-17; inrb-sitrep-035-2026-06-18; inrb-sitrep-036-2026-06-19; inrb-sitrep-037-2026-06-20; inrb-sitrep-038-2026-06-21; inrb-sitrep-039-2026-06-22; inrb-sitrep-040-2026-06-23; inrb-sitrep-041-2026-06-24; inrb-sitrep-042-2026-06-25; inrb-sitrep-044-2026-06-27; inrb-sitrep-046-2026-06-29; inrb-sitrep-047-2026-06-30; inrb-sitrep-048-2026-07-01; inrb-sitrep-049-2026-07-02; inrb-sitrep-050-2026-07-03; inrb-sitrep-051-2026-07-04; inrb-sitrep-052-2026-07-05; inrb-sitrep-053-2026-07-06; inrb-sitrep-054-2026-07-07; inrb-sitrep-055-2026-07-08; inrb-sitrep-056-2026-07-09; inrb-sitrep-057-2026-07-10; inrb-sitrep-058-2026-07-11; inrb-sitrep-059-2026-07-12; inrb-umie-ebola-drc-2026-build-2026-05-28-bb8b7d5; inrb-umie-ebola-drc-2026-build-2026-06-01-b4cafc9; uganda-moh-ebola-update-2026-06-06; uganda-moh-ebola-update-2026-06-20; uganda-moh-ebola-update-2026-06-21; who-daily-epi-bdbv-2026-06-08; who-dg-remarks-bdbv-2026-05-20; who-dg-remarks-bdbv-2026-05-22; who-don602-2026-05-15-live; who-don603-2026-05-21-live; who-don606-bdbv-2026-06-08; who-ihr-ec-bdbv-temporary-recommendations-2026-05-22; who-pheic-2026-05-17-live; wikipedia-2026-ituri-epidemic-2026-05-20-live,"Descriptive watch-point interval, not a forecast or response recommendation."
corridor:129:musienene:yei-ssd,musienene,yei-ssd,30,0.0307943171192267,0.07964348506221619,0.06124202691482275,0.15438264901212212,0.015829731433266266,0.30648861390013105,zone-attributed confirmed count 10 for this source zone; visibility-adjustment factor 2.02× reflects under-reporting in source zone; raw risk likely understates true hazard,BDBV-CLAIM-050,derived_model_output_with_unsupported_exponent_attribution,pinned_snapshot_model_output,africa-cdc-phecs-2026-05-18-live; afro-sitrep-01-2026-05-18-live; afro-sitrep-01-pdf-2026-05-18-live; cdc-current-situation-2026-05-21; cdc-current-situation-2026-05-23; cdc-current-situation-2026-05-24; cdc-current-situation-2026-05-25; drc-moh-epidemie-dashboard-sitrep-009-graphql-2026-05-24; drc-moh-epidemie-dashboard-sitrep-mve-n-007-mvb-17-2026-pdf-2026-05-22; ecdc-bdbv-drc-uga-2026-05-19-live; ecdc-bdbv-drc-uga-2026-05-21-live; ecdc-bdbv-drc-uga-2026-05-25-live; ecdc-bdbv-drc-uga-2026-05-26-live; ecdc-bdbv-drc-uga-2026-05-27-live; inrb-sitrep-015-2026-05-29; inrb-sitrep-016-2026-05-30; inrb-sitrep-017-2026-05-31; inrb-sitrep-018-2026-06-01; inrb-sitrep-019-2026-06-02; inrb-sitrep-020-2026-06-03; inrb-sitrep-021-2026-06-04; inrb-sitrep-022-2026-06-05; inrb-sitrep-023-2026-06-06; inrb-sitrep-024-2026-06-07; inrb-sitrep-025-2026-06-08; inrb-sitrep-026-2026-06-09; inrb-sitrep-027-2026-06-10; inrb-sitrep-028-2026-06-11; inrb-sitrep-030-2026-06-13; inrb-sitrep-031-2026-06-14; inrb-sitrep-032-2026-06-15; inrb-sitrep-033-2026-06-16; inrb-sitrep-034-2026-06-17; inrb-sitrep-035-2026-06-18; inrb-sitrep-036-2026-06-19; inrb-sitrep-037-2026-06-20; inrb-sitrep-038-2026-06-21; inrb-sitrep-039-2026-06-22; inrb-sitrep-040-2026-06-23; inrb-sitrep-041-2026-06-24; inrb-sitrep-042-2026-06-25; inrb-sitrep-044-2026-06-27; inrb-sitrep-046-2026-06-29; inrb-sitrep-047-2026-06-30; inrb-sitrep-048-2026-07-01; inrb-sitrep-049-2026-07-02; inrb-sitrep-050-2026-07-03; inrb-sitrep-051-2026-07-04; inrb-sitrep-052-2026-07-05; inrb-sitrep-053-2026-07-06; inrb-sitrep-054-2026-07-07; inrb-sitrep-055-2026-07-08; inrb-sitrep-056-2026-07-09; inrb-sitrep-057-2026-07-10; inrb-sitrep-058-2026-07-11; inrb-sitrep-059-2026-07-12; inrb-umie-ebola-drc-2026-build-2026-05-28-bb8b7d5; inrb-umie-ebola-drc-2026-build-2026-06-01-b4cafc9; uganda-moh-ebola-update-2026-06-06; uganda-moh-ebola-update-2026-06-20; uganda-moh-ebola-update-2026-06-21; who-daily-epi-bdbv-2026-06-08; who-dg-remarks-bdbv-2026-05-20; who-dg-remarks-bdbv-2026-05-22; who-don602-2026-05-15-live; who-don603-2026-05-21-live; who-don606-bdbv-2026-06-08; who-ihr-ec-bdbv-temporary-recommendations-2026-05-22; who-pheic-2026-05-17-live; wikipedia-2026-ituri-epidemic-2026-05-20-live,"Descriptive watch-point interval, not a forecast or response recommendation."
corridor:130:musienene:arua-uga,musienene,arua-uga,30,0.029158355208682013,0.07868182108542124,0.05803767449297931,0.15259651569062924,0.011400692125496704,0.2631845900779787,zone-attributed confirmed count 10 for this source zone; visibility-adjustment factor 2.02× reflects under-reporting in source zone; raw risk likely understates true hazard,BDBV-CLAIM-050,derived_model_output_with_unsupported_exponent_attribution,pinned_snapshot_model_output,africa-cdc-phecs-2026-05-18-live; afro-sitrep-01-2026-05-18-live; afro-sitrep-01-pdf-2026-05-18-live; cdc-current-situation-2026-05-21; cdc-current-situation-2026-05-23; cdc-current-situation-2026-05-24; cdc-current-situation-2026-05-25; drc-moh-epidemie-dashboard-sitrep-009-graphql-2026-05-24; drc-moh-epidemie-dashboard-sitrep-mve-n-007-mvb-17-2026-pdf-2026-05-22; ecdc-bdbv-drc-uga-2026-05-19-live; ecdc-bdbv-drc-uga-2026-05-21-live; ecdc-bdbv-drc-uga-2026-05-25-live; ecdc-bdbv-drc-uga-2026-05-26-live; ecdc-bdbv-drc-uga-2026-05-27-live; inrb-sitrep-015-2026-05-29; inrb-sitrep-016-2026-05-30; inrb-sitrep-017-2026-05-31; inrb-sitrep-018-2026-06-01; inrb-sitrep-019-2026-06-02; inrb-sitrep-020-2026-06-03; inrb-sitrep-021-2026-06-04; inrb-sitrep-022-2026-06-05; inrb-sitrep-023-2026-06-06; inrb-sitrep-024-2026-06-07; inrb-sitrep-025-2026-06-08; inrb-sitrep-026-2026-06-09; inrb-sitrep-027-2026-06-10; inrb-sitrep-028-2026-06-11; inrb-sitrep-030-2026-06-13; inrb-sitrep-031-2026-06-14; inrb-sitrep-032-2026-06-15; inrb-sitrep-033-2026-06-16; inrb-sitrep-034-2026-06-17; inrb-sitrep-035-2026-06-18; inrb-sitrep-036-2026-06-19; inrb-sitrep-037-2026-06-20; inrb-sitrep-038-2026-06-21; inrb-sitrep-039-2026-06-22; inrb-sitrep-040-2026-06-23; inrb-sitrep-041-2026-06-24; inrb-sitrep-042-2026-06-25; inrb-sitrep-044-2026-06-27; inrb-sitrep-046-2026-06-29; inrb-sitrep-047-2026-06-30; inrb-sitrep-048-2026-07-01; inrb-sitrep-049-2026-07-02; inrb-sitrep-050-2026-07-03; inrb-sitrep-051-2026-07-04; inrb-sitrep-052-2026-07-05; inrb-sitrep-053-2026-07-06; inrb-sitrep-054-2026-07-07; inrb-sitrep-055-2026-07-08; inrb-sitrep-056-2026-07-09; inrb-sitrep-057-2026-07-10; inrb-sitrep-058-2026-07-11; inrb-sitrep-059-2026-07-12; inrb-umie-ebola-drc-2026-build-2026-05-28-bb8b7d5; inrb-umie-ebola-drc-2026-build-2026-06-01-b4cafc9; uganda-moh-ebola-update-2026-06-06; uganda-moh-ebola-update-2026-06-20; uganda-moh-ebola-update-2026-06-21; who-daily-epi-bdbv-2026-06-08; who-dg-remarks-bdbv-2026-05-20; who-dg-remarks-bdbv-2026-05-22; who-don602-2026-05-15-live; who-don603-2026-05-21-live; who-don606-bdbv-2026-06-08; who-ihr-ec-bdbv-temporary-recommendations-2026-05-22; who-pheic-2026-05-17-live; wikipedia-2026-ituri-epidemic-2026-05-20-live,"Descriptive watch-point interval, not a forecast or response recommendation."
corridor:131:musienene:goma-cod,musienene,goma-cod,30,0.028944689614616048,0.07812725540126747,0.057618761289124715,0.15156564249224055,0.0196497912649269,0.277277484174275,zone-attributed confirmed count 10 for this source zone; visibility-adjustment factor 2.02× reflects under-reporting in source zone; raw risk likely understates true hazard,BDBV-CLAIM-050,derived_model_output_with_unsupported_exponent_attribution,pinned_snapshot_model_output,africa-cdc-phecs-2026-05-18-live; afro-sitrep-01-2026-05-18-live; afro-sitrep-01-pdf-2026-05-18-live; cdc-current-situation-2026-05-21; cdc-current-situation-2026-05-23; cdc-current-situation-2026-05-24; cdc-current-situation-2026-05-25; drc-moh-epidemie-dashboard-sitrep-009-graphql-2026-05-24; drc-moh-epidemie-dashboard-sitrep-mve-n-007-mvb-17-2026-pdf-2026-05-22; ecdc-bdbv-drc-uga-2026-05-19-live; ecdc-bdbv-drc-uga-2026-05-21-live; ecdc-bdbv-drc-uga-2026-05-25-live; ecdc-bdbv-drc-uga-2026-05-26-live; ecdc-bdbv-drc-uga-2026-05-27-live; inrb-sitrep-015-2026-05-29; inrb-sitrep-016-2026-05-30; inrb-sitrep-017-2026-05-31; inrb-sitrep-018-2026-06-01; inrb-sitrep-019-2026-06-02; inrb-sitrep-020-2026-06-03; inrb-sitrep-021-2026-06-04; inrb-sitrep-022-2026-06-05; inrb-sitrep-023-2026-06-06; inrb-sitrep-024-2026-06-07; inrb-sitrep-025-2026-06-08; inrb-sitrep-026-2026-06-09; inrb-sitrep-027-2026-06-10; inrb-sitrep-028-2026-06-11; inrb-sitrep-030-2026-06-13; inrb-sitrep-031-2026-06-14; inrb-sitrep-032-2026-06-15; inrb-sitrep-033-2026-06-16; inrb-sitrep-034-2026-06-17; inrb-sitrep-035-2026-06-18; inrb-sitrep-036-2026-06-19; inrb-sitrep-037-2026-06-20; inrb-sitrep-038-2026-06-21; inrb-sitrep-039-2026-06-22; inrb-sitrep-040-2026-06-23; inrb-sitrep-041-2026-06-24; inrb-sitrep-042-2026-06-25; inrb-sitrep-044-2026-06-27; inrb-sitrep-046-2026-06-29; inrb-sitrep-047-2026-06-30; inrb-sitrep-048-2026-07-01; inrb-sitrep-049-2026-07-02; inrb-sitrep-050-2026-07-03; inrb-sitrep-051-2026-07-04; inrb-sitrep-052-2026-07-05; inrb-sitrep-053-2026-07-06; inrb-sitrep-054-2026-07-07; inrb-sitrep-055-2026-07-08; inrb-sitrep-056-2026-07-09; inrb-sitrep-057-2026-07-10; inrb-sitrep-058-2026-07-11; inrb-sitrep-059-2026-07-12; inrb-umie-ebola-drc-2026-build-2026-05-28-bb8b7d5; inrb-umie-ebola-drc-2026-build-2026-06-01-b4cafc9; uganda-moh-ebola-update-2026-06-06; uganda-moh-ebola-update-2026-06-20; uganda-moh-ebola-update-2026-06-21; who-daily-epi-bdbv-2026-06-08; who-dg-remarks-bdbv-2026-05-20; who-dg-remarks-bdbv-2026-05-22; who-don602-2026-05-15-live; who-don603-2026-05-21-live; who-don606-bdbv-2026-06-08; who-ihr-ec-bdbv-temporary-recommendations-2026-05-22; who-pheic-2026-05-17-live; wikipedia-2026-ituri-epidemic-2026-05-20-live,"Descriptive watch-point interval, not a forecast or response recommendation."
corridor:132:musienene:nebbi-uga,musienene,nebbi-uga,30,0.03011277091156528,0.07568099854973637,0.05990775537561971,0.14701059213749545,0.01302365371345203,0.27357690599013085,zone-attributed confirmed count 10 for this source zone; visibility-adjustment factor 2.02× reflects under-reporting in source zone; raw risk likely understates true hazard,BDBV-CLAIM-050,derived_model_output_with_unsupported_exponent_attribution,pinned_snapshot_model_output,africa-cdc-phecs-2026-05-18-live; afro-sitrep-01-2026-05-18-live; afro-sitrep-01-pdf-2026-05-18-live; cdc-current-situation-2026-05-21; cdc-current-situation-2026-05-23; cdc-current-situation-2026-05-24; cdc-current-situation-2026-05-25; drc-moh-epidemie-dashboard-sitrep-009-graphql-2026-05-24; drc-moh-epidemie-dashboard-sitrep-mve-n-007-mvb-17-2026-pdf-2026-05-22; ecdc-bdbv-drc-uga-2026-05-19-live; ecdc-bdbv-drc-uga-2026-05-21-live; ecdc-bdbv-drc-uga-2026-05-25-live; ecdc-bdbv-drc-uga-2026-05-26-live; ecdc-bdbv-drc-uga-2026-05-27-live; inrb-sitrep-015-2026-05-29; inrb-sitrep-016-2026-05-30; inrb-sitrep-017-2026-05-31; inrb-sitrep-018-2026-06-01; inrb-sitrep-019-2026-06-02; inrb-sitrep-020-2026-06-03; inrb-sitrep-021-2026-06-04; inrb-sitrep-022-2026-06-05; inrb-sitrep-023-2026-06-06; inrb-sitrep-024-2026-06-07; inrb-sitrep-025-2026-06-08; inrb-sitrep-026-2026-06-09; inrb-sitrep-027-2026-06-10; inrb-sitrep-028-2026-06-11; inrb-sitrep-030-2026-06-13; inrb-sitrep-031-2026-06-14; inrb-sitrep-032-2026-06-15; inrb-sitrep-033-2026-06-16; inrb-sitrep-034-2026-06-17; inrb-sitrep-035-2026-06-18; inrb-sitrep-036-2026-06-19; inrb-sitrep-037-2026-06-20; inrb-sitrep-038-2026-06-21; inrb-sitrep-039-2026-06-22; inrb-sitrep-040-2026-06-23; inrb-sitrep-041-2026-06-24; inrb-sitrep-042-2026-06-25; inrb-sitrep-044-2026-06-27; inrb-sitrep-046-2026-06-29; inrb-sitrep-047-2026-06-30; inrb-sitrep-048-2026-07-01; inrb-sitrep-049-2026-07-02; inrb-sitrep-050-2026-07-03; inrb-sitrep-051-2026-07-04; inrb-sitrep-052-2026-07-05; inrb-sitrep-053-2026-07-06; inrb-sitrep-054-2026-07-07; inrb-sitrep-055-2026-07-08; inrb-sitrep-056-2026-07-09; inrb-sitrep-057-2026-07-10; inrb-sitrep-058-2026-07-11; inrb-sitrep-059-2026-07-12; inrb-umie-ebola-drc-2026-build-2026-05-28-bb8b7d5; inrb-umie-ebola-drc-2026-build-2026-06-01-b4cafc9; uganda-moh-ebola-update-2026-06-06; uganda-moh-ebola-update-2026-06-20; uganda-moh-ebola-update-2026-06-21; who-daily-epi-bdbv-2026-06-08; who-dg-remarks-bdbv-2026-05-20; who-dg-remarks-bdbv-2026-05-22; who-don602-2026-05-15-live; who-don603-2026-05-21-live; who-don606-bdbv-2026-06-08; who-ihr-ec-bdbv-temporary-recommendations-2026-05-22; who-pheic-2026-05-17-live; wikipedia-2026-ituri-epidemic-2026-05-20-live,"Descriptive watch-point interval, not a forecast or response recommendation."
corridor:133:musienene:kampala-uga,musienene,kampala-uga,30,0.027642762874913296,0.0749140397658189,0.05506408982690075,0.14557993896413635,0.016615677308979164,0.27973144982401166,zone-attributed confirmed count 10 for this source zone; visibility-adjustment factor 2.02× reflects under-reporting in source zone; raw risk likely understates true hazard,BDBV-CLAIM-050,derived_model_output_with_unsupported_exponent_attribution,pinned_snapshot_model_output,africa-cdc-phecs-2026-05-18-live; afro-sitrep-01-2026-05-18-live; afro-sitrep-01-pdf-2026-05-18-live; cdc-current-situation-2026-05-21; cdc-current-situation-2026-05-23; cdc-current-situation-2026-05-24; cdc-current-situation-2026-05-25; drc-moh-epidemie-dashboard-sitrep-009-graphql-2026-05-24; drc-moh-epidemie-dashboard-sitrep-mve-n-007-mvb-17-2026-pdf-2026-05-22; ecdc-bdbv-drc-uga-2026-05-19-live; ecdc-bdbv-drc-uga-2026-05-21-live; ecdc-bdbv-drc-uga-2026-05-25-live; ecdc-bdbv-drc-uga-2026-05-26-live; ecdc-bdbv-drc-uga-2026-05-27-live; inrb-sitrep-015-2026-05-29; inrb-sitrep-016-2026-05-30; inrb-sitrep-017-2026-05-31; inrb-sitrep-018-2026-06-01; inrb-sitrep-019-2026-06-02; inrb-sitrep-020-2026-06-03; inrb-sitrep-021-2026-06-04; inrb-sitrep-022-2026-06-05; inrb-sitrep-023-2026-06-06; inrb-sitrep-024-2026-06-07; inrb-sitrep-025-2026-06-08; inrb-sitrep-026-2026-06-09; inrb-sitrep-027-2026-06-10; inrb-sitrep-028-2026-06-11; inrb-sitrep-030-2026-06-13; inrb-sitrep-031-2026-06-14; inrb-sitrep-032-2026-06-15; inrb-sitrep-033-2026-06-16; inrb-sitrep-034-2026-06-17; inrb-sitrep-035-2026-06-18; inrb-sitrep-036-2026-06-19; inrb-sitrep-037-2026-06-20; inrb-sitrep-038-2026-06-21; inrb-sitrep-039-2026-06-22; inrb-sitrep-040-2026-06-23; inrb-sitrep-041-2026-06-24; inrb-sitrep-042-2026-06-25; inrb-sitrep-044-2026-06-27; inrb-sitrep-046-2026-06-29; inrb-sitrep-047-2026-06-30; inrb-sitrep-048-2026-07-01; inrb-sitrep-049-2026-07-02; inrb-sitrep-050-2026-07-03; inrb-sitrep-051-2026-07-04; inrb-sitrep-052-2026-07-05; inrb-sitrep-053-2026-07-06; inrb-sitrep-054-2026-07-07; inrb-sitrep-055-2026-07-08; inrb-sitrep-056-2026-07-09; inrb-sitrep-057-2026-07-10; inrb-sitrep-058-2026-07-11; inrb-sitrep-059-2026-07-12; inrb-umie-ebola-drc-2026-build-2026-05-28-bb8b7d5; inrb-umie-ebola-drc-2026-build-2026-06-01-b4cafc9; uganda-moh-ebola-update-2026-06-06; uganda-moh-ebola-update-2026-06-20; uganda-moh-ebola-update-2026-06-21; who-daily-epi-bdbv-2026-06-08; who-dg-remarks-bdbv-2026-05-20; who-dg-remarks-bdbv-2026-05-22; who-don602-2026-05-15-live; who-don603-2026-05-21-live; who-don606-bdbv-2026-06-08; who-ihr-ec-bdbv-temporary-recommendations-2026-05-22; who-pheic-2026-05-17-live; wikipedia-2026-ituri-epidemic-2026-05-20-live,"Descriptive watch-point interval, not a forecast or response recommendation."
corridor:134:musienene:kisangani-cod,musienene,kisangani-cod,30,0.030124634096534847,0.07409204497501476,0.05993098004314565,0.14404527581758778,0.015861290291565286,0.28841153692712856,zone-attributed confirmed count 10 for this source zone; visibility-adjustment factor 2.02× reflects under-reporting in source zone; raw risk likely understates true hazard,BDBV-CLAIM-050,derived_model_output_with_unsupported_exponent_attribution,pinned_snapshot_model_output,africa-cdc-phecs-2026-05-18-live; afro-sitrep-01-2026-05-18-live; afro-sitrep-01-pdf-2026-05-18-live; cdc-current-situation-2026-05-21; cdc-current-situation-2026-05-23; cdc-current-situation-2026-05-24; cdc-current-situation-2026-05-25; drc-moh-epidemie-dashboard-sitrep-009-graphql-2026-05-24; drc-moh-epidemie-dashboard-sitrep-mve-n-007-mvb-17-2026-pdf-2026-05-22; ecdc-bdbv-drc-uga-2026-05-19-live; ecdc-bdbv-drc-uga-2026-05-21-live; ecdc-bdbv-drc-uga-2026-05-25-live; ecdc-bdbv-drc-uga-2026-05-26-live; ecdc-bdbv-drc-uga-2026-05-27-live; inrb-sitrep-015-2026-05-29; inrb-sitrep-016-2026-05-30; inrb-sitrep-017-2026-05-31; inrb-sitrep-018-2026-06-01; inrb-sitrep-019-2026-06-02; inrb-sitrep-020-2026-06-03; inrb-sitrep-021-2026-06-04; inrb-sitrep-022-2026-06-05; inrb-sitrep-023-2026-06-06; inrb-sitrep-024-2026-06-07; inrb-sitrep-025-2026-06-08; inrb-sitrep-026-2026-06-09; inrb-sitrep-027-2026-06-10; inrb-sitrep-028-2026-06-11; inrb-sitrep-030-2026-06-13; inrb-sitrep-031-2026-06-14; inrb-sitrep-032-2026-06-15; inrb-sitrep-033-2026-06-16; inrb-sitrep-034-2026-06-17; inrb-sitrep-035-2026-06-18; inrb-sitrep-036-2026-06-19; inrb-sitrep-037-2026-06-20; inrb-sitrep-038-2026-06-21; inrb-sitrep-039-2026-06-22; inrb-sitrep-040-2026-06-23; inrb-sitrep-041-2026-06-24; inrb-sitrep-042-2026-06-25; inrb-sitrep-044-2026-06-27; inrb-sitrep-046-2026-06-29; inrb-sitrep-047-2026-06-30; inrb-sitrep-048-2026-07-01; inrb-sitrep-049-2026-07-02; inrb-sitrep-050-2026-07-03; inrb-sitrep-051-2026-07-04; inrb-sitrep-052-2026-07-05; inrb-sitrep-053-2026-07-06; inrb-sitrep-054-2026-07-07; inrb-sitrep-055-2026-07-08; inrb-sitrep-056-2026-07-09; inrb-sitrep-057-2026-07-10; inrb-sitrep-058-2026-07-11; inrb-sitrep-059-2026-07-12; inrb-umie-ebola-drc-2026-build-2026-05-28-bb8b7d5; inrb-umie-ebola-drc-2026-build-2026-06-01-b4cafc9; uganda-moh-ebola-update-2026-06-06; uganda-moh-ebola-update-2026-06-20; uganda-moh-ebola-update-2026-06-21; who-daily-epi-bdbv-2026-06-08; who-dg-remarks-bdbv-2026-05-20; who-dg-remarks-bdbv-2026-05-22; who-don602-2026-05-15-live; who-don603-2026-05-21-live; who-don606-bdbv-2026-06-08; who-ihr-ec-bdbv-temporary-recommendations-2026-05-22; who-pheic-2026-05-17-live; wikipedia-2026-ituri-epidemic-2026-05-20-live,"Descriptive watch-point interval, not a forecast or response recommendation."
corridor:135:kilo:bundibugyo-uga,kilo,bundibugyo-uga,30,0.02595390343487647,0.0730887751294945,0.051745144914292746,0.14217013323387512,0.0107803767243997,0.2565509294515541,zone-attributed confirmed count 9 for this source zone; visibility-adjustment factor 2.02× reflects under-reporting in source zone; raw risk likely understates true hazard,BDBV-CLAIM-050,derived_model_output_with_unsupported_exponent_attribution,pinned_snapshot_model_output,africa-cdc-phecs-2026-05-18-live; afro-sitrep-01-2026-05-18-live; afro-sitrep-01-pdf-2026-05-18-live; cdc-current-situation-2026-05-21; cdc-current-situation-2026-05-23; cdc-current-situation-2026-05-24; cdc-current-situation-2026-05-25; drc-moh-epidemie-dashboard-sitrep-009-graphql-2026-05-24; drc-moh-epidemie-dashboard-sitrep-mve-n-007-mvb-17-2026-pdf-2026-05-22; ecdc-bdbv-drc-uga-2026-05-19-live; ecdc-bdbv-drc-uga-2026-05-21-live; ecdc-bdbv-drc-uga-2026-05-25-live; ecdc-bdbv-drc-uga-2026-05-26-live; ecdc-bdbv-drc-uga-2026-05-27-live; inrb-sitrep-015-2026-05-29; inrb-sitrep-016-2026-05-30; inrb-sitrep-017-2026-05-31; inrb-sitrep-018-2026-06-01; inrb-sitrep-019-2026-06-02; inrb-sitrep-020-2026-06-03; inrb-sitrep-021-2026-06-04; inrb-sitrep-022-2026-06-05; inrb-sitrep-023-2026-06-06; inrb-sitrep-024-2026-06-07; inrb-sitrep-025-2026-06-08; inrb-sitrep-026-2026-06-09; inrb-sitrep-027-2026-06-10; inrb-sitrep-028-2026-06-11; inrb-sitrep-030-2026-06-13; inrb-sitrep-031-2026-06-14; inrb-sitrep-032-2026-06-15; inrb-sitrep-033-2026-06-16; inrb-sitrep-034-2026-06-17; inrb-sitrep-035-2026-06-18; inrb-sitrep-036-2026-06-19; inrb-sitrep-037-2026-06-20; inrb-sitrep-038-2026-06-21; inrb-sitrep-039-2026-06-22; inrb-sitrep-040-2026-06-23; inrb-sitrep-041-2026-06-24; inrb-sitrep-042-2026-06-25; inrb-sitrep-044-2026-06-27; inrb-sitrep-046-2026-06-29; inrb-sitrep-047-2026-06-30; inrb-sitrep-048-2026-07-01; inrb-sitrep-049-2026-07-02; inrb-sitrep-050-2026-07-03; inrb-sitrep-051-2026-07-04; inrb-sitrep-052-2026-07-05; inrb-sitrep-053-2026-07-06; inrb-sitrep-054-2026-07-07; inrb-sitrep-055-2026-07-08; inrb-sitrep-056-2026-07-09; inrb-sitrep-057-2026-07-10; inrb-sitrep-058-2026-07-11; inrb-sitrep-059-2026-07-12; inrb-umie-ebola-drc-2026-build-2026-05-28-bb8b7d5; inrb-umie-ebola-drc-2026-build-2026-06-01-b4cafc9; uganda-moh-ebola-update-2026-06-06; uganda-moh-ebola-update-2026-06-20; uganda-moh-ebola-update-2026-06-21; who-daily-epi-bdbv-2026-06-08; who-dg-remarks-bdbv-2026-05-20; who-dg-remarks-bdbv-2026-05-22; who-don602-2026-05-15-live; who-don603-2026-05-21-live; who-don606-bdbv-2026-06-08; who-ihr-ec-bdbv-temporary-recommendations-2026-05-22; who-pheic-2026-05-17-live; wikipedia-2026-ituri-epidemic-2026-05-20-live,"Descriptive watch-point interval, not a forecast or response recommendation."
corridor:136:kilo:arua-uga,kilo,arua-uga,30,0.02618756179444659,0.07278117461074093,0.05220467763875314,0.14159495214375675,0.013587948594445174,0.2963205963115291,zone-attributed confirmed count 9 for this source zone; visibility-adjustment factor 2.02× reflects under-reporting in source zone; raw risk likely understates true hazard,BDBV-CLAIM-050,derived_model_output_with_unsupported_exponent_attribution,pinned_snapshot_model_output,africa-cdc-phecs-2026-05-18-live; afro-sitrep-01-2026-05-18-live; afro-sitrep-01-pdf-2026-05-18-live; cdc-current-situation-2026-05-21; cdc-current-situation-2026-05-23; cdc-current-situation-2026-05-24; cdc-current-situation-2026-05-25; drc-moh-epidemie-dashboard-sitrep-009-graphql-2026-05-24; drc-moh-epidemie-dashboard-sitrep-mve-n-007-mvb-17-2026-pdf-2026-05-22; ecdc-bdbv-drc-uga-2026-05-19-live; ecdc-bdbv-drc-uga-2026-05-21-live; ecdc-bdbv-drc-uga-2026-05-25-live; ecdc-bdbv-drc-uga-2026-05-26-live; ecdc-bdbv-drc-uga-2026-05-27-live; inrb-sitrep-015-2026-05-29; inrb-sitrep-016-2026-05-30; inrb-sitrep-017-2026-05-31; inrb-sitrep-018-2026-06-01; inrb-sitrep-019-2026-06-02; inrb-sitrep-020-2026-06-03; inrb-sitrep-021-2026-06-04; inrb-sitrep-022-2026-06-05; inrb-sitrep-023-2026-06-06; inrb-sitrep-024-2026-06-07; inrb-sitrep-025-2026-06-08; inrb-sitrep-026-2026-06-09; inrb-sitrep-027-2026-06-10; inrb-sitrep-028-2026-06-11; inrb-sitrep-030-2026-06-13; inrb-sitrep-031-2026-06-14; inrb-sitrep-032-2026-06-15; inrb-sitrep-033-2026-06-16; inrb-sitrep-034-2026-06-17; inrb-sitrep-035-2026-06-18; inrb-sitrep-036-2026-06-19; inrb-sitrep-037-2026-06-20; inrb-sitrep-038-2026-06-21; inrb-sitrep-039-2026-06-22; inrb-sitrep-040-2026-06-23; inrb-sitrep-041-2026-06-24; inrb-sitrep-042-2026-06-25; inrb-sitrep-044-2026-06-27; inrb-sitrep-046-2026-06-29; inrb-sitrep-047-2026-06-30; inrb-sitrep-048-2026-07-01; inrb-sitrep-049-2026-07-02; inrb-sitrep-050-2026-07-03; inrb-sitrep-051-2026-07-04; inrb-sitrep-052-2026-07-05; inrb-sitrep-053-2026-07-06; inrb-sitrep-054-2026-07-07; inrb-sitrep-055-2026-07-08; inrb-sitrep-056-2026-07-09; inrb-sitrep-057-2026-07-10; inrb-sitrep-058-2026-07-11; inrb-sitrep-059-2026-07-12; inrb-umie-ebola-drc-2026-build-2026-05-28-bb8b7d5; inrb-umie-ebola-drc-2026-build-2026-06-01-b4cafc9; uganda-moh-ebola-update-2026-06-06; uganda-moh-ebola-update-2026-06-20; uganda-moh-ebola-update-2026-06-21; who-daily-epi-bdbv-2026-06-08; who-dg-remarks-bdbv-2026-05-20; who-dg-remarks-bdbv-2026-05-22; who-don602-2026-05-15-live; who-don603-2026-05-21-live; who-don606-bdbv-2026-06-08; who-ihr-ec-bdbv-temporary-recommendations-2026-05-22; who-pheic-2026-05-17-live; wikipedia-2026-ituri-epidemic-2026-05-20-live,"Descriptive watch-point interval, not a forecast or response recommendation."
corridor:137:kilo:nebbi-uga,kilo,nebbi-uga,30,0.02561803662843365,0.07132031571772865,0.05108435829792518,0.1388602568316857,0.014904038213719597,0.27251254631134764,zone-attributed confirmed count 9 for this source zone; visibility-adjustment factor 2.02× reflects under-reporting in source zone; raw risk likely understates true hazard,BDBV-CLAIM-050,derived_model_output_with_unsupported_exponent_attribution,pinned_snapshot_model_output,africa-cdc-phecs-2026-05-18-live; afro-sitrep-01-2026-05-18-live; afro-sitrep-01-pdf-2026-05-18-live; cdc-current-situation-2026-05-21; cdc-current-situation-2026-05-23; cdc-current-situation-2026-05-24; cdc-current-situation-2026-05-25; drc-moh-epidemie-dashboard-sitrep-009-graphql-2026-05-24; drc-moh-epidemie-dashboard-sitrep-mve-n-007-mvb-17-2026-pdf-2026-05-22; ecdc-bdbv-drc-uga-2026-05-19-live; ecdc-bdbv-drc-uga-2026-05-21-live; ecdc-bdbv-drc-uga-2026-05-25-live; ecdc-bdbv-drc-uga-2026-05-26-live; ecdc-bdbv-drc-uga-2026-05-27-live; inrb-sitrep-015-2026-05-29; inrb-sitrep-016-2026-05-30; inrb-sitrep-017-2026-05-31; inrb-sitrep-018-2026-06-01; inrb-sitrep-019-2026-06-02; inrb-sitrep-020-2026-06-03; inrb-sitrep-021-2026-06-04; inrb-sitrep-022-2026-06-05; inrb-sitrep-023-2026-06-06; inrb-sitrep-024-2026-06-07; inrb-sitrep-025-2026-06-08; inrb-sitrep-026-2026-06-09; inrb-sitrep-027-2026-06-10; inrb-sitrep-028-2026-06-11; inrb-sitrep-030-2026-06-13; inrb-sitrep-031-2026-06-14; inrb-sitrep-032-2026-06-15; inrb-sitrep-033-2026-06-16; inrb-sitrep-034-2026-06-17; inrb-sitrep-035-2026-06-18; inrb-sitrep-036-2026-06-19; inrb-sitrep-037-2026-06-20; inrb-sitrep-038-2026-06-21; inrb-sitrep-039-2026-06-22; inrb-sitrep-040-2026-06-23; inrb-sitrep-041-2026-06-24; inrb-sitrep-042-2026-06-25; inrb-sitrep-044-2026-06-27; inrb-sitrep-046-2026-06-29; inrb-sitrep-047-2026-06-30; inrb-sitrep-048-2026-07-01; inrb-sitrep-049-2026-07-02; inrb-sitrep-050-2026-07-03; inrb-sitrep-051-2026-07-04; inrb-sitrep-052-2026-07-05; inrb-sitrep-053-2026-07-06; inrb-sitrep-054-2026-07-07; inrb-sitrep-055-2026-07-08; inrb-sitrep-056-2026-07-09; inrb-sitrep-057-2026-07-10; inrb-sitrep-058-2026-07-11; inrb-sitrep-059-2026-07-12; inrb-umie-ebola-drc-2026-build-2026-05-28-bb8b7d5; inrb-umie-ebola-drc-2026-build-2026-06-01-b4cafc9; uganda-moh-ebola-update-2026-06-06; uganda-moh-ebola-update-2026-06-20; uganda-moh-ebola-update-2026-06-21; who-daily-epi-bdbv-2026-06-08; who-dg-remarks-bdbv-2026-05-20; who-dg-remarks-bdbv-2026-05-22; who-don602-2026-05-15-live; who-don603-2026-05-21-live; who-don606-bdbv-2026-06-08; who-ihr-ec-bdbv-temporary-recommendations-2026-05-22; who-pheic-2026-05-17-live; wikipedia-2026-ituri-epidemic-2026-05-20-live,"Descriptive watch-point interval, not a forecast or response recommendation."
corridor:138:kilo:yei-ssd,kilo,yei-ssd,30,0.024901947583213263,0.07113821540926446,0.04967481280741798,0.1385190271524058,0.012572580091543637,0.2816002745519982,zone-attributed confirmed count 9 for this source zone; visibility-adjustment factor 2.02× reflects under-reporting in source zone; raw risk likely understates true hazard,BDBV-CLAIM-050,derived_model_output_with_unsupported_exponent_attribution,pinned_snapshot_model_output,africa-cdc-phecs-2026-05-18-live; afro-sitrep-01-2026-05-18-live; afro-sitrep-01-pdf-2026-05-18-live; cdc-current-situation-2026-05-21; cdc-current-situation-2026-05-23; cdc-current-situation-2026-05-24; cdc-current-situation-2026-05-25; drc-moh-epidemie-dashboard-sitrep-009-graphql-2026-05-24; drc-moh-epidemie-dashboard-sitrep-mve-n-007-mvb-17-2026-pdf-2026-05-22; ecdc-bdbv-drc-uga-2026-05-19-live; ecdc-bdbv-drc-uga-2026-05-21-live; ecdc-bdbv-drc-uga-2026-05-25-live; ecdc-bdbv-drc-uga-2026-05-26-live; ecdc-bdbv-drc-uga-2026-05-27-live; inrb-sitrep-015-2026-05-29; inrb-sitrep-016-2026-05-30; inrb-sitrep-017-2026-05-31; inrb-sitrep-018-2026-06-01; inrb-sitrep-019-2026-06-02; inrb-sitrep-020-2026-06-03; inrb-sitrep-021-2026-06-04; inrb-sitrep-022-2026-06-05; inrb-sitrep-023-2026-06-06; inrb-sitrep-024-2026-06-07; inrb-sitrep-025-2026-06-08; inrb-sitrep-026-2026-06-09; inrb-sitrep-027-2026-06-10; inrb-sitrep-028-2026-06-11; inrb-sitrep-030-2026-06-13; inrb-sitrep-031-2026-06-14; inrb-sitrep-032-2026-06-15; inrb-sitrep-033-2026-06-16; inrb-sitrep-034-2026-06-17; inrb-sitrep-035-2026-06-18; inrb-sitrep-036-2026-06-19; inrb-sitrep-037-2026-06-20; inrb-sitrep-038-2026-06-21; inrb-sitrep-039-2026-06-22; inrb-sitrep-040-2026-06-23; inrb-sitrep-041-2026-06-24; inrb-sitrep-042-2026-06-25; inrb-sitrep-044-2026-06-27; inrb-sitrep-046-2026-06-29; inrb-sitrep-047-2026-06-30; inrb-sitrep-048-2026-07-01; inrb-sitrep-049-2026-07-02; inrb-sitrep-050-2026-07-03; inrb-sitrep-051-2026-07-04; inrb-sitrep-052-2026-07-05; inrb-sitrep-053-2026-07-06; inrb-sitrep-054-2026-07-07; inrb-sitrep-055-2026-07-08; inrb-sitrep-056-2026-07-09; inrb-sitrep-057-2026-07-10; inrb-sitrep-058-2026-07-11; inrb-sitrep-059-2026-07-12; inrb-umie-ebola-drc-2026-build-2026-05-28-bb8b7d5; inrb-umie-ebola-drc-2026-build-2026-06-01-b4cafc9; uganda-moh-ebola-update-2026-06-06; uganda-moh-ebola-update-2026-06-20; uganda-moh-ebola-update-2026-06-21; who-daily-epi-bdbv-2026-06-08; who-dg-remarks-bdbv-2026-05-20; who-dg-remarks-bdbv-2026-05-22; who-don602-2026-05-15-live; who-don603-2026-05-21-live; who-don606-bdbv-2026-06-08; who-ihr-ec-bdbv-temporary-recommendations-2026-05-22; who-pheic-2026-05-17-live; wikipedia-2026-ituri-epidemic-2026-05-20-live,"Descriptive watch-point interval, not a forecast or response recommendation."
corridor:139:kilo:beni-cod,kilo,beni-cod,30,0.02591826370557271,0.0698637792614806,0.05167500274705822,0.13612919014413102,0.01173617997504505,0.2558743643645933,zone-attributed confirmed count 9 for this source zone; visibility-adjustment factor 2.02× reflects under-reporting in source zone; raw risk likely understates true hazard,BDBV-CLAIM-050,derived_model_output_with_unsupported_exponent_attribution,pinned_snapshot_model_output,africa-cdc-phecs-2026-05-18-live; afro-sitrep-01-2026-05-18-live; afro-sitrep-01-pdf-2026-05-18-live; cdc-current-situation-2026-05-21; cdc-current-situation-2026-05-23; cdc-current-situation-2026-05-24; cdc-current-situation-2026-05-25; drc-moh-epidemie-dashboard-sitrep-009-graphql-2026-05-24; drc-moh-epidemie-dashboard-sitrep-mve-n-007-mvb-17-2026-pdf-2026-05-22; ecdc-bdbv-drc-uga-2026-05-19-live; ecdc-bdbv-drc-uga-2026-05-21-live; ecdc-bdbv-drc-uga-2026-05-25-live; ecdc-bdbv-drc-uga-2026-05-26-live; ecdc-bdbv-drc-uga-2026-05-27-live; inrb-sitrep-015-2026-05-29; inrb-sitrep-016-2026-05-30; inrb-sitrep-017-2026-05-31; inrb-sitrep-018-2026-06-01; inrb-sitrep-019-2026-06-02; inrb-sitrep-020-2026-06-03; inrb-sitrep-021-2026-06-04; inrb-sitrep-022-2026-06-05; inrb-sitrep-023-2026-06-06; inrb-sitrep-024-2026-06-07; inrb-sitrep-025-2026-06-08; inrb-sitrep-026-2026-06-09; inrb-sitrep-027-2026-06-10; inrb-sitrep-028-2026-06-11; inrb-sitrep-030-2026-06-13; inrb-sitrep-031-2026-06-14; inrb-sitrep-032-2026-06-15; inrb-sitrep-033-2026-06-16; inrb-sitrep-034-2026-06-17; inrb-sitrep-035-2026-06-18; inrb-sitrep-036-2026-06-19; inrb-sitrep-037-2026-06-20; inrb-sitrep-038-2026-06-21; inrb-sitrep-039-2026-06-22; inrb-sitrep-040-2026-06-23; inrb-sitrep-041-2026-06-24; inrb-sitrep-042-2026-06-25; inrb-sitrep-044-2026-06-27; inrb-sitrep-046-2026-06-29; inrb-sitrep-047-2026-06-30; inrb-sitrep-048-2026-07-01; inrb-sitrep-049-2026-07-02; inrb-sitrep-050-2026-07-03; inrb-sitrep-051-2026-07-04; inrb-sitrep-052-2026-07-05; inrb-sitrep-053-2026-07-06; inrb-sitrep-054-2026-07-07; inrb-sitrep-055-2026-07-08; inrb-sitrep-056-2026-07-09; inrb-sitrep-057-2026-07-10; inrb-sitrep-058-2026-07-11; inrb-sitrep-059-2026-07-12; inrb-umie-ebola-drc-2026-build-2026-05-28-bb8b7d5; inrb-umie-ebola-drc-2026-build-2026-06-01-b4cafc9; uganda-moh-ebola-update-2026-06-06; uganda-moh-ebola-update-2026-06-20; uganda-moh-ebola-update-2026-06-21; who-daily-epi-bdbv-2026-06-08; who-dg-remarks-bdbv-2026-05-20; who-dg-remarks-bdbv-2026-05-22; who-don602-2026-05-15-live; who-don603-2026-05-21-live; who-don606-bdbv-2026-06-08; who-ihr-ec-bdbv-temporary-recommendations-2026-05-22; who-pheic-2026-05-17-live; wikipedia-2026-ituri-epidemic-2026-05-20-live,"Descriptive watch-point interval, not a forecast or response recommendation."
corridor:140:kilo:kisangani-cod,kilo,kisangani-cod,30,0.02580172521494664,0.06925751056456741,0.051445787634836565,0.1349911051175755,0.0131938709997608,0.2912649437577024,zone-attributed confirmed count 9 for this source zone; visibility-adjustment factor 2.02× reflects under-reporting in source zone; raw risk likely understates true hazard,BDBV-CLAIM-050,derived_model_output_with_unsupported_exponent_attribution,pinned_snapshot_model_output,africa-cdc-phecs-2026-05-18-live; afro-sitrep-01-2026-05-18-live; afro-sitrep-01-pdf-2026-05-18-live; cdc-current-situation-2026-05-21; cdc-current-situation-2026-05-23; cdc-current-situation-2026-05-24; cdc-current-situation-2026-05-25; drc-moh-epidemie-dashboard-sitrep-009-graphql-2026-05-24; drc-moh-epidemie-dashboard-sitrep-mve-n-007-mvb-17-2026-pdf-2026-05-22; ecdc-bdbv-drc-uga-2026-05-19-live; ecdc-bdbv-drc-uga-2026-05-21-live; ecdc-bdbv-drc-uga-2026-05-25-live; ecdc-bdbv-drc-uga-2026-05-26-live; ecdc-bdbv-drc-uga-2026-05-27-live; inrb-sitrep-015-2026-05-29; inrb-sitrep-016-2026-05-30; inrb-sitrep-017-2026-05-31; inrb-sitrep-018-2026-06-01; inrb-sitrep-019-2026-06-02; inrb-sitrep-020-2026-06-03; inrb-sitrep-021-2026-06-04; inrb-sitrep-022-2026-06-05; inrb-sitrep-023-2026-06-06; inrb-sitrep-024-2026-06-07; inrb-sitrep-025-2026-06-08; inrb-sitrep-026-2026-06-09; inrb-sitrep-027-2026-06-10; inrb-sitrep-028-2026-06-11; inrb-sitrep-030-2026-06-13; inrb-sitrep-031-2026-06-14; inrb-sitrep-032-2026-06-15; inrb-sitrep-033-2026-06-16; inrb-sitrep-034-2026-06-17; inrb-sitrep-035-2026-06-18; inrb-sitrep-036-2026-06-19; inrb-sitrep-037-2026-06-20; inrb-sitrep-038-2026-06-21; inrb-sitrep-039-2026-06-22; inrb-sitrep-040-2026-06-23; inrb-sitrep-041-2026-06-24; inrb-sitrep-042-2026-06-25; inrb-sitrep-044-2026-06-27; inrb-sitrep-046-2026-06-29; inrb-sitrep-047-2026-06-30; inrb-sitrep-048-2026-07-01; inrb-sitrep-049-2026-07-02; inrb-sitrep-050-2026-07-03; inrb-sitrep-051-2026-07-04; inrb-sitrep-052-2026-07-05; inrb-sitrep-053-2026-07-06; inrb-sitrep-054-2026-07-07; inrb-sitrep-055-2026-07-08; inrb-sitrep-056-2026-07-09; inrb-sitrep-057-2026-07-10; inrb-sitrep-058-2026-07-11; inrb-sitrep-059-2026-07-12; inrb-umie-ebola-drc-2026-build-2026-05-28-bb8b7d5; inrb-umie-ebola-drc-2026-build-2026-06-01-b4cafc9; uganda-moh-ebola-update-2026-06-06; uganda-moh-ebola-update-2026-06-20; uganda-moh-ebola-update-2026-06-21; who-daily-epi-bdbv-2026-06-08; who-dg-remarks-bdbv-2026-05-20; who-dg-remarks-bdbv-2026-05-22; who-don602-2026-05-15-live; who-don603-2026-05-21-live; who-don606-bdbv-2026-06-08; who-ihr-ec-bdbv-temporary-recommendations-2026-05-22; who-pheic-2026-05-17-live; wikipedia-2026-ituri-epidemic-2026-05-20-live,"Descriptive watch-point interval, not a forecast or response recommendation."
corridor:141:kilo:kasese-uga,kilo,kasese-uga,30,0.02513352669477531,0.0690373111778001,0.0501307815400627,0.1345775822352119,0.016555179733410415,0.23743799921848013,zone-attributed confirmed count 9 for this source zone; visibility-adjustment factor 2.02× reflects under-reporting in source zone; raw risk likely understates true hazard,BDBV-CLAIM-050,derived_model_output_with_unsupported_exponent_attribution,pinned_snapshot_model_output,africa-cdc-phecs-2026-05-18-live; afro-sitrep-01-2026-05-18-live; afro-sitrep-01-pdf-2026-05-18-live; cdc-current-situation-2026-05-21; cdc-current-situation-2026-05-23; cdc-current-situation-2026-05-24; cdc-current-situation-2026-05-25; drc-moh-epidemie-dashboard-sitrep-009-graphql-2026-05-24; drc-moh-epidemie-dashboard-sitrep-mve-n-007-mvb-17-2026-pdf-2026-05-22; ecdc-bdbv-drc-uga-2026-05-19-live; ecdc-bdbv-drc-uga-2026-05-21-live; ecdc-bdbv-drc-uga-2026-05-25-live; ecdc-bdbv-drc-uga-2026-05-26-live; ecdc-bdbv-drc-uga-2026-05-27-live; inrb-sitrep-015-2026-05-29; inrb-sitrep-016-2026-05-30; inrb-sitrep-017-2026-05-31; inrb-sitrep-018-2026-06-01; inrb-sitrep-019-2026-06-02; inrb-sitrep-020-2026-06-03; inrb-sitrep-021-2026-06-04; inrb-sitrep-022-2026-06-05; inrb-sitrep-023-2026-06-06; inrb-sitrep-024-2026-06-07; inrb-sitrep-025-2026-06-08; inrb-sitrep-026-2026-06-09; inrb-sitrep-027-2026-06-10; inrb-sitrep-028-2026-06-11; inrb-sitrep-030-2026-06-13; inrb-sitrep-031-2026-06-14; inrb-sitrep-032-2026-06-15; inrb-sitrep-033-2026-06-16; inrb-sitrep-034-2026-06-17; inrb-sitrep-035-2026-06-18; inrb-sitrep-036-2026-06-19; inrb-sitrep-037-2026-06-20; inrb-sitrep-038-2026-06-21; inrb-sitrep-039-2026-06-22; inrb-sitrep-040-2026-06-23; inrb-sitrep-041-2026-06-24; inrb-sitrep-042-2026-06-25; inrb-sitrep-044-2026-06-27; inrb-sitrep-046-2026-06-29; inrb-sitrep-047-2026-06-30; inrb-sitrep-048-2026-07-01; inrb-sitrep-049-2026-07-02; inrb-sitrep-050-2026-07-03; inrb-sitrep-051-2026-07-04; inrb-sitrep-052-2026-07-05; inrb-sitrep-053-2026-07-06; inrb-sitrep-054-2026-07-07; inrb-sitrep-055-2026-07-08; inrb-sitrep-056-2026-07-09; inrb-sitrep-057-2026-07-10; inrb-sitrep-058-2026-07-11; inrb-sitrep-059-2026-07-12; inrb-umie-ebola-drc-2026-build-2026-05-28-bb8b7d5; inrb-umie-ebola-drc-2026-build-2026-06-01-b4cafc9; uganda-moh-ebola-update-2026-06-06; uganda-moh-ebola-update-2026-06-20; uganda-moh-ebola-update-2026-06-21; who-daily-epi-bdbv-2026-06-08; who-dg-remarks-bdbv-2026-05-20; who-dg-remarks-bdbv-2026-05-22; who-don602-2026-05-15-live; who-don603-2026-05-21-live; who-don606-bdbv-2026-06-08; who-ihr-ec-bdbv-temporary-recommendations-2026-05-22; who-pheic-2026-05-17-live; wikipedia-2026-ituri-epidemic-2026-05-20-live,"Descriptive watch-point interval, not a forecast or response recommendation."
corridor:142:kilo:kampala-uga,kilo,kampala-uga,30,0.02629937475994243,0.06750202869425179,0.05242455541692792,0.13169153030227415,0.01315983850060914,0.24791988377143634,zone-attributed confirmed count 9 for this source zone; visibility-adjustment factor 2.02× reflects under-reporting in source zone; raw risk likely understates true hazard,BDBV-CLAIM-050,derived_model_output_with_unsupported_exponent_attribution,pinned_snapshot_model_output,africa-cdc-phecs-2026-05-18-live; afro-sitrep-01-2026-05-18-live; afro-sitrep-01-pdf-2026-05-18-live; cdc-current-situation-2026-05-21; cdc-current-situation-2026-05-23; cdc-current-situation-2026-05-24; cdc-current-situation-2026-05-25; drc-moh-epidemie-dashboard-sitrep-009-graphql-2026-05-24; drc-moh-epidemie-dashboard-sitrep-mve-n-007-mvb-17-2026-pdf-2026-05-22; ecdc-bdbv-drc-uga-2026-05-19-live; ecdc-bdbv-drc-uga-2026-05-21-live; ecdc-bdbv-drc-uga-2026-05-25-live; ecdc-bdbv-drc-uga-2026-05-26-live; ecdc-bdbv-drc-uga-2026-05-27-live; inrb-sitrep-015-2026-05-29; inrb-sitrep-016-2026-05-30; inrb-sitrep-017-2026-05-31; inrb-sitrep-018-2026-06-01; inrb-sitrep-019-2026-06-02; inrb-sitrep-020-2026-06-03; inrb-sitrep-021-2026-06-04; inrb-sitrep-022-2026-06-05; inrb-sitrep-023-2026-06-06; inrb-sitrep-024-2026-06-07; inrb-sitrep-025-2026-06-08; inrb-sitrep-026-2026-06-09; inrb-sitrep-027-2026-06-10; inrb-sitrep-028-2026-06-11; inrb-sitrep-030-2026-06-13; inrb-sitrep-031-2026-06-14; inrb-sitrep-032-2026-06-15; inrb-sitrep-033-2026-06-16; inrb-sitrep-034-2026-06-17; inrb-sitrep-035-2026-06-18; inrb-sitrep-036-2026-06-19; inrb-sitrep-037-2026-06-20; inrb-sitrep-038-2026-06-21; inrb-sitrep-039-2026-06-22; inrb-sitrep-040-2026-06-23; inrb-sitrep-041-2026-06-24; inrb-sitrep-042-2026-06-25; inrb-sitrep-044-2026-06-27; inrb-sitrep-046-2026-06-29; inrb-sitrep-047-2026-06-30; inrb-sitrep-048-2026-07-01; inrb-sitrep-049-2026-07-02; inrb-sitrep-050-2026-07-03; inrb-sitrep-051-2026-07-04; inrb-sitrep-052-2026-07-05; inrb-sitrep-053-2026-07-06; inrb-sitrep-054-2026-07-07; inrb-sitrep-055-2026-07-08; inrb-sitrep-056-2026-07-09; inrb-sitrep-057-2026-07-10; inrb-sitrep-058-2026-07-11; inrb-sitrep-059-2026-07-12; inrb-umie-ebola-drc-2026-build-2026-05-28-bb8b7d5; inrb-umie-ebola-drc-2026-build-2026-06-01-b4cafc9; uganda-moh-ebola-update-2026-06-06; uganda-moh-ebola-update-2026-06-20; uganda-moh-ebola-update-2026-06-21; who-daily-epi-bdbv-2026-06-08; who-dg-remarks-bdbv-2026-05-20; who-dg-remarks-bdbv-2026-05-22; who-don602-2026-05-15-live; who-don603-2026-05-21-live; who-don606-bdbv-2026-06-08; who-ihr-ec-bdbv-temporary-recommendations-2026-05-22; who-pheic-2026-05-17-live; wikipedia-2026-ituri-epidemic-2026-05-20-live,"Descriptive watch-point interval, not a forecast or response recommendation."
corridor:143:kilo:goma-cod,kilo,goma-cod,30,0.022597114804858653,0.06567586446699863,0.04513077646190472,0.12825234779672687,0.010458795885125133,0.24559387422504958,zone-attributed confirmed count 9 for this source zone; visibility-adjustment factor 2.02× reflects under-reporting in source zone; raw risk likely understates true hazard,BDBV-CLAIM-050,derived_model_output_with_unsupported_exponent_attribution,pinned_snapshot_model_output,africa-cdc-phecs-2026-05-18-live; afro-sitrep-01-2026-05-18-live; afro-sitrep-01-pdf-2026-05-18-live; cdc-current-situation-2026-05-21; cdc-current-situation-2026-05-23; cdc-current-situation-2026-05-24; cdc-current-situation-2026-05-25; drc-moh-epidemie-dashboard-sitrep-009-graphql-2026-05-24; drc-moh-epidemie-dashboard-sitrep-mve-n-007-mvb-17-2026-pdf-2026-05-22; ecdc-bdbv-drc-uga-2026-05-19-live; ecdc-bdbv-drc-uga-2026-05-21-live; ecdc-bdbv-drc-uga-2026-05-25-live; ecdc-bdbv-drc-uga-2026-05-26-live; ecdc-bdbv-drc-uga-2026-05-27-live; inrb-sitrep-015-2026-05-29; inrb-sitrep-016-2026-05-30; inrb-sitrep-017-2026-05-31; inrb-sitrep-018-2026-06-01; inrb-sitrep-019-2026-06-02; inrb-sitrep-020-2026-06-03; inrb-sitrep-021-2026-06-04; inrb-sitrep-022-2026-06-05; inrb-sitrep-023-2026-06-06; inrb-sitrep-024-2026-06-07; inrb-sitrep-025-2026-06-08; inrb-sitrep-026-2026-06-09; inrb-sitrep-027-2026-06-10; inrb-sitrep-028-2026-06-11; inrb-sitrep-030-2026-06-13; inrb-sitrep-031-2026-06-14; inrb-sitrep-032-2026-06-15; inrb-sitrep-033-2026-06-16; inrb-sitrep-034-2026-06-17; inrb-sitrep-035-2026-06-18; inrb-sitrep-036-2026-06-19; inrb-sitrep-037-2026-06-20; inrb-sitrep-038-2026-06-21; inrb-sitrep-039-2026-06-22; inrb-sitrep-040-2026-06-23; inrb-sitrep-041-2026-06-24; inrb-sitrep-042-2026-06-25; inrb-sitrep-044-2026-06-27; inrb-sitrep-046-2026-06-29; inrb-sitrep-047-2026-06-30; inrb-sitrep-048-2026-07-01; inrb-sitrep-049-2026-07-02; inrb-sitrep-050-2026-07-03; inrb-sitrep-051-2026-07-04; inrb-sitrep-052-2026-07-05; inrb-sitrep-053-2026-07-06; inrb-sitrep-054-2026-07-07; inrb-sitrep-055-2026-07-08; inrb-sitrep-056-2026-07-09; inrb-sitrep-057-2026-07-10; inrb-sitrep-058-2026-07-11; inrb-sitrep-059-2026-07-12; inrb-umie-ebola-drc-2026-build-2026-05-28-bb8b7d5; inrb-umie-ebola-drc-2026-build-2026-06-01-b4cafc9; uganda-moh-ebola-update-2026-06-06; uganda-moh-ebola-update-2026-06-20; uganda-moh-ebola-update-2026-06-21; who-daily-epi-bdbv-2026-06-08; who-dg-remarks-bdbv-2026-05-20; who-dg-remarks-bdbv-2026-05-22; who-don602-2026-05-15-live; who-don603-2026-05-21-live; who-don606-bdbv-2026-06-08; who-ihr-ec-bdbv-temporary-recommendations-2026-05-22; who-pheic-2026-05-17-live; wikipedia-2026-ituri-epidemic-2026-05-20-live,"Descriptive watch-point interval, not a forecast or response recommendation."
corridor:144:mandima:beni-cod,mandima,beni-cod,30,0.023523972198280785,0.0638636594734382,0.04695942147719037,0.12483262638481593,0.011317205685069021,0.21440536516020947,zone-attributed confirmed count 8 for this source zone; visibility-adjustment factor 2.02× reflects under-reporting in source zone; raw risk likely understates true hazard,BDBV-CLAIM-050,derived_model_output_with_unsupported_exponent_attribution,pinned_snapshot_model_output,africa-cdc-phecs-2026-05-18-live; afro-sitrep-01-2026-05-18-live; afro-sitrep-01-pdf-2026-05-18-live; cdc-current-situation-2026-05-21; cdc-current-situation-2026-05-23; cdc-current-situation-2026-05-24; cdc-current-situation-2026-05-25; drc-moh-epidemie-dashboard-sitrep-009-graphql-2026-05-24; drc-moh-epidemie-dashboard-sitrep-mve-n-007-mvb-17-2026-pdf-2026-05-22; ecdc-bdbv-drc-uga-2026-05-19-live; ecdc-bdbv-drc-uga-2026-05-21-live; ecdc-bdbv-drc-uga-2026-05-25-live; ecdc-bdbv-drc-uga-2026-05-26-live; ecdc-bdbv-drc-uga-2026-05-27-live; inrb-sitrep-015-2026-05-29; inrb-sitrep-016-2026-05-30; inrb-sitrep-017-2026-05-31; inrb-sitrep-018-2026-06-01; inrb-sitrep-019-2026-06-02; inrb-sitrep-020-2026-06-03; inrb-sitrep-021-2026-06-04; inrb-sitrep-022-2026-06-05; inrb-sitrep-023-2026-06-06; inrb-sitrep-024-2026-06-07; inrb-sitrep-025-2026-06-08; inrb-sitrep-026-2026-06-09; inrb-sitrep-027-2026-06-10; inrb-sitrep-028-2026-06-11; inrb-sitrep-030-2026-06-13; inrb-sitrep-031-2026-06-14; inrb-sitrep-032-2026-06-15; inrb-sitrep-033-2026-06-16; inrb-sitrep-034-2026-06-17; inrb-sitrep-035-2026-06-18; inrb-sitrep-036-2026-06-19; inrb-sitrep-037-2026-06-20; inrb-sitrep-038-2026-06-21; inrb-sitrep-039-2026-06-22; inrb-sitrep-040-2026-06-23; inrb-sitrep-041-2026-06-24; inrb-sitrep-042-2026-06-25; inrb-sitrep-044-2026-06-27; inrb-sitrep-046-2026-06-29; inrb-sitrep-047-2026-06-30; inrb-sitrep-048-2026-07-01; inrb-sitrep-049-2026-07-02; inrb-sitrep-050-2026-07-03; inrb-sitrep-051-2026-07-04; inrb-sitrep-052-2026-07-05; inrb-sitrep-053-2026-07-06; inrb-sitrep-054-2026-07-07; inrb-sitrep-055-2026-07-08; inrb-sitrep-056-2026-07-09; inrb-sitrep-057-2026-07-10; inrb-sitrep-058-2026-07-11; inrb-sitrep-059-2026-07-12; inrb-umie-ebola-drc-2026-build-2026-05-28-bb8b7d5; inrb-umie-ebola-drc-2026-build-2026-06-01-b4cafc9; uganda-moh-ebola-update-2026-06-06; uganda-moh-ebola-update-2026-06-20; uganda-moh-ebola-update-2026-06-21; who-daily-epi-bdbv-2026-06-08; who-dg-remarks-bdbv-2026-05-20; who-dg-remarks-bdbv-2026-05-22; who-don602-2026-05-15-live; who-don603-2026-05-21-live; who-don606-bdbv-2026-06-08; who-ihr-ec-bdbv-temporary-recommendations-2026-05-22; who-pheic-2026-05-17-live; wikipedia-2026-ituri-epidemic-2026-05-20-live,"Descriptive watch-point interval, not a forecast or response recommendation."
corridor:145:mandima:arua-uga,mandima,arua-uga,30,0.0232602357913754,0.06305564817626638,0.04643926349525712,0.12330574632275071,0.010024177304269561,0.2378604379194603,zone-attributed confirmed count 8 for this source zone; visibility-adjustment factor 2.02× reflects under-reporting in source zone; raw risk likely understates true hazard,BDBV-CLAIM-050,derived_model_output_with_unsupported_exponent_attribution,pinned_snapshot_model_output,africa-cdc-phecs-2026-05-18-live; afro-sitrep-01-2026-05-18-live; afro-sitrep-01-pdf-2026-05-18-live; cdc-current-situation-2026-05-21; cdc-current-situation-2026-05-23; cdc-current-situation-2026-05-24; cdc-current-situation-2026-05-25; drc-moh-epidemie-dashboard-sitrep-009-graphql-2026-05-24; drc-moh-epidemie-dashboard-sitrep-mve-n-007-mvb-17-2026-pdf-2026-05-22; ecdc-bdbv-drc-uga-2026-05-19-live; ecdc-bdbv-drc-uga-2026-05-21-live; ecdc-bdbv-drc-uga-2026-05-25-live; ecdc-bdbv-drc-uga-2026-05-26-live; ecdc-bdbv-drc-uga-2026-05-27-live; inrb-sitrep-015-2026-05-29; inrb-sitrep-016-2026-05-30; inrb-sitrep-017-2026-05-31; inrb-sitrep-018-2026-06-01; inrb-sitrep-019-2026-06-02; inrb-sitrep-020-2026-06-03; inrb-sitrep-021-2026-06-04; inrb-sitrep-022-2026-06-05; inrb-sitrep-023-2026-06-06; inrb-sitrep-024-2026-06-07; inrb-sitrep-025-2026-06-08; inrb-sitrep-026-2026-06-09; inrb-sitrep-027-2026-06-10; inrb-sitrep-028-2026-06-11; inrb-sitrep-030-2026-06-13; inrb-sitrep-031-2026-06-14; inrb-sitrep-032-2026-06-15; inrb-sitrep-033-2026-06-16; inrb-sitrep-034-2026-06-17; inrb-sitrep-035-2026-06-18; inrb-sitrep-036-2026-06-19; inrb-sitrep-037-2026-06-20; inrb-sitrep-038-2026-06-21; inrb-sitrep-039-2026-06-22; inrb-sitrep-040-2026-06-23; inrb-sitrep-041-2026-06-24; inrb-sitrep-042-2026-06-25; inrb-sitrep-044-2026-06-27; inrb-sitrep-046-2026-06-29; inrb-sitrep-047-2026-06-30; inrb-sitrep-048-2026-07-01; inrb-sitrep-049-2026-07-02; inrb-sitrep-050-2026-07-03; inrb-sitrep-051-2026-07-04; inrb-sitrep-052-2026-07-05; inrb-sitrep-053-2026-07-06; inrb-sitrep-054-2026-07-07; inrb-sitrep-055-2026-07-08; inrb-sitrep-056-2026-07-09; inrb-sitrep-057-2026-07-10; inrb-sitrep-058-2026-07-11; inrb-sitrep-059-2026-07-12; inrb-umie-ebola-drc-2026-build-2026-05-28-bb8b7d5; inrb-umie-ebola-drc-2026-build-2026-06-01-b4cafc9; uganda-moh-ebola-update-2026-06-06; uganda-moh-ebola-update-2026-06-20; uganda-moh-ebola-update-2026-06-21; who-daily-epi-bdbv-2026-06-08; who-dg-remarks-bdbv-2026-05-20; who-dg-remarks-bdbv-2026-05-22; who-don602-2026-05-15-live; who-don603-2026-05-21-live; who-don606-bdbv-2026-06-08; who-ihr-ec-bdbv-temporary-recommendations-2026-05-22; who-pheic-2026-05-17-live; wikipedia-2026-ituri-epidemic-2026-05-20-live,"Descriptive watch-point interval, not a forecast or response recommendation."
corridor:146:mandima:nebbi-uga,mandima,nebbi-uga,30,0.02335836868569041,0.06259927325957201,0.046632823957361846,0.12244268193480373,0.012869816397993753,0.24060049397987168,zone-attributed confirmed count 8 for this source zone; visibility-adjustment factor 2.02× reflects under-reporting in source zone; raw risk likely understates true hazard,BDBV-CLAIM-050,derived_model_output_with_unsupported_exponent_attribution,pinned_snapshot_model_output,africa-cdc-phecs-2026-05-18-live; afro-sitrep-01-2026-05-18-live; afro-sitrep-01-pdf-2026-05-18-live; cdc-current-situation-2026-05-21; cdc-current-situation-2026-05-23; cdc-current-situation-2026-05-24; cdc-current-situation-2026-05-25; drc-moh-epidemie-dashboard-sitrep-009-graphql-2026-05-24; drc-moh-epidemie-dashboard-sitrep-mve-n-007-mvb-17-2026-pdf-2026-05-22; ecdc-bdbv-drc-uga-2026-05-19-live; ecdc-bdbv-drc-uga-2026-05-21-live; ecdc-bdbv-drc-uga-2026-05-25-live; ecdc-bdbv-drc-uga-2026-05-26-live; ecdc-bdbv-drc-uga-2026-05-27-live; inrb-sitrep-015-2026-05-29; inrb-sitrep-016-2026-05-30; inrb-sitrep-017-2026-05-31; inrb-sitrep-018-2026-06-01; inrb-sitrep-019-2026-06-02; inrb-sitrep-020-2026-06-03; inrb-sitrep-021-2026-06-04; inrb-sitrep-022-2026-06-05; inrb-sitrep-023-2026-06-06; inrb-sitrep-024-2026-06-07; inrb-sitrep-025-2026-06-08; inrb-sitrep-026-2026-06-09; inrb-sitrep-027-2026-06-10; inrb-sitrep-028-2026-06-11; inrb-sitrep-030-2026-06-13; inrb-sitrep-031-2026-06-14; inrb-sitrep-032-2026-06-15; inrb-sitrep-033-2026-06-16; inrb-sitrep-034-2026-06-17; inrb-sitrep-035-2026-06-18; inrb-sitrep-036-2026-06-19; inrb-sitrep-037-2026-06-20; inrb-sitrep-038-2026-06-21; inrb-sitrep-039-2026-06-22; inrb-sitrep-040-2026-06-23; inrb-sitrep-041-2026-06-24; inrb-sitrep-042-2026-06-25; inrb-sitrep-044-2026-06-27; inrb-sitrep-046-2026-06-29; inrb-sitrep-047-2026-06-30; inrb-sitrep-048-2026-07-01; inrb-sitrep-049-2026-07-02; inrb-sitrep-050-2026-07-03; inrb-sitrep-051-2026-07-04; inrb-sitrep-052-2026-07-05; inrb-sitrep-053-2026-07-06; inrb-sitrep-054-2026-07-07; inrb-sitrep-055-2026-07-08; inrb-sitrep-056-2026-07-09; inrb-sitrep-057-2026-07-10; inrb-sitrep-058-2026-07-11; inrb-sitrep-059-2026-07-12; inrb-umie-ebola-drc-2026-build-2026-05-28-bb8b7d5; inrb-umie-ebola-drc-2026-build-2026-06-01-b4cafc9; uganda-moh-ebola-update-2026-06-06; uganda-moh-ebola-update-2026-06-20; uganda-moh-ebola-update-2026-06-21; who-daily-epi-bdbv-2026-06-08; who-dg-remarks-bdbv-2026-05-20; who-dg-remarks-bdbv-2026-05-22; who-don602-2026-05-15-live; who-don603-2026-05-21-live; who-don606-bdbv-2026-06-08; who-ihr-ec-bdbv-temporary-recommendations-2026-05-22; who-pheic-2026-05-17-live; wikipedia-2026-ituri-epidemic-2026-05-20-live,"Descriptive watch-point interval, not a forecast or response recommendation."
corridor:147:mandima:bundibugyo-uga,mandima,bundibugyo-uga,30,0.022963314881467967,0.062168917100778126,0.04585337947721263,0.12162851361723523,0.012871878335956998,0.25076784802171936,zone-attributed confirmed count 8 for this source zone; visibility-adjustment factor 2.02× reflects under-reporting in source zone; raw risk likely understates true hazard,BDBV-CLAIM-050,derived_model_output_with_unsupported_exponent_attribution,pinned_snapshot_model_output,africa-cdc-phecs-2026-05-18-live; afro-sitrep-01-2026-05-18-live; afro-sitrep-01-pdf-2026-05-18-live; cdc-current-situation-2026-05-21; cdc-current-situation-2026-05-23; cdc-current-situation-2026-05-24; cdc-current-situation-2026-05-25; drc-moh-epidemie-dashboard-sitrep-009-graphql-2026-05-24; drc-moh-epidemie-dashboard-sitrep-mve-n-007-mvb-17-2026-pdf-2026-05-22; ecdc-bdbv-drc-uga-2026-05-19-live; ecdc-bdbv-drc-uga-2026-05-21-live; ecdc-bdbv-drc-uga-2026-05-25-live; ecdc-bdbv-drc-uga-2026-05-26-live; ecdc-bdbv-drc-uga-2026-05-27-live; inrb-sitrep-015-2026-05-29; inrb-sitrep-016-2026-05-30; inrb-sitrep-017-2026-05-31; inrb-sitrep-018-2026-06-01; inrb-sitrep-019-2026-06-02; inrb-sitrep-020-2026-06-03; inrb-sitrep-021-2026-06-04; inrb-sitrep-022-2026-06-05; inrb-sitrep-023-2026-06-06; inrb-sitrep-024-2026-06-07; inrb-sitrep-025-2026-06-08; inrb-sitrep-026-2026-06-09; inrb-sitrep-027-2026-06-10; inrb-sitrep-028-2026-06-11; inrb-sitrep-030-2026-06-13; inrb-sitrep-031-2026-06-14; inrb-sitrep-032-2026-06-15; inrb-sitrep-033-2026-06-16; inrb-sitrep-034-2026-06-17; inrb-sitrep-035-2026-06-18; inrb-sitrep-036-2026-06-19; inrb-sitrep-037-2026-06-20; inrb-sitrep-038-2026-06-21; inrb-sitrep-039-2026-06-22; inrb-sitrep-040-2026-06-23; inrb-sitrep-041-2026-06-24; inrb-sitrep-042-2026-06-25; inrb-sitrep-044-2026-06-27; inrb-sitrep-046-2026-06-29; inrb-sitrep-047-2026-06-30; inrb-sitrep-048-2026-07-01; inrb-sitrep-049-2026-07-02; inrb-sitrep-050-2026-07-03; inrb-sitrep-051-2026-07-04; inrb-sitrep-052-2026-07-05; inrb-sitrep-053-2026-07-06; inrb-sitrep-054-2026-07-07; inrb-sitrep-055-2026-07-08; inrb-sitrep-056-2026-07-09; inrb-sitrep-057-2026-07-10; inrb-sitrep-058-2026-07-11; inrb-sitrep-059-2026-07-12; inrb-umie-ebola-drc-2026-build-2026-05-28-bb8b7d5; inrb-umie-ebola-drc-2026-build-2026-06-01-b4cafc9; uganda-moh-ebola-update-2026-06-06; uganda-moh-ebola-update-2026-06-20; uganda-moh-ebola-update-2026-06-21; who-daily-epi-bdbv-2026-06-08; who-dg-remarks-bdbv-2026-05-20; who-dg-remarks-bdbv-2026-05-22; who-don602-2026-05-15-live; who-don603-2026-05-21-live; who-don606-bdbv-2026-06-08; who-ihr-ec-bdbv-temporary-recommendations-2026-05-22; who-pheic-2026-05-17-live; wikipedia-2026-ituri-epidemic-2026-05-20-live,"Descriptive watch-point interval, not a forecast or response recommendation."
corridor:148:mandima:kampala-uga,mandima,kampala-uga,30,0.025133751864825277,0.06194221553161042,0.05013122118960364,0.12119945969124005,0.012081720189743031,0.22253622351588556,zone-attributed confirmed count 8 for this source zone; visibility-adjustment factor 2.02× reflects under-reporting in source zone; raw risk likely understates true hazard,BDBV-CLAIM-050,derived_model_output_with_unsupported_exponent_attribution,pinned_snapshot_model_output,africa-cdc-phecs-2026-05-18-live; afro-sitrep-01-2026-05-18-live; afro-sitrep-01-pdf-2026-05-18-live; cdc-current-situation-2026-05-21; cdc-current-situation-2026-05-23; cdc-current-situation-2026-05-24; cdc-current-situation-2026-05-25; drc-moh-epidemie-dashboard-sitrep-009-graphql-2026-05-24; drc-moh-epidemie-dashboard-sitrep-mve-n-007-mvb-17-2026-pdf-2026-05-22; ecdc-bdbv-drc-uga-2026-05-19-live; ecdc-bdbv-drc-uga-2026-05-21-live; ecdc-bdbv-drc-uga-2026-05-25-live; ecdc-bdbv-drc-uga-2026-05-26-live; ecdc-bdbv-drc-uga-2026-05-27-live; inrb-sitrep-015-2026-05-29; inrb-sitrep-016-2026-05-30; inrb-sitrep-017-2026-05-31; inrb-sitrep-018-2026-06-01; inrb-sitrep-019-2026-06-02; inrb-sitrep-020-2026-06-03; inrb-sitrep-021-2026-06-04; inrb-sitrep-022-2026-06-05; inrb-sitrep-023-2026-06-06; inrb-sitrep-024-2026-06-07; inrb-sitrep-025-2026-06-08; inrb-sitrep-026-2026-06-09; inrb-sitrep-027-2026-06-10; inrb-sitrep-028-2026-06-11; inrb-sitrep-030-2026-06-13; inrb-sitrep-031-2026-06-14; inrb-sitrep-032-2026-06-15; inrb-sitrep-033-2026-06-16; inrb-sitrep-034-2026-06-17; inrb-sitrep-035-2026-06-18; inrb-sitrep-036-2026-06-19; inrb-sitrep-037-2026-06-20; inrb-sitrep-038-2026-06-21; inrb-sitrep-039-2026-06-22; inrb-sitrep-040-2026-06-23; inrb-sitrep-041-2026-06-24; inrb-sitrep-042-2026-06-25; inrb-sitrep-044-2026-06-27; inrb-sitrep-046-2026-06-29; inrb-sitrep-047-2026-06-30; inrb-sitrep-048-2026-07-01; inrb-sitrep-049-2026-07-02; inrb-sitrep-050-2026-07-03; inrb-sitrep-051-2026-07-04; inrb-sitrep-052-2026-07-05; inrb-sitrep-053-2026-07-06; inrb-sitrep-054-2026-07-07; inrb-sitrep-055-2026-07-08; inrb-sitrep-056-2026-07-09; inrb-sitrep-057-2026-07-10; inrb-sitrep-058-2026-07-11; inrb-sitrep-059-2026-07-12; inrb-umie-ebola-drc-2026-build-2026-05-28-bb8b7d5; inrb-umie-ebola-drc-2026-build-2026-06-01-b4cafc9; uganda-moh-ebola-update-2026-06-06; uganda-moh-ebola-update-2026-06-20; uganda-moh-ebola-update-2026-06-21; who-daily-epi-bdbv-2026-06-08; who-dg-remarks-bdbv-2026-05-20; who-dg-remarks-bdbv-2026-05-22; who-don602-2026-05-15-live; who-don603-2026-05-21-live; who-don606-bdbv-2026-06-08; who-ihr-ec-bdbv-temporary-recommendations-2026-05-22; who-pheic-2026-05-17-live; wikipedia-2026-ituri-epidemic-2026-05-20-live,"Descriptive watch-point interval, not a forecast or response recommendation."
corridor:149:mandima:goma-cod,mandima,goma-cod,30,0.023508867835373176,0.06184905554201653,0.04692963472326003,0.12102311451705011,0.01123133240172888,0.26185425269329243,zone-attributed confirmed count 8 for this source zone; visibility-adjustment factor 2.02× reflects under-reporting in source zone; raw risk likely understates true hazard,BDBV-CLAIM-050,derived_model_output_with_unsupported_exponent_attribution,pinned_snapshot_model_output,africa-cdc-phecs-2026-05-18-live; afro-sitrep-01-2026-05-18-live; afro-sitrep-01-pdf-2026-05-18-live; cdc-current-situation-2026-05-21; cdc-current-situation-2026-05-23; cdc-current-situation-2026-05-24; cdc-current-situation-2026-05-25; drc-moh-epidemie-dashboard-sitrep-009-graphql-2026-05-24; drc-moh-epidemie-dashboard-sitrep-mve-n-007-mvb-17-2026-pdf-2026-05-22; ecdc-bdbv-drc-uga-2026-05-19-live; ecdc-bdbv-drc-uga-2026-05-21-live; ecdc-bdbv-drc-uga-2026-05-25-live; ecdc-bdbv-drc-uga-2026-05-26-live; ecdc-bdbv-drc-uga-2026-05-27-live; inrb-sitrep-015-2026-05-29; inrb-sitrep-016-2026-05-30; inrb-sitrep-017-2026-05-31; inrb-sitrep-018-2026-06-01; inrb-sitrep-019-2026-06-02; inrb-sitrep-020-2026-06-03; inrb-sitrep-021-2026-06-04; inrb-sitrep-022-2026-06-05; inrb-sitrep-023-2026-06-06; inrb-sitrep-024-2026-06-07; inrb-sitrep-025-2026-06-08; inrb-sitrep-026-2026-06-09; inrb-sitrep-027-2026-06-10; inrb-sitrep-028-2026-06-11; inrb-sitrep-030-2026-06-13; inrb-sitrep-031-2026-06-14; inrb-sitrep-032-2026-06-15; inrb-sitrep-033-2026-06-16; inrb-sitrep-034-2026-06-17; inrb-sitrep-035-2026-06-18; inrb-sitrep-036-2026-06-19; inrb-sitrep-037-2026-06-20; inrb-sitrep-038-2026-06-21; inrb-sitrep-039-2026-06-22; inrb-sitrep-040-2026-06-23; inrb-sitrep-041-2026-06-24; inrb-sitrep-042-2026-06-25; inrb-sitrep-044-2026-06-27; inrb-sitrep-046-2026-06-29; inrb-sitrep-047-2026-06-30; inrb-sitrep-048-2026-07-01; inrb-sitrep-049-2026-07-02; inrb-sitrep-050-2026-07-03; inrb-sitrep-051-2026-07-04; inrb-sitrep-052-2026-07-05; inrb-sitrep-053-2026-07-06; inrb-sitrep-054-2026-07-07; inrb-sitrep-055-2026-07-08; inrb-sitrep-056-2026-07-09; inrb-sitrep-057-2026-07-10; inrb-sitrep-058-2026-07-11; inrb-sitrep-059-2026-07-12; inrb-umie-ebola-drc-2026-build-2026-05-28-bb8b7d5; inrb-umie-ebola-drc-2026-build-2026-06-01-b4cafc9; uganda-moh-ebola-update-2026-06-06; uganda-moh-ebola-update-2026-06-20; uganda-moh-ebola-update-2026-06-21; who-daily-epi-bdbv-2026-06-08; who-dg-remarks-bdbv-2026-05-20; who-dg-remarks-bdbv-2026-05-22; who-don602-2026-05-15-live; who-don603-2026-05-21-live; who-don606-bdbv-2026-06-08; who-ihr-ec-bdbv-temporary-recommendations-2026-05-22; who-pheic-2026-05-17-live; wikipedia-2026-ituri-epidemic-2026-05-20-live,"Descriptive watch-point interval, not a forecast or response recommendation."
corridor:150:mandima:kisangani-cod,mandima,kisangani-cod,30,0.020728500783687737,0.06151810103106273,0.041438716701898776,0.12039648441835687,0.01172321237238083,0.24159020943305673,zone-attributed confirmed count 8 for this source zone; visibility-adjustment factor 2.02× reflects under-reporting in source zone; raw risk likely understates true hazard,BDBV-CLAIM-050,derived_model_output_with_unsupported_exponent_attribution,pinned_snapshot_model_output,africa-cdc-phecs-2026-05-18-live; afro-sitrep-01-2026-05-18-live; afro-sitrep-01-pdf-2026-05-18-live; cdc-current-situation-2026-05-21; cdc-current-situation-2026-05-23; cdc-current-situation-2026-05-24; cdc-current-situation-2026-05-25; drc-moh-epidemie-dashboard-sitrep-009-graphql-2026-05-24; drc-moh-epidemie-dashboard-sitrep-mve-n-007-mvb-17-2026-pdf-2026-05-22; ecdc-bdbv-drc-uga-2026-05-19-live; ecdc-bdbv-drc-uga-2026-05-21-live; ecdc-bdbv-drc-uga-2026-05-25-live; ecdc-bdbv-drc-uga-2026-05-26-live; ecdc-bdbv-drc-uga-2026-05-27-live; inrb-sitrep-015-2026-05-29; inrb-sitrep-016-2026-05-30; inrb-sitrep-017-2026-05-31; inrb-sitrep-018-2026-06-01; inrb-sitrep-019-2026-06-02; inrb-sitrep-020-2026-06-03; inrb-sitrep-021-2026-06-04; inrb-sitrep-022-2026-06-05; inrb-sitrep-023-2026-06-06; inrb-sitrep-024-2026-06-07; inrb-sitrep-025-2026-06-08; inrb-sitrep-026-2026-06-09; inrb-sitrep-027-2026-06-10; inrb-sitrep-028-2026-06-11; inrb-sitrep-030-2026-06-13; inrb-sitrep-031-2026-06-14; inrb-sitrep-032-2026-06-15; inrb-sitrep-033-2026-06-16; inrb-sitrep-034-2026-06-17; inrb-sitrep-035-2026-06-18; inrb-sitrep-036-2026-06-19; inrb-sitrep-037-2026-06-20; inrb-sitrep-038-2026-06-21; inrb-sitrep-039-2026-06-22; inrb-sitrep-040-2026-06-23; inrb-sitrep-041-2026-06-24; inrb-sitrep-042-2026-06-25; inrb-sitrep-044-2026-06-27; inrb-sitrep-046-2026-06-29; inrb-sitrep-047-2026-06-30; inrb-sitrep-048-2026-07-01; inrb-sitrep-049-2026-07-02; inrb-sitrep-050-2026-07-03; inrb-sitrep-051-2026-07-04; inrb-sitrep-052-2026-07-05; inrb-sitrep-053-2026-07-06; inrb-sitrep-054-2026-07-07; inrb-sitrep-055-2026-07-08; inrb-sitrep-056-2026-07-09; inrb-sitrep-057-2026-07-10; inrb-sitrep-058-2026-07-11; inrb-sitrep-059-2026-07-12; inrb-umie-ebola-drc-2026-build-2026-05-28-bb8b7d5; inrb-umie-ebola-drc-2026-build-2026-06-01-b4cafc9; uganda-moh-ebola-update-2026-06-06; uganda-moh-ebola-update-2026-06-20; uganda-moh-ebola-update-2026-06-21; who-daily-epi-bdbv-2026-06-08; who-dg-remarks-bdbv-2026-05-20; who-dg-remarks-bdbv-2026-05-22; who-don602-2026-05-15-live; who-don603-2026-05-21-live; who-don606-bdbv-2026-06-08; who-ihr-ec-bdbv-temporary-recommendations-2026-05-22; who-pheic-2026-05-17-live; wikipedia-2026-ituri-epidemic-2026-05-20-live,"Descriptive watch-point interval, not a forecast or response recommendation."
corridor:151:mandima:yei-ssd,mandima,yei-ssd,30,0.02168971809495321,0.060590907860749776,0.04333881834613268,0.11863925430944633,0.010211079896249507,0.24339260145530467,zone-attributed confirmed count 8 for this source zone; visibility-adjustment factor 2.02× reflects under-reporting in source zone; raw risk likely understates true hazard,BDBV-CLAIM-050,derived_model_output_with_unsupported_exponent_attribution,pinned_snapshot_model_output,africa-cdc-phecs-2026-05-18-live; afro-sitrep-01-2026-05-18-live; afro-sitrep-01-pdf-2026-05-18-live; cdc-current-situation-2026-05-21; cdc-current-situation-2026-05-23; cdc-current-situation-2026-05-24; cdc-current-situation-2026-05-25; drc-moh-epidemie-dashboard-sitrep-009-graphql-2026-05-24; drc-moh-epidemie-dashboard-sitrep-mve-n-007-mvb-17-2026-pdf-2026-05-22; ecdc-bdbv-drc-uga-2026-05-19-live; ecdc-bdbv-drc-uga-2026-05-21-live; ecdc-bdbv-drc-uga-2026-05-25-live; ecdc-bdbv-drc-uga-2026-05-26-live; ecdc-bdbv-drc-uga-2026-05-27-live; inrb-sitrep-015-2026-05-29; inrb-sitrep-016-2026-05-30; inrb-sitrep-017-2026-05-31; inrb-sitrep-018-2026-06-01; inrb-sitrep-019-2026-06-02; inrb-sitrep-020-2026-06-03; inrb-sitrep-021-2026-06-04; inrb-sitrep-022-2026-06-05; inrb-sitrep-023-2026-06-06; inrb-sitrep-024-2026-06-07; inrb-sitrep-025-2026-06-08; inrb-sitrep-026-2026-06-09; inrb-sitrep-027-2026-06-10; inrb-sitrep-028-2026-06-11; inrb-sitrep-030-2026-06-13; inrb-sitrep-031-2026-06-14; inrb-sitrep-032-2026-06-15; inrb-sitrep-033-2026-06-16; inrb-sitrep-034-2026-06-17; inrb-sitrep-035-2026-06-18; inrb-sitrep-036-2026-06-19; inrb-sitrep-037-2026-06-20; inrb-sitrep-038-2026-06-21; inrb-sitrep-039-2026-06-22; inrb-sitrep-040-2026-06-23; inrb-sitrep-041-2026-06-24; inrb-sitrep-042-2026-06-25; inrb-sitrep-044-2026-06-27; inrb-sitrep-046-2026-06-29; inrb-sitrep-047-2026-06-30; inrb-sitrep-048-2026-07-01; inrb-sitrep-049-2026-07-02; inrb-sitrep-050-2026-07-03; inrb-sitrep-051-2026-07-04; inrb-sitrep-052-2026-07-05; inrb-sitrep-053-2026-07-06; inrb-sitrep-054-2026-07-07; inrb-sitrep-055-2026-07-08; inrb-sitrep-056-2026-07-09; inrb-sitrep-057-2026-07-10; inrb-sitrep-058-2026-07-11; inrb-sitrep-059-2026-07-12; inrb-umie-ebola-drc-2026-build-2026-05-28-bb8b7d5; inrb-umie-ebola-drc-2026-build-2026-06-01-b4cafc9; uganda-moh-ebola-update-2026-06-06; uganda-moh-ebola-update-2026-06-20; uganda-moh-ebola-update-2026-06-21; who-daily-epi-bdbv-2026-06-08; who-dg-remarks-bdbv-2026-05-20; who-dg-remarks-bdbv-2026-05-22; who-don602-2026-05-15-live; who-don603-2026-05-21-live; who-don606-bdbv-2026-06-08; who-ihr-ec-bdbv-temporary-recommendations-2026-05-22; who-pheic-2026-05-17-live; wikipedia-2026-ituri-epidemic-2026-05-20-live,"Descriptive watch-point interval, not a forecast or response recommendation."
corridor:152:mandima:kasese-uga,mandima,kasese-uga,30,0.021810632742338493,0.05953483791795533,0.04357770246796741,0.11663660238885365,0.011850255524304902,0.22976347806277259,zone-attributed confirmed count 8 for this source zone; visibility-adjustment factor 2.02× reflects under-reporting in source zone; raw risk likely understates true hazard,BDBV-CLAIM-050,derived_model_output_with_unsupported_exponent_attribution,pinned_snapshot_model_output,africa-cdc-phecs-2026-05-18-live; afro-sitrep-01-2026-05-18-live; afro-sitrep-01-pdf-2026-05-18-live; cdc-current-situation-2026-05-21; cdc-current-situation-2026-05-23; cdc-current-situation-2026-05-24; cdc-current-situation-2026-05-25; drc-moh-epidemie-dashboard-sitrep-009-graphql-2026-05-24; drc-moh-epidemie-dashboard-sitrep-mve-n-007-mvb-17-2026-pdf-2026-05-22; ecdc-bdbv-drc-uga-2026-05-19-live; ecdc-bdbv-drc-uga-2026-05-21-live; ecdc-bdbv-drc-uga-2026-05-25-live; ecdc-bdbv-drc-uga-2026-05-26-live; ecdc-bdbv-drc-uga-2026-05-27-live; inrb-sitrep-015-2026-05-29; inrb-sitrep-016-2026-05-30; inrb-sitrep-017-2026-05-31; inrb-sitrep-018-2026-06-01; inrb-sitrep-019-2026-06-02; inrb-sitrep-020-2026-06-03; inrb-sitrep-021-2026-06-04; inrb-sitrep-022-2026-06-05; inrb-sitrep-023-2026-06-06; inrb-sitrep-024-2026-06-07; inrb-sitrep-025-2026-06-08; inrb-sitrep-026-2026-06-09; inrb-sitrep-027-2026-06-10; inrb-sitrep-028-2026-06-11; inrb-sitrep-030-2026-06-13; inrb-sitrep-031-2026-06-14; inrb-sitrep-032-2026-06-15; inrb-sitrep-033-2026-06-16; inrb-sitrep-034-2026-06-17; inrb-sitrep-035-2026-06-18; inrb-sitrep-036-2026-06-19; inrb-sitrep-037-2026-06-20; inrb-sitrep-038-2026-06-21; inrb-sitrep-039-2026-06-22; inrb-sitrep-040-2026-06-23; inrb-sitrep-041-2026-06-24; inrb-sitrep-042-2026-06-25; inrb-sitrep-044-2026-06-27; inrb-sitrep-046-2026-06-29; inrb-sitrep-047-2026-06-30; inrb-sitrep-048-2026-07-01; inrb-sitrep-049-2026-07-02; inrb-sitrep-050-2026-07-03; inrb-sitrep-051-2026-07-04; inrb-sitrep-052-2026-07-05; inrb-sitrep-053-2026-07-06; inrb-sitrep-054-2026-07-07; inrb-sitrep-055-2026-07-08; inrb-sitrep-056-2026-07-09; inrb-sitrep-057-2026-07-10; inrb-sitrep-058-2026-07-11; inrb-sitrep-059-2026-07-12; inrb-umie-ebola-drc-2026-build-2026-05-28-bb8b7d5; inrb-umie-ebola-drc-2026-build-2026-06-01-b4cafc9; uganda-moh-ebola-update-2026-06-06; uganda-moh-ebola-update-2026-06-20; uganda-moh-ebola-update-2026-06-21; who-daily-epi-bdbv-2026-06-08; who-dg-remarks-bdbv-2026-05-20; who-dg-remarks-bdbv-2026-05-22; who-don602-2026-05-15-live; who-don603-2026-05-21-live; who-don606-bdbv-2026-06-08; who-ihr-ec-bdbv-temporary-recommendations-2026-05-22; who-pheic-2026-05-17-live; wikipedia-2026-ituri-epidemic-2026-05-20-live,"Descriptive watch-point interval, not a forecast or response recommendation."
corridor:153:wamba:kisangani-cod,wamba,kisangani-cod,30,0.02111252507419198,0.05814656828249942,0.042198060732061726,0.11400003528372146,0.010696938080024946,0.21673905553274075,zone-attributed confirmed count 7 for this source zone; visibility-adjustment factor 2.02× reflects under-reporting in source zone; raw risk likely understates true hazard,BDBV-CLAIM-050,derived_model_output_with_unsupported_exponent_attribution,pinned_snapshot_model_output,africa-cdc-phecs-2026-05-18-live; afro-sitrep-01-2026-05-18-live; afro-sitrep-01-pdf-2026-05-18-live; cdc-current-situation-2026-05-21; cdc-current-situation-2026-05-23; cdc-current-situation-2026-05-24; cdc-current-situation-2026-05-25; drc-moh-epidemie-dashboard-sitrep-009-graphql-2026-05-24; drc-moh-epidemie-dashboard-sitrep-mve-n-007-mvb-17-2026-pdf-2026-05-22; ecdc-bdbv-drc-uga-2026-05-19-live; ecdc-bdbv-drc-uga-2026-05-21-live; ecdc-bdbv-drc-uga-2026-05-25-live; ecdc-bdbv-drc-uga-2026-05-26-live; ecdc-bdbv-drc-uga-2026-05-27-live; inrb-sitrep-015-2026-05-29; inrb-sitrep-016-2026-05-30; inrb-sitrep-017-2026-05-31; inrb-sitrep-018-2026-06-01; inrb-sitrep-019-2026-06-02; inrb-sitrep-020-2026-06-03; inrb-sitrep-021-2026-06-04; inrb-sitrep-022-2026-06-05; inrb-sitrep-023-2026-06-06; inrb-sitrep-024-2026-06-07; inrb-sitrep-025-2026-06-08; inrb-sitrep-026-2026-06-09; inrb-sitrep-027-2026-06-10; inrb-sitrep-028-2026-06-11; inrb-sitrep-030-2026-06-13; inrb-sitrep-031-2026-06-14; inrb-sitrep-032-2026-06-15; inrb-sitrep-033-2026-06-16; inrb-sitrep-034-2026-06-17; inrb-sitrep-035-2026-06-18; inrb-sitrep-036-2026-06-19; inrb-sitrep-037-2026-06-20; inrb-sitrep-038-2026-06-21; inrb-sitrep-039-2026-06-22; inrb-sitrep-040-2026-06-23; inrb-sitrep-041-2026-06-24; inrb-sitrep-042-2026-06-25; inrb-sitrep-044-2026-06-27; inrb-sitrep-046-2026-06-29; inrb-sitrep-047-2026-06-30; inrb-sitrep-048-2026-07-01; inrb-sitrep-049-2026-07-02; inrb-sitrep-050-2026-07-03; inrb-sitrep-051-2026-07-04; inrb-sitrep-052-2026-07-05; inrb-sitrep-053-2026-07-06; inrb-sitrep-054-2026-07-07; inrb-sitrep-055-2026-07-08; inrb-sitrep-056-2026-07-09; inrb-sitrep-057-2026-07-10; inrb-sitrep-058-2026-07-11; inrb-sitrep-059-2026-07-12; inrb-umie-ebola-drc-2026-build-2026-05-28-bb8b7d5; inrb-umie-ebola-drc-2026-build-2026-06-01-b4cafc9; uganda-moh-ebola-update-2026-06-06; uganda-moh-ebola-update-2026-06-20; uganda-moh-ebola-update-2026-06-21; who-daily-epi-bdbv-2026-06-08; who-dg-remarks-bdbv-2026-05-20; who-dg-remarks-bdbv-2026-05-22; who-don602-2026-05-15-live; who-don603-2026-05-21-live; who-don606-bdbv-2026-06-08; who-ihr-ec-bdbv-temporary-recommendations-2026-05-22; who-pheic-2026-05-17-live; wikipedia-2026-ituri-epidemic-2026-05-20-live,"Descriptive watch-point interval, not a forecast or response recommendation."
corridor:154:wamba:arua-uga,wamba,arua-uga,30,0.01896383319605313,0.05788170603809248,0.03794543067658135,0.11349654576488213,0.011931368810163904,0.20039252196005292,zone-attributed confirmed count 7 for this source zone; visibility-adjustment factor 2.02× reflects under-reporting in source zone; raw risk likely understates true hazard,BDBV-CLAIM-050,derived_model_output_with_unsupported_exponent_attribution,pinned_snapshot_model_output,africa-cdc-phecs-2026-05-18-live; afro-sitrep-01-2026-05-18-live; afro-sitrep-01-pdf-2026-05-18-live; cdc-current-situation-2026-05-21; cdc-current-situation-2026-05-23; cdc-current-situation-2026-05-24; cdc-current-situation-2026-05-25; drc-moh-epidemie-dashboard-sitrep-009-graphql-2026-05-24; drc-moh-epidemie-dashboard-sitrep-mve-n-007-mvb-17-2026-pdf-2026-05-22; ecdc-bdbv-drc-uga-2026-05-19-live; ecdc-bdbv-drc-uga-2026-05-21-live; ecdc-bdbv-drc-uga-2026-05-25-live; ecdc-bdbv-drc-uga-2026-05-26-live; ecdc-bdbv-drc-uga-2026-05-27-live; inrb-sitrep-015-2026-05-29; inrb-sitrep-016-2026-05-30; inrb-sitrep-017-2026-05-31; inrb-sitrep-018-2026-06-01; inrb-sitrep-019-2026-06-02; inrb-sitrep-020-2026-06-03; inrb-sitrep-021-2026-06-04; inrb-sitrep-022-2026-06-05; inrb-sitrep-023-2026-06-06; inrb-sitrep-024-2026-06-07; inrb-sitrep-025-2026-06-08; inrb-sitrep-026-2026-06-09; inrb-sitrep-027-2026-06-10; inrb-sitrep-028-2026-06-11; inrb-sitrep-030-2026-06-13; inrb-sitrep-031-2026-06-14; inrb-sitrep-032-2026-06-15; inrb-sitrep-033-2026-06-16; inrb-sitrep-034-2026-06-17; inrb-sitrep-035-2026-06-18; inrb-sitrep-036-2026-06-19; inrb-sitrep-037-2026-06-20; inrb-sitrep-038-2026-06-21; inrb-sitrep-039-2026-06-22; inrb-sitrep-040-2026-06-23; inrb-sitrep-041-2026-06-24; inrb-sitrep-042-2026-06-25; inrb-sitrep-044-2026-06-27; inrb-sitrep-046-2026-06-29; inrb-sitrep-047-2026-06-30; inrb-sitrep-048-2026-07-01; inrb-sitrep-049-2026-07-02; inrb-sitrep-050-2026-07-03; inrb-sitrep-051-2026-07-04; inrb-sitrep-052-2026-07-05; inrb-sitrep-053-2026-07-06; inrb-sitrep-054-2026-07-07; inrb-sitrep-055-2026-07-08; inrb-sitrep-056-2026-07-09; inrb-sitrep-057-2026-07-10; inrb-sitrep-058-2026-07-11; inrb-sitrep-059-2026-07-12; inrb-umie-ebola-drc-2026-build-2026-05-28-bb8b7d5; inrb-umie-ebola-drc-2026-build-2026-06-01-b4cafc9; uganda-moh-ebola-update-2026-06-06; uganda-moh-ebola-update-2026-06-20; uganda-moh-ebola-update-2026-06-21; who-daily-epi-bdbv-2026-06-08; who-dg-remarks-bdbv-2026-05-20; who-dg-remarks-bdbv-2026-05-22; who-don602-2026-05-15-live; who-don603-2026-05-21-live; who-don606-bdbv-2026-06-08; who-ihr-ec-bdbv-temporary-recommendations-2026-05-22; who-pheic-2026-05-17-live; wikipedia-2026-ituri-epidemic-2026-05-20-live,"Descriptive watch-point interval, not a forecast or response recommendation."
corridor:155:wamba:nebbi-uga,wamba,nebbi-uga,30,0.01857564651621052,0.057602503888993906,0.03717612210880139,0.11296564546902266,0.011143681118767004,0.19767165076649376,zone-attributed confirmed count 7 for this source zone; visibility-adjustment factor 2.02× reflects under-reporting in source zone; raw risk likely understates true hazard,BDBV-CLAIM-050,derived_model_output_with_unsupported_exponent_attribution,pinned_snapshot_model_output,africa-cdc-phecs-2026-05-18-live; afro-sitrep-01-2026-05-18-live; afro-sitrep-01-pdf-2026-05-18-live; cdc-current-situation-2026-05-21; cdc-current-situation-2026-05-23; cdc-current-situation-2026-05-24; cdc-current-situation-2026-05-25; drc-moh-epidemie-dashboard-sitrep-009-graphql-2026-05-24; drc-moh-epidemie-dashboard-sitrep-mve-n-007-mvb-17-2026-pdf-2026-05-22; ecdc-bdbv-drc-uga-2026-05-19-live; ecdc-bdbv-drc-uga-2026-05-21-live; ecdc-bdbv-drc-uga-2026-05-25-live; ecdc-bdbv-drc-uga-2026-05-26-live; ecdc-bdbv-drc-uga-2026-05-27-live; inrb-sitrep-015-2026-05-29; inrb-sitrep-016-2026-05-30; inrb-sitrep-017-2026-05-31; inrb-sitrep-018-2026-06-01; inrb-sitrep-019-2026-06-02; inrb-sitrep-020-2026-06-03; inrb-sitrep-021-2026-06-04; inrb-sitrep-022-2026-06-05; inrb-sitrep-023-2026-06-06; inrb-sitrep-024-2026-06-07; inrb-sitrep-025-2026-06-08; inrb-sitrep-026-2026-06-09; inrb-sitrep-027-2026-06-10; inrb-sitrep-028-2026-06-11; inrb-sitrep-030-2026-06-13; inrb-sitrep-031-2026-06-14; inrb-sitrep-032-2026-06-15; inrb-sitrep-033-2026-06-16; inrb-sitrep-034-2026-06-17; inrb-sitrep-035-2026-06-18; inrb-sitrep-036-2026-06-19; inrb-sitrep-037-2026-06-20; inrb-sitrep-038-2026-06-21; inrb-sitrep-039-2026-06-22; inrb-sitrep-040-2026-06-23; inrb-sitrep-041-2026-06-24; inrb-sitrep-042-2026-06-25; inrb-sitrep-044-2026-06-27; inrb-sitrep-046-2026-06-29; inrb-sitrep-047-2026-06-30; inrb-sitrep-048-2026-07-01; inrb-sitrep-049-2026-07-02; inrb-sitrep-050-2026-07-03; inrb-sitrep-051-2026-07-04; inrb-sitrep-052-2026-07-05; inrb-sitrep-053-2026-07-06; inrb-sitrep-054-2026-07-07; inrb-sitrep-055-2026-07-08; inrb-sitrep-056-2026-07-09; inrb-sitrep-057-2026-07-10; inrb-sitrep-058-2026-07-11; inrb-sitrep-059-2026-07-12; inrb-umie-ebola-drc-2026-build-2026-05-28-bb8b7d5; inrb-umie-ebola-drc-2026-build-2026-06-01-b4cafc9; uganda-moh-ebola-update-2026-06-06; uganda-moh-ebola-update-2026-06-20; uganda-moh-ebola-update-2026-06-21; who-daily-epi-bdbv-2026-06-08; who-dg-remarks-bdbv-2026-05-20; who-dg-remarks-bdbv-2026-05-22; who-don602-2026-05-15-live; who-don603-2026-05-21-live; who-don606-bdbv-2026-06-08; who-ihr-ec-bdbv-temporary-recommendations-2026-05-22; who-pheic-2026-05-17-live; wikipedia-2026-ituri-epidemic-2026-05-20-live,"Descriptive watch-point interval, not a forecast or response recommendation."
corridor:156:logo:beni-cod,logo,beni-cod,30,0.02035540062879959,0.057248086753674376,0.040700670444105025,0.11229149020770984,0.00974590122074099,0.23557182628805337,zone-attributed confirmed count 7 for this source zone; visibility-adjustment factor 2.02× reflects under-reporting in source zone; raw risk likely understates true hazard,BDBV-CLAIM-050,derived_model_output_with_unsupported_exponent_attribution,pinned_snapshot_model_output,africa-cdc-phecs-2026-05-18-live; afro-sitrep-01-2026-05-18-live; afro-sitrep-01-pdf-2026-05-18-live; cdc-current-situation-2026-05-21; cdc-current-situation-2026-05-23; cdc-current-situation-2026-05-24; cdc-current-situation-2026-05-25; drc-moh-epidemie-dashboard-sitrep-009-graphql-2026-05-24; drc-moh-epidemie-dashboard-sitrep-mve-n-007-mvb-17-2026-pdf-2026-05-22; ecdc-bdbv-drc-uga-2026-05-19-live; ecdc-bdbv-drc-uga-2026-05-21-live; ecdc-bdbv-drc-uga-2026-05-25-live; ecdc-bdbv-drc-uga-2026-05-26-live; ecdc-bdbv-drc-uga-2026-05-27-live; inrb-sitrep-015-2026-05-29; inrb-sitrep-016-2026-05-30; inrb-sitrep-017-2026-05-31; inrb-sitrep-018-2026-06-01; inrb-sitrep-019-2026-06-02; inrb-sitrep-020-2026-06-03; inrb-sitrep-021-2026-06-04; inrb-sitrep-022-2026-06-05; inrb-sitrep-023-2026-06-06; inrb-sitrep-024-2026-06-07; inrb-sitrep-025-2026-06-08; inrb-sitrep-026-2026-06-09; inrb-sitrep-027-2026-06-10; inrb-sitrep-028-2026-06-11; inrb-sitrep-030-2026-06-13; inrb-sitrep-031-2026-06-14; inrb-sitrep-032-2026-06-15; inrb-sitrep-033-2026-06-16; inrb-sitrep-034-2026-06-17; inrb-sitrep-035-2026-06-18; inrb-sitrep-036-2026-06-19; inrb-sitrep-037-2026-06-20; inrb-sitrep-038-2026-06-21; inrb-sitrep-039-2026-06-22; inrb-sitrep-040-2026-06-23; inrb-sitrep-041-2026-06-24; inrb-sitrep-042-2026-06-25; inrb-sitrep-044-2026-06-27; inrb-sitrep-046-2026-06-29; inrb-sitrep-047-2026-06-30; inrb-sitrep-048-2026-07-01; inrb-sitrep-049-2026-07-02; inrb-sitrep-050-2026-07-03; inrb-sitrep-051-2026-07-04; inrb-sitrep-052-2026-07-05; inrb-sitrep-053-2026-07-06; inrb-sitrep-054-2026-07-07; inrb-sitrep-055-2026-07-08; inrb-sitrep-056-2026-07-09; inrb-sitrep-057-2026-07-10; inrb-sitrep-058-2026-07-11; inrb-sitrep-059-2026-07-12; inrb-umie-ebola-drc-2026-build-2026-05-28-bb8b7d5; inrb-umie-ebola-drc-2026-build-2026-06-01-b4cafc9; uganda-moh-ebola-update-2026-06-06; uganda-moh-ebola-update-2026-06-20; uganda-moh-ebola-update-2026-06-21; who-daily-epi-bdbv-2026-06-08; who-dg-remarks-bdbv-2026-05-20; who-dg-remarks-bdbv-2026-05-22; who-don602-2026-05-15-live; who-don603-2026-05-21-live; who-don606-bdbv-2026-06-08; who-ihr-ec-bdbv-temporary-recommendations-2026-05-22; who-pheic-2026-05-17-live; wikipedia-2026-ituri-epidemic-2026-05-20-live,"Descriptive watch-point interval, not a forecast or response recommendation."
corridor:157:kyondo:nebbi-uga,kyondo,nebbi-uga,30,0.020659769873504985,0.05720793178991482,0.04130277503428045,0.11221509230117055,0.01032937561790715,0.2002213518861136,zone-attributed confirmed count 7 for this source zone; visibility-adjustment factor 2.02× reflects under-reporting in source zone; raw risk likely understates true hazard,BDBV-CLAIM-050,derived_model_output_with_unsupported_exponent_attribution,pinned_snapshot_model_output,africa-cdc-phecs-2026-05-18-live; afro-sitrep-01-2026-05-18-live; afro-sitrep-01-pdf-2026-05-18-live; cdc-current-situation-2026-05-21; cdc-current-situation-2026-05-23; cdc-current-situation-2026-05-24; cdc-current-situation-2026-05-25; drc-moh-epidemie-dashboard-sitrep-009-graphql-2026-05-24; drc-moh-epidemie-dashboard-sitrep-mve-n-007-mvb-17-2026-pdf-2026-05-22; ecdc-bdbv-drc-uga-2026-05-19-live; ecdc-bdbv-drc-uga-2026-05-21-live; ecdc-bdbv-drc-uga-2026-05-25-live; ecdc-bdbv-drc-uga-2026-05-26-live; ecdc-bdbv-drc-uga-2026-05-27-live; inrb-sitrep-015-2026-05-29; inrb-sitrep-016-2026-05-30; inrb-sitrep-017-2026-05-31; inrb-sitrep-018-2026-06-01; inrb-sitrep-019-2026-06-02; inrb-sitrep-020-2026-06-03; inrb-sitrep-021-2026-06-04; inrb-sitrep-022-2026-06-05; inrb-sitrep-023-2026-06-06; inrb-sitrep-024-2026-06-07; inrb-sitrep-025-2026-06-08; inrb-sitrep-026-2026-06-09; inrb-sitrep-027-2026-06-10; inrb-sitrep-028-2026-06-11; inrb-sitrep-030-2026-06-13; inrb-sitrep-031-2026-06-14; inrb-sitrep-032-2026-06-15; inrb-sitrep-033-2026-06-16; inrb-sitrep-034-2026-06-17; inrb-sitrep-035-2026-06-18; inrb-sitrep-036-2026-06-19; inrb-sitrep-037-2026-06-20; inrb-sitrep-038-2026-06-21; inrb-sitrep-039-2026-06-22; inrb-sitrep-040-2026-06-23; inrb-sitrep-041-2026-06-24; inrb-sitrep-042-2026-06-25; inrb-sitrep-044-2026-06-27; inrb-sitrep-046-2026-06-29; inrb-sitrep-047-2026-06-30; inrb-sitrep-048-2026-07-01; inrb-sitrep-049-2026-07-02; inrb-sitrep-050-2026-07-03; inrb-sitrep-051-2026-07-04; inrb-sitrep-052-2026-07-05; inrb-sitrep-053-2026-07-06; inrb-sitrep-054-2026-07-07; inrb-sitrep-055-2026-07-08; inrb-sitrep-056-2026-07-09; inrb-sitrep-057-2026-07-10; inrb-sitrep-058-2026-07-11; inrb-sitrep-059-2026-07-12; inrb-umie-ebola-drc-2026-build-2026-05-28-bb8b7d5; inrb-umie-ebola-drc-2026-build-2026-06-01-b4cafc9; uganda-moh-ebola-update-2026-06-06; uganda-moh-ebola-update-2026-06-20; uganda-moh-ebola-update-2026-06-21; who-daily-epi-bdbv-2026-06-08; who-dg-remarks-bdbv-2026-05-20; who-dg-remarks-bdbv-2026-05-22; who-don602-2026-05-15-live; who-don603-2026-05-21-live; who-don606-bdbv-2026-06-08; who-ihr-ec-bdbv-temporary-recommendations-2026-05-22; who-pheic-2026-05-17-live; wikipedia-2026-ituri-epidemic-2026-05-20-live,"Descriptive watch-point interval, not a forecast or response recommendation."
corridor:158:wamba:yei-ssd,wamba,yei-ssd,30,0.020315300886705606,0.05655055475726023,0.04062133334264942,0.11096392273466155,0.008910905476285267,0.2035741865578448,zone-attributed confirmed count 7 for this source zone; visibility-adjustment factor 2.02× reflects under-reporting in source zone; raw risk likely understates true hazard,BDBV-CLAIM-050,derived_model_output_with_unsupported_exponent_attribution,pinned_snapshot_model_output,africa-cdc-phecs-2026-05-18-live; afro-sitrep-01-2026-05-18-live; afro-sitrep-01-pdf-2026-05-18-live; cdc-current-situation-2026-05-21; cdc-current-situation-2026-05-23; cdc-current-situation-2026-05-24; cdc-current-situation-2026-05-25; drc-moh-epidemie-dashboard-sitrep-009-graphql-2026-05-24; drc-moh-epidemie-dashboard-sitrep-mve-n-007-mvb-17-2026-pdf-2026-05-22; ecdc-bdbv-drc-uga-2026-05-19-live; ecdc-bdbv-drc-uga-2026-05-21-live; ecdc-bdbv-drc-uga-2026-05-25-live; ecdc-bdbv-drc-uga-2026-05-26-live; ecdc-bdbv-drc-uga-2026-05-27-live; inrb-sitrep-015-2026-05-29; inrb-sitrep-016-2026-05-30; inrb-sitrep-017-2026-05-31; inrb-sitrep-018-2026-06-01; inrb-sitrep-019-2026-06-02; inrb-sitrep-020-2026-06-03; inrb-sitrep-021-2026-06-04; inrb-sitrep-022-2026-06-05; inrb-sitrep-023-2026-06-06; inrb-sitrep-024-2026-06-07; inrb-sitrep-025-2026-06-08; inrb-sitrep-026-2026-06-09; inrb-sitrep-027-2026-06-10; inrb-sitrep-028-2026-06-11; inrb-sitrep-030-2026-06-13; inrb-sitrep-031-2026-06-14; inrb-sitrep-032-2026-06-15; inrb-sitrep-033-2026-06-16; inrb-sitrep-034-2026-06-17; inrb-sitrep-035-2026-06-18; inrb-sitrep-036-2026-06-19; inrb-sitrep-037-2026-06-20; inrb-sitrep-038-2026-06-21; inrb-sitrep-039-2026-06-22; inrb-sitrep-040-2026-06-23; inrb-sitrep-041-2026-06-24; inrb-sitrep-042-2026-06-25; inrb-sitrep-044-2026-06-27; inrb-sitrep-046-2026-06-29; inrb-sitrep-047-2026-06-30; inrb-sitrep-048-2026-07-01; inrb-sitrep-049-2026-07-02; inrb-sitrep-050-2026-07-03; inrb-sitrep-051-2026-07-04; inrb-sitrep-052-2026-07-05; inrb-sitrep-053-2026-07-06; inrb-sitrep-054-2026-07-07; inrb-sitrep-055-2026-07-08; inrb-sitrep-056-2026-07-09; inrb-sitrep-057-2026-07-10; inrb-sitrep-058-2026-07-11; inrb-sitrep-059-2026-07-12; inrb-umie-ebola-drc-2026-build-2026-05-28-bb8b7d5; inrb-umie-ebola-drc-2026-build-2026-06-01-b4cafc9; uganda-moh-ebola-update-2026-06-06; uganda-moh-ebola-update-2026-06-20; uganda-moh-ebola-update-2026-06-21; who-daily-epi-bdbv-2026-06-08; who-dg-remarks-bdbv-2026-05-20; who-dg-remarks-bdbv-2026-05-22; who-don602-2026-05-15-live; who-don603-2026-05-21-live; who-don606-bdbv-2026-06-08; who-ihr-ec-bdbv-temporary-recommendations-2026-05-22; who-pheic-2026-05-17-live; wikipedia-2026-ituri-epidemic-2026-05-20-live,"Descriptive watch-point interval, not a forecast or response recommendation."
corridor:159:logo:arua-uga,logo,arua-uga,30,0.01919382146258161,0.056284990509355926,0.038401072707089895,0.11045822797679941,0.010352516566002936,0.21503862164710255,zone-attributed confirmed count 7 for this source zone; visibility-adjustment factor 2.02× reflects under-reporting in source zone; raw risk likely understates true hazard,BDBV-CLAIM-050,derived_model_output_with_unsupported_exponent_attribution,pinned_snapshot_model_output,africa-cdc-phecs-2026-05-18-live; afro-sitrep-01-2026-05-18-live; afro-sitrep-01-pdf-2026-05-18-live; cdc-current-situation-2026-05-21; cdc-current-situation-2026-05-23; cdc-current-situation-2026-05-24; cdc-current-situation-2026-05-25; drc-moh-epidemie-dashboard-sitrep-009-graphql-2026-05-24; drc-moh-epidemie-dashboard-sitrep-mve-n-007-mvb-17-2026-pdf-2026-05-22; ecdc-bdbv-drc-uga-2026-05-19-live; ecdc-bdbv-drc-uga-2026-05-21-live; ecdc-bdbv-drc-uga-2026-05-25-live; ecdc-bdbv-drc-uga-2026-05-26-live; ecdc-bdbv-drc-uga-2026-05-27-live; inrb-sitrep-015-2026-05-29; inrb-sitrep-016-2026-05-30; inrb-sitrep-017-2026-05-31; inrb-sitrep-018-2026-06-01; inrb-sitrep-019-2026-06-02; inrb-sitrep-020-2026-06-03; inrb-sitrep-021-2026-06-04; inrb-sitrep-022-2026-06-05; inrb-sitrep-023-2026-06-06; inrb-sitrep-024-2026-06-07; inrb-sitrep-025-2026-06-08; inrb-sitrep-026-2026-06-09; inrb-sitrep-027-2026-06-10; inrb-sitrep-028-2026-06-11; inrb-sitrep-030-2026-06-13; inrb-sitrep-031-2026-06-14; inrb-sitrep-032-2026-06-15; inrb-sitrep-033-2026-06-16; inrb-sitrep-034-2026-06-17; inrb-sitrep-035-2026-06-18; inrb-sitrep-036-2026-06-19; inrb-sitrep-037-2026-06-20; inrb-sitrep-038-2026-06-21; inrb-sitrep-039-2026-06-22; inrb-sitrep-040-2026-06-23; inrb-sitrep-041-2026-06-24; inrb-sitrep-042-2026-06-25; inrb-sitrep-044-2026-06-27; inrb-sitrep-046-2026-06-29; inrb-sitrep-047-2026-06-30; inrb-sitrep-048-2026-07-01; inrb-sitrep-049-2026-07-02; inrb-sitrep-050-2026-07-03; inrb-sitrep-051-2026-07-04; inrb-sitrep-052-2026-07-05; inrb-sitrep-053-2026-07-06; inrb-sitrep-054-2026-07-07; inrb-sitrep-055-2026-07-08; inrb-sitrep-056-2026-07-09; inrb-sitrep-057-2026-07-10; inrb-sitrep-058-2026-07-11; inrb-sitrep-059-2026-07-12; inrb-umie-ebola-drc-2026-build-2026-05-28-bb8b7d5; inrb-umie-ebola-drc-2026-build-2026-06-01-b4cafc9; uganda-moh-ebola-update-2026-06-06; uganda-moh-ebola-update-2026-06-20; uganda-moh-ebola-update-2026-06-21; who-daily-epi-bdbv-2026-06-08; who-dg-remarks-bdbv-2026-05-20; who-dg-remarks-bdbv-2026-05-22; who-don602-2026-05-15-live; who-don603-2026-05-21-live; who-don606-bdbv-2026-06-08; who-ihr-ec-bdbv-temporary-recommendations-2026-05-22; who-pheic-2026-05-17-live; wikipedia-2026-ituri-epidemic-2026-05-20-live,"Descriptive watch-point interval, not a forecast or response recommendation."
corridor:160:kyondo:yei-ssd,kyondo,yei-ssd,30,0.0201276157839258,0.0558606700025423,0.040249943490465984,0.10964992421785077,0.008662913824993823,0.19589763456458134,zone-attributed confirmed count 7 for this source zone; visibility-adjustment factor 2.02× reflects under-reporting in source zone; raw risk likely understates true hazard,BDBV-CLAIM-050,derived_model_output_with_unsupported_exponent_attribution,pinned_snapshot_model_output,africa-cdc-phecs-2026-05-18-live; afro-sitrep-01-2026-05-18-live; afro-sitrep-01-pdf-2026-05-18-live; cdc-current-situation-2026-05-21; cdc-current-situation-2026-05-23; cdc-current-situation-2026-05-24; cdc-current-situation-2026-05-25; drc-moh-epidemie-dashboard-sitrep-009-graphql-2026-05-24; drc-moh-epidemie-dashboard-sitrep-mve-n-007-mvb-17-2026-pdf-2026-05-22; ecdc-bdbv-drc-uga-2026-05-19-live; ecdc-bdbv-drc-uga-2026-05-21-live; ecdc-bdbv-drc-uga-2026-05-25-live; ecdc-bdbv-drc-uga-2026-05-26-live; ecdc-bdbv-drc-uga-2026-05-27-live; inrb-sitrep-015-2026-05-29; inrb-sitrep-016-2026-05-30; inrb-sitrep-017-2026-05-31; inrb-sitrep-018-2026-06-01; inrb-sitrep-019-2026-06-02; inrb-sitrep-020-2026-06-03; inrb-sitrep-021-2026-06-04; inrb-sitrep-022-2026-06-05; inrb-sitrep-023-2026-06-06; inrb-sitrep-024-2026-06-07; inrb-sitrep-025-2026-06-08; inrb-sitrep-026-2026-06-09; inrb-sitrep-027-2026-06-10; inrb-sitrep-028-2026-06-11; inrb-sitrep-030-2026-06-13; inrb-sitrep-031-2026-06-14; inrb-sitrep-032-2026-06-15; inrb-sitrep-033-2026-06-16; inrb-sitrep-034-2026-06-17; inrb-sitrep-035-2026-06-18; inrb-sitrep-036-2026-06-19; inrb-sitrep-037-2026-06-20; inrb-sitrep-038-2026-06-21; inrb-sitrep-039-2026-06-22; inrb-sitrep-040-2026-06-23; inrb-sitrep-041-2026-06-24; inrb-sitrep-042-2026-06-25; inrb-sitrep-044-2026-06-27; inrb-sitrep-046-2026-06-29; inrb-sitrep-047-2026-06-30; inrb-sitrep-048-2026-07-01; inrb-sitrep-049-2026-07-02; inrb-sitrep-050-2026-07-03; inrb-sitrep-051-2026-07-04; inrb-sitrep-052-2026-07-05; inrb-sitrep-053-2026-07-06; inrb-sitrep-054-2026-07-07; inrb-sitrep-055-2026-07-08; inrb-sitrep-056-2026-07-09; inrb-sitrep-057-2026-07-10; inrb-sitrep-058-2026-07-11; inrb-sitrep-059-2026-07-12; inrb-umie-ebola-drc-2026-build-2026-05-28-bb8b7d5; inrb-umie-ebola-drc-2026-build-2026-06-01-b4cafc9; uganda-moh-ebola-update-2026-06-06; uganda-moh-ebola-update-2026-06-20; uganda-moh-ebola-update-2026-06-21; who-daily-epi-bdbv-2026-06-08; who-dg-remarks-bdbv-2026-05-20; who-dg-remarks-bdbv-2026-05-22; who-don602-2026-05-15-live; who-don603-2026-05-21-live; who-don606-bdbv-2026-06-08; who-ihr-ec-bdbv-temporary-recommendations-2026-05-22; who-pheic-2026-05-17-live; wikipedia-2026-ituri-epidemic-2026-05-20-live,"Descriptive watch-point interval, not a forecast or response recommendation."
corridor:161:logo:nebbi-uga,logo,nebbi-uga,30,0.01953989936106268,0.05583521869616692,0.03908649954381399,0.10960124599472498,0.008951052178868634,0.225603514562255,zone-attributed confirmed count 7 for this source zone; visibility-adjustment factor 2.02× reflects under-reporting in source zone; raw risk likely understates true hazard,BDBV-CLAIM-050,derived_model_output_with_unsupported_exponent_attribution,pinned_snapshot_model_output,africa-cdc-phecs-2026-05-18-live; afro-sitrep-01-2026-05-18-live; afro-sitrep-01-pdf-2026-05-18-live; cdc-current-situation-2026-05-21; cdc-current-situation-2026-05-23; cdc-current-situation-2026-05-24; cdc-current-situation-2026-05-25; drc-moh-epidemie-dashboard-sitrep-009-graphql-2026-05-24; drc-moh-epidemie-dashboard-sitrep-mve-n-007-mvb-17-2026-pdf-2026-05-22; ecdc-bdbv-drc-uga-2026-05-19-live; ecdc-bdbv-drc-uga-2026-05-21-live; ecdc-bdbv-drc-uga-2026-05-25-live; ecdc-bdbv-drc-uga-2026-05-26-live; ecdc-bdbv-drc-uga-2026-05-27-live; inrb-sitrep-015-2026-05-29; inrb-sitrep-016-2026-05-30; inrb-sitrep-017-2026-05-31; inrb-sitrep-018-2026-06-01; inrb-sitrep-019-2026-06-02; inrb-sitrep-020-2026-06-03; inrb-sitrep-021-2026-06-04; inrb-sitrep-022-2026-06-05; inrb-sitrep-023-2026-06-06; inrb-sitrep-024-2026-06-07; inrb-sitrep-025-2026-06-08; inrb-sitrep-026-2026-06-09; inrb-sitrep-027-2026-06-10; inrb-sitrep-028-2026-06-11; inrb-sitrep-030-2026-06-13; inrb-sitrep-031-2026-06-14; inrb-sitrep-032-2026-06-15; inrb-sitrep-033-2026-06-16; inrb-sitrep-034-2026-06-17; inrb-sitrep-035-2026-06-18; inrb-sitrep-036-2026-06-19; inrb-sitrep-037-2026-06-20; inrb-sitrep-038-2026-06-21; inrb-sitrep-039-2026-06-22; inrb-sitrep-040-2026-06-23; inrb-sitrep-041-2026-06-24; inrb-sitrep-042-2026-06-25; inrb-sitrep-044-2026-06-27; inrb-sitrep-046-2026-06-29; inrb-sitrep-047-2026-06-30; inrb-sitrep-048-2026-07-01; inrb-sitrep-049-2026-07-02; inrb-sitrep-050-2026-07-03; inrb-sitrep-051-2026-07-04; inrb-sitrep-052-2026-07-05; inrb-sitrep-053-2026-07-06; inrb-sitrep-054-2026-07-07; inrb-sitrep-055-2026-07-08; inrb-sitrep-056-2026-07-09; inrb-sitrep-057-2026-07-10; inrb-sitrep-058-2026-07-11; inrb-sitrep-059-2026-07-12; inrb-umie-ebola-drc-2026-build-2026-05-28-bb8b7d5; inrb-umie-ebola-drc-2026-build-2026-06-01-b4cafc9; uganda-moh-ebola-update-2026-06-06; uganda-moh-ebola-update-2026-06-20; uganda-moh-ebola-update-2026-06-21; who-daily-epi-bdbv-2026-06-08; who-dg-remarks-bdbv-2026-05-20; who-dg-remarks-bdbv-2026-05-22; who-don602-2026-05-15-live; who-don603-2026-05-21-live; who-don606-bdbv-2026-06-08; who-ihr-ec-bdbv-temporary-recommendations-2026-05-22; who-pheic-2026-05-17-live; wikipedia-2026-ituri-epidemic-2026-05-20-live,"Descriptive watch-point interval, not a forecast or response recommendation."
corridor:162:logo:yei-ssd,logo,yei-ssd,30,0.020530063693216,0.05561023469566362,0.04104621026305891,0.10917267373868977,0.00970404100815605,0.20586215302006908,zone-attributed confirmed count 7 for this source zone; visibility-adjustment factor 2.02× reflects under-reporting in source zone; raw risk likely understates true hazard,BDBV-CLAIM-050,derived_model_output_with_unsupported_exponent_attribution,pinned_snapshot_model_output,africa-cdc-phecs-2026-05-18-live; afro-sitrep-01-2026-05-18-live; afro-sitrep-01-pdf-2026-05-18-live; cdc-current-situation-2026-05-21; cdc-current-situation-2026-05-23; cdc-current-situation-2026-05-24; cdc-current-situation-2026-05-25; drc-moh-epidemie-dashboard-sitrep-009-graphql-2026-05-24; drc-moh-epidemie-dashboard-sitrep-mve-n-007-mvb-17-2026-pdf-2026-05-22; ecdc-bdbv-drc-uga-2026-05-19-live; ecdc-bdbv-drc-uga-2026-05-21-live; ecdc-bdbv-drc-uga-2026-05-25-live; ecdc-bdbv-drc-uga-2026-05-26-live; ecdc-bdbv-drc-uga-2026-05-27-live; inrb-sitrep-015-2026-05-29; inrb-sitrep-016-2026-05-30; inrb-sitrep-017-2026-05-31; inrb-sitrep-018-2026-06-01; inrb-sitrep-019-2026-06-02; inrb-sitrep-020-2026-06-03; inrb-sitrep-021-2026-06-04; inrb-sitrep-022-2026-06-05; inrb-sitrep-023-2026-06-06; inrb-sitrep-024-2026-06-07; inrb-sitrep-025-2026-06-08; inrb-sitrep-026-2026-06-09; inrb-sitrep-027-2026-06-10; inrb-sitrep-028-2026-06-11; inrb-sitrep-030-2026-06-13; inrb-sitrep-031-2026-06-14; inrb-sitrep-032-2026-06-15; inrb-sitrep-033-2026-06-16; inrb-sitrep-034-2026-06-17; inrb-sitrep-035-2026-06-18; inrb-sitrep-036-2026-06-19; inrb-sitrep-037-2026-06-20; inrb-sitrep-038-2026-06-21; inrb-sitrep-039-2026-06-22; inrb-sitrep-040-2026-06-23; inrb-sitrep-041-2026-06-24; inrb-sitrep-042-2026-06-25; inrb-sitrep-044-2026-06-27; inrb-sitrep-046-2026-06-29; inrb-sitrep-047-2026-06-30; inrb-sitrep-048-2026-07-01; inrb-sitrep-049-2026-07-02; inrb-sitrep-050-2026-07-03; inrb-sitrep-051-2026-07-04; inrb-sitrep-052-2026-07-05; inrb-sitrep-053-2026-07-06; inrb-sitrep-054-2026-07-07; inrb-sitrep-055-2026-07-08; inrb-sitrep-056-2026-07-09; inrb-sitrep-057-2026-07-10; inrb-sitrep-058-2026-07-11; inrb-sitrep-059-2026-07-12; inrb-umie-ebola-drc-2026-build-2026-05-28-bb8b7d5; inrb-umie-ebola-drc-2026-build-2026-06-01-b4cafc9; uganda-moh-ebola-update-2026-06-06; uganda-moh-ebola-update-2026-06-20; uganda-moh-ebola-update-2026-06-21; who-daily-epi-bdbv-2026-06-08; who-dg-remarks-bdbv-2026-05-20; who-dg-remarks-bdbv-2026-05-22; who-don602-2026-05-15-live; who-don603-2026-05-21-live; who-don606-bdbv-2026-06-08; who-ihr-ec-bdbv-temporary-recommendations-2026-05-22; who-pheic-2026-05-17-live; wikipedia-2026-ituri-epidemic-2026-05-20-live,"Descriptive watch-point interval, not a forecast or response recommendation."
corridor:163:wamba:kampala-uga,wamba,kampala-uga,30,0.02034874867310102,0.0555806053130653,0.04068751321761668,0.1091162129908225,0.009645532892127962,0.21759500885734684,zone-attributed confirmed count 7 for this source zone; visibility-adjustment factor 2.02× reflects under-reporting in source zone; raw risk likely understates true hazard,BDBV-CLAIM-050,derived_model_output_with_unsupported_exponent_attribution,pinned_snapshot_model_output,africa-cdc-phecs-2026-05-18-live; afro-sitrep-01-2026-05-18-live; afro-sitrep-01-pdf-2026-05-18-live; cdc-current-situation-2026-05-21; cdc-current-situation-2026-05-23; cdc-current-situation-2026-05-24; cdc-current-situation-2026-05-25; drc-moh-epidemie-dashboard-sitrep-009-graphql-2026-05-24; drc-moh-epidemie-dashboard-sitrep-mve-n-007-mvb-17-2026-pdf-2026-05-22; ecdc-bdbv-drc-uga-2026-05-19-live; ecdc-bdbv-drc-uga-2026-05-21-live; ecdc-bdbv-drc-uga-2026-05-25-live; ecdc-bdbv-drc-uga-2026-05-26-live; ecdc-bdbv-drc-uga-2026-05-27-live; inrb-sitrep-015-2026-05-29; inrb-sitrep-016-2026-05-30; inrb-sitrep-017-2026-05-31; inrb-sitrep-018-2026-06-01; inrb-sitrep-019-2026-06-02; inrb-sitrep-020-2026-06-03; inrb-sitrep-021-2026-06-04; inrb-sitrep-022-2026-06-05; inrb-sitrep-023-2026-06-06; inrb-sitrep-024-2026-06-07; inrb-sitrep-025-2026-06-08; inrb-sitrep-026-2026-06-09; inrb-sitrep-027-2026-06-10; inrb-sitrep-028-2026-06-11; inrb-sitrep-030-2026-06-13; inrb-sitrep-031-2026-06-14; inrb-sitrep-032-2026-06-15; inrb-sitrep-033-2026-06-16; inrb-sitrep-034-2026-06-17; inrb-sitrep-035-2026-06-18; inrb-sitrep-036-2026-06-19; inrb-sitrep-037-2026-06-20; inrb-sitrep-038-2026-06-21; inrb-sitrep-039-2026-06-22; inrb-sitrep-040-2026-06-23; inrb-sitrep-041-2026-06-24; inrb-sitrep-042-2026-06-25; inrb-sitrep-044-2026-06-27; inrb-sitrep-046-2026-06-29; inrb-sitrep-047-2026-06-30; inrb-sitrep-048-2026-07-01; inrb-sitrep-049-2026-07-02; inrb-sitrep-050-2026-07-03; inrb-sitrep-051-2026-07-04; inrb-sitrep-052-2026-07-05; inrb-sitrep-053-2026-07-06; inrb-sitrep-054-2026-07-07; inrb-sitrep-055-2026-07-08; inrb-sitrep-056-2026-07-09; inrb-sitrep-057-2026-07-10; inrb-sitrep-058-2026-07-11; inrb-sitrep-059-2026-07-12; inrb-umie-ebola-drc-2026-build-2026-05-28-bb8b7d5; inrb-umie-ebola-drc-2026-build-2026-06-01-b4cafc9; uganda-moh-ebola-update-2026-06-06; uganda-moh-ebola-update-2026-06-20; uganda-moh-ebola-update-2026-06-21; who-daily-epi-bdbv-2026-06-08; who-dg-remarks-bdbv-2026-05-20; who-dg-remarks-bdbv-2026-05-22; who-don602-2026-05-15-live; who-don603-2026-05-21-live; who-don606-bdbv-2026-06-08; who-ihr-ec-bdbv-temporary-recommendations-2026-05-22; who-pheic-2026-05-17-live; wikipedia-2026-ituri-epidemic-2026-05-20-live,"Descriptive watch-point interval, not a forecast or response recommendation."
corridor:164:logo:bundibugyo-uga,logo,bundibugyo-uga,30,0.02028370787456732,0.055545812497235864,0.04055882381942025,0.10904989932104162,0.010525597451634663,0.2060827215401695,zone-attributed confirmed count 7 for this source zone; visibility-adjustment factor 2.02× reflects under-reporting in source zone; raw risk likely understates true hazard,BDBV-CLAIM-050,derived_model_output_with_unsupported_exponent_attribution,pinned_snapshot_model_output,africa-cdc-phecs-2026-05-18-live; afro-sitrep-01-2026-05-18-live; afro-sitrep-01-pdf-2026-05-18-live; cdc-current-situation-2026-05-21; cdc-current-situation-2026-05-23; cdc-current-situation-2026-05-24; cdc-current-situation-2026-05-25; drc-moh-epidemie-dashboard-sitrep-009-graphql-2026-05-24; drc-moh-epidemie-dashboard-sitrep-mve-n-007-mvb-17-2026-pdf-2026-05-22; ecdc-bdbv-drc-uga-2026-05-19-live; ecdc-bdbv-drc-uga-2026-05-21-live; ecdc-bdbv-drc-uga-2026-05-25-live; ecdc-bdbv-drc-uga-2026-05-26-live; ecdc-bdbv-drc-uga-2026-05-27-live; inrb-sitrep-015-2026-05-29; inrb-sitrep-016-2026-05-30; inrb-sitrep-017-2026-05-31; inrb-sitrep-018-2026-06-01; inrb-sitrep-019-2026-06-02; inrb-sitrep-020-2026-06-03; inrb-sitrep-021-2026-06-04; inrb-sitrep-022-2026-06-05; inrb-sitrep-023-2026-06-06; inrb-sitrep-024-2026-06-07; inrb-sitrep-025-2026-06-08; inrb-sitrep-026-2026-06-09; inrb-sitrep-027-2026-06-10; inrb-sitrep-028-2026-06-11; inrb-sitrep-030-2026-06-13; inrb-sitrep-031-2026-06-14; inrb-sitrep-032-2026-06-15; inrb-sitrep-033-2026-06-16; inrb-sitrep-034-2026-06-17; inrb-sitrep-035-2026-06-18; inrb-sitrep-036-2026-06-19; inrb-sitrep-037-2026-06-20; inrb-sitrep-038-2026-06-21; inrb-sitrep-039-2026-06-22; inrb-sitrep-040-2026-06-23; inrb-sitrep-041-2026-06-24; inrb-sitrep-042-2026-06-25; inrb-sitrep-044-2026-06-27; inrb-sitrep-046-2026-06-29; inrb-sitrep-047-2026-06-30; inrb-sitrep-048-2026-07-01; inrb-sitrep-049-2026-07-02; inrb-sitrep-050-2026-07-03; inrb-sitrep-051-2026-07-04; inrb-sitrep-052-2026-07-05; inrb-sitrep-053-2026-07-06; inrb-sitrep-054-2026-07-07; inrb-sitrep-055-2026-07-08; inrb-sitrep-056-2026-07-09; inrb-sitrep-057-2026-07-10; inrb-sitrep-058-2026-07-11; inrb-sitrep-059-2026-07-12; inrb-umie-ebola-drc-2026-build-2026-05-28-bb8b7d5; inrb-umie-ebola-drc-2026-build-2026-06-01-b4cafc9; uganda-moh-ebola-update-2026-06-06; uganda-moh-ebola-update-2026-06-20; uganda-moh-ebola-update-2026-06-21; who-daily-epi-bdbv-2026-06-08; who-dg-remarks-bdbv-2026-05-20; who-dg-remarks-bdbv-2026-05-22; who-don602-2026-05-15-live; who-don603-2026-05-21-live; who-don606-bdbv-2026-06-08; who-ihr-ec-bdbv-temporary-recommendations-2026-05-22; who-pheic-2026-05-17-live; wikipedia-2026-ituri-epidemic-2026-05-20-live,"Descriptive watch-point interval, not a forecast or response recommendation."
corridor:165:kyondo:kampala-uga,kyondo,kampala-uga,30,0.01861056678152001,0.05544566936797243,0.03724534181468672,0.1088590096614081,0.009667519370119535,0.21262183068027202,zone-attributed confirmed count 7 for this source zone; visibility-adjustment factor 2.02× reflects under-reporting in source zone; raw risk likely understates true hazard,BDBV-CLAIM-050,derived_model_output_with_unsupported_exponent_attribution,pinned_snapshot_model_output,africa-cdc-phecs-2026-05-18-live; afro-sitrep-01-2026-05-18-live; afro-sitrep-01-pdf-2026-05-18-live; cdc-current-situation-2026-05-21; cdc-current-situation-2026-05-23; cdc-current-situation-2026-05-24; cdc-current-situation-2026-05-25; drc-moh-epidemie-dashboard-sitrep-009-graphql-2026-05-24; drc-moh-epidemie-dashboard-sitrep-mve-n-007-mvb-17-2026-pdf-2026-05-22; ecdc-bdbv-drc-uga-2026-05-19-live; ecdc-bdbv-drc-uga-2026-05-21-live; ecdc-bdbv-drc-uga-2026-05-25-live; ecdc-bdbv-drc-uga-2026-05-26-live; ecdc-bdbv-drc-uga-2026-05-27-live; inrb-sitrep-015-2026-05-29; inrb-sitrep-016-2026-05-30; inrb-sitrep-017-2026-05-31; inrb-sitrep-018-2026-06-01; inrb-sitrep-019-2026-06-02; inrb-sitrep-020-2026-06-03; inrb-sitrep-021-2026-06-04; inrb-sitrep-022-2026-06-05; inrb-sitrep-023-2026-06-06; inrb-sitrep-024-2026-06-07; inrb-sitrep-025-2026-06-08; inrb-sitrep-026-2026-06-09; inrb-sitrep-027-2026-06-10; inrb-sitrep-028-2026-06-11; inrb-sitrep-030-2026-06-13; inrb-sitrep-031-2026-06-14; inrb-sitrep-032-2026-06-15; inrb-sitrep-033-2026-06-16; inrb-sitrep-034-2026-06-17; inrb-sitrep-035-2026-06-18; inrb-sitrep-036-2026-06-19; inrb-sitrep-037-2026-06-20; inrb-sitrep-038-2026-06-21; inrb-sitrep-039-2026-06-22; inrb-sitrep-040-2026-06-23; inrb-sitrep-041-2026-06-24; inrb-sitrep-042-2026-06-25; inrb-sitrep-044-2026-06-27; inrb-sitrep-046-2026-06-29; inrb-sitrep-047-2026-06-30; inrb-sitrep-048-2026-07-01; inrb-sitrep-049-2026-07-02; inrb-sitrep-050-2026-07-03; inrb-sitrep-051-2026-07-04; inrb-sitrep-052-2026-07-05; inrb-sitrep-053-2026-07-06; inrb-sitrep-054-2026-07-07; inrb-sitrep-055-2026-07-08; inrb-sitrep-056-2026-07-09; inrb-sitrep-057-2026-07-10; inrb-sitrep-058-2026-07-11; inrb-sitrep-059-2026-07-12; inrb-umie-ebola-drc-2026-build-2026-05-28-bb8b7d5; inrb-umie-ebola-drc-2026-build-2026-06-01-b4cafc9; uganda-moh-ebola-update-2026-06-06; uganda-moh-ebola-update-2026-06-20; uganda-moh-ebola-update-2026-06-21; who-daily-epi-bdbv-2026-06-08; who-dg-remarks-bdbv-2026-05-20; who-dg-remarks-bdbv-2026-05-22; who-don602-2026-05-15-live; who-don603-2026-05-21-live; who-don606-bdbv-2026-06-08; who-ihr-ec-bdbv-temporary-recommendations-2026-05-22; who-pheic-2026-05-17-live; wikipedia-2026-ituri-epidemic-2026-05-20-live,"Descriptive watch-point interval, not a forecast or response recommendation."
corridor:166:kyondo:kisangani-cod,kyondo,kisangani-cod,30,0.018879846542316225,0.05514945629536175,0.03777901080478524,0.10829427363742977,0.011217232357796942,0.20574206686021507,zone-attributed confirmed count 7 for this source zone; visibility-adjustment factor 2.02× reflects under-reporting in source zone; raw risk likely understates true hazard,BDBV-CLAIM-050,derived_model_output_with_unsupported_exponent_attribution,pinned_snapshot_model_output,africa-cdc-phecs-2026-05-18-live; afro-sitrep-01-2026-05-18-live; afro-sitrep-01-pdf-2026-05-18-live; cdc-current-situation-2026-05-21; cdc-current-situation-2026-05-23; cdc-current-situation-2026-05-24; cdc-current-situation-2026-05-25; drc-moh-epidemie-dashboard-sitrep-009-graphql-2026-05-24; drc-moh-epidemie-dashboard-sitrep-mve-n-007-mvb-17-2026-pdf-2026-05-22; ecdc-bdbv-drc-uga-2026-05-19-live; ecdc-bdbv-drc-uga-2026-05-21-live; ecdc-bdbv-drc-uga-2026-05-25-live; ecdc-bdbv-drc-uga-2026-05-26-live; ecdc-bdbv-drc-uga-2026-05-27-live; inrb-sitrep-015-2026-05-29; inrb-sitrep-016-2026-05-30; inrb-sitrep-017-2026-05-31; inrb-sitrep-018-2026-06-01; inrb-sitrep-019-2026-06-02; inrb-sitrep-020-2026-06-03; inrb-sitrep-021-2026-06-04; inrb-sitrep-022-2026-06-05; inrb-sitrep-023-2026-06-06; inrb-sitrep-024-2026-06-07; inrb-sitrep-025-2026-06-08; inrb-sitrep-026-2026-06-09; inrb-sitrep-027-2026-06-10; inrb-sitrep-028-2026-06-11; inrb-sitrep-030-2026-06-13; inrb-sitrep-031-2026-06-14; inrb-sitrep-032-2026-06-15; inrb-sitrep-033-2026-06-16; inrb-sitrep-034-2026-06-17; inrb-sitrep-035-2026-06-18; inrb-sitrep-036-2026-06-19; inrb-sitrep-037-2026-06-20; inrb-sitrep-038-2026-06-21; inrb-sitrep-039-2026-06-22; inrb-sitrep-040-2026-06-23; inrb-sitrep-041-2026-06-24; inrb-sitrep-042-2026-06-25; inrb-sitrep-044-2026-06-27; inrb-sitrep-046-2026-06-29; inrb-sitrep-047-2026-06-30; inrb-sitrep-048-2026-07-01; inrb-sitrep-049-2026-07-02; inrb-sitrep-050-2026-07-03; inrb-sitrep-051-2026-07-04; inrb-sitrep-052-2026-07-05; inrb-sitrep-053-2026-07-06; inrb-sitrep-054-2026-07-07; inrb-sitrep-055-2026-07-08; inrb-sitrep-056-2026-07-09; inrb-sitrep-057-2026-07-10; inrb-sitrep-058-2026-07-11; inrb-sitrep-059-2026-07-12; inrb-umie-ebola-drc-2026-build-2026-05-28-bb8b7d5; inrb-umie-ebola-drc-2026-build-2026-06-01-b4cafc9; uganda-moh-ebola-update-2026-06-06; uganda-moh-ebola-update-2026-06-20; uganda-moh-ebola-update-2026-06-21; who-daily-epi-bdbv-2026-06-08; who-dg-remarks-bdbv-2026-05-20; who-dg-remarks-bdbv-2026-05-22; who-don602-2026-05-15-live; who-don603-2026-05-21-live; who-don606-bdbv-2026-06-08; who-ihr-ec-bdbv-temporary-recommendations-2026-05-22; who-pheic-2026-05-17-live; wikipedia-2026-ituri-epidemic-2026-05-20-live,"Descriptive watch-point interval, not a forecast or response recommendation."
corridor:167:logo:goma-cod,logo,goma-cod,30,0.020833701599408117,0.054558795319850445,0.04164676251122024,0.1071676202541143,0.010810567981491515,0.21531861972843686,zone-attributed confirmed count 7 for this source zone; visibility-adjustment factor 2.02× reflects under-reporting in source zone; raw risk likely understates true hazard,BDBV-CLAIM-050,derived_model_output_with_unsupported_exponent_attribution,pinned_snapshot_model_output,africa-cdc-phecs-2026-05-18-live; afro-sitrep-01-2026-05-18-live; afro-sitrep-01-pdf-2026-05-18-live; cdc-current-situation-2026-05-21; cdc-current-situation-2026-05-23; cdc-current-situation-2026-05-24; cdc-current-situation-2026-05-25; drc-moh-epidemie-dashboard-sitrep-009-graphql-2026-05-24; drc-moh-epidemie-dashboard-sitrep-mve-n-007-mvb-17-2026-pdf-2026-05-22; ecdc-bdbv-drc-uga-2026-05-19-live; ecdc-bdbv-drc-uga-2026-05-21-live; ecdc-bdbv-drc-uga-2026-05-25-live; ecdc-bdbv-drc-uga-2026-05-26-live; ecdc-bdbv-drc-uga-2026-05-27-live; inrb-sitrep-015-2026-05-29; inrb-sitrep-016-2026-05-30; inrb-sitrep-017-2026-05-31; inrb-sitrep-018-2026-06-01; inrb-sitrep-019-2026-06-02; inrb-sitrep-020-2026-06-03; inrb-sitrep-021-2026-06-04; inrb-sitrep-022-2026-06-05; inrb-sitrep-023-2026-06-06; inrb-sitrep-024-2026-06-07; inrb-sitrep-025-2026-06-08; inrb-sitrep-026-2026-06-09; inrb-sitrep-027-2026-06-10; inrb-sitrep-028-2026-06-11; inrb-sitrep-030-2026-06-13; inrb-sitrep-031-2026-06-14; inrb-sitrep-032-2026-06-15; inrb-sitrep-033-2026-06-16; inrb-sitrep-034-2026-06-17; inrb-sitrep-035-2026-06-18; inrb-sitrep-036-2026-06-19; inrb-sitrep-037-2026-06-20; inrb-sitrep-038-2026-06-21; inrb-sitrep-039-2026-06-22; inrb-sitrep-040-2026-06-23; inrb-sitrep-041-2026-06-24; inrb-sitrep-042-2026-06-25; inrb-sitrep-044-2026-06-27; inrb-sitrep-046-2026-06-29; inrb-sitrep-047-2026-06-30; inrb-sitrep-048-2026-07-01; inrb-sitrep-049-2026-07-02; inrb-sitrep-050-2026-07-03; inrb-sitrep-051-2026-07-04; inrb-sitrep-052-2026-07-05; inrb-sitrep-053-2026-07-06; inrb-sitrep-054-2026-07-07; inrb-sitrep-055-2026-07-08; inrb-sitrep-056-2026-07-09; inrb-sitrep-057-2026-07-10; inrb-sitrep-058-2026-07-11; inrb-sitrep-059-2026-07-12; inrb-umie-ebola-drc-2026-build-2026-05-28-bb8b7d5; inrb-umie-ebola-drc-2026-build-2026-06-01-b4cafc9; uganda-moh-ebola-update-2026-06-06; uganda-moh-ebola-update-2026-06-20; uganda-moh-ebola-update-2026-06-21; who-daily-epi-bdbv-2026-06-08; who-dg-remarks-bdbv-2026-05-20; who-dg-remarks-bdbv-2026-05-22; who-don602-2026-05-15-live; who-don603-2026-05-21-live; who-don606-bdbv-2026-06-08; who-ihr-ec-bdbv-temporary-recommendations-2026-05-22; who-pheic-2026-05-17-live; wikipedia-2026-ituri-epidemic-2026-05-20-live,"Descriptive watch-point interval, not a forecast or response recommendation."
corridor:168:logo:kisangani-cod,logo,kisangani-cod,30,0.01900905961266991,0.05435859008915392,0.03803503856500992,0.10678557487399365,0.012859046179274778,0.2126807027815494,zone-attributed confirmed count 7 for this source zone; visibility-adjustment factor 2.02× reflects under-reporting in source zone; raw risk likely understates true hazard,BDBV-CLAIM-050,derived_model_output_with_unsupported_exponent_attribution,pinned_snapshot_model_output,africa-cdc-phecs-2026-05-18-live; afro-sitrep-01-2026-05-18-live; afro-sitrep-01-pdf-2026-05-18-live; cdc-current-situation-2026-05-21; cdc-current-situation-2026-05-23; cdc-current-situation-2026-05-24; cdc-current-situation-2026-05-25; drc-moh-epidemie-dashboard-sitrep-009-graphql-2026-05-24; drc-moh-epidemie-dashboard-sitrep-mve-n-007-mvb-17-2026-pdf-2026-05-22; ecdc-bdbv-drc-uga-2026-05-19-live; ecdc-bdbv-drc-uga-2026-05-21-live; ecdc-bdbv-drc-uga-2026-05-25-live; ecdc-bdbv-drc-uga-2026-05-26-live; ecdc-bdbv-drc-uga-2026-05-27-live; inrb-sitrep-015-2026-05-29; inrb-sitrep-016-2026-05-30; inrb-sitrep-017-2026-05-31; inrb-sitrep-018-2026-06-01; inrb-sitrep-019-2026-06-02; inrb-sitrep-020-2026-06-03; inrb-sitrep-021-2026-06-04; inrb-sitrep-022-2026-06-05; inrb-sitrep-023-2026-06-06; inrb-sitrep-024-2026-06-07; inrb-sitrep-025-2026-06-08; inrb-sitrep-026-2026-06-09; inrb-sitrep-027-2026-06-10; inrb-sitrep-028-2026-06-11; inrb-sitrep-030-2026-06-13; inrb-sitrep-031-2026-06-14; inrb-sitrep-032-2026-06-15; inrb-sitrep-033-2026-06-16; inrb-sitrep-034-2026-06-17; inrb-sitrep-035-2026-06-18; inrb-sitrep-036-2026-06-19; inrb-sitrep-037-2026-06-20; inrb-sitrep-038-2026-06-21; inrb-sitrep-039-2026-06-22; inrb-sitrep-040-2026-06-23; inrb-sitrep-041-2026-06-24; inrb-sitrep-042-2026-06-25; inrb-sitrep-044-2026-06-27; inrb-sitrep-046-2026-06-29; inrb-sitrep-047-2026-06-30; inrb-sitrep-048-2026-07-01; inrb-sitrep-049-2026-07-02; inrb-sitrep-050-2026-07-03; inrb-sitrep-051-2026-07-04; inrb-sitrep-052-2026-07-05; inrb-sitrep-053-2026-07-06; inrb-sitrep-054-2026-07-07; inrb-sitrep-055-2026-07-08; inrb-sitrep-056-2026-07-09; inrb-sitrep-057-2026-07-10; inrb-sitrep-058-2026-07-11; inrb-sitrep-059-2026-07-12; inrb-umie-ebola-drc-2026-build-2026-05-28-bb8b7d5; inrb-umie-ebola-drc-2026-build-2026-06-01-b4cafc9; uganda-moh-ebola-update-2026-06-06; uganda-moh-ebola-update-2026-06-20; uganda-moh-ebola-update-2026-06-21; who-daily-epi-bdbv-2026-06-08; who-dg-remarks-bdbv-2026-05-20; who-dg-remarks-bdbv-2026-05-22; who-don602-2026-05-15-live; who-don603-2026-05-21-live; who-don606-bdbv-2026-06-08; who-ihr-ec-bdbv-temporary-recommendations-2026-05-22; who-pheic-2026-05-17-live; wikipedia-2026-ituri-epidemic-2026-05-20-live,"Descriptive watch-point interval, not a forecast or response recommendation."
corridor:169:logo:kasese-uga,logo,kasese-uga,30,0.018319722863880922,0.05415551238632946,0.036668759847027554,0.10639796686607325,0.007947052739015246,0.202343637510057,zone-attributed confirmed count 7 for this source zone; visibility-adjustment factor 2.02× reflects under-reporting in source zone; raw risk likely understates true hazard,BDBV-CLAIM-050,derived_model_output_with_unsupported_exponent_attribution,pinned_snapshot_model_output,africa-cdc-phecs-2026-05-18-live; afro-sitrep-01-2026-05-18-live; afro-sitrep-01-pdf-2026-05-18-live; cdc-current-situation-2026-05-21; cdc-current-situation-2026-05-23; cdc-current-situation-2026-05-24; cdc-current-situation-2026-05-25; drc-moh-epidemie-dashboard-sitrep-009-graphql-2026-05-24; drc-moh-epidemie-dashboard-sitrep-mve-n-007-mvb-17-2026-pdf-2026-05-22; ecdc-bdbv-drc-uga-2026-05-19-live; ecdc-bdbv-drc-uga-2026-05-21-live; ecdc-bdbv-drc-uga-2026-05-25-live; ecdc-bdbv-drc-uga-2026-05-26-live; ecdc-bdbv-drc-uga-2026-05-27-live; inrb-sitrep-015-2026-05-29; inrb-sitrep-016-2026-05-30; inrb-sitrep-017-2026-05-31; inrb-sitrep-018-2026-06-01; inrb-sitrep-019-2026-06-02; inrb-sitrep-020-2026-06-03; inrb-sitrep-021-2026-06-04; inrb-sitrep-022-2026-06-05; inrb-sitrep-023-2026-06-06; inrb-sitrep-024-2026-06-07; inrb-sitrep-025-2026-06-08; inrb-sitrep-026-2026-06-09; inrb-sitrep-027-2026-06-10; inrb-sitrep-028-2026-06-11; inrb-sitrep-030-2026-06-13; inrb-sitrep-031-2026-06-14; inrb-sitrep-032-2026-06-15; inrb-sitrep-033-2026-06-16; inrb-sitrep-034-2026-06-17; inrb-sitrep-035-2026-06-18; inrb-sitrep-036-2026-06-19; inrb-sitrep-037-2026-06-20; inrb-sitrep-038-2026-06-21; inrb-sitrep-039-2026-06-22; inrb-sitrep-040-2026-06-23; inrb-sitrep-041-2026-06-24; inrb-sitrep-042-2026-06-25; inrb-sitrep-044-2026-06-27; inrb-sitrep-046-2026-06-29; inrb-sitrep-047-2026-06-30; inrb-sitrep-048-2026-07-01; inrb-sitrep-049-2026-07-02; inrb-sitrep-050-2026-07-03; inrb-sitrep-051-2026-07-04; inrb-sitrep-052-2026-07-05; inrb-sitrep-053-2026-07-06; inrb-sitrep-054-2026-07-07; inrb-sitrep-055-2026-07-08; inrb-sitrep-056-2026-07-09; inrb-sitrep-057-2026-07-10; inrb-sitrep-058-2026-07-11; inrb-sitrep-059-2026-07-12; inrb-umie-ebola-drc-2026-build-2026-05-28-bb8b7d5; inrb-umie-ebola-drc-2026-build-2026-06-01-b4cafc9; uganda-moh-ebola-update-2026-06-06; uganda-moh-ebola-update-2026-06-20; uganda-moh-ebola-update-2026-06-21; who-daily-epi-bdbv-2026-06-08; who-dg-remarks-bdbv-2026-05-20; who-dg-remarks-bdbv-2026-05-22; who-don602-2026-05-15-live; who-don603-2026-05-21-live; who-don606-bdbv-2026-06-08; who-ihr-ec-bdbv-temporary-recommendations-2026-05-22; who-pheic-2026-05-17-live; wikipedia-2026-ituri-epidemic-2026-05-20-live,"Descriptive watch-point interval, not a forecast or response recommendation."
corridor:170:wamba:kasese-uga,wamba,kasese-uga,30,0.02079157792761649,0.054044157061345494,0.0415634646642129,0.10618538418503581,0.010996303283412235,0.21029611457541833,zone-attributed confirmed count 7 for this source zone; visibility-adjustment factor 2.02× reflects under-reporting in source zone; raw risk likely understates true hazard,BDBV-CLAIM-050,derived_model_output_with_unsupported_exponent_attribution,pinned_snapshot_model_output,africa-cdc-phecs-2026-05-18-live; afro-sitrep-01-2026-05-18-live; afro-sitrep-01-pdf-2026-05-18-live; cdc-current-situation-2026-05-21; cdc-current-situation-2026-05-23; cdc-current-situation-2026-05-24; cdc-current-situation-2026-05-25; drc-moh-epidemie-dashboard-sitrep-009-graphql-2026-05-24; drc-moh-epidemie-dashboard-sitrep-mve-n-007-mvb-17-2026-pdf-2026-05-22; ecdc-bdbv-drc-uga-2026-05-19-live; ecdc-bdbv-drc-uga-2026-05-21-live; ecdc-bdbv-drc-uga-2026-05-25-live; ecdc-bdbv-drc-uga-2026-05-26-live; ecdc-bdbv-drc-uga-2026-05-27-live; inrb-sitrep-015-2026-05-29; inrb-sitrep-016-2026-05-30; inrb-sitrep-017-2026-05-31; inrb-sitrep-018-2026-06-01; inrb-sitrep-019-2026-06-02; inrb-sitrep-020-2026-06-03; inrb-sitrep-021-2026-06-04; inrb-sitrep-022-2026-06-05; inrb-sitrep-023-2026-06-06; inrb-sitrep-024-2026-06-07; inrb-sitrep-025-2026-06-08; inrb-sitrep-026-2026-06-09; inrb-sitrep-027-2026-06-10; inrb-sitrep-028-2026-06-11; inrb-sitrep-030-2026-06-13; inrb-sitrep-031-2026-06-14; inrb-sitrep-032-2026-06-15; inrb-sitrep-033-2026-06-16; inrb-sitrep-034-2026-06-17; inrb-sitrep-035-2026-06-18; inrb-sitrep-036-2026-06-19; inrb-sitrep-037-2026-06-20; inrb-sitrep-038-2026-06-21; inrb-sitrep-039-2026-06-22; inrb-sitrep-040-2026-06-23; inrb-sitrep-041-2026-06-24; inrb-sitrep-042-2026-06-25; inrb-sitrep-044-2026-06-27; inrb-sitrep-046-2026-06-29; inrb-sitrep-047-2026-06-30; inrb-sitrep-048-2026-07-01; inrb-sitrep-049-2026-07-02; inrb-sitrep-050-2026-07-03; inrb-sitrep-051-2026-07-04; inrb-sitrep-052-2026-07-05; inrb-sitrep-053-2026-07-06; inrb-sitrep-054-2026-07-07; inrb-sitrep-055-2026-07-08; inrb-sitrep-056-2026-07-09; inrb-sitrep-057-2026-07-10; inrb-sitrep-058-2026-07-11; inrb-sitrep-059-2026-07-12; inrb-umie-ebola-drc-2026-build-2026-05-28-bb8b7d5; inrb-umie-ebola-drc-2026-build-2026-06-01-b4cafc9; uganda-moh-ebola-update-2026-06-06; uganda-moh-ebola-update-2026-06-20; uganda-moh-ebola-update-2026-06-21; who-daily-epi-bdbv-2026-06-08; who-dg-remarks-bdbv-2026-05-20; who-dg-remarks-bdbv-2026-05-22; who-don602-2026-05-15-live; who-don603-2026-05-21-live; who-don606-bdbv-2026-06-08; who-ihr-ec-bdbv-temporary-recommendations-2026-05-22; who-pheic-2026-05-17-live; wikipedia-2026-ituri-epidemic-2026-05-20-live,"Descriptive watch-point interval, not a forecast or response recommendation."
corridor:171:kyondo:goma-cod,kyondo,goma-cod,30,0.019559877836617195,0.05312095151690277,0.03912605896680621,0.10442199837816601,0.011287389065986284,0.22177045643552817,zone-attributed confirmed count 7 for this source zone; visibility-adjustment factor 2.02× reflects under-reporting in source zone; raw risk likely understates true hazard,BDBV-CLAIM-050,derived_model_output_with_unsupported_exponent_attribution,pinned_snapshot_model_output,africa-cdc-phecs-2026-05-18-live; afro-sitrep-01-2026-05-18-live; afro-sitrep-01-pdf-2026-05-18-live; cdc-current-situation-2026-05-21; cdc-current-situation-2026-05-23; cdc-current-situation-2026-05-24; cdc-current-situation-2026-05-25; drc-moh-epidemie-dashboard-sitrep-009-graphql-2026-05-24; drc-moh-epidemie-dashboard-sitrep-mve-n-007-mvb-17-2026-pdf-2026-05-22; ecdc-bdbv-drc-uga-2026-05-19-live; ecdc-bdbv-drc-uga-2026-05-21-live; ecdc-bdbv-drc-uga-2026-05-25-live; ecdc-bdbv-drc-uga-2026-05-26-live; ecdc-bdbv-drc-uga-2026-05-27-live; inrb-sitrep-015-2026-05-29; inrb-sitrep-016-2026-05-30; inrb-sitrep-017-2026-05-31; inrb-sitrep-018-2026-06-01; inrb-sitrep-019-2026-06-02; inrb-sitrep-020-2026-06-03; inrb-sitrep-021-2026-06-04; inrb-sitrep-022-2026-06-05; inrb-sitrep-023-2026-06-06; inrb-sitrep-024-2026-06-07; inrb-sitrep-025-2026-06-08; inrb-sitrep-026-2026-06-09; inrb-sitrep-027-2026-06-10; inrb-sitrep-028-2026-06-11; inrb-sitrep-030-2026-06-13; inrb-sitrep-031-2026-06-14; inrb-sitrep-032-2026-06-15; inrb-sitrep-033-2026-06-16; inrb-sitrep-034-2026-06-17; inrb-sitrep-035-2026-06-18; inrb-sitrep-036-2026-06-19; inrb-sitrep-037-2026-06-20; inrb-sitrep-038-2026-06-21; inrb-sitrep-039-2026-06-22; inrb-sitrep-040-2026-06-23; inrb-sitrep-041-2026-06-24; inrb-sitrep-042-2026-06-25; inrb-sitrep-044-2026-06-27; inrb-sitrep-046-2026-06-29; inrb-sitrep-047-2026-06-30; inrb-sitrep-048-2026-07-01; inrb-sitrep-049-2026-07-02; inrb-sitrep-050-2026-07-03; inrb-sitrep-051-2026-07-04; inrb-sitrep-052-2026-07-05; inrb-sitrep-053-2026-07-06; inrb-sitrep-054-2026-07-07; inrb-sitrep-055-2026-07-08; inrb-sitrep-056-2026-07-09; inrb-sitrep-057-2026-07-10; inrb-sitrep-058-2026-07-11; inrb-sitrep-059-2026-07-12; inrb-umie-ebola-drc-2026-build-2026-05-28-bb8b7d5; inrb-umie-ebola-drc-2026-build-2026-06-01-b4cafc9; uganda-moh-ebola-update-2026-06-06; uganda-moh-ebola-update-2026-06-20; uganda-moh-ebola-update-2026-06-21; who-daily-epi-bdbv-2026-06-08; who-dg-remarks-bdbv-2026-05-20; who-dg-remarks-bdbv-2026-05-22; who-don602-2026-05-15-live; who-don603-2026-05-21-live; who-don606-bdbv-2026-06-08; who-ihr-ec-bdbv-temporary-recommendations-2026-05-22; who-pheic-2026-05-17-live; wikipedia-2026-ituri-epidemic-2026-05-20-live,"Descriptive watch-point interval, not a forecast or response recommendation."
corridor:172:kyondo:kasese-uga,kyondo,kasese-uga,30,0.01864438659023865,0.05268454902408204,0.03731237563620496,0.1035878372791256,0.00785598663833776,0.21346427732850298,zone-attributed confirmed count 7 for this source zone; visibility-adjustment factor 2.02× reflects under-reporting in source zone; raw risk likely understates true hazard,BDBV-CLAIM-050,derived_model_output_with_unsupported_exponent_attribution,pinned_snapshot_model_output,africa-cdc-phecs-2026-05-18-live; afro-sitrep-01-2026-05-18-live; afro-sitrep-01-pdf-2026-05-18-live; cdc-current-situation-2026-05-21; cdc-current-situation-2026-05-23; cdc-current-situation-2026-05-24; cdc-current-situation-2026-05-25; drc-moh-epidemie-dashboard-sitrep-009-graphql-2026-05-24; drc-moh-epidemie-dashboard-sitrep-mve-n-007-mvb-17-2026-pdf-2026-05-22; ecdc-bdbv-drc-uga-2026-05-19-live; ecdc-bdbv-drc-uga-2026-05-21-live; ecdc-bdbv-drc-uga-2026-05-25-live; ecdc-bdbv-drc-uga-2026-05-26-live; ecdc-bdbv-drc-uga-2026-05-27-live; inrb-sitrep-015-2026-05-29; inrb-sitrep-016-2026-05-30; inrb-sitrep-017-2026-05-31; inrb-sitrep-018-2026-06-01; inrb-sitrep-019-2026-06-02; inrb-sitrep-020-2026-06-03; inrb-sitrep-021-2026-06-04; inrb-sitrep-022-2026-06-05; inrb-sitrep-023-2026-06-06; inrb-sitrep-024-2026-06-07; inrb-sitrep-025-2026-06-08; inrb-sitrep-026-2026-06-09; inrb-sitrep-027-2026-06-10; inrb-sitrep-028-2026-06-11; inrb-sitrep-030-2026-06-13; inrb-sitrep-031-2026-06-14; inrb-sitrep-032-2026-06-15; inrb-sitrep-033-2026-06-16; inrb-sitrep-034-2026-06-17; inrb-sitrep-035-2026-06-18; inrb-sitrep-036-2026-06-19; inrb-sitrep-037-2026-06-20; inrb-sitrep-038-2026-06-21; inrb-sitrep-039-2026-06-22; inrb-sitrep-040-2026-06-23; inrb-sitrep-041-2026-06-24; inrb-sitrep-042-2026-06-25; inrb-sitrep-044-2026-06-27; inrb-sitrep-046-2026-06-29; inrb-sitrep-047-2026-06-30; inrb-sitrep-048-2026-07-01; inrb-sitrep-049-2026-07-02; inrb-sitrep-050-2026-07-03; inrb-sitrep-051-2026-07-04; inrb-sitrep-052-2026-07-05; inrb-sitrep-053-2026-07-06; inrb-sitrep-054-2026-07-07; inrb-sitrep-055-2026-07-08; inrb-sitrep-056-2026-07-09; inrb-sitrep-057-2026-07-10; inrb-sitrep-058-2026-07-11; inrb-sitrep-059-2026-07-12; inrb-umie-ebola-drc-2026-build-2026-05-28-bb8b7d5; inrb-umie-ebola-drc-2026-build-2026-06-01-b4cafc9; uganda-moh-ebola-update-2026-06-06; uganda-moh-ebola-update-2026-06-20; uganda-moh-ebola-update-2026-06-21; who-daily-epi-bdbv-2026-06-08; who-dg-remarks-bdbv-2026-05-20; who-dg-remarks-bdbv-2026-05-22; who-don602-2026-05-15-live; who-don603-2026-05-21-live; who-don606-bdbv-2026-06-08; who-ihr-ec-bdbv-temporary-recommendations-2026-05-22; who-pheic-2026-05-17-live; wikipedia-2026-ituri-epidemic-2026-05-20-live,"Descriptive watch-point interval, not a forecast or response recommendation."
corridor:173:logo:kampala-uga,logo,kampala-uga,30,0.020072673950503883,0.05214176460766082,0.040141209462647626,0.10254977165869059,0.011111231210352122,0.2019797494882364,zone-attributed confirmed count 7 for this source zone; visibility-adjustment factor 2.02× reflects under-reporting in source zone; raw risk likely understates true hazard,BDBV-CLAIM-050,derived_model_output_with_unsupported_exponent_attribution,pinned_snapshot_model_output,africa-cdc-phecs-2026-05-18-live; afro-sitrep-01-2026-05-18-live; afro-sitrep-01-pdf-2026-05-18-live; cdc-current-situation-2026-05-21; cdc-current-situation-2026-05-23; cdc-current-situation-2026-05-24; cdc-current-situation-2026-05-25; drc-moh-epidemie-dashboard-sitrep-009-graphql-2026-05-24; drc-moh-epidemie-dashboard-sitrep-mve-n-007-mvb-17-2026-pdf-2026-05-22; ecdc-bdbv-drc-uga-2026-05-19-live; ecdc-bdbv-drc-uga-2026-05-21-live; ecdc-bdbv-drc-uga-2026-05-25-live; ecdc-bdbv-drc-uga-2026-05-26-live; ecdc-bdbv-drc-uga-2026-05-27-live; inrb-sitrep-015-2026-05-29; inrb-sitrep-016-2026-05-30; inrb-sitrep-017-2026-05-31; inrb-sitrep-018-2026-06-01; inrb-sitrep-019-2026-06-02; inrb-sitrep-020-2026-06-03; inrb-sitrep-021-2026-06-04; inrb-sitrep-022-2026-06-05; inrb-sitrep-023-2026-06-06; inrb-sitrep-024-2026-06-07; inrb-sitrep-025-2026-06-08; inrb-sitrep-026-2026-06-09; inrb-sitrep-027-2026-06-10; inrb-sitrep-028-2026-06-11; inrb-sitrep-030-2026-06-13; inrb-sitrep-031-2026-06-14; inrb-sitrep-032-2026-06-15; inrb-sitrep-033-2026-06-16; inrb-sitrep-034-2026-06-17; inrb-sitrep-035-2026-06-18; inrb-sitrep-036-2026-06-19; inrb-sitrep-037-2026-06-20; inrb-sitrep-038-2026-06-21; inrb-sitrep-039-2026-06-22; inrb-sitrep-040-2026-06-23; inrb-sitrep-041-2026-06-24; inrb-sitrep-042-2026-06-25; inrb-sitrep-044-2026-06-27; inrb-sitrep-046-2026-06-29; inrb-sitrep-047-2026-06-30; inrb-sitrep-048-2026-07-01; inrb-sitrep-049-2026-07-02; inrb-sitrep-050-2026-07-03; inrb-sitrep-051-2026-07-04; inrb-sitrep-052-2026-07-05; inrb-sitrep-053-2026-07-06; inrb-sitrep-054-2026-07-07; inrb-sitrep-055-2026-07-08; inrb-sitrep-056-2026-07-09; inrb-sitrep-057-2026-07-10; inrb-sitrep-058-2026-07-11; inrb-sitrep-059-2026-07-12; inrb-umie-ebola-drc-2026-build-2026-05-28-bb8b7d5; inrb-umie-ebola-drc-2026-build-2026-06-01-b4cafc9; uganda-moh-ebola-update-2026-06-06; uganda-moh-ebola-update-2026-06-20; uganda-moh-ebola-update-2026-06-21; who-daily-epi-bdbv-2026-06-08; who-dg-remarks-bdbv-2026-05-20; who-dg-remarks-bdbv-2026-05-22; who-don602-2026-05-15-live; who-don603-2026-05-21-live; who-don606-bdbv-2026-06-08; who-ihr-ec-bdbv-temporary-recommendations-2026-05-22; who-pheic-2026-05-17-live; wikipedia-2026-ituri-epidemic-2026-05-20-live,"Descriptive watch-point interval, not a forecast or response recommendation."
corridor:174:wamba:bundibugyo-uga,wamba,bundibugyo-uga,30,0.020428152843789793,0.051924119944392444,0.04084461139101897,0.10213336425317227,0.010412389570496543,0.19715480282316708,zone-attributed confirmed count 7 for this source zone; visibility-adjustment factor 2.02× reflects under-reporting in source zone; raw risk likely understates true hazard,BDBV-CLAIM-050,derived_model_output_with_unsupported_exponent_attribution,pinned_snapshot_model_output,africa-cdc-phecs-2026-05-18-live; afro-sitrep-01-2026-05-18-live; afro-sitrep-01-pdf-2026-05-18-live; cdc-current-situation-2026-05-21; cdc-current-situation-2026-05-23; cdc-current-situation-2026-05-24; cdc-current-situation-2026-05-25; drc-moh-epidemie-dashboard-sitrep-009-graphql-2026-05-24; drc-moh-epidemie-dashboard-sitrep-mve-n-007-mvb-17-2026-pdf-2026-05-22; ecdc-bdbv-drc-uga-2026-05-19-live; ecdc-bdbv-drc-uga-2026-05-21-live; ecdc-bdbv-drc-uga-2026-05-25-live; ecdc-bdbv-drc-uga-2026-05-26-live; ecdc-bdbv-drc-uga-2026-05-27-live; inrb-sitrep-015-2026-05-29; inrb-sitrep-016-2026-05-30; inrb-sitrep-017-2026-05-31; inrb-sitrep-018-2026-06-01; inrb-sitrep-019-2026-06-02; inrb-sitrep-020-2026-06-03; inrb-sitrep-021-2026-06-04; inrb-sitrep-022-2026-06-05; inrb-sitrep-023-2026-06-06; inrb-sitrep-024-2026-06-07; inrb-sitrep-025-2026-06-08; inrb-sitrep-026-2026-06-09; inrb-sitrep-027-2026-06-10; inrb-sitrep-028-2026-06-11; inrb-sitrep-030-2026-06-13; inrb-sitrep-031-2026-06-14; inrb-sitrep-032-2026-06-15; inrb-sitrep-033-2026-06-16; inrb-sitrep-034-2026-06-17; inrb-sitrep-035-2026-06-18; inrb-sitrep-036-2026-06-19; inrb-sitrep-037-2026-06-20; inrb-sitrep-038-2026-06-21; inrb-sitrep-039-2026-06-22; inrb-sitrep-040-2026-06-23; inrb-sitrep-041-2026-06-24; inrb-sitrep-042-2026-06-25; inrb-sitrep-044-2026-06-27; inrb-sitrep-046-2026-06-29; inrb-sitrep-047-2026-06-30; inrb-sitrep-048-2026-07-01; inrb-sitrep-049-2026-07-02; inrb-sitrep-050-2026-07-03; inrb-sitrep-051-2026-07-04; inrb-sitrep-052-2026-07-05; inrb-sitrep-053-2026-07-06; inrb-sitrep-054-2026-07-07; inrb-sitrep-055-2026-07-08; inrb-sitrep-056-2026-07-09; inrb-sitrep-057-2026-07-10; inrb-sitrep-058-2026-07-11; inrb-sitrep-059-2026-07-12; inrb-umie-ebola-drc-2026-build-2026-05-28-bb8b7d5; inrb-umie-ebola-drc-2026-build-2026-06-01-b4cafc9; uganda-moh-ebola-update-2026-06-06; uganda-moh-ebola-update-2026-06-20; uganda-moh-ebola-update-2026-06-21; who-daily-epi-bdbv-2026-06-08; who-dg-remarks-bdbv-2026-05-20; who-dg-remarks-bdbv-2026-05-22; who-don602-2026-05-15-live; who-don603-2026-05-21-live; who-don606-bdbv-2026-06-08; who-ihr-ec-bdbv-temporary-recommendations-2026-05-22; who-pheic-2026-05-17-live; wikipedia-2026-ituri-epidemic-2026-05-20-live,"Descriptive watch-point interval, not a forecast or response recommendation."
corridor:175:kyondo:arua-uga,kyondo,arua-uga,30,0.018466004774264272,0.0517011590249874,0.036958774151059526,0.10170668247934969,0.0080112031937812,0.21059286213810788,zone-attributed confirmed count 7 for this source zone; visibility-adjustment factor 2.02× reflects under-reporting in source zone; raw risk likely understates true hazard,BDBV-CLAIM-050,derived_model_output_with_unsupported_exponent_attribution,pinned_snapshot_model_output,africa-cdc-phecs-2026-05-18-live; afro-sitrep-01-2026-05-18-live; afro-sitrep-01-pdf-2026-05-18-live; cdc-current-situation-2026-05-21; cdc-current-situation-2026-05-23; cdc-current-situation-2026-05-24; cdc-current-situation-2026-05-25; drc-moh-epidemie-dashboard-sitrep-009-graphql-2026-05-24; drc-moh-epidemie-dashboard-sitrep-mve-n-007-mvb-17-2026-pdf-2026-05-22; ecdc-bdbv-drc-uga-2026-05-19-live; ecdc-bdbv-drc-uga-2026-05-21-live; ecdc-bdbv-drc-uga-2026-05-25-live; ecdc-bdbv-drc-uga-2026-05-26-live; ecdc-bdbv-drc-uga-2026-05-27-live; inrb-sitrep-015-2026-05-29; inrb-sitrep-016-2026-05-30; inrb-sitrep-017-2026-05-31; inrb-sitrep-018-2026-06-01; inrb-sitrep-019-2026-06-02; inrb-sitrep-020-2026-06-03; inrb-sitrep-021-2026-06-04; inrb-sitrep-022-2026-06-05; inrb-sitrep-023-2026-06-06; inrb-sitrep-024-2026-06-07; inrb-sitrep-025-2026-06-08; inrb-sitrep-026-2026-06-09; inrb-sitrep-027-2026-06-10; inrb-sitrep-028-2026-06-11; inrb-sitrep-030-2026-06-13; inrb-sitrep-031-2026-06-14; inrb-sitrep-032-2026-06-15; inrb-sitrep-033-2026-06-16; inrb-sitrep-034-2026-06-17; inrb-sitrep-035-2026-06-18; inrb-sitrep-036-2026-06-19; inrb-sitrep-037-2026-06-20; inrb-sitrep-038-2026-06-21; inrb-sitrep-039-2026-06-22; inrb-sitrep-040-2026-06-23; inrb-sitrep-041-2026-06-24; inrb-sitrep-042-2026-06-25; inrb-sitrep-044-2026-06-27; inrb-sitrep-046-2026-06-29; inrb-sitrep-047-2026-06-30; inrb-sitrep-048-2026-07-01; inrb-sitrep-049-2026-07-02; inrb-sitrep-050-2026-07-03; inrb-sitrep-051-2026-07-04; inrb-sitrep-052-2026-07-05; inrb-sitrep-053-2026-07-06; inrb-sitrep-054-2026-07-07; inrb-sitrep-055-2026-07-08; inrb-sitrep-056-2026-07-09; inrb-sitrep-057-2026-07-10; inrb-sitrep-058-2026-07-11; inrb-sitrep-059-2026-07-12; inrb-umie-ebola-drc-2026-build-2026-05-28-bb8b7d5; inrb-umie-ebola-drc-2026-build-2026-06-01-b4cafc9; uganda-moh-ebola-update-2026-06-06; uganda-moh-ebola-update-2026-06-20; uganda-moh-ebola-update-2026-06-21; who-daily-epi-bdbv-2026-06-08; who-dg-remarks-bdbv-2026-05-20; who-dg-remarks-bdbv-2026-05-22; who-don602-2026-05-15-live; who-don603-2026-05-21-live; who-don606-bdbv-2026-06-08; who-ihr-ec-bdbv-temporary-recommendations-2026-05-22; who-pheic-2026-05-17-live; wikipedia-2026-ituri-epidemic-2026-05-20-live,"Descriptive watch-point interval, not a forecast or response recommendation."
corridor:176:kyondo:bundibugyo-uga,kyondo,bundibugyo-uga,30,0.01887981502596328,0.051538163028849754,0.03777895059797895,0.10139469005280274,0.010222508372063139,0.18694309502318796,zone-attributed confirmed count 7 for this source zone; visibility-adjustment factor 2.02× reflects under-reporting in source zone; raw risk likely understates true hazard,BDBV-CLAIM-050,derived_model_output_with_unsupported_exponent_attribution,pinned_snapshot_model_output,africa-cdc-phecs-2026-05-18-live; afro-sitrep-01-2026-05-18-live; afro-sitrep-01-pdf-2026-05-18-live; cdc-current-situation-2026-05-21; cdc-current-situation-2026-05-23; cdc-current-situation-2026-05-24; cdc-current-situation-2026-05-25; drc-moh-epidemie-dashboard-sitrep-009-graphql-2026-05-24; drc-moh-epidemie-dashboard-sitrep-mve-n-007-mvb-17-2026-pdf-2026-05-22; ecdc-bdbv-drc-uga-2026-05-19-live; ecdc-bdbv-drc-uga-2026-05-21-live; ecdc-bdbv-drc-uga-2026-05-25-live; ecdc-bdbv-drc-uga-2026-05-26-live; ecdc-bdbv-drc-uga-2026-05-27-live; inrb-sitrep-015-2026-05-29; inrb-sitrep-016-2026-05-30; inrb-sitrep-017-2026-05-31; inrb-sitrep-018-2026-06-01; inrb-sitrep-019-2026-06-02; inrb-sitrep-020-2026-06-03; inrb-sitrep-021-2026-06-04; inrb-sitrep-022-2026-06-05; inrb-sitrep-023-2026-06-06; inrb-sitrep-024-2026-06-07; inrb-sitrep-025-2026-06-08; inrb-sitrep-026-2026-06-09; inrb-sitrep-027-2026-06-10; inrb-sitrep-028-2026-06-11; inrb-sitrep-030-2026-06-13; inrb-sitrep-031-2026-06-14; inrb-sitrep-032-2026-06-15; inrb-sitrep-033-2026-06-16; inrb-sitrep-034-2026-06-17; inrb-sitrep-035-2026-06-18; inrb-sitrep-036-2026-06-19; inrb-sitrep-037-2026-06-20; inrb-sitrep-038-2026-06-21; inrb-sitrep-039-2026-06-22; inrb-sitrep-040-2026-06-23; inrb-sitrep-041-2026-06-24; inrb-sitrep-042-2026-06-25; inrb-sitrep-044-2026-06-27; inrb-sitrep-046-2026-06-29; inrb-sitrep-047-2026-06-30; inrb-sitrep-048-2026-07-01; inrb-sitrep-049-2026-07-02; inrb-sitrep-050-2026-07-03; inrb-sitrep-051-2026-07-04; inrb-sitrep-052-2026-07-05; inrb-sitrep-053-2026-07-06; inrb-sitrep-054-2026-07-07; inrb-sitrep-055-2026-07-08; inrb-sitrep-056-2026-07-09; inrb-sitrep-057-2026-07-10; inrb-sitrep-058-2026-07-11; inrb-sitrep-059-2026-07-12; inrb-umie-ebola-drc-2026-build-2026-05-28-bb8b7d5; inrb-umie-ebola-drc-2026-build-2026-06-01-b4cafc9; uganda-moh-ebola-update-2026-06-06; uganda-moh-ebola-update-2026-06-20; uganda-moh-ebola-update-2026-06-21; who-daily-epi-bdbv-2026-06-08; who-dg-remarks-bdbv-2026-05-20; who-dg-remarks-bdbv-2026-05-22; who-don602-2026-05-15-live; who-don603-2026-05-21-live; who-don606-bdbv-2026-06-08; who-ihr-ec-bdbv-temporary-recommendations-2026-05-22; who-pheic-2026-05-17-live; wikipedia-2026-ituri-epidemic-2026-05-20-live,"Descriptive watch-point interval, not a forecast or response recommendation."
corridor:177:kyondo:beni-cod,kyondo,beni-cod,30,0.01898786311208958,0.051491630148346706,0.0379930428762999,0.10130560322781454,0.009930172941969307,0.19012702346787688,zone-attributed confirmed count 7 for this source zone; visibility-adjustment factor 2.02× reflects under-reporting in source zone; raw risk likely understates true hazard,BDBV-CLAIM-050,derived_model_output_with_unsupported_exponent_attribution,pinned_snapshot_model_output,africa-cdc-phecs-2026-05-18-live; afro-sitrep-01-2026-05-18-live; afro-sitrep-01-pdf-2026-05-18-live; cdc-current-situation-2026-05-21; cdc-current-situation-2026-05-23; cdc-current-situation-2026-05-24; cdc-current-situation-2026-05-25; drc-moh-epidemie-dashboard-sitrep-009-graphql-2026-05-24; drc-moh-epidemie-dashboard-sitrep-mve-n-007-mvb-17-2026-pdf-2026-05-22; ecdc-bdbv-drc-uga-2026-05-19-live; ecdc-bdbv-drc-uga-2026-05-21-live; ecdc-bdbv-drc-uga-2026-05-25-live; ecdc-bdbv-drc-uga-2026-05-26-live; ecdc-bdbv-drc-uga-2026-05-27-live; inrb-sitrep-015-2026-05-29; inrb-sitrep-016-2026-05-30; inrb-sitrep-017-2026-05-31; inrb-sitrep-018-2026-06-01; inrb-sitrep-019-2026-06-02; inrb-sitrep-020-2026-06-03; inrb-sitrep-021-2026-06-04; inrb-sitrep-022-2026-06-05; inrb-sitrep-023-2026-06-06; inrb-sitrep-024-2026-06-07; inrb-sitrep-025-2026-06-08; inrb-sitrep-026-2026-06-09; inrb-sitrep-027-2026-06-10; inrb-sitrep-028-2026-06-11; inrb-sitrep-030-2026-06-13; inrb-sitrep-031-2026-06-14; inrb-sitrep-032-2026-06-15; inrb-sitrep-033-2026-06-16; inrb-sitrep-034-2026-06-17; inrb-sitrep-035-2026-06-18; inrb-sitrep-036-2026-06-19; inrb-sitrep-037-2026-06-20; inrb-sitrep-038-2026-06-21; inrb-sitrep-039-2026-06-22; inrb-sitrep-040-2026-06-23; inrb-sitrep-041-2026-06-24; inrb-sitrep-042-2026-06-25; inrb-sitrep-044-2026-06-27; inrb-sitrep-046-2026-06-29; inrb-sitrep-047-2026-06-30; inrb-sitrep-048-2026-07-01; inrb-sitrep-049-2026-07-02; inrb-sitrep-050-2026-07-03; inrb-sitrep-051-2026-07-04; inrb-sitrep-052-2026-07-05; inrb-sitrep-053-2026-07-06; inrb-sitrep-054-2026-07-07; inrb-sitrep-055-2026-07-08; inrb-sitrep-056-2026-07-09; inrb-sitrep-057-2026-07-10; inrb-sitrep-058-2026-07-11; inrb-sitrep-059-2026-07-12; inrb-umie-ebola-drc-2026-build-2026-05-28-bb8b7d5; inrb-umie-ebola-drc-2026-build-2026-06-01-b4cafc9; uganda-moh-ebola-update-2026-06-06; uganda-moh-ebola-update-2026-06-20; uganda-moh-ebola-update-2026-06-21; who-daily-epi-bdbv-2026-06-08; who-dg-remarks-bdbv-2026-05-20; who-dg-remarks-bdbv-2026-05-22; who-don602-2026-05-15-live; who-don603-2026-05-21-live; who-don606-bdbv-2026-06-08; who-ihr-ec-bdbv-temporary-recommendations-2026-05-22; who-pheic-2026-05-17-live; wikipedia-2026-ituri-epidemic-2026-05-20-live,"Descriptive watch-point interval, not a forecast or response recommendation."
corridor:178:wamba:goma-cod,wamba,goma-cod,30,0.01962924953090489,0.05127857325600654,0.0392634243394232,0.10089769441468704,0.0119970818484386,0.1950699511317279,zone-attributed confirmed count 7 for this source zone; visibility-adjustment factor 2.02× reflects under-reporting in source zone; raw risk likely understates true hazard,BDBV-CLAIM-050,derived_model_output_with_unsupported_exponent_attribution,pinned_snapshot_model_output,africa-cdc-phecs-2026-05-18-live; afro-sitrep-01-2026-05-18-live; afro-sitrep-01-pdf-2026-05-18-live; cdc-current-situation-2026-05-21; cdc-current-situation-2026-05-23; cdc-current-situation-2026-05-24; cdc-current-situation-2026-05-25; drc-moh-epidemie-dashboard-sitrep-009-graphql-2026-05-24; drc-moh-epidemie-dashboard-sitrep-mve-n-007-mvb-17-2026-pdf-2026-05-22; ecdc-bdbv-drc-uga-2026-05-19-live; ecdc-bdbv-drc-uga-2026-05-21-live; ecdc-bdbv-drc-uga-2026-05-25-live; ecdc-bdbv-drc-uga-2026-05-26-live; ecdc-bdbv-drc-uga-2026-05-27-live; inrb-sitrep-015-2026-05-29; inrb-sitrep-016-2026-05-30; inrb-sitrep-017-2026-05-31; inrb-sitrep-018-2026-06-01; inrb-sitrep-019-2026-06-02; inrb-sitrep-020-2026-06-03; inrb-sitrep-021-2026-06-04; inrb-sitrep-022-2026-06-05; inrb-sitrep-023-2026-06-06; inrb-sitrep-024-2026-06-07; inrb-sitrep-025-2026-06-08; inrb-sitrep-026-2026-06-09; inrb-sitrep-027-2026-06-10; inrb-sitrep-028-2026-06-11; inrb-sitrep-030-2026-06-13; inrb-sitrep-031-2026-06-14; inrb-sitrep-032-2026-06-15; inrb-sitrep-033-2026-06-16; inrb-sitrep-034-2026-06-17; inrb-sitrep-035-2026-06-18; inrb-sitrep-036-2026-06-19; inrb-sitrep-037-2026-06-20; inrb-sitrep-038-2026-06-21; inrb-sitrep-039-2026-06-22; inrb-sitrep-040-2026-06-23; inrb-sitrep-041-2026-06-24; inrb-sitrep-042-2026-06-25; inrb-sitrep-044-2026-06-27; inrb-sitrep-046-2026-06-29; inrb-sitrep-047-2026-06-30; inrb-sitrep-048-2026-07-01; inrb-sitrep-049-2026-07-02; inrb-sitrep-050-2026-07-03; inrb-sitrep-051-2026-07-04; inrb-sitrep-052-2026-07-05; inrb-sitrep-053-2026-07-06; inrb-sitrep-054-2026-07-07; inrb-sitrep-055-2026-07-08; inrb-sitrep-056-2026-07-09; inrb-sitrep-057-2026-07-10; inrb-sitrep-058-2026-07-11; inrb-sitrep-059-2026-07-12; inrb-umie-ebola-drc-2026-build-2026-05-28-bb8b7d5; inrb-umie-ebola-drc-2026-build-2026-06-01-b4cafc9; uganda-moh-ebola-update-2026-06-06; uganda-moh-ebola-update-2026-06-20; uganda-moh-ebola-update-2026-06-21; who-daily-epi-bdbv-2026-06-08; who-dg-remarks-bdbv-2026-05-20; who-dg-remarks-bdbv-2026-05-22; who-don602-2026-05-15-live; who-don603-2026-05-21-live; who-don606-bdbv-2026-06-08; who-ihr-ec-bdbv-temporary-recommendations-2026-05-22; who-pheic-2026-05-17-live; wikipedia-2026-ituri-epidemic-2026-05-20-live,"Descriptive watch-point interval, not a forecast or response recommendation."
corridor:179:wamba:beni-cod,wamba,beni-cod,30,0.01818513613114975,0.049936366939124954,0.03640190170854998,0.09832576303746576,0.008843338656560857,0.22485408367565313,zone-attributed confirmed count 7 for this source zone; visibility-adjustment factor 2.02× reflects under-reporting in source zone; raw risk likely understates true hazard,BDBV-CLAIM-050,derived_model_output_with_unsupported_exponent_attribution,pinned_snapshot_model_output,africa-cdc-phecs-2026-05-18-live; afro-sitrep-01-2026-05-18-live; afro-sitrep-01-pdf-2026-05-18-live; cdc-current-situation-2026-05-21; cdc-current-situation-2026-05-23; cdc-current-situation-2026-05-24; cdc-current-situation-2026-05-25; drc-moh-epidemie-dashboard-sitrep-009-graphql-2026-05-24; drc-moh-epidemie-dashboard-sitrep-mve-n-007-mvb-17-2026-pdf-2026-05-22; ecdc-bdbv-drc-uga-2026-05-19-live; ecdc-bdbv-drc-uga-2026-05-21-live; ecdc-bdbv-drc-uga-2026-05-25-live; ecdc-bdbv-drc-uga-2026-05-26-live; ecdc-bdbv-drc-uga-2026-05-27-live; inrb-sitrep-015-2026-05-29; inrb-sitrep-016-2026-05-30; inrb-sitrep-017-2026-05-31; inrb-sitrep-018-2026-06-01; inrb-sitrep-019-2026-06-02; inrb-sitrep-020-2026-06-03; inrb-sitrep-021-2026-06-04; inrb-sitrep-022-2026-06-05; inrb-sitrep-023-2026-06-06; inrb-sitrep-024-2026-06-07; inrb-sitrep-025-2026-06-08; inrb-sitrep-026-2026-06-09; inrb-sitrep-027-2026-06-10; inrb-sitrep-028-2026-06-11; inrb-sitrep-030-2026-06-13; inrb-sitrep-031-2026-06-14; inrb-sitrep-032-2026-06-15; inrb-sitrep-033-2026-06-16; inrb-sitrep-034-2026-06-17; inrb-sitrep-035-2026-06-18; inrb-sitrep-036-2026-06-19; inrb-sitrep-037-2026-06-20; inrb-sitrep-038-2026-06-21; inrb-sitrep-039-2026-06-22; inrb-sitrep-040-2026-06-23; inrb-sitrep-041-2026-06-24; inrb-sitrep-042-2026-06-25; inrb-sitrep-044-2026-06-27; inrb-sitrep-046-2026-06-29; inrb-sitrep-047-2026-06-30; inrb-sitrep-048-2026-07-01; inrb-sitrep-049-2026-07-02; inrb-sitrep-050-2026-07-03; inrb-sitrep-051-2026-07-04; inrb-sitrep-052-2026-07-05; inrb-sitrep-053-2026-07-06; inrb-sitrep-054-2026-07-07; inrb-sitrep-055-2026-07-08; inrb-sitrep-056-2026-07-09; inrb-sitrep-057-2026-07-10; inrb-sitrep-058-2026-07-11; inrb-sitrep-059-2026-07-12; inrb-umie-ebola-drc-2026-build-2026-05-28-bb8b7d5; inrb-umie-ebola-drc-2026-build-2026-06-01-b4cafc9; uganda-moh-ebola-update-2026-06-06; uganda-moh-ebola-update-2026-06-20; uganda-moh-ebola-update-2026-06-21; who-daily-epi-bdbv-2026-06-08; who-dg-remarks-bdbv-2026-05-20; who-dg-remarks-bdbv-2026-05-22; who-don602-2026-05-15-live; who-don603-2026-05-21-live; who-don606-bdbv-2026-06-08; who-ihr-ec-bdbv-temporary-recommendations-2026-05-22; who-pheic-2026-05-17-live; wikipedia-2026-ituri-epidemic-2026-05-20-live,"Descriptive watch-point interval, not a forecast or response recommendation."
corridor:180:aungba:kisangani-cod,aungba,kisangani-cod,30,0.018017042592577887,0.049049986808630514,0.03606852548157338,0.09662524956989671,0.008420125406186706,0.20299393103919255,zone-attributed confirmed count 6 for this source zone; visibility-adjustment factor 2.02× reflects under-reporting in source zone; raw risk likely understates true hazard,BDBV-CLAIM-050,derived_model_output_with_unsupported_exponent_attribution,pinned_snapshot_model_output,africa-cdc-phecs-2026-05-18-live; afro-sitrep-01-2026-05-18-live; afro-sitrep-01-pdf-2026-05-18-live; cdc-current-situation-2026-05-21; cdc-current-situation-2026-05-23; cdc-current-situation-2026-05-24; cdc-current-situation-2026-05-25; drc-moh-epidemie-dashboard-sitrep-009-graphql-2026-05-24; drc-moh-epidemie-dashboard-sitrep-mve-n-007-mvb-17-2026-pdf-2026-05-22; ecdc-bdbv-drc-uga-2026-05-19-live; ecdc-bdbv-drc-uga-2026-05-21-live; ecdc-bdbv-drc-uga-2026-05-25-live; ecdc-bdbv-drc-uga-2026-05-26-live; ecdc-bdbv-drc-uga-2026-05-27-live; inrb-sitrep-015-2026-05-29; inrb-sitrep-016-2026-05-30; inrb-sitrep-017-2026-05-31; inrb-sitrep-018-2026-06-01; inrb-sitrep-019-2026-06-02; inrb-sitrep-020-2026-06-03; inrb-sitrep-021-2026-06-04; inrb-sitrep-022-2026-06-05; inrb-sitrep-023-2026-06-06; inrb-sitrep-024-2026-06-07; inrb-sitrep-025-2026-06-08; inrb-sitrep-026-2026-06-09; inrb-sitrep-027-2026-06-10; inrb-sitrep-028-2026-06-11; inrb-sitrep-030-2026-06-13; inrb-sitrep-031-2026-06-14; inrb-sitrep-032-2026-06-15; inrb-sitrep-033-2026-06-16; inrb-sitrep-034-2026-06-17; inrb-sitrep-035-2026-06-18; inrb-sitrep-036-2026-06-19; inrb-sitrep-037-2026-06-20; inrb-sitrep-038-2026-06-21; inrb-sitrep-039-2026-06-22; inrb-sitrep-040-2026-06-23; inrb-sitrep-041-2026-06-24; inrb-sitrep-042-2026-06-25; inrb-sitrep-044-2026-06-27; inrb-sitrep-046-2026-06-29; inrb-sitrep-047-2026-06-30; inrb-sitrep-048-2026-07-01; inrb-sitrep-049-2026-07-02; inrb-sitrep-050-2026-07-03; inrb-sitrep-051-2026-07-04; inrb-sitrep-052-2026-07-05; inrb-sitrep-053-2026-07-06; inrb-sitrep-054-2026-07-07; inrb-sitrep-055-2026-07-08; inrb-sitrep-056-2026-07-09; inrb-sitrep-057-2026-07-10; inrb-sitrep-058-2026-07-11; inrb-sitrep-059-2026-07-12; inrb-umie-ebola-drc-2026-build-2026-05-28-bb8b7d5; inrb-umie-ebola-drc-2026-build-2026-06-01-b4cafc9; uganda-moh-ebola-update-2026-06-06; uganda-moh-ebola-update-2026-06-20; uganda-moh-ebola-update-2026-06-21; who-daily-epi-bdbv-2026-06-08; who-dg-remarks-bdbv-2026-05-20; who-dg-remarks-bdbv-2026-05-22; who-don602-2026-05-15-live; who-don603-2026-05-21-live; who-don606-bdbv-2026-06-08; who-ihr-ec-bdbv-temporary-recommendations-2026-05-22; who-pheic-2026-05-17-live; wikipedia-2026-ituri-epidemic-2026-05-20-live,"Descriptive watch-point interval, not a forecast or response recommendation."
corridor:181:aungba:bundibugyo-uga,aungba,bundibugyo-uga,30,0.015728109824689446,0.0489937213251351,0.0315234067337338,0.09651725548393311,0.009041959967977815,0.18301691954029214,zone-attributed confirmed count 6 for this source zone; visibility-adjustment factor 2.02× reflects under-reporting in source zone; raw risk likely understates true hazard,BDBV-CLAIM-050,derived_model_output_with_unsupported_exponent_attribution,pinned_snapshot_model_output,africa-cdc-phecs-2026-05-18-live; afro-sitrep-01-2026-05-18-live; afro-sitrep-01-pdf-2026-05-18-live; cdc-current-situation-2026-05-21; cdc-current-situation-2026-05-23; cdc-current-situation-2026-05-24; cdc-current-situation-2026-05-25; drc-moh-epidemie-dashboard-sitrep-009-graphql-2026-05-24; drc-moh-epidemie-dashboard-sitrep-mve-n-007-mvb-17-2026-pdf-2026-05-22; ecdc-bdbv-drc-uga-2026-05-19-live; ecdc-bdbv-drc-uga-2026-05-21-live; ecdc-bdbv-drc-uga-2026-05-25-live; ecdc-bdbv-drc-uga-2026-05-26-live; ecdc-bdbv-drc-uga-2026-05-27-live; inrb-sitrep-015-2026-05-29; inrb-sitrep-016-2026-05-30; inrb-sitrep-017-2026-05-31; inrb-sitrep-018-2026-06-01; inrb-sitrep-019-2026-06-02; inrb-sitrep-020-2026-06-03; inrb-sitrep-021-2026-06-04; inrb-sitrep-022-2026-06-05; inrb-sitrep-023-2026-06-06; inrb-sitrep-024-2026-06-07; inrb-sitrep-025-2026-06-08; inrb-sitrep-026-2026-06-09; inrb-sitrep-027-2026-06-10; inrb-sitrep-028-2026-06-11; inrb-sitrep-030-2026-06-13; inrb-sitrep-031-2026-06-14; inrb-sitrep-032-2026-06-15; inrb-sitrep-033-2026-06-16; inrb-sitrep-034-2026-06-17; inrb-sitrep-035-2026-06-18; inrb-sitrep-036-2026-06-19; inrb-sitrep-037-2026-06-20; inrb-sitrep-038-2026-06-21; inrb-sitrep-039-2026-06-22; inrb-sitrep-040-2026-06-23; inrb-sitrep-041-2026-06-24; inrb-sitrep-042-2026-06-25; inrb-sitrep-044-2026-06-27; inrb-sitrep-046-2026-06-29; inrb-sitrep-047-2026-06-30; inrb-sitrep-048-2026-07-01; inrb-sitrep-049-2026-07-02; inrb-sitrep-050-2026-07-03; inrb-sitrep-051-2026-07-04; inrb-sitrep-052-2026-07-05; inrb-sitrep-053-2026-07-06; inrb-sitrep-054-2026-07-07; inrb-sitrep-055-2026-07-08; inrb-sitrep-056-2026-07-09; inrb-sitrep-057-2026-07-10; inrb-sitrep-058-2026-07-11; inrb-sitrep-059-2026-07-12; inrb-umie-ebola-drc-2026-build-2026-05-28-bb8b7d5; inrb-umie-ebola-drc-2026-build-2026-06-01-b4cafc9; uganda-moh-ebola-update-2026-06-06; uganda-moh-ebola-update-2026-06-20; uganda-moh-ebola-update-2026-06-21; who-daily-epi-bdbv-2026-06-08; who-dg-remarks-bdbv-2026-05-20; who-dg-remarks-bdbv-2026-05-22; who-don602-2026-05-15-live; who-don603-2026-05-21-live; who-don606-bdbv-2026-06-08; who-ihr-ec-bdbv-temporary-recommendations-2026-05-22; who-pheic-2026-05-17-live; wikipedia-2026-ituri-epidemic-2026-05-20-live,"Descriptive watch-point interval, not a forecast or response recommendation."
corridor:182:aungba:yei-ssd,aungba,yei-ssd,30,0.01622962665637387,0.047018014505607414,0.03252019316764082,0.09272080718599734,0.007470449512281766,0.18646696621862188,zone-attributed confirmed count 6 for this source zone; visibility-adjustment factor 2.02× reflects under-reporting in source zone; raw risk likely understates true hazard,BDBV-CLAIM-050,derived_model_output_with_unsupported_exponent_attribution,pinned_snapshot_model_output,africa-cdc-phecs-2026-05-18-live; afro-sitrep-01-2026-05-18-live; afro-sitrep-01-pdf-2026-05-18-live; cdc-current-situation-2026-05-21; cdc-current-situation-2026-05-23; cdc-current-situation-2026-05-24; cdc-current-situation-2026-05-25; drc-moh-epidemie-dashboard-sitrep-009-graphql-2026-05-24; drc-moh-epidemie-dashboard-sitrep-mve-n-007-mvb-17-2026-pdf-2026-05-22; ecdc-bdbv-drc-uga-2026-05-19-live; ecdc-bdbv-drc-uga-2026-05-21-live; ecdc-bdbv-drc-uga-2026-05-25-live; ecdc-bdbv-drc-uga-2026-05-26-live; ecdc-bdbv-drc-uga-2026-05-27-live; inrb-sitrep-015-2026-05-29; inrb-sitrep-016-2026-05-30; inrb-sitrep-017-2026-05-31; inrb-sitrep-018-2026-06-01; inrb-sitrep-019-2026-06-02; inrb-sitrep-020-2026-06-03; inrb-sitrep-021-2026-06-04; inrb-sitrep-022-2026-06-05; inrb-sitrep-023-2026-06-06; inrb-sitrep-024-2026-06-07; inrb-sitrep-025-2026-06-08; inrb-sitrep-026-2026-06-09; inrb-sitrep-027-2026-06-10; inrb-sitrep-028-2026-06-11; inrb-sitrep-030-2026-06-13; inrb-sitrep-031-2026-06-14; inrb-sitrep-032-2026-06-15; inrb-sitrep-033-2026-06-16; inrb-sitrep-034-2026-06-17; inrb-sitrep-035-2026-06-18; inrb-sitrep-036-2026-06-19; inrb-sitrep-037-2026-06-20; inrb-sitrep-038-2026-06-21; inrb-sitrep-039-2026-06-22; inrb-sitrep-040-2026-06-23; inrb-sitrep-041-2026-06-24; inrb-sitrep-042-2026-06-25; inrb-sitrep-044-2026-06-27; inrb-sitrep-046-2026-06-29; inrb-sitrep-047-2026-06-30; inrb-sitrep-048-2026-07-01; inrb-sitrep-049-2026-07-02; inrb-sitrep-050-2026-07-03; inrb-sitrep-051-2026-07-04; inrb-sitrep-052-2026-07-05; inrb-sitrep-053-2026-07-06; inrb-sitrep-054-2026-07-07; inrb-sitrep-055-2026-07-08; inrb-sitrep-056-2026-07-09; inrb-sitrep-057-2026-07-10; inrb-sitrep-058-2026-07-11; inrb-sitrep-059-2026-07-12; inrb-umie-ebola-drc-2026-build-2026-05-28-bb8b7d5; inrb-umie-ebola-drc-2026-build-2026-06-01-b4cafc9; uganda-moh-ebola-update-2026-06-06; uganda-moh-ebola-update-2026-06-20; uganda-moh-ebola-update-2026-06-21; who-daily-epi-bdbv-2026-06-08; who-dg-remarks-bdbv-2026-05-20; who-dg-remarks-bdbv-2026-05-22; who-don602-2026-05-15-live; who-don603-2026-05-21-live; who-don606-bdbv-2026-06-08; who-ihr-ec-bdbv-temporary-recommendations-2026-05-22; who-pheic-2026-05-17-live; wikipedia-2026-ituri-epidemic-2026-05-20-live,"Descriptive watch-point interval, not a forecast or response recommendation."
corridor:183:aungba:goma-cod,aungba,goma-cod,30,0.016812455409357108,0.04681543106680447,0.03367793942338412,0.09233108308153909,0.008457992583021292,0.17461429535722625,zone-attributed confirmed count 6 for this source zone; visibility-adjustment factor 2.02× reflects under-reporting in source zone; raw risk likely understates true hazard,BDBV-CLAIM-050,derived_model_output_with_unsupported_exponent_attribution,pinned_snapshot_model_output,africa-cdc-phecs-2026-05-18-live; afro-sitrep-01-2026-05-18-live; afro-sitrep-01-pdf-2026-05-18-live; cdc-current-situation-2026-05-21; cdc-current-situation-2026-05-23; cdc-current-situation-2026-05-24; cdc-current-situation-2026-05-25; drc-moh-epidemie-dashboard-sitrep-009-graphql-2026-05-24; drc-moh-epidemie-dashboard-sitrep-mve-n-007-mvb-17-2026-pdf-2026-05-22; ecdc-bdbv-drc-uga-2026-05-19-live; ecdc-bdbv-drc-uga-2026-05-21-live; ecdc-bdbv-drc-uga-2026-05-25-live; ecdc-bdbv-drc-uga-2026-05-26-live; ecdc-bdbv-drc-uga-2026-05-27-live; inrb-sitrep-015-2026-05-29; inrb-sitrep-016-2026-05-30; inrb-sitrep-017-2026-05-31; inrb-sitrep-018-2026-06-01; inrb-sitrep-019-2026-06-02; inrb-sitrep-020-2026-06-03; inrb-sitrep-021-2026-06-04; inrb-sitrep-022-2026-06-05; inrb-sitrep-023-2026-06-06; inrb-sitrep-024-2026-06-07; inrb-sitrep-025-2026-06-08; inrb-sitrep-026-2026-06-09; inrb-sitrep-027-2026-06-10; inrb-sitrep-028-2026-06-11; inrb-sitrep-030-2026-06-13; inrb-sitrep-031-2026-06-14; inrb-sitrep-032-2026-06-15; inrb-sitrep-033-2026-06-16; inrb-sitrep-034-2026-06-17; inrb-sitrep-035-2026-06-18; inrb-sitrep-036-2026-06-19; inrb-sitrep-037-2026-06-20; inrb-sitrep-038-2026-06-21; inrb-sitrep-039-2026-06-22; inrb-sitrep-040-2026-06-23; inrb-sitrep-041-2026-06-24; inrb-sitrep-042-2026-06-25; inrb-sitrep-044-2026-06-27; inrb-sitrep-046-2026-06-29; inrb-sitrep-047-2026-06-30; inrb-sitrep-048-2026-07-01; inrb-sitrep-049-2026-07-02; inrb-sitrep-050-2026-07-03; inrb-sitrep-051-2026-07-04; inrb-sitrep-052-2026-07-05; inrb-sitrep-053-2026-07-06; inrb-sitrep-054-2026-07-07; inrb-sitrep-055-2026-07-08; inrb-sitrep-056-2026-07-09; inrb-sitrep-057-2026-07-10; inrb-sitrep-058-2026-07-11; inrb-sitrep-059-2026-07-12; inrb-umie-ebola-drc-2026-build-2026-05-28-bb8b7d5; inrb-umie-ebola-drc-2026-build-2026-06-01-b4cafc9; uganda-moh-ebola-update-2026-06-06; uganda-moh-ebola-update-2026-06-20; uganda-moh-ebola-update-2026-06-21; who-daily-epi-bdbv-2026-06-08; who-dg-remarks-bdbv-2026-05-20; who-dg-remarks-bdbv-2026-05-22; who-don602-2026-05-15-live; who-don603-2026-05-21-live; who-don606-bdbv-2026-06-08; who-ihr-ec-bdbv-temporary-recommendations-2026-05-22; who-pheic-2026-05-17-live; wikipedia-2026-ituri-epidemic-2026-05-20-live,"Descriptive watch-point interval, not a forecast or response recommendation."
corridor:184:aungba:arua-uga,aungba,arua-uga,30,0.017097526020025122,0.046803474461278666,0.03424395395706589,0.09230809746716812,0.008807144447770105,0.1774676517136047,zone-attributed confirmed count 6 for this source zone; visibility-adjustment factor 2.02× reflects under-reporting in source zone; raw risk likely understates true hazard,BDBV-CLAIM-050,derived_model_output_with_unsupported_exponent_attribution,pinned_snapshot_model_output,africa-cdc-phecs-2026-05-18-live; afro-sitrep-01-2026-05-18-live; afro-sitrep-01-pdf-2026-05-18-live; cdc-current-situation-2026-05-21; cdc-current-situation-2026-05-23; cdc-current-situation-2026-05-24; cdc-current-situation-2026-05-25; drc-moh-epidemie-dashboard-sitrep-009-graphql-2026-05-24; drc-moh-epidemie-dashboard-sitrep-mve-n-007-mvb-17-2026-pdf-2026-05-22; ecdc-bdbv-drc-uga-2026-05-19-live; ecdc-bdbv-drc-uga-2026-05-21-live; ecdc-bdbv-drc-uga-2026-05-25-live; ecdc-bdbv-drc-uga-2026-05-26-live; ecdc-bdbv-drc-uga-2026-05-27-live; inrb-sitrep-015-2026-05-29; inrb-sitrep-016-2026-05-30; inrb-sitrep-017-2026-05-31; inrb-sitrep-018-2026-06-01; inrb-sitrep-019-2026-06-02; inrb-sitrep-020-2026-06-03; inrb-sitrep-021-2026-06-04; inrb-sitrep-022-2026-06-05; inrb-sitrep-023-2026-06-06; inrb-sitrep-024-2026-06-07; inrb-sitrep-025-2026-06-08; inrb-sitrep-026-2026-06-09; inrb-sitrep-027-2026-06-10; inrb-sitrep-028-2026-06-11; inrb-sitrep-030-2026-06-13; inrb-sitrep-031-2026-06-14; inrb-sitrep-032-2026-06-15; inrb-sitrep-033-2026-06-16; inrb-sitrep-034-2026-06-17; inrb-sitrep-035-2026-06-18; inrb-sitrep-036-2026-06-19; inrb-sitrep-037-2026-06-20; inrb-sitrep-038-2026-06-21; inrb-sitrep-039-2026-06-22; inrb-sitrep-040-2026-06-23; inrb-sitrep-041-2026-06-24; inrb-sitrep-042-2026-06-25; inrb-sitrep-044-2026-06-27; inrb-sitrep-046-2026-06-29; inrb-sitrep-047-2026-06-30; inrb-sitrep-048-2026-07-01; inrb-sitrep-049-2026-07-02; inrb-sitrep-050-2026-07-03; inrb-sitrep-051-2026-07-04; inrb-sitrep-052-2026-07-05; inrb-sitrep-053-2026-07-06; inrb-sitrep-054-2026-07-07; inrb-sitrep-055-2026-07-08; inrb-sitrep-056-2026-07-09; inrb-sitrep-057-2026-07-10; inrb-sitrep-058-2026-07-11; inrb-sitrep-059-2026-07-12; inrb-umie-ebola-drc-2026-build-2026-05-28-bb8b7d5; inrb-umie-ebola-drc-2026-build-2026-06-01-b4cafc9; uganda-moh-ebola-update-2026-06-06; uganda-moh-ebola-update-2026-06-20; uganda-moh-ebola-update-2026-06-21; who-daily-epi-bdbv-2026-06-08; who-dg-remarks-bdbv-2026-05-20; who-dg-remarks-bdbv-2026-05-22; who-don602-2026-05-15-live; who-don603-2026-05-21-live; who-don606-bdbv-2026-06-08; who-ihr-ec-bdbv-temporary-recommendations-2026-05-22; who-pheic-2026-05-17-live; wikipedia-2026-ituri-epidemic-2026-05-20-live,"Descriptive watch-point interval, not a forecast or response recommendation."
corridor:185:aungba:kampala-uga,aungba,kampala-uga,30,0.017104826758714664,0.04657654386516108,0.03425845000428912,0.09187142663099188,0.008335080125736149,0.17378057105026481,zone-attributed confirmed count 6 for this source zone; visibility-adjustment factor 2.02× reflects under-reporting in source zone; raw risk likely understates true hazard,BDBV-CLAIM-050,derived_model_output_with_unsupported_exponent_attribution,pinned_snapshot_model_output,africa-cdc-phecs-2026-05-18-live; afro-sitrep-01-2026-05-18-live; afro-sitrep-01-pdf-2026-05-18-live; cdc-current-situation-2026-05-21; cdc-current-situation-2026-05-23; cdc-current-situation-2026-05-24; cdc-current-situation-2026-05-25; drc-moh-epidemie-dashboard-sitrep-009-graphql-2026-05-24; drc-moh-epidemie-dashboard-sitrep-mve-n-007-mvb-17-2026-pdf-2026-05-22; ecdc-bdbv-drc-uga-2026-05-19-live; ecdc-bdbv-drc-uga-2026-05-21-live; ecdc-bdbv-drc-uga-2026-05-25-live; ecdc-bdbv-drc-uga-2026-05-26-live; ecdc-bdbv-drc-uga-2026-05-27-live; inrb-sitrep-015-2026-05-29; inrb-sitrep-016-2026-05-30; inrb-sitrep-017-2026-05-31; inrb-sitrep-018-2026-06-01; inrb-sitrep-019-2026-06-02; inrb-sitrep-020-2026-06-03; inrb-sitrep-021-2026-06-04; inrb-sitrep-022-2026-06-05; inrb-sitrep-023-2026-06-06; inrb-sitrep-024-2026-06-07; inrb-sitrep-025-2026-06-08; inrb-sitrep-026-2026-06-09; inrb-sitrep-027-2026-06-10; inrb-sitrep-028-2026-06-11; inrb-sitrep-030-2026-06-13; inrb-sitrep-031-2026-06-14; inrb-sitrep-032-2026-06-15; inrb-sitrep-033-2026-06-16; inrb-sitrep-034-2026-06-17; inrb-sitrep-035-2026-06-18; inrb-sitrep-036-2026-06-19; inrb-sitrep-037-2026-06-20; inrb-sitrep-038-2026-06-21; inrb-sitrep-039-2026-06-22; inrb-sitrep-040-2026-06-23; inrb-sitrep-041-2026-06-24; inrb-sitrep-042-2026-06-25; inrb-sitrep-044-2026-06-27; inrb-sitrep-046-2026-06-29; inrb-sitrep-047-2026-06-30; inrb-sitrep-048-2026-07-01; inrb-sitrep-049-2026-07-02; inrb-sitrep-050-2026-07-03; inrb-sitrep-051-2026-07-04; inrb-sitrep-052-2026-07-05; inrb-sitrep-053-2026-07-06; inrb-sitrep-054-2026-07-07; inrb-sitrep-055-2026-07-08; inrb-sitrep-056-2026-07-09; inrb-sitrep-057-2026-07-10; inrb-sitrep-058-2026-07-11; inrb-sitrep-059-2026-07-12; inrb-umie-ebola-drc-2026-build-2026-05-28-bb8b7d5; inrb-umie-ebola-drc-2026-build-2026-06-01-b4cafc9; uganda-moh-ebola-update-2026-06-06; uganda-moh-ebola-update-2026-06-20; uganda-moh-ebola-update-2026-06-21; who-daily-epi-bdbv-2026-06-08; who-dg-remarks-bdbv-2026-05-20; who-dg-remarks-bdbv-2026-05-22; who-don602-2026-05-15-live; who-don603-2026-05-21-live; who-don606-bdbv-2026-06-08; who-ihr-ec-bdbv-temporary-recommendations-2026-05-22; who-pheic-2026-05-17-live; wikipedia-2026-ituri-epidemic-2026-05-20-live,"Descriptive watch-point interval, not a forecast or response recommendation."
corridor:186:aungba:beni-cod,aungba,beni-cod,30,0.016897831096784027,0.04612479038229869,0.033847470919468936,0.09100181493466994,0.009012096768980099,0.2072388388269489,zone-attributed confirmed count 6 for this source zone; visibility-adjustment factor 2.02× reflects under-reporting in source zone; raw risk likely understates true hazard,BDBV-CLAIM-050,derived_model_output_with_unsupported_exponent_attribution,pinned_snapshot_model_output,africa-cdc-phecs-2026-05-18-live; afro-sitrep-01-2026-05-18-live; afro-sitrep-01-pdf-2026-05-18-live; cdc-current-situation-2026-05-21; cdc-current-situation-2026-05-23; cdc-current-situation-2026-05-24; cdc-current-situation-2026-05-25; drc-moh-epidemie-dashboard-sitrep-009-graphql-2026-05-24; drc-moh-epidemie-dashboard-sitrep-mve-n-007-mvb-17-2026-pdf-2026-05-22; ecdc-bdbv-drc-uga-2026-05-19-live; ecdc-bdbv-drc-uga-2026-05-21-live; ecdc-bdbv-drc-uga-2026-05-25-live; ecdc-bdbv-drc-uga-2026-05-26-live; ecdc-bdbv-drc-uga-2026-05-27-live; inrb-sitrep-015-2026-05-29; inrb-sitrep-016-2026-05-30; inrb-sitrep-017-2026-05-31; inrb-sitrep-018-2026-06-01; inrb-sitrep-019-2026-06-02; inrb-sitrep-020-2026-06-03; inrb-sitrep-021-2026-06-04; inrb-sitrep-022-2026-06-05; inrb-sitrep-023-2026-06-06; inrb-sitrep-024-2026-06-07; inrb-sitrep-025-2026-06-08; inrb-sitrep-026-2026-06-09; inrb-sitrep-027-2026-06-10; inrb-sitrep-028-2026-06-11; inrb-sitrep-030-2026-06-13; inrb-sitrep-031-2026-06-14; inrb-sitrep-032-2026-06-15; inrb-sitrep-033-2026-06-16; inrb-sitrep-034-2026-06-17; inrb-sitrep-035-2026-06-18; inrb-sitrep-036-2026-06-19; inrb-sitrep-037-2026-06-20; inrb-sitrep-038-2026-06-21; inrb-sitrep-039-2026-06-22; inrb-sitrep-040-2026-06-23; inrb-sitrep-041-2026-06-24; inrb-sitrep-042-2026-06-25; inrb-sitrep-044-2026-06-27; inrb-sitrep-046-2026-06-29; inrb-sitrep-047-2026-06-30; inrb-sitrep-048-2026-07-01; inrb-sitrep-049-2026-07-02; inrb-sitrep-050-2026-07-03; inrb-sitrep-051-2026-07-04; inrb-sitrep-052-2026-07-05; inrb-sitrep-053-2026-07-06; inrb-sitrep-054-2026-07-07; inrb-sitrep-055-2026-07-08; inrb-sitrep-056-2026-07-09; inrb-sitrep-057-2026-07-10; inrb-sitrep-058-2026-07-11; inrb-sitrep-059-2026-07-12; inrb-umie-ebola-drc-2026-build-2026-05-28-bb8b7d5; inrb-umie-ebola-drc-2026-build-2026-06-01-b4cafc9; uganda-moh-ebola-update-2026-06-06; uganda-moh-ebola-update-2026-06-20; uganda-moh-ebola-update-2026-06-21; who-daily-epi-bdbv-2026-06-08; who-dg-remarks-bdbv-2026-05-20; who-dg-remarks-bdbv-2026-05-22; who-don602-2026-05-15-live; who-don603-2026-05-21-live; who-don606-bdbv-2026-06-08; who-ihr-ec-bdbv-temporary-recommendations-2026-05-22; who-pheic-2026-05-17-live; wikipedia-2026-ituri-epidemic-2026-05-20-live,"Descriptive watch-point interval, not a forecast or response recommendation."
corridor:187:aungba:nebbi-uga,aungba,nebbi-uga,30,0.015460534641412504,0.04580247910836646,0.03099137725380266,0.09038112483861507,0.0066134556954567025,0.1720435909155519,zone-attributed confirmed count 6 for this source zone; visibility-adjustment factor 2.02× reflects under-reporting in source zone; raw risk likely understates true hazard,BDBV-CLAIM-050,derived_model_output_with_unsupported_exponent_attribution,pinned_snapshot_model_output,africa-cdc-phecs-2026-05-18-live; afro-sitrep-01-2026-05-18-live; afro-sitrep-01-pdf-2026-05-18-live; cdc-current-situation-2026-05-21; cdc-current-situation-2026-05-23; cdc-current-situation-2026-05-24; cdc-current-situation-2026-05-25; drc-moh-epidemie-dashboard-sitrep-009-graphql-2026-05-24; drc-moh-epidemie-dashboard-sitrep-mve-n-007-mvb-17-2026-pdf-2026-05-22; ecdc-bdbv-drc-uga-2026-05-19-live; ecdc-bdbv-drc-uga-2026-05-21-live; ecdc-bdbv-drc-uga-2026-05-25-live; ecdc-bdbv-drc-uga-2026-05-26-live; ecdc-bdbv-drc-uga-2026-05-27-live; inrb-sitrep-015-2026-05-29; inrb-sitrep-016-2026-05-30; inrb-sitrep-017-2026-05-31; inrb-sitrep-018-2026-06-01; inrb-sitrep-019-2026-06-02; inrb-sitrep-020-2026-06-03; inrb-sitrep-021-2026-06-04; inrb-sitrep-022-2026-06-05; inrb-sitrep-023-2026-06-06; inrb-sitrep-024-2026-06-07; inrb-sitrep-025-2026-06-08; inrb-sitrep-026-2026-06-09; inrb-sitrep-027-2026-06-10; inrb-sitrep-028-2026-06-11; inrb-sitrep-030-2026-06-13; inrb-sitrep-031-2026-06-14; inrb-sitrep-032-2026-06-15; inrb-sitrep-033-2026-06-16; inrb-sitrep-034-2026-06-17; inrb-sitrep-035-2026-06-18; inrb-sitrep-036-2026-06-19; inrb-sitrep-037-2026-06-20; inrb-sitrep-038-2026-06-21; inrb-sitrep-039-2026-06-22; inrb-sitrep-040-2026-06-23; inrb-sitrep-041-2026-06-24; inrb-sitrep-042-2026-06-25; inrb-sitrep-044-2026-06-27; inrb-sitrep-046-2026-06-29; inrb-sitrep-047-2026-06-30; inrb-sitrep-048-2026-07-01; inrb-sitrep-049-2026-07-02; inrb-sitrep-050-2026-07-03; inrb-sitrep-051-2026-07-04; inrb-sitrep-052-2026-07-05; inrb-sitrep-053-2026-07-06; inrb-sitrep-054-2026-07-07; inrb-sitrep-055-2026-07-08; inrb-sitrep-056-2026-07-09; inrb-sitrep-057-2026-07-10; inrb-sitrep-058-2026-07-11; inrb-sitrep-059-2026-07-12; inrb-umie-ebola-drc-2026-build-2026-05-28-bb8b7d5; inrb-umie-ebola-drc-2026-build-2026-06-01-b4cafc9; uganda-moh-ebola-update-2026-06-06; uganda-moh-ebola-update-2026-06-20; uganda-moh-ebola-update-2026-06-21; who-daily-epi-bdbv-2026-06-08; who-dg-remarks-bdbv-2026-05-20; who-dg-remarks-bdbv-2026-05-22; who-don602-2026-05-15-live; who-don603-2026-05-21-live; who-don606-bdbv-2026-06-08; who-ihr-ec-bdbv-temporary-recommendations-2026-05-22; who-pheic-2026-05-17-live; wikipedia-2026-ituri-epidemic-2026-05-20-live,"Descriptive watch-point interval, not a forecast or response recommendation."
corridor:188:aungba:kasese-uga,aungba,kasese-uga,30,0.017932347954051964,0.04486865405560611,0.03590055797442038,0.08858157077913889,0.010359790331255652,0.18161928477848813,zone-attributed confirmed count 6 for this source zone; visibility-adjustment factor 2.02× reflects under-reporting in source zone; raw risk likely understates true hazard,BDBV-CLAIM-050,derived_model_output_with_unsupported_exponent_attribution,pinned_snapshot_model_output,africa-cdc-phecs-2026-05-18-live; afro-sitrep-01-2026-05-18-live; afro-sitrep-01-pdf-2026-05-18-live; cdc-current-situation-2026-05-21; cdc-current-situation-2026-05-23; cdc-current-situation-2026-05-24; cdc-current-situation-2026-05-25; drc-moh-epidemie-dashboard-sitrep-009-graphql-2026-05-24; drc-moh-epidemie-dashboard-sitrep-mve-n-007-mvb-17-2026-pdf-2026-05-22; ecdc-bdbv-drc-uga-2026-05-19-live; ecdc-bdbv-drc-uga-2026-05-21-live; ecdc-bdbv-drc-uga-2026-05-25-live; ecdc-bdbv-drc-uga-2026-05-26-live; ecdc-bdbv-drc-uga-2026-05-27-live; inrb-sitrep-015-2026-05-29; inrb-sitrep-016-2026-05-30; inrb-sitrep-017-2026-05-31; inrb-sitrep-018-2026-06-01; inrb-sitrep-019-2026-06-02; inrb-sitrep-020-2026-06-03; inrb-sitrep-021-2026-06-04; inrb-sitrep-022-2026-06-05; inrb-sitrep-023-2026-06-06; inrb-sitrep-024-2026-06-07; inrb-sitrep-025-2026-06-08; inrb-sitrep-026-2026-06-09; inrb-sitrep-027-2026-06-10; inrb-sitrep-028-2026-06-11; inrb-sitrep-030-2026-06-13; inrb-sitrep-031-2026-06-14; inrb-sitrep-032-2026-06-15; inrb-sitrep-033-2026-06-16; inrb-sitrep-034-2026-06-17; inrb-sitrep-035-2026-06-18; inrb-sitrep-036-2026-06-19; inrb-sitrep-037-2026-06-20; inrb-sitrep-038-2026-06-21; inrb-sitrep-039-2026-06-22; inrb-sitrep-040-2026-06-23; inrb-sitrep-041-2026-06-24; inrb-sitrep-042-2026-06-25; inrb-sitrep-044-2026-06-27; inrb-sitrep-046-2026-06-29; inrb-sitrep-047-2026-06-30; inrb-sitrep-048-2026-07-01; inrb-sitrep-049-2026-07-02; inrb-sitrep-050-2026-07-03; inrb-sitrep-051-2026-07-04; inrb-sitrep-052-2026-07-05; inrb-sitrep-053-2026-07-06; inrb-sitrep-054-2026-07-07; inrb-sitrep-055-2026-07-08; inrb-sitrep-056-2026-07-09; inrb-sitrep-057-2026-07-10; inrb-sitrep-058-2026-07-11; inrb-sitrep-059-2026-07-12; inrb-umie-ebola-drc-2026-build-2026-05-28-bb8b7d5; inrb-umie-ebola-drc-2026-build-2026-06-01-b4cafc9; uganda-moh-ebola-update-2026-06-06; uganda-moh-ebola-update-2026-06-20; uganda-moh-ebola-update-2026-06-21; who-daily-epi-bdbv-2026-06-08; who-dg-remarks-bdbv-2026-05-20; who-dg-remarks-bdbv-2026-05-22; who-don602-2026-05-15-live; who-don603-2026-05-21-live; who-don606-bdbv-2026-06-08; who-ihr-ec-bdbv-temporary-recommendations-2026-05-22; who-pheic-2026-05-17-live; wikipedia-2026-ituri-epidemic-2026-05-20-live,"Descriptive watch-point interval, not a forecast or response recommendation."
corridor:189:damas:yei-ssd,damas,yei-ssd,30,0.014549144816205117,0.043856160311030096,0.029178118594217595,0.0866284359372542,0.008220077235709031,0.16322256260085916,zone-attributed confirmed count 5 for this source zone; visibility-adjustment factor 2.02× reflects under-reporting in source zone; raw risk likely understates true hazard,BDBV-CLAIM-050,derived_model_output_with_unsupported_exponent_attribution,pinned_snapshot_model_output,africa-cdc-phecs-2026-05-18-live; afro-sitrep-01-2026-05-18-live; afro-sitrep-01-pdf-2026-05-18-live; cdc-current-situation-2026-05-21; cdc-current-situation-2026-05-23; cdc-current-situation-2026-05-24; cdc-current-situation-2026-05-25; drc-moh-epidemie-dashboard-sitrep-009-graphql-2026-05-24; drc-moh-epidemie-dashboard-sitrep-mve-n-007-mvb-17-2026-pdf-2026-05-22; ecdc-bdbv-drc-uga-2026-05-19-live; ecdc-bdbv-drc-uga-2026-05-21-live; ecdc-bdbv-drc-uga-2026-05-25-live; ecdc-bdbv-drc-uga-2026-05-26-live; ecdc-bdbv-drc-uga-2026-05-27-live; inrb-sitrep-015-2026-05-29; inrb-sitrep-016-2026-05-30; inrb-sitrep-017-2026-05-31; inrb-sitrep-018-2026-06-01; inrb-sitrep-019-2026-06-02; inrb-sitrep-020-2026-06-03; inrb-sitrep-021-2026-06-04; inrb-sitrep-022-2026-06-05; inrb-sitrep-023-2026-06-06; inrb-sitrep-024-2026-06-07; inrb-sitrep-025-2026-06-08; inrb-sitrep-026-2026-06-09; inrb-sitrep-027-2026-06-10; inrb-sitrep-028-2026-06-11; inrb-sitrep-030-2026-06-13; inrb-sitrep-031-2026-06-14; inrb-sitrep-032-2026-06-15; inrb-sitrep-033-2026-06-16; inrb-sitrep-034-2026-06-17; inrb-sitrep-035-2026-06-18; inrb-sitrep-036-2026-06-19; inrb-sitrep-037-2026-06-20; inrb-sitrep-038-2026-06-21; inrb-sitrep-039-2026-06-22; inrb-sitrep-040-2026-06-23; inrb-sitrep-041-2026-06-24; inrb-sitrep-042-2026-06-25; inrb-sitrep-044-2026-06-27; inrb-sitrep-046-2026-06-29; inrb-sitrep-047-2026-06-30; inrb-sitrep-048-2026-07-01; inrb-sitrep-049-2026-07-02; inrb-sitrep-050-2026-07-03; inrb-sitrep-051-2026-07-04; inrb-sitrep-052-2026-07-05; inrb-sitrep-053-2026-07-06; inrb-sitrep-054-2026-07-07; inrb-sitrep-055-2026-07-08; inrb-sitrep-056-2026-07-09; inrb-sitrep-057-2026-07-10; inrb-sitrep-058-2026-07-11; inrb-sitrep-059-2026-07-12; inrb-umie-ebola-drc-2026-build-2026-05-28-bb8b7d5; inrb-umie-ebola-drc-2026-build-2026-06-01-b4cafc9; uganda-moh-ebola-update-2026-06-06; uganda-moh-ebola-update-2026-06-20; uganda-moh-ebola-update-2026-06-21; who-daily-epi-bdbv-2026-06-08; who-dg-remarks-bdbv-2026-05-20; who-dg-remarks-bdbv-2026-05-22; who-don602-2026-05-15-live; who-don603-2026-05-21-live; who-don606-bdbv-2026-06-08; who-ihr-ec-bdbv-temporary-recommendations-2026-05-22; who-pheic-2026-05-17-live; wikipedia-2026-ituri-epidemic-2026-05-20-live,"Descriptive watch-point interval, not a forecast or response recommendation."
corridor:190:mambasa:kisangani-cod,mambasa,kisangani-cod,30,0.01485262223737685,0.04186238691273991,0.029782093206348143,0.08277615978426969,0.009019944598328852,0.14408560876758536,zone-attributed confirmed count 5 for this source zone; visibility-adjustment factor 2.02× reflects under-reporting in source zone; raw risk likely understates true hazard,BDBV-CLAIM-050,derived_model_output_with_unsupported_exponent_attribution,pinned_snapshot_model_output,africa-cdc-phecs-2026-05-18-live; afro-sitrep-01-2026-05-18-live; afro-sitrep-01-pdf-2026-05-18-live; cdc-current-situation-2026-05-21; cdc-current-situation-2026-05-23; cdc-current-situation-2026-05-24; cdc-current-situation-2026-05-25; drc-moh-epidemie-dashboard-sitrep-009-graphql-2026-05-24; drc-moh-epidemie-dashboard-sitrep-mve-n-007-mvb-17-2026-pdf-2026-05-22; ecdc-bdbv-drc-uga-2026-05-19-live; ecdc-bdbv-drc-uga-2026-05-21-live; ecdc-bdbv-drc-uga-2026-05-25-live; ecdc-bdbv-drc-uga-2026-05-26-live; ecdc-bdbv-drc-uga-2026-05-27-live; inrb-sitrep-015-2026-05-29; inrb-sitrep-016-2026-05-30; inrb-sitrep-017-2026-05-31; inrb-sitrep-018-2026-06-01; inrb-sitrep-019-2026-06-02; inrb-sitrep-020-2026-06-03; inrb-sitrep-021-2026-06-04; inrb-sitrep-022-2026-06-05; inrb-sitrep-023-2026-06-06; inrb-sitrep-024-2026-06-07; inrb-sitrep-025-2026-06-08; inrb-sitrep-026-2026-06-09; inrb-sitrep-027-2026-06-10; inrb-sitrep-028-2026-06-11; inrb-sitrep-030-2026-06-13; inrb-sitrep-031-2026-06-14; inrb-sitrep-032-2026-06-15; inrb-sitrep-033-2026-06-16; inrb-sitrep-034-2026-06-17; inrb-sitrep-035-2026-06-18; inrb-sitrep-036-2026-06-19; inrb-sitrep-037-2026-06-20; inrb-sitrep-038-2026-06-21; inrb-sitrep-039-2026-06-22; inrb-sitrep-040-2026-06-23; inrb-sitrep-041-2026-06-24; inrb-sitrep-042-2026-06-25; inrb-sitrep-044-2026-06-27; inrb-sitrep-046-2026-06-29; inrb-sitrep-047-2026-06-30; inrb-sitrep-048-2026-07-01; inrb-sitrep-049-2026-07-02; inrb-sitrep-050-2026-07-03; inrb-sitrep-051-2026-07-04; inrb-sitrep-052-2026-07-05; inrb-sitrep-053-2026-07-06; inrb-sitrep-054-2026-07-07; inrb-sitrep-055-2026-07-08; inrb-sitrep-056-2026-07-09; inrb-sitrep-057-2026-07-10; inrb-sitrep-058-2026-07-11; inrb-sitrep-059-2026-07-12; inrb-umie-ebola-drc-2026-build-2026-05-28-bb8b7d5; inrb-umie-ebola-drc-2026-build-2026-06-01-b4cafc9; uganda-moh-ebola-update-2026-06-06; uganda-moh-ebola-update-2026-06-20; uganda-moh-ebola-update-2026-06-21; who-daily-epi-bdbv-2026-06-08; who-dg-remarks-bdbv-2026-05-20; who-dg-remarks-bdbv-2026-05-22; who-don602-2026-05-15-live; who-don603-2026-05-21-live; who-don606-bdbv-2026-06-08; who-ihr-ec-bdbv-temporary-recommendations-2026-05-22; who-pheic-2026-05-17-live; wikipedia-2026-ituri-epidemic-2026-05-20-live,"Descriptive watch-point interval, not a forecast or response recommendation."
corridor:191:damas:kisangani-cod,damas,kisangani-cod,30,0.014175228478296081,0.04103706390239506,0.02843369797187048,0.08117911251174373,0.008323222319277682,0.15161714631507545,zone-attributed confirmed count 5 for this source zone; visibility-adjustment factor 2.02× reflects under-reporting in source zone; raw risk likely understates true hazard,BDBV-CLAIM-050,derived_model_output_with_unsupported_exponent_attribution,pinned_snapshot_model_output,africa-cdc-phecs-2026-05-18-live; afro-sitrep-01-2026-05-18-live; afro-sitrep-01-pdf-2026-05-18-live; cdc-current-situation-2026-05-21; cdc-current-situation-2026-05-23; cdc-current-situation-2026-05-24; cdc-current-situation-2026-05-25; drc-moh-epidemie-dashboard-sitrep-009-graphql-2026-05-24; drc-moh-epidemie-dashboard-sitrep-mve-n-007-mvb-17-2026-pdf-2026-05-22; ecdc-bdbv-drc-uga-2026-05-19-live; ecdc-bdbv-drc-uga-2026-05-21-live; ecdc-bdbv-drc-uga-2026-05-25-live; ecdc-bdbv-drc-uga-2026-05-26-live; ecdc-bdbv-drc-uga-2026-05-27-live; inrb-sitrep-015-2026-05-29; inrb-sitrep-016-2026-05-30; inrb-sitrep-017-2026-05-31; inrb-sitrep-018-2026-06-01; inrb-sitrep-019-2026-06-02; inrb-sitrep-020-2026-06-03; inrb-sitrep-021-2026-06-04; inrb-sitrep-022-2026-06-05; inrb-sitrep-023-2026-06-06; inrb-sitrep-024-2026-06-07; inrb-sitrep-025-2026-06-08; inrb-sitrep-026-2026-06-09; inrb-sitrep-027-2026-06-10; inrb-sitrep-028-2026-06-11; inrb-sitrep-030-2026-06-13; inrb-sitrep-031-2026-06-14; inrb-sitrep-032-2026-06-15; inrb-sitrep-033-2026-06-16; inrb-sitrep-034-2026-06-17; inrb-sitrep-035-2026-06-18; inrb-sitrep-036-2026-06-19; inrb-sitrep-037-2026-06-20; inrb-sitrep-038-2026-06-21; inrb-sitrep-039-2026-06-22; inrb-sitrep-040-2026-06-23; inrb-sitrep-041-2026-06-24; inrb-sitrep-042-2026-06-25; inrb-sitrep-044-2026-06-27; inrb-sitrep-046-2026-06-29; inrb-sitrep-047-2026-06-30; inrb-sitrep-048-2026-07-01; inrb-sitrep-049-2026-07-02; inrb-sitrep-050-2026-07-03; inrb-sitrep-051-2026-07-04; inrb-sitrep-052-2026-07-05; inrb-sitrep-053-2026-07-06; inrb-sitrep-054-2026-07-07; inrb-sitrep-055-2026-07-08; inrb-sitrep-056-2026-07-09; inrb-sitrep-057-2026-07-10; inrb-sitrep-058-2026-07-11; inrb-sitrep-059-2026-07-12; inrb-umie-ebola-drc-2026-build-2026-05-28-bb8b7d5; inrb-umie-ebola-drc-2026-build-2026-06-01-b4cafc9; uganda-moh-ebola-update-2026-06-06; uganda-moh-ebola-update-2026-06-20; uganda-moh-ebola-update-2026-06-21; who-daily-epi-bdbv-2026-06-08; who-dg-remarks-bdbv-2026-05-20; who-dg-remarks-bdbv-2026-05-22; who-don602-2026-05-15-live; who-don603-2026-05-21-live; who-don606-bdbv-2026-06-08; who-ihr-ec-bdbv-temporary-recommendations-2026-05-22; who-pheic-2026-05-17-live; wikipedia-2026-ituri-epidemic-2026-05-20-live,"Descriptive watch-point interval, not a forecast or response recommendation."
corridor:192:mambasa:yei-ssd,mambasa,yei-ssd,30,0.01430546482129108,0.04068938320267776,0.028693015966659408,0.08050591039746532,0.007124798107897542,0.14637945639782418,zone-attributed confirmed count 5 for this source zone; visibility-adjustment factor 2.02× reflects under-reporting in source zone; raw risk likely understates true hazard,BDBV-CLAIM-050,derived_model_output_with_unsupported_exponent_attribution,pinned_snapshot_model_output,africa-cdc-phecs-2026-05-18-live; afro-sitrep-01-2026-05-18-live; afro-sitrep-01-pdf-2026-05-18-live; cdc-current-situation-2026-05-21; cdc-current-situation-2026-05-23; cdc-current-situation-2026-05-24; cdc-current-situation-2026-05-25; drc-moh-epidemie-dashboard-sitrep-009-graphql-2026-05-24; drc-moh-epidemie-dashboard-sitrep-mve-n-007-mvb-17-2026-pdf-2026-05-22; ecdc-bdbv-drc-uga-2026-05-19-live; ecdc-bdbv-drc-uga-2026-05-21-live; ecdc-bdbv-drc-uga-2026-05-25-live; ecdc-bdbv-drc-uga-2026-05-26-live; ecdc-bdbv-drc-uga-2026-05-27-live; inrb-sitrep-015-2026-05-29; inrb-sitrep-016-2026-05-30; inrb-sitrep-017-2026-05-31; inrb-sitrep-018-2026-06-01; inrb-sitrep-019-2026-06-02; inrb-sitrep-020-2026-06-03; inrb-sitrep-021-2026-06-04; inrb-sitrep-022-2026-06-05; inrb-sitrep-023-2026-06-06; inrb-sitrep-024-2026-06-07; inrb-sitrep-025-2026-06-08; inrb-sitrep-026-2026-06-09; inrb-sitrep-027-2026-06-10; inrb-sitrep-028-2026-06-11; inrb-sitrep-030-2026-06-13; inrb-sitrep-031-2026-06-14; inrb-sitrep-032-2026-06-15; inrb-sitrep-033-2026-06-16; inrb-sitrep-034-2026-06-17; inrb-sitrep-035-2026-06-18; inrb-sitrep-036-2026-06-19; inrb-sitrep-037-2026-06-20; inrb-sitrep-038-2026-06-21; inrb-sitrep-039-2026-06-22; inrb-sitrep-040-2026-06-23; inrb-sitrep-041-2026-06-24; inrb-sitrep-042-2026-06-25; inrb-sitrep-044-2026-06-27; inrb-sitrep-046-2026-06-29; inrb-sitrep-047-2026-06-30; inrb-sitrep-048-2026-07-01; inrb-sitrep-049-2026-07-02; inrb-sitrep-050-2026-07-03; inrb-sitrep-051-2026-07-04; inrb-sitrep-052-2026-07-05; inrb-sitrep-053-2026-07-06; inrb-sitrep-054-2026-07-07; inrb-sitrep-055-2026-07-08; inrb-sitrep-056-2026-07-09; inrb-sitrep-057-2026-07-10; inrb-sitrep-058-2026-07-11; inrb-sitrep-059-2026-07-12; inrb-umie-ebola-drc-2026-build-2026-05-28-bb8b7d5; inrb-umie-ebola-drc-2026-build-2026-06-01-b4cafc9; uganda-moh-ebola-update-2026-06-06; uganda-moh-ebola-update-2026-06-20; uganda-moh-ebola-update-2026-06-21; who-daily-epi-bdbv-2026-06-08; who-dg-remarks-bdbv-2026-05-20; who-dg-remarks-bdbv-2026-05-22; who-don602-2026-05-15-live; who-don603-2026-05-21-live; who-don606-bdbv-2026-06-08; who-ihr-ec-bdbv-temporary-recommendations-2026-05-22; who-pheic-2026-05-17-live; wikipedia-2026-ituri-epidemic-2026-05-20-live,"Descriptive watch-point interval, not a forecast or response recommendation."
corridor:193:damas:beni-cod,damas,beni-cod,30,0.014989547695675787,0.04041036670239795,0.030054535622077133,0.07996547310210247,0.00906693457678818,0.1537005566866057,zone-attributed confirmed count 5 for this source zone; visibility-adjustment factor 2.02× reflects under-reporting in source zone; raw risk likely understates true hazard,BDBV-CLAIM-050,derived_model_output_with_unsupported_exponent_attribution,pinned_snapshot_model_output,africa-cdc-phecs-2026-05-18-live; afro-sitrep-01-2026-05-18-live; afro-sitrep-01-pdf-2026-05-18-live; cdc-current-situation-2026-05-21; cdc-current-situation-2026-05-23; cdc-current-situation-2026-05-24; cdc-current-situation-2026-05-25; drc-moh-epidemie-dashboard-sitrep-009-graphql-2026-05-24; drc-moh-epidemie-dashboard-sitrep-mve-n-007-mvb-17-2026-pdf-2026-05-22; ecdc-bdbv-drc-uga-2026-05-19-live; ecdc-bdbv-drc-uga-2026-05-21-live; ecdc-bdbv-drc-uga-2026-05-25-live; ecdc-bdbv-drc-uga-2026-05-26-live; ecdc-bdbv-drc-uga-2026-05-27-live; inrb-sitrep-015-2026-05-29; inrb-sitrep-016-2026-05-30; inrb-sitrep-017-2026-05-31; inrb-sitrep-018-2026-06-01; inrb-sitrep-019-2026-06-02; inrb-sitrep-020-2026-06-03; inrb-sitrep-021-2026-06-04; inrb-sitrep-022-2026-06-05; inrb-sitrep-023-2026-06-06; inrb-sitrep-024-2026-06-07; inrb-sitrep-025-2026-06-08; inrb-sitrep-026-2026-06-09; inrb-sitrep-027-2026-06-10; inrb-sitrep-028-2026-06-11; inrb-sitrep-030-2026-06-13; inrb-sitrep-031-2026-06-14; inrb-sitrep-032-2026-06-15; inrb-sitrep-033-2026-06-16; inrb-sitrep-034-2026-06-17; inrb-sitrep-035-2026-06-18; inrb-sitrep-036-2026-06-19; inrb-sitrep-037-2026-06-20; inrb-sitrep-038-2026-06-21; inrb-sitrep-039-2026-06-22; inrb-sitrep-040-2026-06-23; inrb-sitrep-041-2026-06-24; inrb-sitrep-042-2026-06-25; inrb-sitrep-044-2026-06-27; inrb-sitrep-046-2026-06-29; inrb-sitrep-047-2026-06-30; inrb-sitrep-048-2026-07-01; inrb-sitrep-049-2026-07-02; inrb-sitrep-050-2026-07-03; inrb-sitrep-051-2026-07-04; inrb-sitrep-052-2026-07-05; inrb-sitrep-053-2026-07-06; inrb-sitrep-054-2026-07-07; inrb-sitrep-055-2026-07-08; inrb-sitrep-056-2026-07-09; inrb-sitrep-057-2026-07-10; inrb-sitrep-058-2026-07-11; inrb-sitrep-059-2026-07-12; inrb-umie-ebola-drc-2026-build-2026-05-28-bb8b7d5; inrb-umie-ebola-drc-2026-build-2026-06-01-b4cafc9; uganda-moh-ebola-update-2026-06-06; uganda-moh-ebola-update-2026-06-20; uganda-moh-ebola-update-2026-06-21; who-daily-epi-bdbv-2026-06-08; who-dg-remarks-bdbv-2026-05-20; who-dg-remarks-bdbv-2026-05-22; who-don602-2026-05-15-live; who-don603-2026-05-21-live; who-don606-bdbv-2026-06-08; who-ihr-ec-bdbv-temporary-recommendations-2026-05-22; who-pheic-2026-05-17-live; wikipedia-2026-ituri-epidemic-2026-05-20-live,"Descriptive watch-point interval, not a forecast or response recommendation."
corridor:194:mambasa:nebbi-uga,mambasa,nebbi-uga,30,0.01497121653904529,0.040318905845144026,0.03001804784724868,0.07978828886354408,0.008071632059804018,0.15954960408422814,zone-attributed confirmed count 5 for this source zone; visibility-adjustment factor 2.02× reflects under-reporting in source zone; raw risk likely understates true hazard,BDBV-CLAIM-050,derived_model_output_with_unsupported_exponent_attribution,pinned_snapshot_model_output,africa-cdc-phecs-2026-05-18-live; afro-sitrep-01-2026-05-18-live; afro-sitrep-01-pdf-2026-05-18-live; cdc-current-situation-2026-05-21; cdc-current-situation-2026-05-23; cdc-current-situation-2026-05-24; cdc-current-situation-2026-05-25; drc-moh-epidemie-dashboard-sitrep-009-graphql-2026-05-24; drc-moh-epidemie-dashboard-sitrep-mve-n-007-mvb-17-2026-pdf-2026-05-22; ecdc-bdbv-drc-uga-2026-05-19-live; ecdc-bdbv-drc-uga-2026-05-21-live; ecdc-bdbv-drc-uga-2026-05-25-live; ecdc-bdbv-drc-uga-2026-05-26-live; ecdc-bdbv-drc-uga-2026-05-27-live; inrb-sitrep-015-2026-05-29; inrb-sitrep-016-2026-05-30; inrb-sitrep-017-2026-05-31; inrb-sitrep-018-2026-06-01; inrb-sitrep-019-2026-06-02; inrb-sitrep-020-2026-06-03; inrb-sitrep-021-2026-06-04; inrb-sitrep-022-2026-06-05; inrb-sitrep-023-2026-06-06; inrb-sitrep-024-2026-06-07; inrb-sitrep-025-2026-06-08; inrb-sitrep-026-2026-06-09; inrb-sitrep-027-2026-06-10; inrb-sitrep-028-2026-06-11; inrb-sitrep-030-2026-06-13; inrb-sitrep-031-2026-06-14; inrb-sitrep-032-2026-06-15; inrb-sitrep-033-2026-06-16; inrb-sitrep-034-2026-06-17; inrb-sitrep-035-2026-06-18; inrb-sitrep-036-2026-06-19; inrb-sitrep-037-2026-06-20; inrb-sitrep-038-2026-06-21; inrb-sitrep-039-2026-06-22; inrb-sitrep-040-2026-06-23; inrb-sitrep-041-2026-06-24; inrb-sitrep-042-2026-06-25; inrb-sitrep-044-2026-06-27; inrb-sitrep-046-2026-06-29; inrb-sitrep-047-2026-06-30; inrb-sitrep-048-2026-07-01; inrb-sitrep-049-2026-07-02; inrb-sitrep-050-2026-07-03; inrb-sitrep-051-2026-07-04; inrb-sitrep-052-2026-07-05; inrb-sitrep-053-2026-07-06; inrb-sitrep-054-2026-07-07; inrb-sitrep-055-2026-07-08; inrb-sitrep-056-2026-07-09; inrb-sitrep-057-2026-07-10; inrb-sitrep-058-2026-07-11; inrb-sitrep-059-2026-07-12; inrb-umie-ebola-drc-2026-build-2026-05-28-bb8b7d5; inrb-umie-ebola-drc-2026-build-2026-06-01-b4cafc9; uganda-moh-ebola-update-2026-06-06; uganda-moh-ebola-update-2026-06-20; uganda-moh-ebola-update-2026-06-21; who-daily-epi-bdbv-2026-06-08; who-dg-remarks-bdbv-2026-05-20; who-dg-remarks-bdbv-2026-05-22; who-don602-2026-05-15-live; who-don603-2026-05-21-live; who-don606-bdbv-2026-06-08; who-ihr-ec-bdbv-temporary-recommendations-2026-05-22; who-pheic-2026-05-17-live; wikipedia-2026-ituri-epidemic-2026-05-20-live,"Descriptive watch-point interval, not a forecast or response recommendation."
corridor:195:mambasa:beni-cod,mambasa,beni-cod,30,0.01586437751582173,0.0403173535554508,0.03179429493947811,0.07978528537289628,0.008576844603821094,0.15963242322263316,zone-attributed confirmed count 5 for this source zone; visibility-adjustment factor 2.02× reflects under-reporting in source zone; raw risk likely understates true hazard,BDBV-CLAIM-050,derived_model_output_with_unsupported_exponent_attribution,pinned_snapshot_model_output,africa-cdc-phecs-2026-05-18-live; afro-sitrep-01-2026-05-18-live; afro-sitrep-01-pdf-2026-05-18-live; cdc-current-situation-2026-05-21; cdc-current-situation-2026-05-23; cdc-current-situation-2026-05-24; cdc-current-situation-2026-05-25; drc-moh-epidemie-dashboard-sitrep-009-graphql-2026-05-24; drc-moh-epidemie-dashboard-sitrep-mve-n-007-mvb-17-2026-pdf-2026-05-22; ecdc-bdbv-drc-uga-2026-05-19-live; ecdc-bdbv-drc-uga-2026-05-21-live; ecdc-bdbv-drc-uga-2026-05-25-live; ecdc-bdbv-drc-uga-2026-05-26-live; ecdc-bdbv-drc-uga-2026-05-27-live; inrb-sitrep-015-2026-05-29; inrb-sitrep-016-2026-05-30; inrb-sitrep-017-2026-05-31; inrb-sitrep-018-2026-06-01; inrb-sitrep-019-2026-06-02; inrb-sitrep-020-2026-06-03; inrb-sitrep-021-2026-06-04; inrb-sitrep-022-2026-06-05; inrb-sitrep-023-2026-06-06; inrb-sitrep-024-2026-06-07; inrb-sitrep-025-2026-06-08; inrb-sitrep-026-2026-06-09; inrb-sitrep-027-2026-06-10; inrb-sitrep-028-2026-06-11; inrb-sitrep-030-2026-06-13; inrb-sitrep-031-2026-06-14; inrb-sitrep-032-2026-06-15; inrb-sitrep-033-2026-06-16; inrb-sitrep-034-2026-06-17; inrb-sitrep-035-2026-06-18; inrb-sitrep-036-2026-06-19; inrb-sitrep-037-2026-06-20; inrb-sitrep-038-2026-06-21; inrb-sitrep-039-2026-06-22; inrb-sitrep-040-2026-06-23; inrb-sitrep-041-2026-06-24; inrb-sitrep-042-2026-06-25; inrb-sitrep-044-2026-06-27; inrb-sitrep-046-2026-06-29; inrb-sitrep-047-2026-06-30; inrb-sitrep-048-2026-07-01; inrb-sitrep-049-2026-07-02; inrb-sitrep-050-2026-07-03; inrb-sitrep-051-2026-07-04; inrb-sitrep-052-2026-07-05; inrb-sitrep-053-2026-07-06; inrb-sitrep-054-2026-07-07; inrb-sitrep-055-2026-07-08; inrb-sitrep-056-2026-07-09; inrb-sitrep-057-2026-07-10; inrb-sitrep-058-2026-07-11; inrb-sitrep-059-2026-07-12; inrb-umie-ebola-drc-2026-build-2026-05-28-bb8b7d5; inrb-umie-ebola-drc-2026-build-2026-06-01-b4cafc9; uganda-moh-ebola-update-2026-06-06; uganda-moh-ebola-update-2026-06-20; uganda-moh-ebola-update-2026-06-21; who-daily-epi-bdbv-2026-06-08; who-dg-remarks-bdbv-2026-05-20; who-dg-remarks-bdbv-2026-05-22; who-don602-2026-05-15-live; who-don603-2026-05-21-live; who-don606-bdbv-2026-06-08; who-ihr-ec-bdbv-temporary-recommendations-2026-05-22; who-pheic-2026-05-17-live; wikipedia-2026-ituri-epidemic-2026-05-20-live,"Descriptive watch-point interval, not a forecast or response recommendation."
corridor:196:damas:kasese-uga,damas,kasese-uga,30,0.014370383605226716,0.04007335520322575,0.028822258197230555,0.07931250022370273,0.006726745874485946,0.14400533273924393,zone-attributed confirmed count 5 for this source zone; visibility-adjustment factor 2.02× reflects under-reporting in source zone; raw risk likely understates true hazard,BDBV-CLAIM-050,derived_model_output_with_unsupported_exponent_attribution,pinned_snapshot_model_output,africa-cdc-phecs-2026-05-18-live; afro-sitrep-01-2026-05-18-live; afro-sitrep-01-pdf-2026-05-18-live; cdc-current-situation-2026-05-21; cdc-current-situation-2026-05-23; cdc-current-situation-2026-05-24; cdc-current-situation-2026-05-25; drc-moh-epidemie-dashboard-sitrep-009-graphql-2026-05-24; drc-moh-epidemie-dashboard-sitrep-mve-n-007-mvb-17-2026-pdf-2026-05-22; ecdc-bdbv-drc-uga-2026-05-19-live; ecdc-bdbv-drc-uga-2026-05-21-live; ecdc-bdbv-drc-uga-2026-05-25-live; ecdc-bdbv-drc-uga-2026-05-26-live; ecdc-bdbv-drc-uga-2026-05-27-live; inrb-sitrep-015-2026-05-29; inrb-sitrep-016-2026-05-30; inrb-sitrep-017-2026-05-31; inrb-sitrep-018-2026-06-01; inrb-sitrep-019-2026-06-02; inrb-sitrep-020-2026-06-03; inrb-sitrep-021-2026-06-04; inrb-sitrep-022-2026-06-05; inrb-sitrep-023-2026-06-06; inrb-sitrep-024-2026-06-07; inrb-sitrep-025-2026-06-08; inrb-sitrep-026-2026-06-09; inrb-sitrep-027-2026-06-10; inrb-sitrep-028-2026-06-11; inrb-sitrep-030-2026-06-13; inrb-sitrep-031-2026-06-14; inrb-sitrep-032-2026-06-15; inrb-sitrep-033-2026-06-16; inrb-sitrep-034-2026-06-17; inrb-sitrep-035-2026-06-18; inrb-sitrep-036-2026-06-19; inrb-sitrep-037-2026-06-20; inrb-sitrep-038-2026-06-21; inrb-sitrep-039-2026-06-22; inrb-sitrep-040-2026-06-23; inrb-sitrep-041-2026-06-24; inrb-sitrep-042-2026-06-25; inrb-sitrep-044-2026-06-27; inrb-sitrep-046-2026-06-29; inrb-sitrep-047-2026-06-30; inrb-sitrep-048-2026-07-01; inrb-sitrep-049-2026-07-02; inrb-sitrep-050-2026-07-03; inrb-sitrep-051-2026-07-04; inrb-sitrep-052-2026-07-05; inrb-sitrep-053-2026-07-06; inrb-sitrep-054-2026-07-07; inrb-sitrep-055-2026-07-08; inrb-sitrep-056-2026-07-09; inrb-sitrep-057-2026-07-10; inrb-sitrep-058-2026-07-11; inrb-sitrep-059-2026-07-12; inrb-umie-ebola-drc-2026-build-2026-05-28-bb8b7d5; inrb-umie-ebola-drc-2026-build-2026-06-01-b4cafc9; uganda-moh-ebola-update-2026-06-06; uganda-moh-ebola-update-2026-06-20; uganda-moh-ebola-update-2026-06-21; who-daily-epi-bdbv-2026-06-08; who-dg-remarks-bdbv-2026-05-20; who-dg-remarks-bdbv-2026-05-22; who-don602-2026-05-15-live; who-don603-2026-05-21-live; who-don606-bdbv-2026-06-08; who-ihr-ec-bdbv-temporary-recommendations-2026-05-22; who-pheic-2026-05-17-live; wikipedia-2026-ituri-epidemic-2026-05-20-live,"Descriptive watch-point interval, not a forecast or response recommendation."
corridor:197:damas:nebbi-uga,damas,nebbi-uga,30,0.014295968465813852,0.03995285885450814,0.028674109089296296,0.07907897966803523,0.008080136386200438,0.1408876753685481,zone-attributed confirmed count 5 for this source zone; visibility-adjustment factor 2.02× reflects under-reporting in source zone; raw risk likely understates true hazard,BDBV-CLAIM-050,derived_model_output_with_unsupported_exponent_attribution,pinned_snapshot_model_output,africa-cdc-phecs-2026-05-18-live; afro-sitrep-01-2026-05-18-live; afro-sitrep-01-pdf-2026-05-18-live; cdc-current-situation-2026-05-21; cdc-current-situation-2026-05-23; cdc-current-situation-2026-05-24; cdc-current-situation-2026-05-25; drc-moh-epidemie-dashboard-sitrep-009-graphql-2026-05-24; drc-moh-epidemie-dashboard-sitrep-mve-n-007-mvb-17-2026-pdf-2026-05-22; ecdc-bdbv-drc-uga-2026-05-19-live; ecdc-bdbv-drc-uga-2026-05-21-live; ecdc-bdbv-drc-uga-2026-05-25-live; ecdc-bdbv-drc-uga-2026-05-26-live; ecdc-bdbv-drc-uga-2026-05-27-live; inrb-sitrep-015-2026-05-29; inrb-sitrep-016-2026-05-30; inrb-sitrep-017-2026-05-31; inrb-sitrep-018-2026-06-01; inrb-sitrep-019-2026-06-02; inrb-sitrep-020-2026-06-03; inrb-sitrep-021-2026-06-04; inrb-sitrep-022-2026-06-05; inrb-sitrep-023-2026-06-06; inrb-sitrep-024-2026-06-07; inrb-sitrep-025-2026-06-08; inrb-sitrep-026-2026-06-09; inrb-sitrep-027-2026-06-10; inrb-sitrep-028-2026-06-11; inrb-sitrep-030-2026-06-13; inrb-sitrep-031-2026-06-14; inrb-sitrep-032-2026-06-15; inrb-sitrep-033-2026-06-16; inrb-sitrep-034-2026-06-17; inrb-sitrep-035-2026-06-18; inrb-sitrep-036-2026-06-19; inrb-sitrep-037-2026-06-20; inrb-sitrep-038-2026-06-21; inrb-sitrep-039-2026-06-22; inrb-sitrep-040-2026-06-23; inrb-sitrep-041-2026-06-24; inrb-sitrep-042-2026-06-25; inrb-sitrep-044-2026-06-27; inrb-sitrep-046-2026-06-29; inrb-sitrep-047-2026-06-30; inrb-sitrep-048-2026-07-01; inrb-sitrep-049-2026-07-02; inrb-sitrep-050-2026-07-03; inrb-sitrep-051-2026-07-04; inrb-sitrep-052-2026-07-05; inrb-sitrep-053-2026-07-06; inrb-sitrep-054-2026-07-07; inrb-sitrep-055-2026-07-08; inrb-sitrep-056-2026-07-09; inrb-sitrep-057-2026-07-10; inrb-sitrep-058-2026-07-11; inrb-sitrep-059-2026-07-12; inrb-umie-ebola-drc-2026-build-2026-05-28-bb8b7d5; inrb-umie-ebola-drc-2026-build-2026-06-01-b4cafc9; uganda-moh-ebola-update-2026-06-06; uganda-moh-ebola-update-2026-06-20; uganda-moh-ebola-update-2026-06-21; who-daily-epi-bdbv-2026-06-08; who-dg-remarks-bdbv-2026-05-20; who-dg-remarks-bdbv-2026-05-22; who-don602-2026-05-15-live; who-don603-2026-05-21-live; who-don606-bdbv-2026-06-08; who-ihr-ec-bdbv-temporary-recommendations-2026-05-22; who-pheic-2026-05-17-live; wikipedia-2026-ituri-epidemic-2026-05-20-live,"Descriptive watch-point interval, not a forecast or response recommendation."
corridor:198:damas:arua-uga,damas,arua-uga,30,0.012576505369805091,0.03982712742921779,0.025247588567917145,0.07883527803363305,0.006674450173372529,0.15374293101224276,zone-attributed confirmed count 5 for this source zone; visibility-adjustment factor 2.02× reflects under-reporting in source zone; raw risk likely understates true hazard,BDBV-CLAIM-050,derived_model_output_with_unsupported_exponent_attribution,pinned_snapshot_model_output,africa-cdc-phecs-2026-05-18-live; afro-sitrep-01-2026-05-18-live; afro-sitrep-01-pdf-2026-05-18-live; cdc-current-situation-2026-05-21; cdc-current-situation-2026-05-23; cdc-current-situation-2026-05-24; cdc-current-situation-2026-05-25; drc-moh-epidemie-dashboard-sitrep-009-graphql-2026-05-24; drc-moh-epidemie-dashboard-sitrep-mve-n-007-mvb-17-2026-pdf-2026-05-22; ecdc-bdbv-drc-uga-2026-05-19-live; ecdc-bdbv-drc-uga-2026-05-21-live; ecdc-bdbv-drc-uga-2026-05-25-live; ecdc-bdbv-drc-uga-2026-05-26-live; ecdc-bdbv-drc-uga-2026-05-27-live; inrb-sitrep-015-2026-05-29; inrb-sitrep-016-2026-05-30; inrb-sitrep-017-2026-05-31; inrb-sitrep-018-2026-06-01; inrb-sitrep-019-2026-06-02; inrb-sitrep-020-2026-06-03; inrb-sitrep-021-2026-06-04; inrb-sitrep-022-2026-06-05; inrb-sitrep-023-2026-06-06; inrb-sitrep-024-2026-06-07; inrb-sitrep-025-2026-06-08; inrb-sitrep-026-2026-06-09; inrb-sitrep-027-2026-06-10; inrb-sitrep-028-2026-06-11; inrb-sitrep-030-2026-06-13; inrb-sitrep-031-2026-06-14; inrb-sitrep-032-2026-06-15; inrb-sitrep-033-2026-06-16; inrb-sitrep-034-2026-06-17; inrb-sitrep-035-2026-06-18; inrb-sitrep-036-2026-06-19; inrb-sitrep-037-2026-06-20; inrb-sitrep-038-2026-06-21; inrb-sitrep-039-2026-06-22; inrb-sitrep-040-2026-06-23; inrb-sitrep-041-2026-06-24; inrb-sitrep-042-2026-06-25; inrb-sitrep-044-2026-06-27; inrb-sitrep-046-2026-06-29; inrb-sitrep-047-2026-06-30; inrb-sitrep-048-2026-07-01; inrb-sitrep-049-2026-07-02; inrb-sitrep-050-2026-07-03; inrb-sitrep-051-2026-07-04; inrb-sitrep-052-2026-07-05; inrb-sitrep-053-2026-07-06; inrb-sitrep-054-2026-07-07; inrb-sitrep-055-2026-07-08; inrb-sitrep-056-2026-07-09; inrb-sitrep-057-2026-07-10; inrb-sitrep-058-2026-07-11; inrb-sitrep-059-2026-07-12; inrb-umie-ebola-drc-2026-build-2026-05-28-bb8b7d5; inrb-umie-ebola-drc-2026-build-2026-06-01-b4cafc9; uganda-moh-ebola-update-2026-06-06; uganda-moh-ebola-update-2026-06-20; uganda-moh-ebola-update-2026-06-21; who-daily-epi-bdbv-2026-06-08; who-dg-remarks-bdbv-2026-05-20; who-dg-remarks-bdbv-2026-05-22; who-don602-2026-05-15-live; who-don603-2026-05-21-live; who-don606-bdbv-2026-06-08; who-ihr-ec-bdbv-temporary-recommendations-2026-05-22; who-pheic-2026-05-17-live; wikipedia-2026-ituri-epidemic-2026-05-20-live,"Descriptive watch-point interval, not a forecast or response recommendation."
corridor:199:damas:kampala-uga,damas,kampala-uga,30,0.014766832606081748,0.03981632669494342,0.02961136890189639,0.07881434296757076,0.007850013907377463,0.1511858035112109,zone-attributed confirmed count 5 for this source zone; visibility-adjustment factor 2.02× reflects under-reporting in source zone; raw risk likely understates true hazard,BDBV-CLAIM-050,derived_model_output_with_unsupported_exponent_attribution,pinned_snapshot_model_output,africa-cdc-phecs-2026-05-18-live; afro-sitrep-01-2026-05-18-live; afro-sitrep-01-pdf-2026-05-18-live; cdc-current-situation-2026-05-21; cdc-current-situation-2026-05-23; cdc-current-situation-2026-05-24; cdc-current-situation-2026-05-25; drc-moh-epidemie-dashboard-sitrep-009-graphql-2026-05-24; drc-moh-epidemie-dashboard-sitrep-mve-n-007-mvb-17-2026-pdf-2026-05-22; ecdc-bdbv-drc-uga-2026-05-19-live; ecdc-bdbv-drc-uga-2026-05-21-live; ecdc-bdbv-drc-uga-2026-05-25-live; ecdc-bdbv-drc-uga-2026-05-26-live; ecdc-bdbv-drc-uga-2026-05-27-live; inrb-sitrep-015-2026-05-29; inrb-sitrep-016-2026-05-30; inrb-sitrep-017-2026-05-31; inrb-sitrep-018-2026-06-01; inrb-sitrep-019-2026-06-02; inrb-sitrep-020-2026-06-03; inrb-sitrep-021-2026-06-04; inrb-sitrep-022-2026-06-05; inrb-sitrep-023-2026-06-06; inrb-sitrep-024-2026-06-07; inrb-sitrep-025-2026-06-08; inrb-sitrep-026-2026-06-09; inrb-sitrep-027-2026-06-10; inrb-sitrep-028-2026-06-11; inrb-sitrep-030-2026-06-13; inrb-sitrep-031-2026-06-14; inrb-sitrep-032-2026-06-15; inrb-sitrep-033-2026-06-16; inrb-sitrep-034-2026-06-17; inrb-sitrep-035-2026-06-18; inrb-sitrep-036-2026-06-19; inrb-sitrep-037-2026-06-20; inrb-sitrep-038-2026-06-21; inrb-sitrep-039-2026-06-22; inrb-sitrep-040-2026-06-23; inrb-sitrep-041-2026-06-24; inrb-sitrep-042-2026-06-25; inrb-sitrep-044-2026-06-27; inrb-sitrep-046-2026-06-29; inrb-sitrep-047-2026-06-30; inrb-sitrep-048-2026-07-01; inrb-sitrep-049-2026-07-02; inrb-sitrep-050-2026-07-03; inrb-sitrep-051-2026-07-04; inrb-sitrep-052-2026-07-05; inrb-sitrep-053-2026-07-06; inrb-sitrep-054-2026-07-07; inrb-sitrep-055-2026-07-08; inrb-sitrep-056-2026-07-09; inrb-sitrep-057-2026-07-10; inrb-sitrep-058-2026-07-11; inrb-sitrep-059-2026-07-12; inrb-umie-ebola-drc-2026-build-2026-05-28-bb8b7d5; inrb-umie-ebola-drc-2026-build-2026-06-01-b4cafc9; uganda-moh-ebola-update-2026-06-06; uganda-moh-ebola-update-2026-06-20; uganda-moh-ebola-update-2026-06-21; who-daily-epi-bdbv-2026-06-08; who-dg-remarks-bdbv-2026-05-20; who-dg-remarks-bdbv-2026-05-22; who-don602-2026-05-15-live; who-don603-2026-05-21-live; who-don606-bdbv-2026-06-08; who-ihr-ec-bdbv-temporary-recommendations-2026-05-22; who-pheic-2026-05-17-live; wikipedia-2026-ituri-epidemic-2026-05-20-live,"Descriptive watch-point interval, not a forecast or response recommendation."
corridor:200:mambasa:arua-uga,mambasa,arua-uga,30,0.013270905592927762,0.03951964905018068,0.02663211305067406,0.07823916389697494,0.005434858717204816,0.15667868201929533,zone-attributed confirmed count 5 for this source zone; visibility-adjustment factor 2.02× reflects under-reporting in source zone; raw risk likely understates true hazard,BDBV-CLAIM-050,derived_model_output_with_unsupported_exponent_attribution,pinned_snapshot_model_output,africa-cdc-phecs-2026-05-18-live; afro-sitrep-01-2026-05-18-live; afro-sitrep-01-pdf-2026-05-18-live; cdc-current-situation-2026-05-21; cdc-current-situation-2026-05-23; cdc-current-situation-2026-05-24; cdc-current-situation-2026-05-25; drc-moh-epidemie-dashboard-sitrep-009-graphql-2026-05-24; drc-moh-epidemie-dashboard-sitrep-mve-n-007-mvb-17-2026-pdf-2026-05-22; ecdc-bdbv-drc-uga-2026-05-19-live; ecdc-bdbv-drc-uga-2026-05-21-live; ecdc-bdbv-drc-uga-2026-05-25-live; ecdc-bdbv-drc-uga-2026-05-26-live; ecdc-bdbv-drc-uga-2026-05-27-live; inrb-sitrep-015-2026-05-29; inrb-sitrep-016-2026-05-30; inrb-sitrep-017-2026-05-31; inrb-sitrep-018-2026-06-01; inrb-sitrep-019-2026-06-02; inrb-sitrep-020-2026-06-03; inrb-sitrep-021-2026-06-04; inrb-sitrep-022-2026-06-05; inrb-sitrep-023-2026-06-06; inrb-sitrep-024-2026-06-07; inrb-sitrep-025-2026-06-08; inrb-sitrep-026-2026-06-09; inrb-sitrep-027-2026-06-10; inrb-sitrep-028-2026-06-11; inrb-sitrep-030-2026-06-13; inrb-sitrep-031-2026-06-14; inrb-sitrep-032-2026-06-15; inrb-sitrep-033-2026-06-16; inrb-sitrep-034-2026-06-17; inrb-sitrep-035-2026-06-18; inrb-sitrep-036-2026-06-19; inrb-sitrep-037-2026-06-20; inrb-sitrep-038-2026-06-21; inrb-sitrep-039-2026-06-22; inrb-sitrep-040-2026-06-23; inrb-sitrep-041-2026-06-24; inrb-sitrep-042-2026-06-25; inrb-sitrep-044-2026-06-27; inrb-sitrep-046-2026-06-29; inrb-sitrep-047-2026-06-30; inrb-sitrep-048-2026-07-01; inrb-sitrep-049-2026-07-02; inrb-sitrep-050-2026-07-03; inrb-sitrep-051-2026-07-04; inrb-sitrep-052-2026-07-05; inrb-sitrep-053-2026-07-06; inrb-sitrep-054-2026-07-07; inrb-sitrep-055-2026-07-08; inrb-sitrep-056-2026-07-09; inrb-sitrep-057-2026-07-10; inrb-sitrep-058-2026-07-11; inrb-sitrep-059-2026-07-12; inrb-umie-ebola-drc-2026-build-2026-05-28-bb8b7d5; inrb-umie-ebola-drc-2026-build-2026-06-01-b4cafc9; uganda-moh-ebola-update-2026-06-06; uganda-moh-ebola-update-2026-06-20; uganda-moh-ebola-update-2026-06-21; who-daily-epi-bdbv-2026-06-08; who-dg-remarks-bdbv-2026-05-20; who-dg-remarks-bdbv-2026-05-22; who-don602-2026-05-15-live; who-don603-2026-05-21-live; who-don606-bdbv-2026-06-08; who-ihr-ec-bdbv-temporary-recommendations-2026-05-22; who-pheic-2026-05-17-live; wikipedia-2026-ituri-epidemic-2026-05-20-live,"Descriptive watch-point interval, not a forecast or response recommendation."
corridor:201:mambasa:kasese-uga,mambasa,kasese-uga,30,0.013808780880752825,0.03902046202586179,0.027703867710277497,0.07727096819477938,0.006525609172436195,0.13733995561294493,zone-attributed confirmed count 5 for this source zone; visibility-adjustment factor 2.02× reflects under-reporting in source zone; raw risk likely understates true hazard,BDBV-CLAIM-050,derived_model_output_with_unsupported_exponent_attribution,pinned_snapshot_model_output,africa-cdc-phecs-2026-05-18-live; afro-sitrep-01-2026-05-18-live; afro-sitrep-01-pdf-2026-05-18-live; cdc-current-situation-2026-05-21; cdc-current-situation-2026-05-23; cdc-current-situation-2026-05-24; cdc-current-situation-2026-05-25; drc-moh-epidemie-dashboard-sitrep-009-graphql-2026-05-24; drc-moh-epidemie-dashboard-sitrep-mve-n-007-mvb-17-2026-pdf-2026-05-22; ecdc-bdbv-drc-uga-2026-05-19-live; ecdc-bdbv-drc-uga-2026-05-21-live; ecdc-bdbv-drc-uga-2026-05-25-live; ecdc-bdbv-drc-uga-2026-05-26-live; ecdc-bdbv-drc-uga-2026-05-27-live; inrb-sitrep-015-2026-05-29; inrb-sitrep-016-2026-05-30; inrb-sitrep-017-2026-05-31; inrb-sitrep-018-2026-06-01; inrb-sitrep-019-2026-06-02; inrb-sitrep-020-2026-06-03; inrb-sitrep-021-2026-06-04; inrb-sitrep-022-2026-06-05; inrb-sitrep-023-2026-06-06; inrb-sitrep-024-2026-06-07; inrb-sitrep-025-2026-06-08; inrb-sitrep-026-2026-06-09; inrb-sitrep-027-2026-06-10; inrb-sitrep-028-2026-06-11; inrb-sitrep-030-2026-06-13; inrb-sitrep-031-2026-06-14; inrb-sitrep-032-2026-06-15; inrb-sitrep-033-2026-06-16; inrb-sitrep-034-2026-06-17; inrb-sitrep-035-2026-06-18; inrb-sitrep-036-2026-06-19; inrb-sitrep-037-2026-06-20; inrb-sitrep-038-2026-06-21; inrb-sitrep-039-2026-06-22; inrb-sitrep-040-2026-06-23; inrb-sitrep-041-2026-06-24; inrb-sitrep-042-2026-06-25; inrb-sitrep-044-2026-06-27; inrb-sitrep-046-2026-06-29; inrb-sitrep-047-2026-06-30; inrb-sitrep-048-2026-07-01; inrb-sitrep-049-2026-07-02; inrb-sitrep-050-2026-07-03; inrb-sitrep-051-2026-07-04; inrb-sitrep-052-2026-07-05; inrb-sitrep-053-2026-07-06; inrb-sitrep-054-2026-07-07; inrb-sitrep-055-2026-07-08; inrb-sitrep-056-2026-07-09; inrb-sitrep-057-2026-07-10; inrb-sitrep-058-2026-07-11; inrb-sitrep-059-2026-07-12; inrb-umie-ebola-drc-2026-build-2026-05-28-bb8b7d5; inrb-umie-ebola-drc-2026-build-2026-06-01-b4cafc9; uganda-moh-ebola-update-2026-06-06; uganda-moh-ebola-update-2026-06-20; uganda-moh-ebola-update-2026-06-21; who-daily-epi-bdbv-2026-06-08; who-dg-remarks-bdbv-2026-05-20; who-dg-remarks-bdbv-2026-05-22; who-don602-2026-05-15-live; who-don603-2026-05-21-live; who-don606-bdbv-2026-06-08; who-ihr-ec-bdbv-temporary-recommendations-2026-05-22; who-pheic-2026-05-17-live; wikipedia-2026-ituri-epidemic-2026-05-20-live,"Descriptive watch-point interval, not a forecast or response recommendation."
corridor:202:mambasa:kampala-uga,mambasa,kampala-uga,30,0.013717096550938557,0.03889944247361926,0.027521221999327328,0.07703616763795665,0.008141537269534125,0.1539315680442142,zone-attributed confirmed count 5 for this source zone; visibility-adjustment factor 2.02× reflects under-reporting in source zone; raw risk likely understates true hazard,BDBV-CLAIM-050,derived_model_output_with_unsupported_exponent_attribution,pinned_snapshot_model_output,africa-cdc-phecs-2026-05-18-live; afro-sitrep-01-2026-05-18-live; afro-sitrep-01-pdf-2026-05-18-live; cdc-current-situation-2026-05-21; cdc-current-situation-2026-05-23; cdc-current-situation-2026-05-24; cdc-current-situation-2026-05-25; drc-moh-epidemie-dashboard-sitrep-009-graphql-2026-05-24; drc-moh-epidemie-dashboard-sitrep-mve-n-007-mvb-17-2026-pdf-2026-05-22; ecdc-bdbv-drc-uga-2026-05-19-live; ecdc-bdbv-drc-uga-2026-05-21-live; ecdc-bdbv-drc-uga-2026-05-25-live; ecdc-bdbv-drc-uga-2026-05-26-live; ecdc-bdbv-drc-uga-2026-05-27-live; inrb-sitrep-015-2026-05-29; inrb-sitrep-016-2026-05-30; inrb-sitrep-017-2026-05-31; inrb-sitrep-018-2026-06-01; inrb-sitrep-019-2026-06-02; inrb-sitrep-020-2026-06-03; inrb-sitrep-021-2026-06-04; inrb-sitrep-022-2026-06-05; inrb-sitrep-023-2026-06-06; inrb-sitrep-024-2026-06-07; inrb-sitrep-025-2026-06-08; inrb-sitrep-026-2026-06-09; inrb-sitrep-027-2026-06-10; inrb-sitrep-028-2026-06-11; inrb-sitrep-030-2026-06-13; inrb-sitrep-031-2026-06-14; inrb-sitrep-032-2026-06-15; inrb-sitrep-033-2026-06-16; inrb-sitrep-034-2026-06-17; inrb-sitrep-035-2026-06-18; inrb-sitrep-036-2026-06-19; inrb-sitrep-037-2026-06-20; inrb-sitrep-038-2026-06-21; inrb-sitrep-039-2026-06-22; inrb-sitrep-040-2026-06-23; inrb-sitrep-041-2026-06-24; inrb-sitrep-042-2026-06-25; inrb-sitrep-044-2026-06-27; inrb-sitrep-046-2026-06-29; inrb-sitrep-047-2026-06-30; inrb-sitrep-048-2026-07-01; inrb-sitrep-049-2026-07-02; inrb-sitrep-050-2026-07-03; inrb-sitrep-051-2026-07-04; inrb-sitrep-052-2026-07-05; inrb-sitrep-053-2026-07-06; inrb-sitrep-054-2026-07-07; inrb-sitrep-055-2026-07-08; inrb-sitrep-056-2026-07-09; inrb-sitrep-057-2026-07-10; inrb-sitrep-058-2026-07-11; inrb-sitrep-059-2026-07-12; inrb-umie-ebola-drc-2026-build-2026-05-28-bb8b7d5; inrb-umie-ebola-drc-2026-build-2026-06-01-b4cafc9; uganda-moh-ebola-update-2026-06-06; uganda-moh-ebola-update-2026-06-20; uganda-moh-ebola-update-2026-06-21; who-daily-epi-bdbv-2026-06-08; who-dg-remarks-bdbv-2026-05-20; who-dg-remarks-bdbv-2026-05-22; who-don602-2026-05-15-live; who-don603-2026-05-21-live; who-don606-bdbv-2026-06-08; who-ihr-ec-bdbv-temporary-recommendations-2026-05-22; who-pheic-2026-05-17-live; wikipedia-2026-ituri-epidemic-2026-05-20-live,"Descriptive watch-point interval, not a forecast or response recommendation."
corridor:203:damas:goma-cod,damas,goma-cod,30,0.01373668339745937,0.03860308874834337,0.027560242549866915,0.07646105928733413,0.006170437041351544,0.16418686147652303,zone-attributed confirmed count 5 for this source zone; visibility-adjustment factor 2.02× reflects under-reporting in source zone; raw risk likely understates true hazard,BDBV-CLAIM-050,derived_model_output_with_unsupported_exponent_attribution,pinned_snapshot_model_output,africa-cdc-phecs-2026-05-18-live; afro-sitrep-01-2026-05-18-live; afro-sitrep-01-pdf-2026-05-18-live; cdc-current-situation-2026-05-21; cdc-current-situation-2026-05-23; cdc-current-situation-2026-05-24; cdc-current-situation-2026-05-25; drc-moh-epidemie-dashboard-sitrep-009-graphql-2026-05-24; drc-moh-epidemie-dashboard-sitrep-mve-n-007-mvb-17-2026-pdf-2026-05-22; ecdc-bdbv-drc-uga-2026-05-19-live; ecdc-bdbv-drc-uga-2026-05-21-live; ecdc-bdbv-drc-uga-2026-05-25-live; ecdc-bdbv-drc-uga-2026-05-26-live; ecdc-bdbv-drc-uga-2026-05-27-live; inrb-sitrep-015-2026-05-29; inrb-sitrep-016-2026-05-30; inrb-sitrep-017-2026-05-31; inrb-sitrep-018-2026-06-01; inrb-sitrep-019-2026-06-02; inrb-sitrep-020-2026-06-03; inrb-sitrep-021-2026-06-04; inrb-sitrep-022-2026-06-05; inrb-sitrep-023-2026-06-06; inrb-sitrep-024-2026-06-07; inrb-sitrep-025-2026-06-08; inrb-sitrep-026-2026-06-09; inrb-sitrep-027-2026-06-10; inrb-sitrep-028-2026-06-11; inrb-sitrep-030-2026-06-13; inrb-sitrep-031-2026-06-14; inrb-sitrep-032-2026-06-15; inrb-sitrep-033-2026-06-16; inrb-sitrep-034-2026-06-17; inrb-sitrep-035-2026-06-18; inrb-sitrep-036-2026-06-19; inrb-sitrep-037-2026-06-20; inrb-sitrep-038-2026-06-21; inrb-sitrep-039-2026-06-22; inrb-sitrep-040-2026-06-23; inrb-sitrep-041-2026-06-24; inrb-sitrep-042-2026-06-25; inrb-sitrep-044-2026-06-27; inrb-sitrep-046-2026-06-29; inrb-sitrep-047-2026-06-30; inrb-sitrep-048-2026-07-01; inrb-sitrep-049-2026-07-02; inrb-sitrep-050-2026-07-03; inrb-sitrep-051-2026-07-04; inrb-sitrep-052-2026-07-05; inrb-sitrep-053-2026-07-06; inrb-sitrep-054-2026-07-07; inrb-sitrep-055-2026-07-08; inrb-sitrep-056-2026-07-09; inrb-sitrep-057-2026-07-10; inrb-sitrep-058-2026-07-11; inrb-sitrep-059-2026-07-12; inrb-umie-ebola-drc-2026-build-2026-05-28-bb8b7d5; inrb-umie-ebola-drc-2026-build-2026-06-01-b4cafc9; uganda-moh-ebola-update-2026-06-06; uganda-moh-ebola-update-2026-06-20; uganda-moh-ebola-update-2026-06-21; who-daily-epi-bdbv-2026-06-08; who-dg-remarks-bdbv-2026-05-20; who-dg-remarks-bdbv-2026-05-22; who-don602-2026-05-15-live; who-don603-2026-05-21-live; who-don606-bdbv-2026-06-08; who-ihr-ec-bdbv-temporary-recommendations-2026-05-22; who-pheic-2026-05-17-live; wikipedia-2026-ituri-epidemic-2026-05-20-live,"Descriptive watch-point interval, not a forecast or response recommendation."
corridor:204:mambasa:bundibugyo-uga,mambasa,bundibugyo-uga,30,0.01429136134703446,0.03813152301000802,0.028664928533276457,0.07554555774250024,0.0077740174258693895,0.14568735237444078,zone-attributed confirmed count 5 for this source zone; visibility-adjustment factor 2.02× reflects under-reporting in source zone; raw risk likely understates true hazard,BDBV-CLAIM-050,derived_model_output_with_unsupported_exponent_attribution,pinned_snapshot_model_output,africa-cdc-phecs-2026-05-18-live; afro-sitrep-01-2026-05-18-live; afro-sitrep-01-pdf-2026-05-18-live; cdc-current-situation-2026-05-21; cdc-current-situation-2026-05-23; cdc-current-situation-2026-05-24; cdc-current-situation-2026-05-25; drc-moh-epidemie-dashboard-sitrep-009-graphql-2026-05-24; drc-moh-epidemie-dashboard-sitrep-mve-n-007-mvb-17-2026-pdf-2026-05-22; ecdc-bdbv-drc-uga-2026-05-19-live; ecdc-bdbv-drc-uga-2026-05-21-live; ecdc-bdbv-drc-uga-2026-05-25-live; ecdc-bdbv-drc-uga-2026-05-26-live; ecdc-bdbv-drc-uga-2026-05-27-live; inrb-sitrep-015-2026-05-29; inrb-sitrep-016-2026-05-30; inrb-sitrep-017-2026-05-31; inrb-sitrep-018-2026-06-01; inrb-sitrep-019-2026-06-02; inrb-sitrep-020-2026-06-03; inrb-sitrep-021-2026-06-04; inrb-sitrep-022-2026-06-05; inrb-sitrep-023-2026-06-06; inrb-sitrep-024-2026-06-07; inrb-sitrep-025-2026-06-08; inrb-sitrep-026-2026-06-09; inrb-sitrep-027-2026-06-10; inrb-sitrep-028-2026-06-11; inrb-sitrep-030-2026-06-13; inrb-sitrep-031-2026-06-14; inrb-sitrep-032-2026-06-15; inrb-sitrep-033-2026-06-16; inrb-sitrep-034-2026-06-17; inrb-sitrep-035-2026-06-18; inrb-sitrep-036-2026-06-19; inrb-sitrep-037-2026-06-20; inrb-sitrep-038-2026-06-21; inrb-sitrep-039-2026-06-22; inrb-sitrep-040-2026-06-23; inrb-sitrep-041-2026-06-24; inrb-sitrep-042-2026-06-25; inrb-sitrep-044-2026-06-27; inrb-sitrep-046-2026-06-29; inrb-sitrep-047-2026-06-30; inrb-sitrep-048-2026-07-01; inrb-sitrep-049-2026-07-02; inrb-sitrep-050-2026-07-03; inrb-sitrep-051-2026-07-04; inrb-sitrep-052-2026-07-05; inrb-sitrep-053-2026-07-06; inrb-sitrep-054-2026-07-07; inrb-sitrep-055-2026-07-08; inrb-sitrep-056-2026-07-09; inrb-sitrep-057-2026-07-10; inrb-sitrep-058-2026-07-11; inrb-sitrep-059-2026-07-12; inrb-umie-ebola-drc-2026-build-2026-05-28-bb8b7d5; inrb-umie-ebola-drc-2026-build-2026-06-01-b4cafc9; uganda-moh-ebola-update-2026-06-06; uganda-moh-ebola-update-2026-06-20; uganda-moh-ebola-update-2026-06-21; who-daily-epi-bdbv-2026-06-08; who-dg-remarks-bdbv-2026-05-20; who-dg-remarks-bdbv-2026-05-22; who-don602-2026-05-15-live; who-don603-2026-05-21-live; who-don606-bdbv-2026-06-08; who-ihr-ec-bdbv-temporary-recommendations-2026-05-22; who-pheic-2026-05-17-live; wikipedia-2026-ituri-epidemic-2026-05-20-live,"Descriptive watch-point interval, not a forecast or response recommendation."
corridor:205:damas:bundibugyo-uga,damas,bundibugyo-uga,30,0.015204937874227165,0.0378525857929525,0.030483027080670022,0.07500381149701452,0.009525487900322486,0.14797069007769442,zone-attributed confirmed count 5 for this source zone; visibility-adjustment factor 2.02× reflects under-reporting in source zone; raw risk likely understates true hazard,BDBV-CLAIM-050,derived_model_output_with_unsupported_exponent_attribution,pinned_snapshot_model_output,africa-cdc-phecs-2026-05-18-live; afro-sitrep-01-2026-05-18-live; afro-sitrep-01-pdf-2026-05-18-live; cdc-current-situation-2026-05-21; cdc-current-situation-2026-05-23; cdc-current-situation-2026-05-24; cdc-current-situation-2026-05-25; drc-moh-epidemie-dashboard-sitrep-009-graphql-2026-05-24; drc-moh-epidemie-dashboard-sitrep-mve-n-007-mvb-17-2026-pdf-2026-05-22; ecdc-bdbv-drc-uga-2026-05-19-live; ecdc-bdbv-drc-uga-2026-05-21-live; ecdc-bdbv-drc-uga-2026-05-25-live; ecdc-bdbv-drc-uga-2026-05-26-live; ecdc-bdbv-drc-uga-2026-05-27-live; inrb-sitrep-015-2026-05-29; inrb-sitrep-016-2026-05-30; inrb-sitrep-017-2026-05-31; inrb-sitrep-018-2026-06-01; inrb-sitrep-019-2026-06-02; inrb-sitrep-020-2026-06-03; inrb-sitrep-021-2026-06-04; inrb-sitrep-022-2026-06-05; inrb-sitrep-023-2026-06-06; inrb-sitrep-024-2026-06-07; inrb-sitrep-025-2026-06-08; inrb-sitrep-026-2026-06-09; inrb-sitrep-027-2026-06-10; inrb-sitrep-028-2026-06-11; inrb-sitrep-030-2026-06-13; inrb-sitrep-031-2026-06-14; inrb-sitrep-032-2026-06-15; inrb-sitrep-033-2026-06-16; inrb-sitrep-034-2026-06-17; inrb-sitrep-035-2026-06-18; inrb-sitrep-036-2026-06-19; inrb-sitrep-037-2026-06-20; inrb-sitrep-038-2026-06-21; inrb-sitrep-039-2026-06-22; inrb-sitrep-040-2026-06-23; inrb-sitrep-041-2026-06-24; inrb-sitrep-042-2026-06-25; inrb-sitrep-044-2026-06-27; inrb-sitrep-046-2026-06-29; inrb-sitrep-047-2026-06-30; inrb-sitrep-048-2026-07-01; inrb-sitrep-049-2026-07-02; inrb-sitrep-050-2026-07-03; inrb-sitrep-051-2026-07-04; inrb-sitrep-052-2026-07-05; inrb-sitrep-053-2026-07-06; inrb-sitrep-054-2026-07-07; inrb-sitrep-055-2026-07-08; inrb-sitrep-056-2026-07-09; inrb-sitrep-057-2026-07-10; inrb-sitrep-058-2026-07-11; inrb-sitrep-059-2026-07-12; inrb-umie-ebola-drc-2026-build-2026-05-28-bb8b7d5; inrb-umie-ebola-drc-2026-build-2026-06-01-b4cafc9; uganda-moh-ebola-update-2026-06-06; uganda-moh-ebola-update-2026-06-20; uganda-moh-ebola-update-2026-06-21; who-daily-epi-bdbv-2026-06-08; who-dg-remarks-bdbv-2026-05-20; who-dg-remarks-bdbv-2026-05-22; who-don602-2026-05-15-live; who-don603-2026-05-21-live; who-don606-bdbv-2026-06-08; who-ihr-ec-bdbv-temporary-recommendations-2026-05-22; who-pheic-2026-05-17-live; wikipedia-2026-ituri-epidemic-2026-05-20-live,"Descriptive watch-point interval, not a forecast or response recommendation."
corridor:206:mambasa:goma-cod,mambasa,goma-cod,30,0.013518303418892902,0.036604093496511614,0.027125143805553364,0.07257698671424709,0.006441168871452641,0.16468628706063523,zone-attributed confirmed count 5 for this source zone; visibility-adjustment factor 2.02× reflects under-reporting in source zone; raw risk likely understates true hazard,BDBV-CLAIM-050,derived_model_output_with_unsupported_exponent_attribution,pinned_snapshot_model_output,africa-cdc-phecs-2026-05-18-live; afro-sitrep-01-2026-05-18-live; afro-sitrep-01-pdf-2026-05-18-live; cdc-current-situation-2026-05-21; cdc-current-situation-2026-05-23; cdc-current-situation-2026-05-24; cdc-current-situation-2026-05-25; drc-moh-epidemie-dashboard-sitrep-009-graphql-2026-05-24; drc-moh-epidemie-dashboard-sitrep-mve-n-007-mvb-17-2026-pdf-2026-05-22; ecdc-bdbv-drc-uga-2026-05-19-live; ecdc-bdbv-drc-uga-2026-05-21-live; ecdc-bdbv-drc-uga-2026-05-25-live; ecdc-bdbv-drc-uga-2026-05-26-live; ecdc-bdbv-drc-uga-2026-05-27-live; inrb-sitrep-015-2026-05-29; inrb-sitrep-016-2026-05-30; inrb-sitrep-017-2026-05-31; inrb-sitrep-018-2026-06-01; inrb-sitrep-019-2026-06-02; inrb-sitrep-020-2026-06-03; inrb-sitrep-021-2026-06-04; inrb-sitrep-022-2026-06-05; inrb-sitrep-023-2026-06-06; inrb-sitrep-024-2026-06-07; inrb-sitrep-025-2026-06-08; inrb-sitrep-026-2026-06-09; inrb-sitrep-027-2026-06-10; inrb-sitrep-028-2026-06-11; inrb-sitrep-030-2026-06-13; inrb-sitrep-031-2026-06-14; inrb-sitrep-032-2026-06-15; inrb-sitrep-033-2026-06-16; inrb-sitrep-034-2026-06-17; inrb-sitrep-035-2026-06-18; inrb-sitrep-036-2026-06-19; inrb-sitrep-037-2026-06-20; inrb-sitrep-038-2026-06-21; inrb-sitrep-039-2026-06-22; inrb-sitrep-040-2026-06-23; inrb-sitrep-041-2026-06-24; inrb-sitrep-042-2026-06-25; inrb-sitrep-044-2026-06-27; inrb-sitrep-046-2026-06-29; inrb-sitrep-047-2026-06-30; inrb-sitrep-048-2026-07-01; inrb-sitrep-049-2026-07-02; inrb-sitrep-050-2026-07-03; inrb-sitrep-051-2026-07-04; inrb-sitrep-052-2026-07-05; inrb-sitrep-053-2026-07-06; inrb-sitrep-054-2026-07-07; inrb-sitrep-055-2026-07-08; inrb-sitrep-056-2026-07-09; inrb-sitrep-057-2026-07-10; inrb-sitrep-058-2026-07-11; inrb-sitrep-059-2026-07-12; inrb-umie-ebola-drc-2026-build-2026-05-28-bb8b7d5; inrb-umie-ebola-drc-2026-build-2026-06-01-b4cafc9; uganda-moh-ebola-update-2026-06-06; uganda-moh-ebola-update-2026-06-20; uganda-moh-ebola-update-2026-06-21; who-daily-epi-bdbv-2026-06-08; who-dg-remarks-bdbv-2026-05-20; who-dg-remarks-bdbv-2026-05-22; who-don602-2026-05-15-live; who-don603-2026-05-21-live; who-don606-bdbv-2026-06-08; who-ihr-ec-bdbv-temporary-recommendations-2026-05-22; who-pheic-2026-05-17-live; wikipedia-2026-ituri-epidemic-2026-05-20-live,"Descriptive watch-point interval, not a forecast or response recommendation."
corridor:207:fataki:arua-uga,fataki,arua-uga,30,0.012762813908204912,0.03376273919394579,0.025619156510725993,0.06704218370494172,0.007398710403414075,0.13037460630891978,zone-attributed confirmed count 4 for this source zone; visibility-adjustment factor 2.02× reflects under-reporting in source zone; raw risk likely understates true hazard,BDBV-CLAIM-050,derived_model_output_with_unsupported_exponent_attribution,pinned_snapshot_model_output,africa-cdc-phecs-2026-05-18-live; afro-sitrep-01-2026-05-18-live; afro-sitrep-01-pdf-2026-05-18-live; cdc-current-situation-2026-05-21; cdc-current-situation-2026-05-23; cdc-current-situation-2026-05-24; cdc-current-situation-2026-05-25; drc-moh-epidemie-dashboard-sitrep-009-graphql-2026-05-24; drc-moh-epidemie-dashboard-sitrep-mve-n-007-mvb-17-2026-pdf-2026-05-22; ecdc-bdbv-drc-uga-2026-05-19-live; ecdc-bdbv-drc-uga-2026-05-21-live; ecdc-bdbv-drc-uga-2026-05-25-live; ecdc-bdbv-drc-uga-2026-05-26-live; ecdc-bdbv-drc-uga-2026-05-27-live; inrb-sitrep-015-2026-05-29; inrb-sitrep-016-2026-05-30; inrb-sitrep-017-2026-05-31; inrb-sitrep-018-2026-06-01; inrb-sitrep-019-2026-06-02; inrb-sitrep-020-2026-06-03; inrb-sitrep-021-2026-06-04; inrb-sitrep-022-2026-06-05; inrb-sitrep-023-2026-06-06; inrb-sitrep-024-2026-06-07; inrb-sitrep-025-2026-06-08; inrb-sitrep-026-2026-06-09; inrb-sitrep-027-2026-06-10; inrb-sitrep-028-2026-06-11; inrb-sitrep-030-2026-06-13; inrb-sitrep-031-2026-06-14; inrb-sitrep-032-2026-06-15; inrb-sitrep-033-2026-06-16; inrb-sitrep-034-2026-06-17; inrb-sitrep-035-2026-06-18; inrb-sitrep-036-2026-06-19; inrb-sitrep-037-2026-06-20; inrb-sitrep-038-2026-06-21; inrb-sitrep-039-2026-06-22; inrb-sitrep-040-2026-06-23; inrb-sitrep-041-2026-06-24; inrb-sitrep-042-2026-06-25; inrb-sitrep-044-2026-06-27; inrb-sitrep-046-2026-06-29; inrb-sitrep-047-2026-06-30; inrb-sitrep-048-2026-07-01; inrb-sitrep-049-2026-07-02; inrb-sitrep-050-2026-07-03; inrb-sitrep-051-2026-07-04; inrb-sitrep-052-2026-07-05; inrb-sitrep-053-2026-07-06; inrb-sitrep-054-2026-07-07; inrb-sitrep-055-2026-07-08; inrb-sitrep-056-2026-07-09; inrb-sitrep-057-2026-07-10; inrb-sitrep-058-2026-07-11; inrb-sitrep-059-2026-07-12; inrb-umie-ebola-drc-2026-build-2026-05-28-bb8b7d5; inrb-umie-ebola-drc-2026-build-2026-06-01-b4cafc9; uganda-moh-ebola-update-2026-06-06; uganda-moh-ebola-update-2026-06-20; uganda-moh-ebola-update-2026-06-21; who-daily-epi-bdbv-2026-06-08; who-dg-remarks-bdbv-2026-05-20; who-dg-remarks-bdbv-2026-05-22; who-don602-2026-05-15-live; who-don603-2026-05-21-live; who-don606-bdbv-2026-06-08; who-ihr-ec-bdbv-temporary-recommendations-2026-05-22; who-pheic-2026-05-17-live; wikipedia-2026-ituri-epidemic-2026-05-20-live,"Descriptive watch-point interval, not a forecast or response recommendation."
corridor:208:rimba:yei-ssd,rimba,yei-ssd,30,0.011200148047732922,0.033657822124776526,0.022500407012412238,0.06683748746770443,0.006484645582587962,0.11909877337513838,zone-attributed confirmed count 4 for this source zone; visibility-adjustment factor 2.02× reflects under-reporting in source zone; raw risk likely understates true hazard,BDBV-CLAIM-050,derived_model_output_with_unsupported_exponent_attribution,pinned_snapshot_model_output,africa-cdc-phecs-2026-05-18-live; afro-sitrep-01-2026-05-18-live; afro-sitrep-01-pdf-2026-05-18-live; cdc-current-situation-2026-05-21; cdc-current-situation-2026-05-23; cdc-current-situation-2026-05-24; cdc-current-situation-2026-05-25; drc-moh-epidemie-dashboard-sitrep-009-graphql-2026-05-24; drc-moh-epidemie-dashboard-sitrep-mve-n-007-mvb-17-2026-pdf-2026-05-22; ecdc-bdbv-drc-uga-2026-05-19-live; ecdc-bdbv-drc-uga-2026-05-21-live; ecdc-bdbv-drc-uga-2026-05-25-live; ecdc-bdbv-drc-uga-2026-05-26-live; ecdc-bdbv-drc-uga-2026-05-27-live; inrb-sitrep-015-2026-05-29; inrb-sitrep-016-2026-05-30; inrb-sitrep-017-2026-05-31; inrb-sitrep-018-2026-06-01; inrb-sitrep-019-2026-06-02; inrb-sitrep-020-2026-06-03; inrb-sitrep-021-2026-06-04; inrb-sitrep-022-2026-06-05; inrb-sitrep-023-2026-06-06; inrb-sitrep-024-2026-06-07; inrb-sitrep-025-2026-06-08; inrb-sitrep-026-2026-06-09; inrb-sitrep-027-2026-06-10; inrb-sitrep-028-2026-06-11; inrb-sitrep-030-2026-06-13; inrb-sitrep-031-2026-06-14; inrb-sitrep-032-2026-06-15; inrb-sitrep-033-2026-06-16; inrb-sitrep-034-2026-06-17; inrb-sitrep-035-2026-06-18; inrb-sitrep-036-2026-06-19; inrb-sitrep-037-2026-06-20; inrb-sitrep-038-2026-06-21; inrb-sitrep-039-2026-06-22; inrb-sitrep-040-2026-06-23; inrb-sitrep-041-2026-06-24; inrb-sitrep-042-2026-06-25; inrb-sitrep-044-2026-06-27; inrb-sitrep-046-2026-06-29; inrb-sitrep-047-2026-06-30; inrb-sitrep-048-2026-07-01; inrb-sitrep-049-2026-07-02; inrb-sitrep-050-2026-07-03; inrb-sitrep-051-2026-07-04; inrb-sitrep-052-2026-07-05; inrb-sitrep-053-2026-07-06; inrb-sitrep-054-2026-07-07; inrb-sitrep-055-2026-07-08; inrb-sitrep-056-2026-07-09; inrb-sitrep-057-2026-07-10; inrb-sitrep-058-2026-07-11; inrb-sitrep-059-2026-07-12; inrb-umie-ebola-drc-2026-build-2026-05-28-bb8b7d5; inrb-umie-ebola-drc-2026-build-2026-06-01-b4cafc9; uganda-moh-ebola-update-2026-06-06; uganda-moh-ebola-update-2026-06-20; uganda-moh-ebola-update-2026-06-21; who-daily-epi-bdbv-2026-06-08; who-dg-remarks-bdbv-2026-05-20; who-dg-remarks-bdbv-2026-05-22; who-don602-2026-05-15-live; who-don603-2026-05-21-live; who-don606-bdbv-2026-06-08; who-ihr-ec-bdbv-temporary-recommendations-2026-05-22; who-pheic-2026-05-17-live; wikipedia-2026-ituri-epidemic-2026-05-20-live,"Descriptive watch-point interval, not a forecast or response recommendation."
corridor:209:rimba:kisangani-cod,rimba,kisangani-cod,30,0.011410327990941882,0.03332424971973774,0.022920175258992204,0.06618653849840922,0.004512929697611154,0.13766008847821684,zone-attributed confirmed count 4 for this source zone; visibility-adjustment factor 2.02× reflects under-reporting in source zone; raw risk likely understates true hazard,BDBV-CLAIM-050,derived_model_output_with_unsupported_exponent_attribution,pinned_snapshot_model_output,africa-cdc-phecs-2026-05-18-live; afro-sitrep-01-2026-05-18-live; afro-sitrep-01-pdf-2026-05-18-live; cdc-current-situation-2026-05-21; cdc-current-situation-2026-05-23; cdc-current-situation-2026-05-24; cdc-current-situation-2026-05-25; drc-moh-epidemie-dashboard-sitrep-009-graphql-2026-05-24; drc-moh-epidemie-dashboard-sitrep-mve-n-007-mvb-17-2026-pdf-2026-05-22; ecdc-bdbv-drc-uga-2026-05-19-live; ecdc-bdbv-drc-uga-2026-05-21-live; ecdc-bdbv-drc-uga-2026-05-25-live; ecdc-bdbv-drc-uga-2026-05-26-live; ecdc-bdbv-drc-uga-2026-05-27-live; inrb-sitrep-015-2026-05-29; inrb-sitrep-016-2026-05-30; inrb-sitrep-017-2026-05-31; inrb-sitrep-018-2026-06-01; inrb-sitrep-019-2026-06-02; inrb-sitrep-020-2026-06-03; inrb-sitrep-021-2026-06-04; inrb-sitrep-022-2026-06-05; inrb-sitrep-023-2026-06-06; inrb-sitrep-024-2026-06-07; inrb-sitrep-025-2026-06-08; inrb-sitrep-026-2026-06-09; inrb-sitrep-027-2026-06-10; inrb-sitrep-028-2026-06-11; inrb-sitrep-030-2026-06-13; inrb-sitrep-031-2026-06-14; inrb-sitrep-032-2026-06-15; inrb-sitrep-033-2026-06-16; inrb-sitrep-034-2026-06-17; inrb-sitrep-035-2026-06-18; inrb-sitrep-036-2026-06-19; inrb-sitrep-037-2026-06-20; inrb-sitrep-038-2026-06-21; inrb-sitrep-039-2026-06-22; inrb-sitrep-040-2026-06-23; inrb-sitrep-041-2026-06-24; inrb-sitrep-042-2026-06-25; inrb-sitrep-044-2026-06-27; inrb-sitrep-046-2026-06-29; inrb-sitrep-047-2026-06-30; inrb-sitrep-048-2026-07-01; inrb-sitrep-049-2026-07-02; inrb-sitrep-050-2026-07-03; inrb-sitrep-051-2026-07-04; inrb-sitrep-052-2026-07-05; inrb-sitrep-053-2026-07-06; inrb-sitrep-054-2026-07-07; inrb-sitrep-055-2026-07-08; inrb-sitrep-056-2026-07-09; inrb-sitrep-057-2026-07-10; inrb-sitrep-058-2026-07-11; inrb-sitrep-059-2026-07-12; inrb-umie-ebola-drc-2026-build-2026-05-28-bb8b7d5; inrb-umie-ebola-drc-2026-build-2026-06-01-b4cafc9; uganda-moh-ebola-update-2026-06-06; uganda-moh-ebola-update-2026-06-20; uganda-moh-ebola-update-2026-06-21; who-daily-epi-bdbv-2026-06-08; who-dg-remarks-bdbv-2026-05-20; who-dg-remarks-bdbv-2026-05-22; who-don602-2026-05-15-live; who-don603-2026-05-21-live; who-don606-bdbv-2026-06-08; who-ihr-ec-bdbv-temporary-recommendations-2026-05-22; who-pheic-2026-05-17-live; wikipedia-2026-ituri-epidemic-2026-05-20-live,"Descriptive watch-point interval, not a forecast or response recommendation."
corridor:210:drodro:yei-ssd,drodro,yei-ssd,30,0.01162012253850156,0.03331860908006776,0.023339086230606904,0.06617552907929627,0.00626970242410387,0.12163704328372499,zone-attributed confirmed count 4 for this source zone; visibility-adjustment factor 2.02× reflects under-reporting in source zone; raw risk likely understates true hazard,BDBV-CLAIM-050,derived_model_output_with_unsupported_exponent_attribution,pinned_snapshot_model_output,africa-cdc-phecs-2026-05-18-live; afro-sitrep-01-2026-05-18-live; afro-sitrep-01-pdf-2026-05-18-live; cdc-current-situation-2026-05-21; cdc-current-situation-2026-05-23; cdc-current-situation-2026-05-24; cdc-current-situation-2026-05-25; drc-moh-epidemie-dashboard-sitrep-009-graphql-2026-05-24; drc-moh-epidemie-dashboard-sitrep-mve-n-007-mvb-17-2026-pdf-2026-05-22; ecdc-bdbv-drc-uga-2026-05-19-live; ecdc-bdbv-drc-uga-2026-05-21-live; ecdc-bdbv-drc-uga-2026-05-25-live; ecdc-bdbv-drc-uga-2026-05-26-live; ecdc-bdbv-drc-uga-2026-05-27-live; inrb-sitrep-015-2026-05-29; inrb-sitrep-016-2026-05-30; inrb-sitrep-017-2026-05-31; inrb-sitrep-018-2026-06-01; inrb-sitrep-019-2026-06-02; inrb-sitrep-020-2026-06-03; inrb-sitrep-021-2026-06-04; inrb-sitrep-022-2026-06-05; inrb-sitrep-023-2026-06-06; inrb-sitrep-024-2026-06-07; inrb-sitrep-025-2026-06-08; inrb-sitrep-026-2026-06-09; inrb-sitrep-027-2026-06-10; inrb-sitrep-028-2026-06-11; inrb-sitrep-030-2026-06-13; inrb-sitrep-031-2026-06-14; inrb-sitrep-032-2026-06-15; inrb-sitrep-033-2026-06-16; inrb-sitrep-034-2026-06-17; inrb-sitrep-035-2026-06-18; inrb-sitrep-036-2026-06-19; inrb-sitrep-037-2026-06-20; inrb-sitrep-038-2026-06-21; inrb-sitrep-039-2026-06-22; inrb-sitrep-040-2026-06-23; inrb-sitrep-041-2026-06-24; inrb-sitrep-042-2026-06-25; inrb-sitrep-044-2026-06-27; inrb-sitrep-046-2026-06-29; inrb-sitrep-047-2026-06-30; inrb-sitrep-048-2026-07-01; inrb-sitrep-049-2026-07-02; inrb-sitrep-050-2026-07-03; inrb-sitrep-051-2026-07-04; inrb-sitrep-052-2026-07-05; inrb-sitrep-053-2026-07-06; inrb-sitrep-054-2026-07-07; inrb-sitrep-055-2026-07-08; inrb-sitrep-056-2026-07-09; inrb-sitrep-057-2026-07-10; inrb-sitrep-058-2026-07-11; inrb-sitrep-059-2026-07-12; inrb-umie-ebola-drc-2026-build-2026-05-28-bb8b7d5; inrb-umie-ebola-drc-2026-build-2026-06-01-b4cafc9; uganda-moh-ebola-update-2026-06-06; uganda-moh-ebola-update-2026-06-20; uganda-moh-ebola-update-2026-06-21; who-daily-epi-bdbv-2026-06-08; who-dg-remarks-bdbv-2026-05-20; who-dg-remarks-bdbv-2026-05-22; who-don602-2026-05-15-live; who-don603-2026-05-21-live; who-don606-bdbv-2026-06-08; who-ihr-ec-bdbv-temporary-recommendations-2026-05-22; who-pheic-2026-05-17-live; wikipedia-2026-ituri-epidemic-2026-05-20-live,"Descriptive watch-point interval, not a forecast or response recommendation."
corridor:211:rimba:bundibugyo-uga,rimba,bundibugyo-uga,30,0.013338979727184341,0.033104279557299054,0.02676777234947078,0.06575713931922517,0.007271905447181605,0.1276867602970985,zone-attributed confirmed count 4 for this source zone; visibility-adjustment factor 2.02× reflects under-reporting in source zone; raw risk likely understates true hazard,BDBV-CLAIM-050,derived_model_output_with_unsupported_exponent_attribution,pinned_snapshot_model_output,africa-cdc-phecs-2026-05-18-live; afro-sitrep-01-2026-05-18-live; afro-sitrep-01-pdf-2026-05-18-live; cdc-current-situation-2026-05-21; cdc-current-situation-2026-05-23; cdc-current-situation-2026-05-24; cdc-current-situation-2026-05-25; drc-moh-epidemie-dashboard-sitrep-009-graphql-2026-05-24; drc-moh-epidemie-dashboard-sitrep-mve-n-007-mvb-17-2026-pdf-2026-05-22; ecdc-bdbv-drc-uga-2026-05-19-live; ecdc-bdbv-drc-uga-2026-05-21-live; ecdc-bdbv-drc-uga-2026-05-25-live; ecdc-bdbv-drc-uga-2026-05-26-live; ecdc-bdbv-drc-uga-2026-05-27-live; inrb-sitrep-015-2026-05-29; inrb-sitrep-016-2026-05-30; inrb-sitrep-017-2026-05-31; inrb-sitrep-018-2026-06-01; inrb-sitrep-019-2026-06-02; inrb-sitrep-020-2026-06-03; inrb-sitrep-021-2026-06-04; inrb-sitrep-022-2026-06-05; inrb-sitrep-023-2026-06-06; inrb-sitrep-024-2026-06-07; inrb-sitrep-025-2026-06-08; inrb-sitrep-026-2026-06-09; inrb-sitrep-027-2026-06-10; inrb-sitrep-028-2026-06-11; inrb-sitrep-030-2026-06-13; inrb-sitrep-031-2026-06-14; inrb-sitrep-032-2026-06-15; inrb-sitrep-033-2026-06-16; inrb-sitrep-034-2026-06-17; inrb-sitrep-035-2026-06-18; inrb-sitrep-036-2026-06-19; inrb-sitrep-037-2026-06-20; inrb-sitrep-038-2026-06-21; inrb-sitrep-039-2026-06-22; inrb-sitrep-040-2026-06-23; inrb-sitrep-041-2026-06-24; inrb-sitrep-042-2026-06-25; inrb-sitrep-044-2026-06-27; inrb-sitrep-046-2026-06-29; inrb-sitrep-047-2026-06-30; inrb-sitrep-048-2026-07-01; inrb-sitrep-049-2026-07-02; inrb-sitrep-050-2026-07-03; inrb-sitrep-051-2026-07-04; inrb-sitrep-052-2026-07-05; inrb-sitrep-053-2026-07-06; inrb-sitrep-054-2026-07-07; inrb-sitrep-055-2026-07-08; inrb-sitrep-056-2026-07-09; inrb-sitrep-057-2026-07-10; inrb-sitrep-058-2026-07-11; inrb-sitrep-059-2026-07-12; inrb-umie-ebola-drc-2026-build-2026-05-28-bb8b7d5; inrb-umie-ebola-drc-2026-build-2026-06-01-b4cafc9; uganda-moh-ebola-update-2026-06-06; uganda-moh-ebola-update-2026-06-20; uganda-moh-ebola-update-2026-06-21; who-daily-epi-bdbv-2026-06-08; who-dg-remarks-bdbv-2026-05-20; who-dg-remarks-bdbv-2026-05-22; who-don602-2026-05-15-live; who-don603-2026-05-21-live; who-don606-bdbv-2026-06-08; who-ihr-ec-bdbv-temporary-recommendations-2026-05-22; who-pheic-2026-05-17-live; wikipedia-2026-ituri-epidemic-2026-05-20-live,"Descriptive watch-point interval, not a forecast or response recommendation."
corridor:212:drodro:arua-uga,drodro,arua-uga,30,0.012532890362251498,0.033051589580906066,0.02516059469080778,0.06565424692596653,0.006231851493960897,0.12124477497605125,zone-attributed confirmed count 4 for this source zone; visibility-adjustment factor 2.02× reflects under-reporting in source zone; raw risk likely understates true hazard,BDBV-CLAIM-050,derived_model_output_with_unsupported_exponent_attribution,pinned_snapshot_model_output,africa-cdc-phecs-2026-05-18-live; afro-sitrep-01-2026-05-18-live; afro-sitrep-01-pdf-2026-05-18-live; cdc-current-situation-2026-05-21; cdc-current-situation-2026-05-23; cdc-current-situation-2026-05-24; cdc-current-situation-2026-05-25; drc-moh-epidemie-dashboard-sitrep-009-graphql-2026-05-24; drc-moh-epidemie-dashboard-sitrep-mve-n-007-mvb-17-2026-pdf-2026-05-22; ecdc-bdbv-drc-uga-2026-05-19-live; ecdc-bdbv-drc-uga-2026-05-21-live; ecdc-bdbv-drc-uga-2026-05-25-live; ecdc-bdbv-drc-uga-2026-05-26-live; ecdc-bdbv-drc-uga-2026-05-27-live; inrb-sitrep-015-2026-05-29; inrb-sitrep-016-2026-05-30; inrb-sitrep-017-2026-05-31; inrb-sitrep-018-2026-06-01; inrb-sitrep-019-2026-06-02; inrb-sitrep-020-2026-06-03; inrb-sitrep-021-2026-06-04; inrb-sitrep-022-2026-06-05; inrb-sitrep-023-2026-06-06; inrb-sitrep-024-2026-06-07; inrb-sitrep-025-2026-06-08; inrb-sitrep-026-2026-06-09; inrb-sitrep-027-2026-06-10; inrb-sitrep-028-2026-06-11; inrb-sitrep-030-2026-06-13; inrb-sitrep-031-2026-06-14; inrb-sitrep-032-2026-06-15; inrb-sitrep-033-2026-06-16; inrb-sitrep-034-2026-06-17; inrb-sitrep-035-2026-06-18; inrb-sitrep-036-2026-06-19; inrb-sitrep-037-2026-06-20; inrb-sitrep-038-2026-06-21; inrb-sitrep-039-2026-06-22; inrb-sitrep-040-2026-06-23; inrb-sitrep-041-2026-06-24; inrb-sitrep-042-2026-06-25; inrb-sitrep-044-2026-06-27; inrb-sitrep-046-2026-06-29; inrb-sitrep-047-2026-06-30; inrb-sitrep-048-2026-07-01; inrb-sitrep-049-2026-07-02; inrb-sitrep-050-2026-07-03; inrb-sitrep-051-2026-07-04; inrb-sitrep-052-2026-07-05; inrb-sitrep-053-2026-07-06; inrb-sitrep-054-2026-07-07; inrb-sitrep-055-2026-07-08; inrb-sitrep-056-2026-07-09; inrb-sitrep-057-2026-07-10; inrb-sitrep-058-2026-07-11; inrb-sitrep-059-2026-07-12; inrb-umie-ebola-drc-2026-build-2026-05-28-bb8b7d5; inrb-umie-ebola-drc-2026-build-2026-06-01-b4cafc9; uganda-moh-ebola-update-2026-06-06; uganda-moh-ebola-update-2026-06-20; uganda-moh-ebola-update-2026-06-21; who-daily-epi-bdbv-2026-06-08; who-dg-remarks-bdbv-2026-05-20; who-dg-remarks-bdbv-2026-05-22; who-don602-2026-05-15-live; who-don603-2026-05-21-live; who-don606-bdbv-2026-06-08; who-ihr-ec-bdbv-temporary-recommendations-2026-05-22; who-pheic-2026-05-17-live; wikipedia-2026-ituri-epidemic-2026-05-20-live,"Descriptive watch-point interval, not a forecast or response recommendation."
corridor:213:fataki:beni-cod,fataki,beni-cod,30,0.01213234373096253,0.032928078939701344,0.02436147911329542,0.06541312713157707,0.006226370284638222,0.13285690770995892,zone-attributed confirmed count 4 for this source zone; visibility-adjustment factor 2.02× reflects under-reporting in source zone; raw risk likely understates true hazard,BDBV-CLAIM-050,derived_model_output_with_unsupported_exponent_attribution,pinned_snapshot_model_output,africa-cdc-phecs-2026-05-18-live; afro-sitrep-01-2026-05-18-live; afro-sitrep-01-pdf-2026-05-18-live; cdc-current-situation-2026-05-21; cdc-current-situation-2026-05-23; cdc-current-situation-2026-05-24; cdc-current-situation-2026-05-25; drc-moh-epidemie-dashboard-sitrep-009-graphql-2026-05-24; drc-moh-epidemie-dashboard-sitrep-mve-n-007-mvb-17-2026-pdf-2026-05-22; ecdc-bdbv-drc-uga-2026-05-19-live; ecdc-bdbv-drc-uga-2026-05-21-live; ecdc-bdbv-drc-uga-2026-05-25-live; ecdc-bdbv-drc-uga-2026-05-26-live; ecdc-bdbv-drc-uga-2026-05-27-live; inrb-sitrep-015-2026-05-29; inrb-sitrep-016-2026-05-30; inrb-sitrep-017-2026-05-31; inrb-sitrep-018-2026-06-01; inrb-sitrep-019-2026-06-02; inrb-sitrep-020-2026-06-03; inrb-sitrep-021-2026-06-04; inrb-sitrep-022-2026-06-05; inrb-sitrep-023-2026-06-06; inrb-sitrep-024-2026-06-07; inrb-sitrep-025-2026-06-08; inrb-sitrep-026-2026-06-09; inrb-sitrep-027-2026-06-10; inrb-sitrep-028-2026-06-11; inrb-sitrep-030-2026-06-13; inrb-sitrep-031-2026-06-14; inrb-sitrep-032-2026-06-15; inrb-sitrep-033-2026-06-16; inrb-sitrep-034-2026-06-17; inrb-sitrep-035-2026-06-18; inrb-sitrep-036-2026-06-19; inrb-sitrep-037-2026-06-20; inrb-sitrep-038-2026-06-21; inrb-sitrep-039-2026-06-22; inrb-sitrep-040-2026-06-23; inrb-sitrep-041-2026-06-24; inrb-sitrep-042-2026-06-25; inrb-sitrep-044-2026-06-27; inrb-sitrep-046-2026-06-29; inrb-sitrep-047-2026-06-30; inrb-sitrep-048-2026-07-01; inrb-sitrep-049-2026-07-02; inrb-sitrep-050-2026-07-03; inrb-sitrep-051-2026-07-04; inrb-sitrep-052-2026-07-05; inrb-sitrep-053-2026-07-06; inrb-sitrep-054-2026-07-07; inrb-sitrep-055-2026-07-08; inrb-sitrep-056-2026-07-09; inrb-sitrep-057-2026-07-10; inrb-sitrep-058-2026-07-11; inrb-sitrep-059-2026-07-12; inrb-umie-ebola-drc-2026-build-2026-05-28-bb8b7d5; inrb-umie-ebola-drc-2026-build-2026-06-01-b4cafc9; uganda-moh-ebola-update-2026-06-06; uganda-moh-ebola-update-2026-06-20; uganda-moh-ebola-update-2026-06-21; who-daily-epi-bdbv-2026-06-08; who-dg-remarks-bdbv-2026-05-20; who-dg-remarks-bdbv-2026-05-22; who-don602-2026-05-15-live; who-don603-2026-05-21-live; who-don606-bdbv-2026-06-08; who-ihr-ec-bdbv-temporary-recommendations-2026-05-22; who-pheic-2026-05-17-live; wikipedia-2026-ituri-epidemic-2026-05-20-live,"Descriptive watch-point interval, not a forecast or response recommendation."
corridor:214:drodro:nebbi-uga,drodro,nebbi-uga,30,0.011006078802534819,0.03281755358567082,0.02211273823589527,0.06519730241924726,0.004222353864576855,0.12492724012731357,zone-attributed confirmed count 4 for this source zone; visibility-adjustment factor 2.02× reflects under-reporting in source zone; raw risk likely understates true hazard,BDBV-CLAIM-050,derived_model_output_with_unsupported_exponent_attribution,pinned_snapshot_model_output,africa-cdc-phecs-2026-05-18-live; afro-sitrep-01-2026-05-18-live; afro-sitrep-01-pdf-2026-05-18-live; cdc-current-situation-2026-05-21; cdc-current-situation-2026-05-23; cdc-current-situation-2026-05-24; cdc-current-situation-2026-05-25; drc-moh-epidemie-dashboard-sitrep-009-graphql-2026-05-24; drc-moh-epidemie-dashboard-sitrep-mve-n-007-mvb-17-2026-pdf-2026-05-22; ecdc-bdbv-drc-uga-2026-05-19-live; ecdc-bdbv-drc-uga-2026-05-21-live; ecdc-bdbv-drc-uga-2026-05-25-live; ecdc-bdbv-drc-uga-2026-05-26-live; ecdc-bdbv-drc-uga-2026-05-27-live; inrb-sitrep-015-2026-05-29; inrb-sitrep-016-2026-05-30; inrb-sitrep-017-2026-05-31; inrb-sitrep-018-2026-06-01; inrb-sitrep-019-2026-06-02; inrb-sitrep-020-2026-06-03; inrb-sitrep-021-2026-06-04; inrb-sitrep-022-2026-06-05; inrb-sitrep-023-2026-06-06; inrb-sitrep-024-2026-06-07; inrb-sitrep-025-2026-06-08; inrb-sitrep-026-2026-06-09; inrb-sitrep-027-2026-06-10; inrb-sitrep-028-2026-06-11; inrb-sitrep-030-2026-06-13; inrb-sitrep-031-2026-06-14; inrb-sitrep-032-2026-06-15; inrb-sitrep-033-2026-06-16; inrb-sitrep-034-2026-06-17; inrb-sitrep-035-2026-06-18; inrb-sitrep-036-2026-06-19; inrb-sitrep-037-2026-06-20; inrb-sitrep-038-2026-06-21; inrb-sitrep-039-2026-06-22; inrb-sitrep-040-2026-06-23; inrb-sitrep-041-2026-06-24; inrb-sitrep-042-2026-06-25; inrb-sitrep-044-2026-06-27; inrb-sitrep-046-2026-06-29; inrb-sitrep-047-2026-06-30; inrb-sitrep-048-2026-07-01; inrb-sitrep-049-2026-07-02; inrb-sitrep-050-2026-07-03; inrb-sitrep-051-2026-07-04; inrb-sitrep-052-2026-07-05; inrb-sitrep-053-2026-07-06; inrb-sitrep-054-2026-07-07; inrb-sitrep-055-2026-07-08; inrb-sitrep-056-2026-07-09; inrb-sitrep-057-2026-07-10; inrb-sitrep-058-2026-07-11; inrb-sitrep-059-2026-07-12; inrb-umie-ebola-drc-2026-build-2026-05-28-bb8b7d5; inrb-umie-ebola-drc-2026-build-2026-06-01-b4cafc9; uganda-moh-ebola-update-2026-06-06; uganda-moh-ebola-update-2026-06-20; uganda-moh-ebola-update-2026-06-21; who-daily-epi-bdbv-2026-06-08; who-dg-remarks-bdbv-2026-05-20; who-dg-remarks-bdbv-2026-05-22; who-don602-2026-05-15-live; who-don603-2026-05-21-live; who-don606-bdbv-2026-06-08; who-ihr-ec-bdbv-temporary-recommendations-2026-05-22; who-pheic-2026-05-17-live; wikipedia-2026-ituri-epidemic-2026-05-20-live,"Descriptive watch-point interval, not a forecast or response recommendation."
corridor:215:makiso-kisangani-cod:beni-cod,makiso-kisangani-cod,beni-cod,30,0.010602455275220357,0.03264488406873062,0.0213062170014644,0.06486007809989947,0.005277621943210795,0.1276333485238823,zone-attributed confirmed count 4 for this source zone; visibility-adjustment factor 2.02× reflects under-reporting in source zone; raw risk likely understates true hazard,BDBV-CLAIM-050,derived_model_output_with_unsupported_exponent_attribution,pinned_snapshot_model_output,africa-cdc-phecs-2026-05-18-live; afro-sitrep-01-2026-05-18-live; afro-sitrep-01-pdf-2026-05-18-live; cdc-current-situation-2026-05-21; cdc-current-situation-2026-05-23; cdc-current-situation-2026-05-24; cdc-current-situation-2026-05-25; drc-moh-epidemie-dashboard-sitrep-009-graphql-2026-05-24; drc-moh-epidemie-dashboard-sitrep-mve-n-007-mvb-17-2026-pdf-2026-05-22; ecdc-bdbv-drc-uga-2026-05-19-live; ecdc-bdbv-drc-uga-2026-05-21-live; ecdc-bdbv-drc-uga-2026-05-25-live; ecdc-bdbv-drc-uga-2026-05-26-live; ecdc-bdbv-drc-uga-2026-05-27-live; inrb-sitrep-015-2026-05-29; inrb-sitrep-016-2026-05-30; inrb-sitrep-017-2026-05-31; inrb-sitrep-018-2026-06-01; inrb-sitrep-019-2026-06-02; inrb-sitrep-020-2026-06-03; inrb-sitrep-021-2026-06-04; inrb-sitrep-022-2026-06-05; inrb-sitrep-023-2026-06-06; inrb-sitrep-024-2026-06-07; inrb-sitrep-025-2026-06-08; inrb-sitrep-026-2026-06-09; inrb-sitrep-027-2026-06-10; inrb-sitrep-028-2026-06-11; inrb-sitrep-030-2026-06-13; inrb-sitrep-031-2026-06-14; inrb-sitrep-032-2026-06-15; inrb-sitrep-033-2026-06-16; inrb-sitrep-034-2026-06-17; inrb-sitrep-035-2026-06-18; inrb-sitrep-036-2026-06-19; inrb-sitrep-037-2026-06-20; inrb-sitrep-038-2026-06-21; inrb-sitrep-039-2026-06-22; inrb-sitrep-040-2026-06-23; inrb-sitrep-041-2026-06-24; inrb-sitrep-042-2026-06-25; inrb-sitrep-044-2026-06-27; inrb-sitrep-046-2026-06-29; inrb-sitrep-047-2026-06-30; inrb-sitrep-048-2026-07-01; inrb-sitrep-049-2026-07-02; inrb-sitrep-050-2026-07-03; inrb-sitrep-051-2026-07-04; inrb-sitrep-052-2026-07-05; inrb-sitrep-053-2026-07-06; inrb-sitrep-054-2026-07-07; inrb-sitrep-055-2026-07-08; inrb-sitrep-056-2026-07-09; inrb-sitrep-057-2026-07-10; inrb-sitrep-058-2026-07-11; inrb-sitrep-059-2026-07-12; inrb-umie-ebola-drc-2026-build-2026-05-28-bb8b7d5; inrb-umie-ebola-drc-2026-build-2026-06-01-b4cafc9; uganda-moh-ebola-update-2026-06-06; uganda-moh-ebola-update-2026-06-20; uganda-moh-ebola-update-2026-06-21; who-daily-epi-bdbv-2026-06-08; who-dg-remarks-bdbv-2026-05-20; who-dg-remarks-bdbv-2026-05-22; who-don602-2026-05-15-live; who-don603-2026-05-21-live; who-don606-bdbv-2026-06-08; who-ihr-ec-bdbv-temporary-recommendations-2026-05-22; who-pheic-2026-05-17-live; wikipedia-2026-ituri-epidemic-2026-05-20-live,"Descriptive watch-point interval, not a forecast or response recommendation."
corridor:216:fataki:bundibugyo-uga,fataki,bundibugyo-uga,30,0.010477895872707393,0.03263733759606982,0.021057247657738865,0.06484533910978066,0.0062904632936699465,0.12432913626681544,zone-attributed confirmed count 4 for this source zone; visibility-adjustment factor 2.02× reflects under-reporting in source zone; raw risk likely understates true hazard,BDBV-CLAIM-050,derived_model_output_with_unsupported_exponent_attribution,pinned_snapshot_model_output,africa-cdc-phecs-2026-05-18-live; afro-sitrep-01-2026-05-18-live; afro-sitrep-01-pdf-2026-05-18-live; cdc-current-situation-2026-05-21; cdc-current-situation-2026-05-23; cdc-current-situation-2026-05-24; cdc-current-situation-2026-05-25; drc-moh-epidemie-dashboard-sitrep-009-graphql-2026-05-24; drc-moh-epidemie-dashboard-sitrep-mve-n-007-mvb-17-2026-pdf-2026-05-22; ecdc-bdbv-drc-uga-2026-05-19-live; ecdc-bdbv-drc-uga-2026-05-21-live; ecdc-bdbv-drc-uga-2026-05-25-live; ecdc-bdbv-drc-uga-2026-05-26-live; ecdc-bdbv-drc-uga-2026-05-27-live; inrb-sitrep-015-2026-05-29; inrb-sitrep-016-2026-05-30; inrb-sitrep-017-2026-05-31; inrb-sitrep-018-2026-06-01; inrb-sitrep-019-2026-06-02; inrb-sitrep-020-2026-06-03; inrb-sitrep-021-2026-06-04; inrb-sitrep-022-2026-06-05; inrb-sitrep-023-2026-06-06; inrb-sitrep-024-2026-06-07; inrb-sitrep-025-2026-06-08; inrb-sitrep-026-2026-06-09; inrb-sitrep-027-2026-06-10; inrb-sitrep-028-2026-06-11; inrb-sitrep-030-2026-06-13; inrb-sitrep-031-2026-06-14; inrb-sitrep-032-2026-06-15; inrb-sitrep-033-2026-06-16; inrb-sitrep-034-2026-06-17; inrb-sitrep-035-2026-06-18; inrb-sitrep-036-2026-06-19; inrb-sitrep-037-2026-06-20; inrb-sitrep-038-2026-06-21; inrb-sitrep-039-2026-06-22; inrb-sitrep-040-2026-06-23; inrb-sitrep-041-2026-06-24; inrb-sitrep-042-2026-06-25; inrb-sitrep-044-2026-06-27; inrb-sitrep-046-2026-06-29; inrb-sitrep-047-2026-06-30; inrb-sitrep-048-2026-07-01; inrb-sitrep-049-2026-07-02; inrb-sitrep-050-2026-07-03; inrb-sitrep-051-2026-07-04; inrb-sitrep-052-2026-07-05; inrb-sitrep-053-2026-07-06; inrb-sitrep-054-2026-07-07; inrb-sitrep-055-2026-07-08; inrb-sitrep-056-2026-07-09; inrb-sitrep-057-2026-07-10; inrb-sitrep-058-2026-07-11; inrb-sitrep-059-2026-07-12; inrb-umie-ebola-drc-2026-build-2026-05-28-bb8b7d5; inrb-umie-ebola-drc-2026-build-2026-06-01-b4cafc9; uganda-moh-ebola-update-2026-06-06; uganda-moh-ebola-update-2026-06-20; uganda-moh-ebola-update-2026-06-21; who-daily-epi-bdbv-2026-06-08; who-dg-remarks-bdbv-2026-05-20; who-dg-remarks-bdbv-2026-05-22; who-don602-2026-05-15-live; who-don603-2026-05-21-live; who-don606-bdbv-2026-06-08; who-ihr-ec-bdbv-temporary-recommendations-2026-05-22; who-pheic-2026-05-17-live; wikipedia-2026-ituri-epidemic-2026-05-20-live,"Descriptive watch-point interval, not a forecast or response recommendation."
corridor:217:drodro:goma-cod,drodro,goma-cod,30,0.012686549864875718,0.0325070884452246,0.025467066677420963,0.06459090908259485,0.006484472390470653,0.1123609966197827,zone-attributed confirmed count 4 for this source zone; visibility-adjustment factor 2.02× reflects under-reporting in source zone; raw risk likely understates true hazard,BDBV-CLAIM-050,derived_model_output_with_unsupported_exponent_attribution,pinned_snapshot_model_output,africa-cdc-phecs-2026-05-18-live; afro-sitrep-01-2026-05-18-live; afro-sitrep-01-pdf-2026-05-18-live; cdc-current-situation-2026-05-21; cdc-current-situation-2026-05-23; cdc-current-situation-2026-05-24; cdc-current-situation-2026-05-25; drc-moh-epidemie-dashboard-sitrep-009-graphql-2026-05-24; drc-moh-epidemie-dashboard-sitrep-mve-n-007-mvb-17-2026-pdf-2026-05-22; ecdc-bdbv-drc-uga-2026-05-19-live; ecdc-bdbv-drc-uga-2026-05-21-live; ecdc-bdbv-drc-uga-2026-05-25-live; ecdc-bdbv-drc-uga-2026-05-26-live; ecdc-bdbv-drc-uga-2026-05-27-live; inrb-sitrep-015-2026-05-29; inrb-sitrep-016-2026-05-30; inrb-sitrep-017-2026-05-31; inrb-sitrep-018-2026-06-01; inrb-sitrep-019-2026-06-02; inrb-sitrep-020-2026-06-03; inrb-sitrep-021-2026-06-04; inrb-sitrep-022-2026-06-05; inrb-sitrep-023-2026-06-06; inrb-sitrep-024-2026-06-07; inrb-sitrep-025-2026-06-08; inrb-sitrep-026-2026-06-09; inrb-sitrep-027-2026-06-10; inrb-sitrep-028-2026-06-11; inrb-sitrep-030-2026-06-13; inrb-sitrep-031-2026-06-14; inrb-sitrep-032-2026-06-15; inrb-sitrep-033-2026-06-16; inrb-sitrep-034-2026-06-17; inrb-sitrep-035-2026-06-18; inrb-sitrep-036-2026-06-19; inrb-sitrep-037-2026-06-20; inrb-sitrep-038-2026-06-21; inrb-sitrep-039-2026-06-22; inrb-sitrep-040-2026-06-23; inrb-sitrep-041-2026-06-24; inrb-sitrep-042-2026-06-25; inrb-sitrep-044-2026-06-27; inrb-sitrep-046-2026-06-29; inrb-sitrep-047-2026-06-30; inrb-sitrep-048-2026-07-01; inrb-sitrep-049-2026-07-02; inrb-sitrep-050-2026-07-03; inrb-sitrep-051-2026-07-04; inrb-sitrep-052-2026-07-05; inrb-sitrep-053-2026-07-06; inrb-sitrep-054-2026-07-07; inrb-sitrep-055-2026-07-08; inrb-sitrep-056-2026-07-09; inrb-sitrep-057-2026-07-10; inrb-sitrep-058-2026-07-11; inrb-sitrep-059-2026-07-12; inrb-umie-ebola-drc-2026-build-2026-05-28-bb8b7d5; inrb-umie-ebola-drc-2026-build-2026-06-01-b4cafc9; uganda-moh-ebola-update-2026-06-06; uganda-moh-ebola-update-2026-06-20; uganda-moh-ebola-update-2026-06-21; who-daily-epi-bdbv-2026-06-08; who-dg-remarks-bdbv-2026-05-20; who-dg-remarks-bdbv-2026-05-22; who-don602-2026-05-15-live; who-don603-2026-05-21-live; who-don606-bdbv-2026-06-08; who-ihr-ec-bdbv-temporary-recommendations-2026-05-22; who-pheic-2026-05-17-live; wikipedia-2026-ituri-epidemic-2026-05-20-live,"Descriptive watch-point interval, not a forecast or response recommendation."
corridor:218:makiso-kisangani-cod:bundibugyo-uga,makiso-kisangani-cod,bundibugyo-uga,30,0.01268034834921658,0.032157970761809734,0.02545469891885674,0.06390879520246737,0.00599288828488204,0.1329102105248805,zone-attributed confirmed count 4 for this source zone; visibility-adjustment factor 2.02× reflects under-reporting in source zone; raw risk likely understates true hazard,BDBV-CLAIM-050,derived_model_output_with_unsupported_exponent_attribution,pinned_snapshot_model_output,africa-cdc-phecs-2026-05-18-live; afro-sitrep-01-2026-05-18-live; afro-sitrep-01-pdf-2026-05-18-live; cdc-current-situation-2026-05-21; cdc-current-situation-2026-05-23; cdc-current-situation-2026-05-24; cdc-current-situation-2026-05-25; drc-moh-epidemie-dashboard-sitrep-009-graphql-2026-05-24; drc-moh-epidemie-dashboard-sitrep-mve-n-007-mvb-17-2026-pdf-2026-05-22; ecdc-bdbv-drc-uga-2026-05-19-live; ecdc-bdbv-drc-uga-2026-05-21-live; ecdc-bdbv-drc-uga-2026-05-25-live; ecdc-bdbv-drc-uga-2026-05-26-live; ecdc-bdbv-drc-uga-2026-05-27-live; inrb-sitrep-015-2026-05-29; inrb-sitrep-016-2026-05-30; inrb-sitrep-017-2026-05-31; inrb-sitrep-018-2026-06-01; inrb-sitrep-019-2026-06-02; inrb-sitrep-020-2026-06-03; inrb-sitrep-021-2026-06-04; inrb-sitrep-022-2026-06-05; inrb-sitrep-023-2026-06-06; inrb-sitrep-024-2026-06-07; inrb-sitrep-025-2026-06-08; inrb-sitrep-026-2026-06-09; inrb-sitrep-027-2026-06-10; inrb-sitrep-028-2026-06-11; inrb-sitrep-030-2026-06-13; inrb-sitrep-031-2026-06-14; inrb-sitrep-032-2026-06-15; inrb-sitrep-033-2026-06-16; inrb-sitrep-034-2026-06-17; inrb-sitrep-035-2026-06-18; inrb-sitrep-036-2026-06-19; inrb-sitrep-037-2026-06-20; inrb-sitrep-038-2026-06-21; inrb-sitrep-039-2026-06-22; inrb-sitrep-040-2026-06-23; inrb-sitrep-041-2026-06-24; inrb-sitrep-042-2026-06-25; inrb-sitrep-044-2026-06-27; inrb-sitrep-046-2026-06-29; inrb-sitrep-047-2026-06-30; inrb-sitrep-048-2026-07-01; inrb-sitrep-049-2026-07-02; inrb-sitrep-050-2026-07-03; inrb-sitrep-051-2026-07-04; inrb-sitrep-052-2026-07-05; inrb-sitrep-053-2026-07-06; inrb-sitrep-054-2026-07-07; inrb-sitrep-055-2026-07-08; inrb-sitrep-056-2026-07-09; inrb-sitrep-057-2026-07-10; inrb-sitrep-058-2026-07-11; inrb-sitrep-059-2026-07-12; inrb-umie-ebola-drc-2026-build-2026-05-28-bb8b7d5; inrb-umie-ebola-drc-2026-build-2026-06-01-b4cafc9; uganda-moh-ebola-update-2026-06-06; uganda-moh-ebola-update-2026-06-20; uganda-moh-ebola-update-2026-06-21; who-daily-epi-bdbv-2026-06-08; who-dg-remarks-bdbv-2026-05-20; who-dg-remarks-bdbv-2026-05-22; who-don602-2026-05-15-live; who-don603-2026-05-21-live; who-don606-bdbv-2026-06-08; who-ihr-ec-bdbv-temporary-recommendations-2026-05-22; who-pheic-2026-05-17-live; wikipedia-2026-ituri-epidemic-2026-05-20-live,"Descriptive watch-point interval, not a forecast or response recommendation."
corridor:219:fataki:kasese-uga,fataki,kasese-uga,30,0.010815708730226664,0.032041174997444716,0.021732384660432535,0.06368053778362645,0.006416802780953285,0.1466582819844112,zone-attributed confirmed count 4 for this source zone; visibility-adjustment factor 2.02× reflects under-reporting in source zone; raw risk likely understates true hazard,BDBV-CLAIM-050,derived_model_output_with_unsupported_exponent_attribution,pinned_snapshot_model_output,africa-cdc-phecs-2026-05-18-live; afro-sitrep-01-2026-05-18-live; afro-sitrep-01-pdf-2026-05-18-live; cdc-current-situation-2026-05-21; cdc-current-situation-2026-05-23; cdc-current-situation-2026-05-24; cdc-current-situation-2026-05-25; drc-moh-epidemie-dashboard-sitrep-009-graphql-2026-05-24; drc-moh-epidemie-dashboard-sitrep-mve-n-007-mvb-17-2026-pdf-2026-05-22; ecdc-bdbv-drc-uga-2026-05-19-live; ecdc-bdbv-drc-uga-2026-05-21-live; ecdc-bdbv-drc-uga-2026-05-25-live; ecdc-bdbv-drc-uga-2026-05-26-live; ecdc-bdbv-drc-uga-2026-05-27-live; inrb-sitrep-015-2026-05-29; inrb-sitrep-016-2026-05-30; inrb-sitrep-017-2026-05-31; inrb-sitrep-018-2026-06-01; inrb-sitrep-019-2026-06-02; inrb-sitrep-020-2026-06-03; inrb-sitrep-021-2026-06-04; inrb-sitrep-022-2026-06-05; inrb-sitrep-023-2026-06-06; inrb-sitrep-024-2026-06-07; inrb-sitrep-025-2026-06-08; inrb-sitrep-026-2026-06-09; inrb-sitrep-027-2026-06-10; inrb-sitrep-028-2026-06-11; inrb-sitrep-030-2026-06-13; inrb-sitrep-031-2026-06-14; inrb-sitrep-032-2026-06-15; inrb-sitrep-033-2026-06-16; inrb-sitrep-034-2026-06-17; inrb-sitrep-035-2026-06-18; inrb-sitrep-036-2026-06-19; inrb-sitrep-037-2026-06-20; inrb-sitrep-038-2026-06-21; inrb-sitrep-039-2026-06-22; inrb-sitrep-040-2026-06-23; inrb-sitrep-041-2026-06-24; inrb-sitrep-042-2026-06-25; inrb-sitrep-044-2026-06-27; inrb-sitrep-046-2026-06-29; inrb-sitrep-047-2026-06-30; inrb-sitrep-048-2026-07-01; inrb-sitrep-049-2026-07-02; inrb-sitrep-050-2026-07-03; inrb-sitrep-051-2026-07-04; inrb-sitrep-052-2026-07-05; inrb-sitrep-053-2026-07-06; inrb-sitrep-054-2026-07-07; inrb-sitrep-055-2026-07-08; inrb-sitrep-056-2026-07-09; inrb-sitrep-057-2026-07-10; inrb-sitrep-058-2026-07-11; inrb-sitrep-059-2026-07-12; inrb-umie-ebola-drc-2026-build-2026-05-28-bb8b7d5; inrb-umie-ebola-drc-2026-build-2026-06-01-b4cafc9; uganda-moh-ebola-update-2026-06-06; uganda-moh-ebola-update-2026-06-20; uganda-moh-ebola-update-2026-06-21; who-daily-epi-bdbv-2026-06-08; who-dg-remarks-bdbv-2026-05-20; who-dg-remarks-bdbv-2026-05-22; who-don602-2026-05-15-live; who-don603-2026-05-21-live; who-don606-bdbv-2026-06-08; who-ihr-ec-bdbv-temporary-recommendations-2026-05-22; who-pheic-2026-05-17-live; wikipedia-2026-ituri-epidemic-2026-05-20-live,"Descriptive watch-point interval, not a forecast or response recommendation."
corridor:220:rimba:kasese-uga,rimba,kasese-uga,30,0.011526199771589779,0.031915529460556535,0.023151557786314836,0.06343494719495624,0.005605910877074189,0.13411149145740653,zone-attributed confirmed count 4 for this source zone; visibility-adjustment factor 2.02× reflects under-reporting in source zone; raw risk likely understates true hazard,BDBV-CLAIM-050,derived_model_output_with_unsupported_exponent_attribution,pinned_snapshot_model_output,africa-cdc-phecs-2026-05-18-live; afro-sitrep-01-2026-05-18-live; afro-sitrep-01-pdf-2026-05-18-live; cdc-current-situation-2026-05-21; cdc-current-situation-2026-05-23; cdc-current-situation-2026-05-24; cdc-current-situation-2026-05-25; drc-moh-epidemie-dashboard-sitrep-009-graphql-2026-05-24; drc-moh-epidemie-dashboard-sitrep-mve-n-007-mvb-17-2026-pdf-2026-05-22; ecdc-bdbv-drc-uga-2026-05-19-live; ecdc-bdbv-drc-uga-2026-05-21-live; ecdc-bdbv-drc-uga-2026-05-25-live; ecdc-bdbv-drc-uga-2026-05-26-live; ecdc-bdbv-drc-uga-2026-05-27-live; inrb-sitrep-015-2026-05-29; inrb-sitrep-016-2026-05-30; inrb-sitrep-017-2026-05-31; inrb-sitrep-018-2026-06-01; inrb-sitrep-019-2026-06-02; inrb-sitrep-020-2026-06-03; inrb-sitrep-021-2026-06-04; inrb-sitrep-022-2026-06-05; inrb-sitrep-023-2026-06-06; inrb-sitrep-024-2026-06-07; inrb-sitrep-025-2026-06-08; inrb-sitrep-026-2026-06-09; inrb-sitrep-027-2026-06-10; inrb-sitrep-028-2026-06-11; inrb-sitrep-030-2026-06-13; inrb-sitrep-031-2026-06-14; inrb-sitrep-032-2026-06-15; inrb-sitrep-033-2026-06-16; inrb-sitrep-034-2026-06-17; inrb-sitrep-035-2026-06-18; inrb-sitrep-036-2026-06-19; inrb-sitrep-037-2026-06-20; inrb-sitrep-038-2026-06-21; inrb-sitrep-039-2026-06-22; inrb-sitrep-040-2026-06-23; inrb-sitrep-041-2026-06-24; inrb-sitrep-042-2026-06-25; inrb-sitrep-044-2026-06-27; inrb-sitrep-046-2026-06-29; inrb-sitrep-047-2026-06-30; inrb-sitrep-048-2026-07-01; inrb-sitrep-049-2026-07-02; inrb-sitrep-050-2026-07-03; inrb-sitrep-051-2026-07-04; inrb-sitrep-052-2026-07-05; inrb-sitrep-053-2026-07-06; inrb-sitrep-054-2026-07-07; inrb-sitrep-055-2026-07-08; inrb-sitrep-056-2026-07-09; inrb-sitrep-057-2026-07-10; inrb-sitrep-058-2026-07-11; inrb-sitrep-059-2026-07-12; inrb-umie-ebola-drc-2026-build-2026-05-28-bb8b7d5; inrb-umie-ebola-drc-2026-build-2026-06-01-b4cafc9; uganda-moh-ebola-update-2026-06-06; uganda-moh-ebola-update-2026-06-20; uganda-moh-ebola-update-2026-06-21; who-daily-epi-bdbv-2026-06-08; who-dg-remarks-bdbv-2026-05-20; who-dg-remarks-bdbv-2026-05-22; who-don602-2026-05-15-live; who-don603-2026-05-21-live; who-don606-bdbv-2026-06-08; who-ihr-ec-bdbv-temporary-recommendations-2026-05-22; who-pheic-2026-05-17-live; wikipedia-2026-ituri-epidemic-2026-05-20-live,"Descriptive watch-point interval, not a forecast or response recommendation."
corridor:221:makiso-kisangani-cod:kisangani-cod,makiso-kisangani-cod,kisangani-cod,30,0.010732878617052077,0.031910683661431044,0.021566867236715942,0.06342547771230045,0.005817982212108297,0.12474910038782398,zone-attributed confirmed count 4 for this source zone; visibility-adjustment factor 2.02× reflects under-reporting in source zone; raw risk likely understates true hazard,BDBV-CLAIM-050,derived_model_output_with_unsupported_exponent_attribution,pinned_snapshot_model_output,africa-cdc-phecs-2026-05-18-live; afro-sitrep-01-2026-05-18-live; afro-sitrep-01-pdf-2026-05-18-live; cdc-current-situation-2026-05-21; cdc-current-situation-2026-05-23; cdc-current-situation-2026-05-24; cdc-current-situation-2026-05-25; drc-moh-epidemie-dashboard-sitrep-009-graphql-2026-05-24; drc-moh-epidemie-dashboard-sitrep-mve-n-007-mvb-17-2026-pdf-2026-05-22; ecdc-bdbv-drc-uga-2026-05-19-live; ecdc-bdbv-drc-uga-2026-05-21-live; ecdc-bdbv-drc-uga-2026-05-25-live; ecdc-bdbv-drc-uga-2026-05-26-live; ecdc-bdbv-drc-uga-2026-05-27-live; inrb-sitrep-015-2026-05-29; inrb-sitrep-016-2026-05-30; inrb-sitrep-017-2026-05-31; inrb-sitrep-018-2026-06-01; inrb-sitrep-019-2026-06-02; inrb-sitrep-020-2026-06-03; inrb-sitrep-021-2026-06-04; inrb-sitrep-022-2026-06-05; inrb-sitrep-023-2026-06-06; inrb-sitrep-024-2026-06-07; inrb-sitrep-025-2026-06-08; inrb-sitrep-026-2026-06-09; inrb-sitrep-027-2026-06-10; inrb-sitrep-028-2026-06-11; inrb-sitrep-030-2026-06-13; inrb-sitrep-031-2026-06-14; inrb-sitrep-032-2026-06-15; inrb-sitrep-033-2026-06-16; inrb-sitrep-034-2026-06-17; inrb-sitrep-035-2026-06-18; inrb-sitrep-036-2026-06-19; inrb-sitrep-037-2026-06-20; inrb-sitrep-038-2026-06-21; inrb-sitrep-039-2026-06-22; inrb-sitrep-040-2026-06-23; inrb-sitrep-041-2026-06-24; inrb-sitrep-042-2026-06-25; inrb-sitrep-044-2026-06-27; inrb-sitrep-046-2026-06-29; inrb-sitrep-047-2026-06-30; inrb-sitrep-048-2026-07-01; inrb-sitrep-049-2026-07-02; inrb-sitrep-050-2026-07-03; inrb-sitrep-051-2026-07-04; inrb-sitrep-052-2026-07-05; inrb-sitrep-053-2026-07-06; inrb-sitrep-054-2026-07-07; inrb-sitrep-055-2026-07-08; inrb-sitrep-056-2026-07-09; inrb-sitrep-057-2026-07-10; inrb-sitrep-058-2026-07-11; inrb-sitrep-059-2026-07-12; inrb-umie-ebola-drc-2026-build-2026-05-28-bb8b7d5; inrb-umie-ebola-drc-2026-build-2026-06-01-b4cafc9; uganda-moh-ebola-update-2026-06-06; uganda-moh-ebola-update-2026-06-20; uganda-moh-ebola-update-2026-06-21; who-daily-epi-bdbv-2026-06-08; who-dg-remarks-bdbv-2026-05-20; who-dg-remarks-bdbv-2026-05-22; who-don602-2026-05-15-live; who-don603-2026-05-21-live; who-don606-bdbv-2026-06-08; who-ihr-ec-bdbv-temporary-recommendations-2026-05-22; who-pheic-2026-05-17-live; wikipedia-2026-ituri-epidemic-2026-05-20-live,"Descriptive watch-point interval, not a forecast or response recommendation."
corridor:222:fataki:goma-cod,fataki,goma-cod,30,0.011832063927682324,0.03188115995780863,0.023762187278955432,0.0633676925406893,0.006566730129186783,0.11815076654319066,zone-attributed confirmed count 4 for this source zone; visibility-adjustment factor 2.02× reflects under-reporting in source zone; raw risk likely understates true hazard,BDBV-CLAIM-050,derived_model_output_with_unsupported_exponent_attribution,pinned_snapshot_model_output,africa-cdc-phecs-2026-05-18-live; afro-sitrep-01-2026-05-18-live; afro-sitrep-01-pdf-2026-05-18-live; cdc-current-situation-2026-05-21; cdc-current-situation-2026-05-23; cdc-current-situation-2026-05-24; cdc-current-situation-2026-05-25; drc-moh-epidemie-dashboard-sitrep-009-graphql-2026-05-24; drc-moh-epidemie-dashboard-sitrep-mve-n-007-mvb-17-2026-pdf-2026-05-22; ecdc-bdbv-drc-uga-2026-05-19-live; ecdc-bdbv-drc-uga-2026-05-21-live; ecdc-bdbv-drc-uga-2026-05-25-live; ecdc-bdbv-drc-uga-2026-05-26-live; ecdc-bdbv-drc-uga-2026-05-27-live; inrb-sitrep-015-2026-05-29; inrb-sitrep-016-2026-05-30; inrb-sitrep-017-2026-05-31; inrb-sitrep-018-2026-06-01; inrb-sitrep-019-2026-06-02; inrb-sitrep-020-2026-06-03; inrb-sitrep-021-2026-06-04; inrb-sitrep-022-2026-06-05; inrb-sitrep-023-2026-06-06; inrb-sitrep-024-2026-06-07; inrb-sitrep-025-2026-06-08; inrb-sitrep-026-2026-06-09; inrb-sitrep-027-2026-06-10; inrb-sitrep-028-2026-06-11; inrb-sitrep-030-2026-06-13; inrb-sitrep-031-2026-06-14; inrb-sitrep-032-2026-06-15; inrb-sitrep-033-2026-06-16; inrb-sitrep-034-2026-06-17; inrb-sitrep-035-2026-06-18; inrb-sitrep-036-2026-06-19; inrb-sitrep-037-2026-06-20; inrb-sitrep-038-2026-06-21; inrb-sitrep-039-2026-06-22; inrb-sitrep-040-2026-06-23; inrb-sitrep-041-2026-06-24; inrb-sitrep-042-2026-06-25; inrb-sitrep-044-2026-06-27; inrb-sitrep-046-2026-06-29; inrb-sitrep-047-2026-06-30; inrb-sitrep-048-2026-07-01; inrb-sitrep-049-2026-07-02; inrb-sitrep-050-2026-07-03; inrb-sitrep-051-2026-07-04; inrb-sitrep-052-2026-07-05; inrb-sitrep-053-2026-07-06; inrb-sitrep-054-2026-07-07; inrb-sitrep-055-2026-07-08; inrb-sitrep-056-2026-07-09; inrb-sitrep-057-2026-07-10; inrb-sitrep-058-2026-07-11; inrb-sitrep-059-2026-07-12; inrb-umie-ebola-drc-2026-build-2026-05-28-bb8b7d5; inrb-umie-ebola-drc-2026-build-2026-06-01-b4cafc9; uganda-moh-ebola-update-2026-06-06; uganda-moh-ebola-update-2026-06-20; uganda-moh-ebola-update-2026-06-21; who-daily-epi-bdbv-2026-06-08; who-dg-remarks-bdbv-2026-05-20; who-dg-remarks-bdbv-2026-05-22; who-don602-2026-05-15-live; who-don603-2026-05-21-live; who-don606-bdbv-2026-06-08; who-ihr-ec-bdbv-temporary-recommendations-2026-05-22; who-pheic-2026-05-17-live; wikipedia-2026-ituri-epidemic-2026-05-20-live,"Descriptive watch-point interval, not a forecast or response recommendation."
corridor:223:fataki:yei-ssd,fataki,yei-ssd,30,0.011881638600079153,0.03171742392366822,0.023861140121571756,0.06304767861131236,0.005851751280422291,0.12292899744664805,zone-attributed confirmed count 4 for this source zone; visibility-adjustment factor 2.02× reflects under-reporting in source zone; raw risk likely understates true hazard,BDBV-CLAIM-050,derived_model_output_with_unsupported_exponent_attribution,pinned_snapshot_model_output,africa-cdc-phecs-2026-05-18-live; afro-sitrep-01-2026-05-18-live; afro-sitrep-01-pdf-2026-05-18-live; cdc-current-situation-2026-05-21; cdc-current-situation-2026-05-23; cdc-current-situation-2026-05-24; cdc-current-situation-2026-05-25; drc-moh-epidemie-dashboard-sitrep-009-graphql-2026-05-24; drc-moh-epidemie-dashboard-sitrep-mve-n-007-mvb-17-2026-pdf-2026-05-22; ecdc-bdbv-drc-uga-2026-05-19-live; ecdc-bdbv-drc-uga-2026-05-21-live; ecdc-bdbv-drc-uga-2026-05-25-live; ecdc-bdbv-drc-uga-2026-05-26-live; ecdc-bdbv-drc-uga-2026-05-27-live; inrb-sitrep-015-2026-05-29; inrb-sitrep-016-2026-05-30; inrb-sitrep-017-2026-05-31; inrb-sitrep-018-2026-06-01; inrb-sitrep-019-2026-06-02; inrb-sitrep-020-2026-06-03; inrb-sitrep-021-2026-06-04; inrb-sitrep-022-2026-06-05; inrb-sitrep-023-2026-06-06; inrb-sitrep-024-2026-06-07; inrb-sitrep-025-2026-06-08; inrb-sitrep-026-2026-06-09; inrb-sitrep-027-2026-06-10; inrb-sitrep-028-2026-06-11; inrb-sitrep-030-2026-06-13; inrb-sitrep-031-2026-06-14; inrb-sitrep-032-2026-06-15; inrb-sitrep-033-2026-06-16; inrb-sitrep-034-2026-06-17; inrb-sitrep-035-2026-06-18; inrb-sitrep-036-2026-06-19; inrb-sitrep-037-2026-06-20; inrb-sitrep-038-2026-06-21; inrb-sitrep-039-2026-06-22; inrb-sitrep-040-2026-06-23; inrb-sitrep-041-2026-06-24; inrb-sitrep-042-2026-06-25; inrb-sitrep-044-2026-06-27; inrb-sitrep-046-2026-06-29; inrb-sitrep-047-2026-06-30; inrb-sitrep-048-2026-07-01; inrb-sitrep-049-2026-07-02; inrb-sitrep-050-2026-07-03; inrb-sitrep-051-2026-07-04; inrb-sitrep-052-2026-07-05; inrb-sitrep-053-2026-07-06; inrb-sitrep-054-2026-07-07; inrb-sitrep-055-2026-07-08; inrb-sitrep-056-2026-07-09; inrb-sitrep-057-2026-07-10; inrb-sitrep-058-2026-07-11; inrb-sitrep-059-2026-07-12; inrb-umie-ebola-drc-2026-build-2026-05-28-bb8b7d5; inrb-umie-ebola-drc-2026-build-2026-06-01-b4cafc9; uganda-moh-ebola-update-2026-06-06; uganda-moh-ebola-update-2026-06-20; uganda-moh-ebola-update-2026-06-21; who-daily-epi-bdbv-2026-06-08; who-dg-remarks-bdbv-2026-05-20; who-dg-remarks-bdbv-2026-05-22; who-don602-2026-05-15-live; who-don603-2026-05-21-live; who-don606-bdbv-2026-06-08; who-ihr-ec-bdbv-temporary-recommendations-2026-05-22; who-pheic-2026-05-17-live; wikipedia-2026-ituri-epidemic-2026-05-20-live,"Descriptive watch-point interval, not a forecast or response recommendation."
corridor:224:rimba:beni-cod,rimba,beni-cod,30,0.012077264077524158,0.031648424219966165,0.024251567209673364,0.06291276780198063,0.005661696296037675,0.12907416773358465,zone-attributed confirmed count 4 for this source zone; visibility-adjustment factor 2.02× reflects under-reporting in source zone; raw risk likely understates true hazard,BDBV-CLAIM-050,derived_model_output_with_unsupported_exponent_attribution,pinned_snapshot_model_output,africa-cdc-phecs-2026-05-18-live; afro-sitrep-01-2026-05-18-live; afro-sitrep-01-pdf-2026-05-18-live; cdc-current-situation-2026-05-21; cdc-current-situation-2026-05-23; cdc-current-situation-2026-05-24; cdc-current-situation-2026-05-25; drc-moh-epidemie-dashboard-sitrep-009-graphql-2026-05-24; drc-moh-epidemie-dashboard-sitrep-mve-n-007-mvb-17-2026-pdf-2026-05-22; ecdc-bdbv-drc-uga-2026-05-19-live; ecdc-bdbv-drc-uga-2026-05-21-live; ecdc-bdbv-drc-uga-2026-05-25-live; ecdc-bdbv-drc-uga-2026-05-26-live; ecdc-bdbv-drc-uga-2026-05-27-live; inrb-sitrep-015-2026-05-29; inrb-sitrep-016-2026-05-30; inrb-sitrep-017-2026-05-31; inrb-sitrep-018-2026-06-01; inrb-sitrep-019-2026-06-02; inrb-sitrep-020-2026-06-03; inrb-sitrep-021-2026-06-04; inrb-sitrep-022-2026-06-05; inrb-sitrep-023-2026-06-06; inrb-sitrep-024-2026-06-07; inrb-sitrep-025-2026-06-08; inrb-sitrep-026-2026-06-09; inrb-sitrep-027-2026-06-10; inrb-sitrep-028-2026-06-11; inrb-sitrep-030-2026-06-13; inrb-sitrep-031-2026-06-14; inrb-sitrep-032-2026-06-15; inrb-sitrep-033-2026-06-16; inrb-sitrep-034-2026-06-17; inrb-sitrep-035-2026-06-18; inrb-sitrep-036-2026-06-19; inrb-sitrep-037-2026-06-20; inrb-sitrep-038-2026-06-21; inrb-sitrep-039-2026-06-22; inrb-sitrep-040-2026-06-23; inrb-sitrep-041-2026-06-24; inrb-sitrep-042-2026-06-25; inrb-sitrep-044-2026-06-27; inrb-sitrep-046-2026-06-29; inrb-sitrep-047-2026-06-30; inrb-sitrep-048-2026-07-01; inrb-sitrep-049-2026-07-02; inrb-sitrep-050-2026-07-03; inrb-sitrep-051-2026-07-04; inrb-sitrep-052-2026-07-05; inrb-sitrep-053-2026-07-06; inrb-sitrep-054-2026-07-07; inrb-sitrep-055-2026-07-08; inrb-sitrep-056-2026-07-09; inrb-sitrep-057-2026-07-10; inrb-sitrep-058-2026-07-11; inrb-sitrep-059-2026-07-12; inrb-umie-ebola-drc-2026-build-2026-05-28-bb8b7d5; inrb-umie-ebola-drc-2026-build-2026-06-01-b4cafc9; uganda-moh-ebola-update-2026-06-06; uganda-moh-ebola-update-2026-06-20; uganda-moh-ebola-update-2026-06-21; who-daily-epi-bdbv-2026-06-08; who-dg-remarks-bdbv-2026-05-20; who-dg-remarks-bdbv-2026-05-22; who-don602-2026-05-15-live; who-don603-2026-05-21-live; who-don606-bdbv-2026-06-08; who-ihr-ec-bdbv-temporary-recommendations-2026-05-22; who-pheic-2026-05-17-live; wikipedia-2026-ituri-epidemic-2026-05-20-live,"Descriptive watch-point interval, not a forecast or response recommendation."
corridor:225:fataki:kisangani-cod,fataki,kisangani-cod,30,0.011541244305224047,0.03141734001351609,0.0231815975237204,0.06246089007965386,0.00538805382703299,0.11899121839267802,zone-attributed confirmed count 4 for this source zone; visibility-adjustment factor 2.02× reflects under-reporting in source zone; raw risk likely understates true hazard,BDBV-CLAIM-050,derived_model_output_with_unsupported_exponent_attribution,pinned_snapshot_model_output,africa-cdc-phecs-2026-05-18-live; afro-sitrep-01-2026-05-18-live; afro-sitrep-01-pdf-2026-05-18-live; cdc-current-situation-2026-05-21; cdc-current-situation-2026-05-23; cdc-current-situation-2026-05-24; cdc-current-situation-2026-05-25; drc-moh-epidemie-dashboard-sitrep-009-graphql-2026-05-24; drc-moh-epidemie-dashboard-sitrep-mve-n-007-mvb-17-2026-pdf-2026-05-22; ecdc-bdbv-drc-uga-2026-05-19-live; ecdc-bdbv-drc-uga-2026-05-21-live; ecdc-bdbv-drc-uga-2026-05-25-live; ecdc-bdbv-drc-uga-2026-05-26-live; ecdc-bdbv-drc-uga-2026-05-27-live; inrb-sitrep-015-2026-05-29; inrb-sitrep-016-2026-05-30; inrb-sitrep-017-2026-05-31; inrb-sitrep-018-2026-06-01; inrb-sitrep-019-2026-06-02; inrb-sitrep-020-2026-06-03; inrb-sitrep-021-2026-06-04; inrb-sitrep-022-2026-06-05; inrb-sitrep-023-2026-06-06; inrb-sitrep-024-2026-06-07; inrb-sitrep-025-2026-06-08; inrb-sitrep-026-2026-06-09; inrb-sitrep-027-2026-06-10; inrb-sitrep-028-2026-06-11; inrb-sitrep-030-2026-06-13; inrb-sitrep-031-2026-06-14; inrb-sitrep-032-2026-06-15; inrb-sitrep-033-2026-06-16; inrb-sitrep-034-2026-06-17; inrb-sitrep-035-2026-06-18; inrb-sitrep-036-2026-06-19; inrb-sitrep-037-2026-06-20; inrb-sitrep-038-2026-06-21; inrb-sitrep-039-2026-06-22; inrb-sitrep-040-2026-06-23; inrb-sitrep-041-2026-06-24; inrb-sitrep-042-2026-06-25; inrb-sitrep-044-2026-06-27; inrb-sitrep-046-2026-06-29; inrb-sitrep-047-2026-06-30; inrb-sitrep-048-2026-07-01; inrb-sitrep-049-2026-07-02; inrb-sitrep-050-2026-07-03; inrb-sitrep-051-2026-07-04; inrb-sitrep-052-2026-07-05; inrb-sitrep-053-2026-07-06; inrb-sitrep-054-2026-07-07; inrb-sitrep-055-2026-07-08; inrb-sitrep-056-2026-07-09; inrb-sitrep-057-2026-07-10; inrb-sitrep-058-2026-07-11; inrb-sitrep-059-2026-07-12; inrb-umie-ebola-drc-2026-build-2026-05-28-bb8b7d5; inrb-umie-ebola-drc-2026-build-2026-06-01-b4cafc9; uganda-moh-ebola-update-2026-06-06; uganda-moh-ebola-update-2026-06-20; uganda-moh-ebola-update-2026-06-21; who-daily-epi-bdbv-2026-06-08; who-dg-remarks-bdbv-2026-05-20; who-dg-remarks-bdbv-2026-05-22; who-don602-2026-05-15-live; who-don603-2026-05-21-live; who-don606-bdbv-2026-06-08; who-ihr-ec-bdbv-temporary-recommendations-2026-05-22; who-pheic-2026-05-17-live; wikipedia-2026-ituri-epidemic-2026-05-20-live,"Descriptive watch-point interval, not a forecast or response recommendation."
corridor:226:rimba:kampala-uga,rimba,kampala-uga,30,0.012648925316333132,0.031187965826574737,0.02539202879449859,0.06201224225268254,0.00658803654707556,0.12477838061528264,zone-attributed confirmed count 4 for this source zone; visibility-adjustment factor 2.02× reflects under-reporting in source zone; raw risk likely understates true hazard,BDBV-CLAIM-050,derived_model_output_with_unsupported_exponent_attribution,pinned_snapshot_model_output,africa-cdc-phecs-2026-05-18-live; afro-sitrep-01-2026-05-18-live; afro-sitrep-01-pdf-2026-05-18-live; cdc-current-situation-2026-05-21; cdc-current-situation-2026-05-23; cdc-current-situation-2026-05-24; cdc-current-situation-2026-05-25; drc-moh-epidemie-dashboard-sitrep-009-graphql-2026-05-24; drc-moh-epidemie-dashboard-sitrep-mve-n-007-mvb-17-2026-pdf-2026-05-22; ecdc-bdbv-drc-uga-2026-05-19-live; ecdc-bdbv-drc-uga-2026-05-21-live; ecdc-bdbv-drc-uga-2026-05-25-live; ecdc-bdbv-drc-uga-2026-05-26-live; ecdc-bdbv-drc-uga-2026-05-27-live; inrb-sitrep-015-2026-05-29; inrb-sitrep-016-2026-05-30; inrb-sitrep-017-2026-05-31; inrb-sitrep-018-2026-06-01; inrb-sitrep-019-2026-06-02; inrb-sitrep-020-2026-06-03; inrb-sitrep-021-2026-06-04; inrb-sitrep-022-2026-06-05; inrb-sitrep-023-2026-06-06; inrb-sitrep-024-2026-06-07; inrb-sitrep-025-2026-06-08; inrb-sitrep-026-2026-06-09; inrb-sitrep-027-2026-06-10; inrb-sitrep-028-2026-06-11; inrb-sitrep-030-2026-06-13; inrb-sitrep-031-2026-06-14; inrb-sitrep-032-2026-06-15; inrb-sitrep-033-2026-06-16; inrb-sitrep-034-2026-06-17; inrb-sitrep-035-2026-06-18; inrb-sitrep-036-2026-06-19; inrb-sitrep-037-2026-06-20; inrb-sitrep-038-2026-06-21; inrb-sitrep-039-2026-06-22; inrb-sitrep-040-2026-06-23; inrb-sitrep-041-2026-06-24; inrb-sitrep-042-2026-06-25; inrb-sitrep-044-2026-06-27; inrb-sitrep-046-2026-06-29; inrb-sitrep-047-2026-06-30; inrb-sitrep-048-2026-07-01; inrb-sitrep-049-2026-07-02; inrb-sitrep-050-2026-07-03; inrb-sitrep-051-2026-07-04; inrb-sitrep-052-2026-07-05; inrb-sitrep-053-2026-07-06; inrb-sitrep-054-2026-07-07; inrb-sitrep-055-2026-07-08; inrb-sitrep-056-2026-07-09; inrb-sitrep-057-2026-07-10; inrb-sitrep-058-2026-07-11; inrb-sitrep-059-2026-07-12; inrb-umie-ebola-drc-2026-build-2026-05-28-bb8b7d5; inrb-umie-ebola-drc-2026-build-2026-06-01-b4cafc9; uganda-moh-ebola-update-2026-06-06; uganda-moh-ebola-update-2026-06-20; uganda-moh-ebola-update-2026-06-21; who-daily-epi-bdbv-2026-06-08; who-dg-remarks-bdbv-2026-05-20; who-dg-remarks-bdbv-2026-05-22; who-don602-2026-05-15-live; who-don603-2026-05-21-live; who-don606-bdbv-2026-06-08; who-ihr-ec-bdbv-temporary-recommendations-2026-05-22; who-pheic-2026-05-17-live; wikipedia-2026-ituri-epidemic-2026-05-20-live,"Descriptive watch-point interval, not a forecast or response recommendation."
corridor:227:makiso-kisangani-cod:nebbi-uga,makiso-kisangani-cod,nebbi-uga,30,0.011837829040012599,0.031073302146311432,0.02377369405831417,0.06178792307547562,0.00546320810924953,0.12148021501471795,zone-attributed confirmed count 4 for this source zone; visibility-adjustment factor 2.02× reflects under-reporting in source zone; raw risk likely understates true hazard,BDBV-CLAIM-050,derived_model_output_with_unsupported_exponent_attribution,pinned_snapshot_model_output,africa-cdc-phecs-2026-05-18-live; afro-sitrep-01-2026-05-18-live; afro-sitrep-01-pdf-2026-05-18-live; cdc-current-situation-2026-05-21; cdc-current-situation-2026-05-23; cdc-current-situation-2026-05-24; cdc-current-situation-2026-05-25; drc-moh-epidemie-dashboard-sitrep-009-graphql-2026-05-24; drc-moh-epidemie-dashboard-sitrep-mve-n-007-mvb-17-2026-pdf-2026-05-22; ecdc-bdbv-drc-uga-2026-05-19-live; ecdc-bdbv-drc-uga-2026-05-21-live; ecdc-bdbv-drc-uga-2026-05-25-live; ecdc-bdbv-drc-uga-2026-05-26-live; ecdc-bdbv-drc-uga-2026-05-27-live; inrb-sitrep-015-2026-05-29; inrb-sitrep-016-2026-05-30; inrb-sitrep-017-2026-05-31; inrb-sitrep-018-2026-06-01; inrb-sitrep-019-2026-06-02; inrb-sitrep-020-2026-06-03; inrb-sitrep-021-2026-06-04; inrb-sitrep-022-2026-06-05; inrb-sitrep-023-2026-06-06; inrb-sitrep-024-2026-06-07; inrb-sitrep-025-2026-06-08; inrb-sitrep-026-2026-06-09; inrb-sitrep-027-2026-06-10; inrb-sitrep-028-2026-06-11; inrb-sitrep-030-2026-06-13; inrb-sitrep-031-2026-06-14; inrb-sitrep-032-2026-06-15; inrb-sitrep-033-2026-06-16; inrb-sitrep-034-2026-06-17; inrb-sitrep-035-2026-06-18; inrb-sitrep-036-2026-06-19; inrb-sitrep-037-2026-06-20; inrb-sitrep-038-2026-06-21; inrb-sitrep-039-2026-06-22; inrb-sitrep-040-2026-06-23; inrb-sitrep-041-2026-06-24; inrb-sitrep-042-2026-06-25; inrb-sitrep-044-2026-06-27; inrb-sitrep-046-2026-06-29; inrb-sitrep-047-2026-06-30; inrb-sitrep-048-2026-07-01; inrb-sitrep-049-2026-07-02; inrb-sitrep-050-2026-07-03; inrb-sitrep-051-2026-07-04; inrb-sitrep-052-2026-07-05; inrb-sitrep-053-2026-07-06; inrb-sitrep-054-2026-07-07; inrb-sitrep-055-2026-07-08; inrb-sitrep-056-2026-07-09; inrb-sitrep-057-2026-07-10; inrb-sitrep-058-2026-07-11; inrb-sitrep-059-2026-07-12; inrb-umie-ebola-drc-2026-build-2026-05-28-bb8b7d5; inrb-umie-ebola-drc-2026-build-2026-06-01-b4cafc9; uganda-moh-ebola-update-2026-06-06; uganda-moh-ebola-update-2026-06-20; uganda-moh-ebola-update-2026-06-21; who-daily-epi-bdbv-2026-06-08; who-dg-remarks-bdbv-2026-05-20; who-dg-remarks-bdbv-2026-05-22; who-don602-2026-05-15-live; who-don603-2026-05-21-live; who-don606-bdbv-2026-06-08; who-ihr-ec-bdbv-temporary-recommendations-2026-05-22; who-pheic-2026-05-17-live; wikipedia-2026-ituri-epidemic-2026-05-20-live,"Descriptive watch-point interval, not a forecast or response recommendation."
corridor:228:makiso-kisangani-cod:yei-ssd,makiso-kisangani-cod,yei-ssd,30,0.011575560435145987,0.031060954731079116,0.02325011467104296,0.06176376590438973,0.006121020664447824,0.12248835363809844,zone-attributed confirmed count 4 for this source zone; visibility-adjustment factor 2.02× reflects under-reporting in source zone; raw risk likely understates true hazard,BDBV-CLAIM-050,derived_model_output_with_unsupported_exponent_attribution,pinned_snapshot_model_output,africa-cdc-phecs-2026-05-18-live; afro-sitrep-01-2026-05-18-live; afro-sitrep-01-pdf-2026-05-18-live; cdc-current-situation-2026-05-21; cdc-current-situation-2026-05-23; cdc-current-situation-2026-05-24; cdc-current-situation-2026-05-25; drc-moh-epidemie-dashboard-sitrep-009-graphql-2026-05-24; drc-moh-epidemie-dashboard-sitrep-mve-n-007-mvb-17-2026-pdf-2026-05-22; ecdc-bdbv-drc-uga-2026-05-19-live; ecdc-bdbv-drc-uga-2026-05-21-live; ecdc-bdbv-drc-uga-2026-05-25-live; ecdc-bdbv-drc-uga-2026-05-26-live; ecdc-bdbv-drc-uga-2026-05-27-live; inrb-sitrep-015-2026-05-29; inrb-sitrep-016-2026-05-30; inrb-sitrep-017-2026-05-31; inrb-sitrep-018-2026-06-01; inrb-sitrep-019-2026-06-02; inrb-sitrep-020-2026-06-03; inrb-sitrep-021-2026-06-04; inrb-sitrep-022-2026-06-05; inrb-sitrep-023-2026-06-06; inrb-sitrep-024-2026-06-07; inrb-sitrep-025-2026-06-08; inrb-sitrep-026-2026-06-09; inrb-sitrep-027-2026-06-10; inrb-sitrep-028-2026-06-11; inrb-sitrep-030-2026-06-13; inrb-sitrep-031-2026-06-14; inrb-sitrep-032-2026-06-15; inrb-sitrep-033-2026-06-16; inrb-sitrep-034-2026-06-17; inrb-sitrep-035-2026-06-18; inrb-sitrep-036-2026-06-19; inrb-sitrep-037-2026-06-20; inrb-sitrep-038-2026-06-21; inrb-sitrep-039-2026-06-22; inrb-sitrep-040-2026-06-23; inrb-sitrep-041-2026-06-24; inrb-sitrep-042-2026-06-25; inrb-sitrep-044-2026-06-27; inrb-sitrep-046-2026-06-29; inrb-sitrep-047-2026-06-30; inrb-sitrep-048-2026-07-01; inrb-sitrep-049-2026-07-02; inrb-sitrep-050-2026-07-03; inrb-sitrep-051-2026-07-04; inrb-sitrep-052-2026-07-05; inrb-sitrep-053-2026-07-06; inrb-sitrep-054-2026-07-07; inrb-sitrep-055-2026-07-08; inrb-sitrep-056-2026-07-09; inrb-sitrep-057-2026-07-10; inrb-sitrep-058-2026-07-11; inrb-sitrep-059-2026-07-12; inrb-umie-ebola-drc-2026-build-2026-05-28-bb8b7d5; inrb-umie-ebola-drc-2026-build-2026-06-01-b4cafc9; uganda-moh-ebola-update-2026-06-06; uganda-moh-ebola-update-2026-06-20; uganda-moh-ebola-update-2026-06-21; who-daily-epi-bdbv-2026-06-08; who-dg-remarks-bdbv-2026-05-20; who-dg-remarks-bdbv-2026-05-22; who-don602-2026-05-15-live; who-don603-2026-05-21-live; who-don606-bdbv-2026-06-08; who-ihr-ec-bdbv-temporary-recommendations-2026-05-22; who-pheic-2026-05-17-live; wikipedia-2026-ituri-epidemic-2026-05-20-live,"Descriptive watch-point interval, not a forecast or response recommendation."
corridor:229:drodro:beni-cod,drodro,beni-cod,30,0.01212501227107493,0.031010291541972324,0.02434685052109406,0.0616646222257915,0.005804450114427015,0.11620281617263808,zone-attributed confirmed count 4 for this source zone; visibility-adjustment factor 2.02× reflects under-reporting in source zone; raw risk likely understates true hazard,BDBV-CLAIM-050,derived_model_output_with_unsupported_exponent_attribution,pinned_snapshot_model_output,africa-cdc-phecs-2026-05-18-live; afro-sitrep-01-2026-05-18-live; afro-sitrep-01-pdf-2026-05-18-live; cdc-current-situation-2026-05-21; cdc-current-situation-2026-05-23; cdc-current-situation-2026-05-24; cdc-current-situation-2026-05-25; drc-moh-epidemie-dashboard-sitrep-009-graphql-2026-05-24; drc-moh-epidemie-dashboard-sitrep-mve-n-007-mvb-17-2026-pdf-2026-05-22; ecdc-bdbv-drc-uga-2026-05-19-live; ecdc-bdbv-drc-uga-2026-05-21-live; ecdc-bdbv-drc-uga-2026-05-25-live; ecdc-bdbv-drc-uga-2026-05-26-live; ecdc-bdbv-drc-uga-2026-05-27-live; inrb-sitrep-015-2026-05-29; inrb-sitrep-016-2026-05-30; inrb-sitrep-017-2026-05-31; inrb-sitrep-018-2026-06-01; inrb-sitrep-019-2026-06-02; inrb-sitrep-020-2026-06-03; inrb-sitrep-021-2026-06-04; inrb-sitrep-022-2026-06-05; inrb-sitrep-023-2026-06-06; inrb-sitrep-024-2026-06-07; inrb-sitrep-025-2026-06-08; inrb-sitrep-026-2026-06-09; inrb-sitrep-027-2026-06-10; inrb-sitrep-028-2026-06-11; inrb-sitrep-030-2026-06-13; inrb-sitrep-031-2026-06-14; inrb-sitrep-032-2026-06-15; inrb-sitrep-033-2026-06-16; inrb-sitrep-034-2026-06-17; inrb-sitrep-035-2026-06-18; inrb-sitrep-036-2026-06-19; inrb-sitrep-037-2026-06-20; inrb-sitrep-038-2026-06-21; inrb-sitrep-039-2026-06-22; inrb-sitrep-040-2026-06-23; inrb-sitrep-041-2026-06-24; inrb-sitrep-042-2026-06-25; inrb-sitrep-044-2026-06-27; inrb-sitrep-046-2026-06-29; inrb-sitrep-047-2026-06-30; inrb-sitrep-048-2026-07-01; inrb-sitrep-049-2026-07-02; inrb-sitrep-050-2026-07-03; inrb-sitrep-051-2026-07-04; inrb-sitrep-052-2026-07-05; inrb-sitrep-053-2026-07-06; inrb-sitrep-054-2026-07-07; inrb-sitrep-055-2026-07-08; inrb-sitrep-056-2026-07-09; inrb-sitrep-057-2026-07-10; inrb-sitrep-058-2026-07-11; inrb-sitrep-059-2026-07-12; inrb-umie-ebola-drc-2026-build-2026-05-28-bb8b7d5; inrb-umie-ebola-drc-2026-build-2026-06-01-b4cafc9; uganda-moh-ebola-update-2026-06-06; uganda-moh-ebola-update-2026-06-20; uganda-moh-ebola-update-2026-06-21; who-daily-epi-bdbv-2026-06-08; who-dg-remarks-bdbv-2026-05-20; who-dg-remarks-bdbv-2026-05-22; who-don602-2026-05-15-live; who-don603-2026-05-21-live; who-don606-bdbv-2026-06-08; who-ihr-ec-bdbv-temporary-recommendations-2026-05-22; who-pheic-2026-05-17-live; wikipedia-2026-ituri-epidemic-2026-05-20-live,"Descriptive watch-point interval, not a forecast or response recommendation."
corridor:230:makiso-kisangani-cod:kampala-uga,makiso-kisangani-cod,kampala-uga,30,0.01135748778346607,0.03100910335304352,0.022814655547279933,0.06166228649345831,0.007275646329063973,0.13035561406863744,zone-attributed confirmed count 4 for this source zone; visibility-adjustment factor 2.02× reflects under-reporting in source zone; raw risk likely understates true hazard,BDBV-CLAIM-050,derived_model_output_with_unsupported_exponent_attribution,pinned_snapshot_model_output,africa-cdc-phecs-2026-05-18-live; afro-sitrep-01-2026-05-18-live; afro-sitrep-01-pdf-2026-05-18-live; cdc-current-situation-2026-05-21; cdc-current-situation-2026-05-23; cdc-current-situation-2026-05-24; cdc-current-situation-2026-05-25; drc-moh-epidemie-dashboard-sitrep-009-graphql-2026-05-24; drc-moh-epidemie-dashboard-sitrep-mve-n-007-mvb-17-2026-pdf-2026-05-22; ecdc-bdbv-drc-uga-2026-05-19-live; ecdc-bdbv-drc-uga-2026-05-21-live; ecdc-bdbv-drc-uga-2026-05-25-live; ecdc-bdbv-drc-uga-2026-05-26-live; ecdc-bdbv-drc-uga-2026-05-27-live; inrb-sitrep-015-2026-05-29; inrb-sitrep-016-2026-05-30; inrb-sitrep-017-2026-05-31; inrb-sitrep-018-2026-06-01; inrb-sitrep-019-2026-06-02; inrb-sitrep-020-2026-06-03; inrb-sitrep-021-2026-06-04; inrb-sitrep-022-2026-06-05; inrb-sitrep-023-2026-06-06; inrb-sitrep-024-2026-06-07; inrb-sitrep-025-2026-06-08; inrb-sitrep-026-2026-06-09; inrb-sitrep-027-2026-06-10; inrb-sitrep-028-2026-06-11; inrb-sitrep-030-2026-06-13; inrb-sitrep-031-2026-06-14; inrb-sitrep-032-2026-06-15; inrb-sitrep-033-2026-06-16; inrb-sitrep-034-2026-06-17; inrb-sitrep-035-2026-06-18; inrb-sitrep-036-2026-06-19; inrb-sitrep-037-2026-06-20; inrb-sitrep-038-2026-06-21; inrb-sitrep-039-2026-06-22; inrb-sitrep-040-2026-06-23; inrb-sitrep-041-2026-06-24; inrb-sitrep-042-2026-06-25; inrb-sitrep-044-2026-06-27; inrb-sitrep-046-2026-06-29; inrb-sitrep-047-2026-06-30; inrb-sitrep-048-2026-07-01; inrb-sitrep-049-2026-07-02; inrb-sitrep-050-2026-07-03; inrb-sitrep-051-2026-07-04; inrb-sitrep-052-2026-07-05; inrb-sitrep-053-2026-07-06; inrb-sitrep-054-2026-07-07; inrb-sitrep-055-2026-07-08; inrb-sitrep-056-2026-07-09; inrb-sitrep-057-2026-07-10; inrb-sitrep-058-2026-07-11; inrb-sitrep-059-2026-07-12; inrb-umie-ebola-drc-2026-build-2026-05-28-bb8b7d5; inrb-umie-ebola-drc-2026-build-2026-06-01-b4cafc9; uganda-moh-ebola-update-2026-06-06; uganda-moh-ebola-update-2026-06-20; uganda-moh-ebola-update-2026-06-21; who-daily-epi-bdbv-2026-06-08; who-dg-remarks-bdbv-2026-05-20; who-dg-remarks-bdbv-2026-05-22; who-don602-2026-05-15-live; who-don603-2026-05-21-live; who-don606-bdbv-2026-06-08; who-ihr-ec-bdbv-temporary-recommendations-2026-05-22; who-pheic-2026-05-17-live; wikipedia-2026-ituri-epidemic-2026-05-20-live,"Descriptive watch-point interval, not a forecast or response recommendation."
corridor:231:drodro:bundibugyo-uga,drodro,bundibugyo-uga,30,0.011033011108515844,0.030951896177493082,0.02216654466561399,0.06155038563188914,0.005969935619218511,0.1177787749586141,zone-attributed confirmed count 4 for this source zone; visibility-adjustment factor 2.02× reflects under-reporting in source zone; raw risk likely understates true hazard,BDBV-CLAIM-050,derived_model_output_with_unsupported_exponent_attribution,pinned_snapshot_model_output,africa-cdc-phecs-2026-05-18-live; afro-sitrep-01-2026-05-18-live; afro-sitrep-01-pdf-2026-05-18-live; cdc-current-situation-2026-05-21; cdc-current-situation-2026-05-23; cdc-current-situation-2026-05-24; cdc-current-situation-2026-05-25; drc-moh-epidemie-dashboard-sitrep-009-graphql-2026-05-24; drc-moh-epidemie-dashboard-sitrep-mve-n-007-mvb-17-2026-pdf-2026-05-22; ecdc-bdbv-drc-uga-2026-05-19-live; ecdc-bdbv-drc-uga-2026-05-21-live; ecdc-bdbv-drc-uga-2026-05-25-live; ecdc-bdbv-drc-uga-2026-05-26-live; ecdc-bdbv-drc-uga-2026-05-27-live; inrb-sitrep-015-2026-05-29; inrb-sitrep-016-2026-05-30; inrb-sitrep-017-2026-05-31; inrb-sitrep-018-2026-06-01; inrb-sitrep-019-2026-06-02; inrb-sitrep-020-2026-06-03; inrb-sitrep-021-2026-06-04; inrb-sitrep-022-2026-06-05; inrb-sitrep-023-2026-06-06; inrb-sitrep-024-2026-06-07; inrb-sitrep-025-2026-06-08; inrb-sitrep-026-2026-06-09; inrb-sitrep-027-2026-06-10; inrb-sitrep-028-2026-06-11; inrb-sitrep-030-2026-06-13; inrb-sitrep-031-2026-06-14; inrb-sitrep-032-2026-06-15; inrb-sitrep-033-2026-06-16; inrb-sitrep-034-2026-06-17; inrb-sitrep-035-2026-06-18; inrb-sitrep-036-2026-06-19; inrb-sitrep-037-2026-06-20; inrb-sitrep-038-2026-06-21; inrb-sitrep-039-2026-06-22; inrb-sitrep-040-2026-06-23; inrb-sitrep-041-2026-06-24; inrb-sitrep-042-2026-06-25; inrb-sitrep-044-2026-06-27; inrb-sitrep-046-2026-06-29; inrb-sitrep-047-2026-06-30; inrb-sitrep-048-2026-07-01; inrb-sitrep-049-2026-07-02; inrb-sitrep-050-2026-07-03; inrb-sitrep-051-2026-07-04; inrb-sitrep-052-2026-07-05; inrb-sitrep-053-2026-07-06; inrb-sitrep-054-2026-07-07; inrb-sitrep-055-2026-07-08; inrb-sitrep-056-2026-07-09; inrb-sitrep-057-2026-07-10; inrb-sitrep-058-2026-07-11; inrb-sitrep-059-2026-07-12; inrb-umie-ebola-drc-2026-build-2026-05-28-bb8b7d5; inrb-umie-ebola-drc-2026-build-2026-06-01-b4cafc9; uganda-moh-ebola-update-2026-06-06; uganda-moh-ebola-update-2026-06-20; uganda-moh-ebola-update-2026-06-21; who-daily-epi-bdbv-2026-06-08; who-dg-remarks-bdbv-2026-05-20; who-dg-remarks-bdbv-2026-05-22; who-don602-2026-05-15-live; who-don603-2026-05-21-live; who-don606-bdbv-2026-06-08; who-ihr-ec-bdbv-temporary-recommendations-2026-05-22; who-pheic-2026-05-17-live; wikipedia-2026-ituri-epidemic-2026-05-20-live,"Descriptive watch-point interval, not a forecast or response recommendation."
corridor:232:drodro:kampala-uga,drodro,kampala-uga,30,0.011179185813089382,0.03087471954737253,0.02245853849741805,0.061399368462090126,0.005267997407594159,0.11687613061644311,zone-attributed confirmed count 4 for this source zone; visibility-adjustment factor 2.02× reflects under-reporting in source zone; raw risk likely understates true hazard,BDBV-CLAIM-050,derived_model_output_with_unsupported_exponent_attribution,pinned_snapshot_model_output,africa-cdc-phecs-2026-05-18-live; afro-sitrep-01-2026-05-18-live; afro-sitrep-01-pdf-2026-05-18-live; cdc-current-situation-2026-05-21; cdc-current-situation-2026-05-23; cdc-current-situation-2026-05-24; cdc-current-situation-2026-05-25; drc-moh-epidemie-dashboard-sitrep-009-graphql-2026-05-24; drc-moh-epidemie-dashboard-sitrep-mve-n-007-mvb-17-2026-pdf-2026-05-22; ecdc-bdbv-drc-uga-2026-05-19-live; ecdc-bdbv-drc-uga-2026-05-21-live; ecdc-bdbv-drc-uga-2026-05-25-live; ecdc-bdbv-drc-uga-2026-05-26-live; ecdc-bdbv-drc-uga-2026-05-27-live; inrb-sitrep-015-2026-05-29; inrb-sitrep-016-2026-05-30; inrb-sitrep-017-2026-05-31; inrb-sitrep-018-2026-06-01; inrb-sitrep-019-2026-06-02; inrb-sitrep-020-2026-06-03; inrb-sitrep-021-2026-06-04; inrb-sitrep-022-2026-06-05; inrb-sitrep-023-2026-06-06; inrb-sitrep-024-2026-06-07; inrb-sitrep-025-2026-06-08; inrb-sitrep-026-2026-06-09; inrb-sitrep-027-2026-06-10; inrb-sitrep-028-2026-06-11; inrb-sitrep-030-2026-06-13; inrb-sitrep-031-2026-06-14; inrb-sitrep-032-2026-06-15; inrb-sitrep-033-2026-06-16; inrb-sitrep-034-2026-06-17; inrb-sitrep-035-2026-06-18; inrb-sitrep-036-2026-06-19; inrb-sitrep-037-2026-06-20; inrb-sitrep-038-2026-06-21; inrb-sitrep-039-2026-06-22; inrb-sitrep-040-2026-06-23; inrb-sitrep-041-2026-06-24; inrb-sitrep-042-2026-06-25; inrb-sitrep-044-2026-06-27; inrb-sitrep-046-2026-06-29; inrb-sitrep-047-2026-06-30; inrb-sitrep-048-2026-07-01; inrb-sitrep-049-2026-07-02; inrb-sitrep-050-2026-07-03; inrb-sitrep-051-2026-07-04; inrb-sitrep-052-2026-07-05; inrb-sitrep-053-2026-07-06; inrb-sitrep-054-2026-07-07; inrb-sitrep-055-2026-07-08; inrb-sitrep-056-2026-07-09; inrb-sitrep-057-2026-07-10; inrb-sitrep-058-2026-07-11; inrb-sitrep-059-2026-07-12; inrb-umie-ebola-drc-2026-build-2026-05-28-bb8b7d5; inrb-umie-ebola-drc-2026-build-2026-06-01-b4cafc9; uganda-moh-ebola-update-2026-06-06; uganda-moh-ebola-update-2026-06-20; uganda-moh-ebola-update-2026-06-21; who-daily-epi-bdbv-2026-06-08; who-dg-remarks-bdbv-2026-05-20; who-dg-remarks-bdbv-2026-05-22; who-don602-2026-05-15-live; who-don603-2026-05-21-live; who-don606-bdbv-2026-06-08; who-ihr-ec-bdbv-temporary-recommendations-2026-05-22; who-pheic-2026-05-17-live; wikipedia-2026-ituri-epidemic-2026-05-20-live,"Descriptive watch-point interval, not a forecast or response recommendation."
corridor:233:makiso-kisangani-cod:kasese-uga,makiso-kisangani-cod,kasese-uga,30,0.010595852814754614,0.030809247281651325,0.021293021432687353,0.0612712452380072,0.006057227963057352,0.1227511822981511,zone-attributed confirmed count 4 for this source zone; visibility-adjustment factor 2.02× reflects under-reporting in source zone; raw risk likely understates true hazard,BDBV-CLAIM-050,derived_model_output_with_unsupported_exponent_attribution,pinned_snapshot_model_output,africa-cdc-phecs-2026-05-18-live; afro-sitrep-01-2026-05-18-live; afro-sitrep-01-pdf-2026-05-18-live; cdc-current-situation-2026-05-21; cdc-current-situation-2026-05-23; cdc-current-situation-2026-05-24; cdc-current-situation-2026-05-25; drc-moh-epidemie-dashboard-sitrep-009-graphql-2026-05-24; drc-moh-epidemie-dashboard-sitrep-mve-n-007-mvb-17-2026-pdf-2026-05-22; ecdc-bdbv-drc-uga-2026-05-19-live; ecdc-bdbv-drc-uga-2026-05-21-live; ecdc-bdbv-drc-uga-2026-05-25-live; ecdc-bdbv-drc-uga-2026-05-26-live; ecdc-bdbv-drc-uga-2026-05-27-live; inrb-sitrep-015-2026-05-29; inrb-sitrep-016-2026-05-30; inrb-sitrep-017-2026-05-31; inrb-sitrep-018-2026-06-01; inrb-sitrep-019-2026-06-02; inrb-sitrep-020-2026-06-03; inrb-sitrep-021-2026-06-04; inrb-sitrep-022-2026-06-05; inrb-sitrep-023-2026-06-06; inrb-sitrep-024-2026-06-07; inrb-sitrep-025-2026-06-08; inrb-sitrep-026-2026-06-09; inrb-sitrep-027-2026-06-10; inrb-sitrep-028-2026-06-11; inrb-sitrep-030-2026-06-13; inrb-sitrep-031-2026-06-14; inrb-sitrep-032-2026-06-15; inrb-sitrep-033-2026-06-16; inrb-sitrep-034-2026-06-17; inrb-sitrep-035-2026-06-18; inrb-sitrep-036-2026-06-19; inrb-sitrep-037-2026-06-20; inrb-sitrep-038-2026-06-21; inrb-sitrep-039-2026-06-22; inrb-sitrep-040-2026-06-23; inrb-sitrep-041-2026-06-24; inrb-sitrep-042-2026-06-25; inrb-sitrep-044-2026-06-27; inrb-sitrep-046-2026-06-29; inrb-sitrep-047-2026-06-30; inrb-sitrep-048-2026-07-01; inrb-sitrep-049-2026-07-02; inrb-sitrep-050-2026-07-03; inrb-sitrep-051-2026-07-04; inrb-sitrep-052-2026-07-05; inrb-sitrep-053-2026-07-06; inrb-sitrep-054-2026-07-07; inrb-sitrep-055-2026-07-08; inrb-sitrep-056-2026-07-09; inrb-sitrep-057-2026-07-10; inrb-sitrep-058-2026-07-11; inrb-sitrep-059-2026-07-12; inrb-umie-ebola-drc-2026-build-2026-05-28-bb8b7d5; inrb-umie-ebola-drc-2026-build-2026-06-01-b4cafc9; uganda-moh-ebola-update-2026-06-06; uganda-moh-ebola-update-2026-06-20; uganda-moh-ebola-update-2026-06-21; who-daily-epi-bdbv-2026-06-08; who-dg-remarks-bdbv-2026-05-20; who-dg-remarks-bdbv-2026-05-22; who-don602-2026-05-15-live; who-don603-2026-05-21-live; who-don606-bdbv-2026-06-08; who-ihr-ec-bdbv-temporary-recommendations-2026-05-22; who-pheic-2026-05-17-live; wikipedia-2026-ituri-epidemic-2026-05-20-live,"Descriptive watch-point interval, not a forecast or response recommendation."
corridor:234:fataki:kampala-uga,fataki,kampala-uga,30,0.012317550223324342,0.030684447469474158,0.024731018853633824,0.0610269942913218,0.005103985929251037,0.12387516208970871,zone-attributed confirmed count 4 for this source zone; visibility-adjustment factor 2.02× reflects under-reporting in source zone; raw risk likely understates true hazard,BDBV-CLAIM-050,derived_model_output_with_unsupported_exponent_attribution,pinned_snapshot_model_output,africa-cdc-phecs-2026-05-18-live; afro-sitrep-01-2026-05-18-live; afro-sitrep-01-pdf-2026-05-18-live; cdc-current-situation-2026-05-21; cdc-current-situation-2026-05-23; cdc-current-situation-2026-05-24; cdc-current-situation-2026-05-25; drc-moh-epidemie-dashboard-sitrep-009-graphql-2026-05-24; drc-moh-epidemie-dashboard-sitrep-mve-n-007-mvb-17-2026-pdf-2026-05-22; ecdc-bdbv-drc-uga-2026-05-19-live; ecdc-bdbv-drc-uga-2026-05-21-live; ecdc-bdbv-drc-uga-2026-05-25-live; ecdc-bdbv-drc-uga-2026-05-26-live; ecdc-bdbv-drc-uga-2026-05-27-live; inrb-sitrep-015-2026-05-29; inrb-sitrep-016-2026-05-30; inrb-sitrep-017-2026-05-31; inrb-sitrep-018-2026-06-01; inrb-sitrep-019-2026-06-02; inrb-sitrep-020-2026-06-03; inrb-sitrep-021-2026-06-04; inrb-sitrep-022-2026-06-05; inrb-sitrep-023-2026-06-06; inrb-sitrep-024-2026-06-07; inrb-sitrep-025-2026-06-08; inrb-sitrep-026-2026-06-09; inrb-sitrep-027-2026-06-10; inrb-sitrep-028-2026-06-11; inrb-sitrep-030-2026-06-13; inrb-sitrep-031-2026-06-14; inrb-sitrep-032-2026-06-15; inrb-sitrep-033-2026-06-16; inrb-sitrep-034-2026-06-17; inrb-sitrep-035-2026-06-18; inrb-sitrep-036-2026-06-19; inrb-sitrep-037-2026-06-20; inrb-sitrep-038-2026-06-21; inrb-sitrep-039-2026-06-22; inrb-sitrep-040-2026-06-23; inrb-sitrep-041-2026-06-24; inrb-sitrep-042-2026-06-25; inrb-sitrep-044-2026-06-27; inrb-sitrep-046-2026-06-29; inrb-sitrep-047-2026-06-30; inrb-sitrep-048-2026-07-01; inrb-sitrep-049-2026-07-02; inrb-sitrep-050-2026-07-03; inrb-sitrep-051-2026-07-04; inrb-sitrep-052-2026-07-05; inrb-sitrep-053-2026-07-06; inrb-sitrep-054-2026-07-07; inrb-sitrep-055-2026-07-08; inrb-sitrep-056-2026-07-09; inrb-sitrep-057-2026-07-10; inrb-sitrep-058-2026-07-11; inrb-sitrep-059-2026-07-12; inrb-umie-ebola-drc-2026-build-2026-05-28-bb8b7d5; inrb-umie-ebola-drc-2026-build-2026-06-01-b4cafc9; uganda-moh-ebola-update-2026-06-06; uganda-moh-ebola-update-2026-06-20; uganda-moh-ebola-update-2026-06-21; who-daily-epi-bdbv-2026-06-08; who-dg-remarks-bdbv-2026-05-20; who-dg-remarks-bdbv-2026-05-22; who-don602-2026-05-15-live; who-don603-2026-05-21-live; who-don606-bdbv-2026-06-08; who-ihr-ec-bdbv-temporary-recommendations-2026-05-22; who-pheic-2026-05-17-live; wikipedia-2026-ituri-epidemic-2026-05-20-live,"Descriptive watch-point interval, not a forecast or response recommendation."
corridor:235:rimba:nebbi-uga,rimba,nebbi-uga,30,0.01178803520223215,0.030613325233971506,0.023674298415044703,0.06088779024968505,0.006261010591081034,0.12723819039718412,zone-attributed confirmed count 4 for this source zone; visibility-adjustment factor 2.02× reflects under-reporting in source zone; raw risk likely understates true hazard,BDBV-CLAIM-050,derived_model_output_with_unsupported_exponent_attribution,pinned_snapshot_model_output,africa-cdc-phecs-2026-05-18-live; afro-sitrep-01-2026-05-18-live; afro-sitrep-01-pdf-2026-05-18-live; cdc-current-situation-2026-05-21; cdc-current-situation-2026-05-23; cdc-current-situation-2026-05-24; cdc-current-situation-2026-05-25; drc-moh-epidemie-dashboard-sitrep-009-graphql-2026-05-24; drc-moh-epidemie-dashboard-sitrep-mve-n-007-mvb-17-2026-pdf-2026-05-22; ecdc-bdbv-drc-uga-2026-05-19-live; ecdc-bdbv-drc-uga-2026-05-21-live; ecdc-bdbv-drc-uga-2026-05-25-live; ecdc-bdbv-drc-uga-2026-05-26-live; ecdc-bdbv-drc-uga-2026-05-27-live; inrb-sitrep-015-2026-05-29; inrb-sitrep-016-2026-05-30; inrb-sitrep-017-2026-05-31; inrb-sitrep-018-2026-06-01; inrb-sitrep-019-2026-06-02; inrb-sitrep-020-2026-06-03; inrb-sitrep-021-2026-06-04; inrb-sitrep-022-2026-06-05; inrb-sitrep-023-2026-06-06; inrb-sitrep-024-2026-06-07; inrb-sitrep-025-2026-06-08; inrb-sitrep-026-2026-06-09; inrb-sitrep-027-2026-06-10; inrb-sitrep-028-2026-06-11; inrb-sitrep-030-2026-06-13; inrb-sitrep-031-2026-06-14; inrb-sitrep-032-2026-06-15; inrb-sitrep-033-2026-06-16; inrb-sitrep-034-2026-06-17; inrb-sitrep-035-2026-06-18; inrb-sitrep-036-2026-06-19; inrb-sitrep-037-2026-06-20; inrb-sitrep-038-2026-06-21; inrb-sitrep-039-2026-06-22; inrb-sitrep-040-2026-06-23; inrb-sitrep-041-2026-06-24; inrb-sitrep-042-2026-06-25; inrb-sitrep-044-2026-06-27; inrb-sitrep-046-2026-06-29; inrb-sitrep-047-2026-06-30; inrb-sitrep-048-2026-07-01; inrb-sitrep-049-2026-07-02; inrb-sitrep-050-2026-07-03; inrb-sitrep-051-2026-07-04; inrb-sitrep-052-2026-07-05; inrb-sitrep-053-2026-07-06; inrb-sitrep-054-2026-07-07; inrb-sitrep-055-2026-07-08; inrb-sitrep-056-2026-07-09; inrb-sitrep-057-2026-07-10; inrb-sitrep-058-2026-07-11; inrb-sitrep-059-2026-07-12; inrb-umie-ebola-drc-2026-build-2026-05-28-bb8b7d5; inrb-umie-ebola-drc-2026-build-2026-06-01-b4cafc9; uganda-moh-ebola-update-2026-06-06; uganda-moh-ebola-update-2026-06-20; uganda-moh-ebola-update-2026-06-21; who-daily-epi-bdbv-2026-06-08; who-dg-remarks-bdbv-2026-05-20; who-dg-remarks-bdbv-2026-05-22; who-don602-2026-05-15-live; who-don603-2026-05-21-live; who-don606-bdbv-2026-06-08; who-ihr-ec-bdbv-temporary-recommendations-2026-05-22; who-pheic-2026-05-17-live; wikipedia-2026-ituri-epidemic-2026-05-20-live,"Descriptive watch-point interval, not a forecast or response recommendation."
corridor:236:drodro:kasese-uga,drodro,kasese-uga,30,0.011086543372935326,0.03031474926077854,0.02227348685636127,0.06030326098242628,0.0052726247043108744,0.11569543205973153,zone-attributed confirmed count 4 for this source zone; visibility-adjustment factor 2.02× reflects under-reporting in source zone; raw risk likely understates true hazard,BDBV-CLAIM-050,derived_model_output_with_unsupported_exponent_attribution,pinned_snapshot_model_output,africa-cdc-phecs-2026-05-18-live; afro-sitrep-01-2026-05-18-live; afro-sitrep-01-pdf-2026-05-18-live; cdc-current-situation-2026-05-21; cdc-current-situation-2026-05-23; cdc-current-situation-2026-05-24; cdc-current-situation-2026-05-25; drc-moh-epidemie-dashboard-sitrep-009-graphql-2026-05-24; drc-moh-epidemie-dashboard-sitrep-mve-n-007-mvb-17-2026-pdf-2026-05-22; ecdc-bdbv-drc-uga-2026-05-19-live; ecdc-bdbv-drc-uga-2026-05-21-live; ecdc-bdbv-drc-uga-2026-05-25-live; ecdc-bdbv-drc-uga-2026-05-26-live; ecdc-bdbv-drc-uga-2026-05-27-live; inrb-sitrep-015-2026-05-29; inrb-sitrep-016-2026-05-30; inrb-sitrep-017-2026-05-31; inrb-sitrep-018-2026-06-01; inrb-sitrep-019-2026-06-02; inrb-sitrep-020-2026-06-03; inrb-sitrep-021-2026-06-04; inrb-sitrep-022-2026-06-05; inrb-sitrep-023-2026-06-06; inrb-sitrep-024-2026-06-07; inrb-sitrep-025-2026-06-08; inrb-sitrep-026-2026-06-09; inrb-sitrep-027-2026-06-10; inrb-sitrep-028-2026-06-11; inrb-sitrep-030-2026-06-13; inrb-sitrep-031-2026-06-14; inrb-sitrep-032-2026-06-15; inrb-sitrep-033-2026-06-16; inrb-sitrep-034-2026-06-17; inrb-sitrep-035-2026-06-18; inrb-sitrep-036-2026-06-19; inrb-sitrep-037-2026-06-20; inrb-sitrep-038-2026-06-21; inrb-sitrep-039-2026-06-22; inrb-sitrep-040-2026-06-23; inrb-sitrep-041-2026-06-24; inrb-sitrep-042-2026-06-25; inrb-sitrep-044-2026-06-27; inrb-sitrep-046-2026-06-29; inrb-sitrep-047-2026-06-30; inrb-sitrep-048-2026-07-01; inrb-sitrep-049-2026-07-02; inrb-sitrep-050-2026-07-03; inrb-sitrep-051-2026-07-04; inrb-sitrep-052-2026-07-05; inrb-sitrep-053-2026-07-06; inrb-sitrep-054-2026-07-07; inrb-sitrep-055-2026-07-08; inrb-sitrep-056-2026-07-09; inrb-sitrep-057-2026-07-10; inrb-sitrep-058-2026-07-11; inrb-sitrep-059-2026-07-12; inrb-umie-ebola-drc-2026-build-2026-05-28-bb8b7d5; inrb-umie-ebola-drc-2026-build-2026-06-01-b4cafc9; uganda-moh-ebola-update-2026-06-06; uganda-moh-ebola-update-2026-06-20; uganda-moh-ebola-update-2026-06-21; who-daily-epi-bdbv-2026-06-08; who-dg-remarks-bdbv-2026-05-20; who-dg-remarks-bdbv-2026-05-22; who-don602-2026-05-15-live; who-don603-2026-05-21-live; who-don606-bdbv-2026-06-08; who-ihr-ec-bdbv-temporary-recommendations-2026-05-22; who-pheic-2026-05-17-live; wikipedia-2026-ituri-epidemic-2026-05-20-live,"Descriptive watch-point interval, not a forecast or response recommendation."
corridor:237:rimba:goma-cod,rimba,goma-cod,30,0.011183989345525835,0.030237706903042144,0.022468130715957824,0.06015241462532764,0.005729927852301001,0.12287509579510728,zone-attributed confirmed count 4 for this source zone; visibility-adjustment factor 2.02× reflects under-reporting in source zone; raw risk likely understates true hazard,BDBV-CLAIM-050,derived_model_output_with_unsupported_exponent_attribution,pinned_snapshot_model_output,africa-cdc-phecs-2026-05-18-live; afro-sitrep-01-2026-05-18-live; afro-sitrep-01-pdf-2026-05-18-live; cdc-current-situation-2026-05-21; cdc-current-situation-2026-05-23; cdc-current-situation-2026-05-24; cdc-current-situation-2026-05-25; drc-moh-epidemie-dashboard-sitrep-009-graphql-2026-05-24; drc-moh-epidemie-dashboard-sitrep-mve-n-007-mvb-17-2026-pdf-2026-05-22; ecdc-bdbv-drc-uga-2026-05-19-live; ecdc-bdbv-drc-uga-2026-05-21-live; ecdc-bdbv-drc-uga-2026-05-25-live; ecdc-bdbv-drc-uga-2026-05-26-live; ecdc-bdbv-drc-uga-2026-05-27-live; inrb-sitrep-015-2026-05-29; inrb-sitrep-016-2026-05-30; inrb-sitrep-017-2026-05-31; inrb-sitrep-018-2026-06-01; inrb-sitrep-019-2026-06-02; inrb-sitrep-020-2026-06-03; inrb-sitrep-021-2026-06-04; inrb-sitrep-022-2026-06-05; inrb-sitrep-023-2026-06-06; inrb-sitrep-024-2026-06-07; inrb-sitrep-025-2026-06-08; inrb-sitrep-026-2026-06-09; inrb-sitrep-027-2026-06-10; inrb-sitrep-028-2026-06-11; inrb-sitrep-030-2026-06-13; inrb-sitrep-031-2026-06-14; inrb-sitrep-032-2026-06-15; inrb-sitrep-033-2026-06-16; inrb-sitrep-034-2026-06-17; inrb-sitrep-035-2026-06-18; inrb-sitrep-036-2026-06-19; inrb-sitrep-037-2026-06-20; inrb-sitrep-038-2026-06-21; inrb-sitrep-039-2026-06-22; inrb-sitrep-040-2026-06-23; inrb-sitrep-041-2026-06-24; inrb-sitrep-042-2026-06-25; inrb-sitrep-044-2026-06-27; inrb-sitrep-046-2026-06-29; inrb-sitrep-047-2026-06-30; inrb-sitrep-048-2026-07-01; inrb-sitrep-049-2026-07-02; inrb-sitrep-050-2026-07-03; inrb-sitrep-051-2026-07-04; inrb-sitrep-052-2026-07-05; inrb-sitrep-053-2026-07-06; inrb-sitrep-054-2026-07-07; inrb-sitrep-055-2026-07-08; inrb-sitrep-056-2026-07-09; inrb-sitrep-057-2026-07-10; inrb-sitrep-058-2026-07-11; inrb-sitrep-059-2026-07-12; inrb-umie-ebola-drc-2026-build-2026-05-28-bb8b7d5; inrb-umie-ebola-drc-2026-build-2026-06-01-b4cafc9; uganda-moh-ebola-update-2026-06-06; uganda-moh-ebola-update-2026-06-20; uganda-moh-ebola-update-2026-06-21; who-daily-epi-bdbv-2026-06-08; who-dg-remarks-bdbv-2026-05-20; who-dg-remarks-bdbv-2026-05-22; who-don602-2026-05-15-live; who-don603-2026-05-21-live; who-don606-bdbv-2026-06-08; who-ihr-ec-bdbv-temporary-recommendations-2026-05-22; who-pheic-2026-05-17-live; wikipedia-2026-ituri-epidemic-2026-05-20-live,"Descriptive watch-point interval, not a forecast or response recommendation."
corridor:238:makiso-kisangani-cod:goma-cod,makiso-kisangani-cod,goma-cod,30,0.010275938271398971,0.030236514055706515,0.02065352080300875,0.06015007983466017,0.0059039044324236956,0.12474283398458855,zone-attributed confirmed count 4 for this source zone; visibility-adjustment factor 2.02× reflects under-reporting in source zone; raw risk likely understates true hazard,BDBV-CLAIM-050,derived_model_output_with_unsupported_exponent_attribution,pinned_snapshot_model_output,africa-cdc-phecs-2026-05-18-live; afro-sitrep-01-2026-05-18-live; afro-sitrep-01-pdf-2026-05-18-live; cdc-current-situation-2026-05-21; cdc-current-situation-2026-05-23; cdc-current-situation-2026-05-24; cdc-current-situation-2026-05-25; drc-moh-epidemie-dashboard-sitrep-009-graphql-2026-05-24; drc-moh-epidemie-dashboard-sitrep-mve-n-007-mvb-17-2026-pdf-2026-05-22; ecdc-bdbv-drc-uga-2026-05-19-live; ecdc-bdbv-drc-uga-2026-05-21-live; ecdc-bdbv-drc-uga-2026-05-25-live; ecdc-bdbv-drc-uga-2026-05-26-live; ecdc-bdbv-drc-uga-2026-05-27-live; inrb-sitrep-015-2026-05-29; inrb-sitrep-016-2026-05-30; inrb-sitrep-017-2026-05-31; inrb-sitrep-018-2026-06-01; inrb-sitrep-019-2026-06-02; inrb-sitrep-020-2026-06-03; inrb-sitrep-021-2026-06-04; inrb-sitrep-022-2026-06-05; inrb-sitrep-023-2026-06-06; inrb-sitrep-024-2026-06-07; inrb-sitrep-025-2026-06-08; inrb-sitrep-026-2026-06-09; inrb-sitrep-027-2026-06-10; inrb-sitrep-028-2026-06-11; inrb-sitrep-030-2026-06-13; inrb-sitrep-031-2026-06-14; inrb-sitrep-032-2026-06-15; inrb-sitrep-033-2026-06-16; inrb-sitrep-034-2026-06-17; inrb-sitrep-035-2026-06-18; inrb-sitrep-036-2026-06-19; inrb-sitrep-037-2026-06-20; inrb-sitrep-038-2026-06-21; inrb-sitrep-039-2026-06-22; inrb-sitrep-040-2026-06-23; inrb-sitrep-041-2026-06-24; inrb-sitrep-042-2026-06-25; inrb-sitrep-044-2026-06-27; inrb-sitrep-046-2026-06-29; inrb-sitrep-047-2026-06-30; inrb-sitrep-048-2026-07-01; inrb-sitrep-049-2026-07-02; inrb-sitrep-050-2026-07-03; inrb-sitrep-051-2026-07-04; inrb-sitrep-052-2026-07-05; inrb-sitrep-053-2026-07-06; inrb-sitrep-054-2026-07-07; inrb-sitrep-055-2026-07-08; inrb-sitrep-056-2026-07-09; inrb-sitrep-057-2026-07-10; inrb-sitrep-058-2026-07-11; inrb-sitrep-059-2026-07-12; inrb-umie-ebola-drc-2026-build-2026-05-28-bb8b7d5; inrb-umie-ebola-drc-2026-build-2026-06-01-b4cafc9; uganda-moh-ebola-update-2026-06-06; uganda-moh-ebola-update-2026-06-20; uganda-moh-ebola-update-2026-06-21; who-daily-epi-bdbv-2026-06-08; who-dg-remarks-bdbv-2026-05-20; who-dg-remarks-bdbv-2026-05-22; who-don602-2026-05-15-live; who-don603-2026-05-21-live; who-don606-bdbv-2026-06-08; who-ihr-ec-bdbv-temporary-recommendations-2026-05-22; who-pheic-2026-05-17-live; wikipedia-2026-ituri-epidemic-2026-05-20-live,"Descriptive watch-point interval, not a forecast or response recommendation."
corridor:239:rimba:arua-uga,rimba,arua-uga,30,0.01168040886696542,0.02988754180622885,0.0234594451457808,0.059466610489143396,0.006415551091952291,0.11973507778424927,zone-attributed confirmed count 4 for this source zone; visibility-adjustment factor 2.02× reflects under-reporting in source zone; raw risk likely understates true hazard,BDBV-CLAIM-050,derived_model_output_with_unsupported_exponent_attribution,pinned_snapshot_model_output,africa-cdc-phecs-2026-05-18-live; afro-sitrep-01-2026-05-18-live; afro-sitrep-01-pdf-2026-05-18-live; cdc-current-situation-2026-05-21; cdc-current-situation-2026-05-23; cdc-current-situation-2026-05-24; cdc-current-situation-2026-05-25; drc-moh-epidemie-dashboard-sitrep-009-graphql-2026-05-24; drc-moh-epidemie-dashboard-sitrep-mve-n-007-mvb-17-2026-pdf-2026-05-22; ecdc-bdbv-drc-uga-2026-05-19-live; ecdc-bdbv-drc-uga-2026-05-21-live; ecdc-bdbv-drc-uga-2026-05-25-live; ecdc-bdbv-drc-uga-2026-05-26-live; ecdc-bdbv-drc-uga-2026-05-27-live; inrb-sitrep-015-2026-05-29; inrb-sitrep-016-2026-05-30; inrb-sitrep-017-2026-05-31; inrb-sitrep-018-2026-06-01; inrb-sitrep-019-2026-06-02; inrb-sitrep-020-2026-06-03; inrb-sitrep-021-2026-06-04; inrb-sitrep-022-2026-06-05; inrb-sitrep-023-2026-06-06; inrb-sitrep-024-2026-06-07; inrb-sitrep-025-2026-06-08; inrb-sitrep-026-2026-06-09; inrb-sitrep-027-2026-06-10; inrb-sitrep-028-2026-06-11; inrb-sitrep-030-2026-06-13; inrb-sitrep-031-2026-06-14; inrb-sitrep-032-2026-06-15; inrb-sitrep-033-2026-06-16; inrb-sitrep-034-2026-06-17; inrb-sitrep-035-2026-06-18; inrb-sitrep-036-2026-06-19; inrb-sitrep-037-2026-06-20; inrb-sitrep-038-2026-06-21; inrb-sitrep-039-2026-06-22; inrb-sitrep-040-2026-06-23; inrb-sitrep-041-2026-06-24; inrb-sitrep-042-2026-06-25; inrb-sitrep-044-2026-06-27; inrb-sitrep-046-2026-06-29; inrb-sitrep-047-2026-06-30; inrb-sitrep-048-2026-07-01; inrb-sitrep-049-2026-07-02; inrb-sitrep-050-2026-07-03; inrb-sitrep-051-2026-07-04; inrb-sitrep-052-2026-07-05; inrb-sitrep-053-2026-07-06; inrb-sitrep-054-2026-07-07; inrb-sitrep-055-2026-07-08; inrb-sitrep-056-2026-07-09; inrb-sitrep-057-2026-07-10; inrb-sitrep-058-2026-07-11; inrb-sitrep-059-2026-07-12; inrb-umie-ebola-drc-2026-build-2026-05-28-bb8b7d5; inrb-umie-ebola-drc-2026-build-2026-06-01-b4cafc9; uganda-moh-ebola-update-2026-06-06; uganda-moh-ebola-update-2026-06-20; uganda-moh-ebola-update-2026-06-21; who-daily-epi-bdbv-2026-06-08; who-dg-remarks-bdbv-2026-05-20; who-dg-remarks-bdbv-2026-05-22; who-don602-2026-05-15-live; who-don603-2026-05-21-live; who-don606-bdbv-2026-06-08; who-ihr-ec-bdbv-temporary-recommendations-2026-05-22; who-pheic-2026-05-17-live; wikipedia-2026-ituri-epidemic-2026-05-20-live,"Descriptive watch-point interval, not a forecast or response recommendation."
corridor:240:fataki:nebbi-uga,fataki,nebbi-uga,30,0.011413411969486337,0.029540110345370574,0.022926339031483528,0.058785909998080976,0.005225018481155622,0.1225063038469005,zone-attributed confirmed count 4 for this source zone; visibility-adjustment factor 2.02× reflects under-reporting in source zone; raw risk likely understates true hazard,BDBV-CLAIM-050,derived_model_output_with_unsupported_exponent_attribution,pinned_snapshot_model_output,africa-cdc-phecs-2026-05-18-live; afro-sitrep-01-2026-05-18-live; afro-sitrep-01-pdf-2026-05-18-live; cdc-current-situation-2026-05-21; cdc-current-situation-2026-05-23; cdc-current-situation-2026-05-24; cdc-current-situation-2026-05-25; drc-moh-epidemie-dashboard-sitrep-009-graphql-2026-05-24; drc-moh-epidemie-dashboard-sitrep-mve-n-007-mvb-17-2026-pdf-2026-05-22; ecdc-bdbv-drc-uga-2026-05-19-live; ecdc-bdbv-drc-uga-2026-05-21-live; ecdc-bdbv-drc-uga-2026-05-25-live; ecdc-bdbv-drc-uga-2026-05-26-live; ecdc-bdbv-drc-uga-2026-05-27-live; inrb-sitrep-015-2026-05-29; inrb-sitrep-016-2026-05-30; inrb-sitrep-017-2026-05-31; inrb-sitrep-018-2026-06-01; inrb-sitrep-019-2026-06-02; inrb-sitrep-020-2026-06-03; inrb-sitrep-021-2026-06-04; inrb-sitrep-022-2026-06-05; inrb-sitrep-023-2026-06-06; inrb-sitrep-024-2026-06-07; inrb-sitrep-025-2026-06-08; inrb-sitrep-026-2026-06-09; inrb-sitrep-027-2026-06-10; inrb-sitrep-028-2026-06-11; inrb-sitrep-030-2026-06-13; inrb-sitrep-031-2026-06-14; inrb-sitrep-032-2026-06-15; inrb-sitrep-033-2026-06-16; inrb-sitrep-034-2026-06-17; inrb-sitrep-035-2026-06-18; inrb-sitrep-036-2026-06-19; inrb-sitrep-037-2026-06-20; inrb-sitrep-038-2026-06-21; inrb-sitrep-039-2026-06-22; inrb-sitrep-040-2026-06-23; inrb-sitrep-041-2026-06-24; inrb-sitrep-042-2026-06-25; inrb-sitrep-044-2026-06-27; inrb-sitrep-046-2026-06-29; inrb-sitrep-047-2026-06-30; inrb-sitrep-048-2026-07-01; inrb-sitrep-049-2026-07-02; inrb-sitrep-050-2026-07-03; inrb-sitrep-051-2026-07-04; inrb-sitrep-052-2026-07-05; inrb-sitrep-053-2026-07-06; inrb-sitrep-054-2026-07-07; inrb-sitrep-055-2026-07-08; inrb-sitrep-056-2026-07-09; inrb-sitrep-057-2026-07-10; inrb-sitrep-058-2026-07-11; inrb-sitrep-059-2026-07-12; inrb-umie-ebola-drc-2026-build-2026-05-28-bb8b7d5; inrb-umie-ebola-drc-2026-build-2026-06-01-b4cafc9; uganda-moh-ebola-update-2026-06-06; uganda-moh-ebola-update-2026-06-20; uganda-moh-ebola-update-2026-06-21; who-daily-epi-bdbv-2026-06-08; who-dg-remarks-bdbv-2026-05-20; who-dg-remarks-bdbv-2026-05-22; who-don602-2026-05-15-live; who-don603-2026-05-21-live; who-don606-bdbv-2026-06-08; who-ihr-ec-bdbv-temporary-recommendations-2026-05-22; who-pheic-2026-05-17-live; wikipedia-2026-ituri-epidemic-2026-05-20-live,"Descriptive watch-point interval, not a forecast or response recommendation."
corridor:241:drodro:kisangani-cod,drodro,kisangani-cod,30,0.010719464724098238,0.029481291892049455,0.021540061410561973,0.05867064513451947,0.006646009434323392,0.11582934696324484,zone-attributed confirmed count 4 for this source zone; visibility-adjustment factor 2.02× reflects under-reporting in source zone; raw risk likely understates true hazard,BDBV-CLAIM-050,derived_model_output_with_unsupported_exponent_attribution,pinned_snapshot_model_output,africa-cdc-phecs-2026-05-18-live; afro-sitrep-01-2026-05-18-live; afro-sitrep-01-pdf-2026-05-18-live; cdc-current-situation-2026-05-21; cdc-current-situation-2026-05-23; cdc-current-situation-2026-05-24; cdc-current-situation-2026-05-25; drc-moh-epidemie-dashboard-sitrep-009-graphql-2026-05-24; drc-moh-epidemie-dashboard-sitrep-mve-n-007-mvb-17-2026-pdf-2026-05-22; ecdc-bdbv-drc-uga-2026-05-19-live; ecdc-bdbv-drc-uga-2026-05-21-live; ecdc-bdbv-drc-uga-2026-05-25-live; ecdc-bdbv-drc-uga-2026-05-26-live; ecdc-bdbv-drc-uga-2026-05-27-live; inrb-sitrep-015-2026-05-29; inrb-sitrep-016-2026-05-30; inrb-sitrep-017-2026-05-31; inrb-sitrep-018-2026-06-01; inrb-sitrep-019-2026-06-02; inrb-sitrep-020-2026-06-03; inrb-sitrep-021-2026-06-04; inrb-sitrep-022-2026-06-05; inrb-sitrep-023-2026-06-06; inrb-sitrep-024-2026-06-07; inrb-sitrep-025-2026-06-08; inrb-sitrep-026-2026-06-09; inrb-sitrep-027-2026-06-10; inrb-sitrep-028-2026-06-11; inrb-sitrep-030-2026-06-13; inrb-sitrep-031-2026-06-14; inrb-sitrep-032-2026-06-15; inrb-sitrep-033-2026-06-16; inrb-sitrep-034-2026-06-17; inrb-sitrep-035-2026-06-18; inrb-sitrep-036-2026-06-19; inrb-sitrep-037-2026-06-20; inrb-sitrep-038-2026-06-21; inrb-sitrep-039-2026-06-22; inrb-sitrep-040-2026-06-23; inrb-sitrep-041-2026-06-24; inrb-sitrep-042-2026-06-25; inrb-sitrep-044-2026-06-27; inrb-sitrep-046-2026-06-29; inrb-sitrep-047-2026-06-30; inrb-sitrep-048-2026-07-01; inrb-sitrep-049-2026-07-02; inrb-sitrep-050-2026-07-03; inrb-sitrep-051-2026-07-04; inrb-sitrep-052-2026-07-05; inrb-sitrep-053-2026-07-06; inrb-sitrep-054-2026-07-07; inrb-sitrep-055-2026-07-08; inrb-sitrep-056-2026-07-09; inrb-sitrep-057-2026-07-10; inrb-sitrep-058-2026-07-11; inrb-sitrep-059-2026-07-12; inrb-umie-ebola-drc-2026-build-2026-05-28-bb8b7d5; inrb-umie-ebola-drc-2026-build-2026-06-01-b4cafc9; uganda-moh-ebola-update-2026-06-06; uganda-moh-ebola-update-2026-06-20; uganda-moh-ebola-update-2026-06-21; who-daily-epi-bdbv-2026-06-08; who-dg-remarks-bdbv-2026-05-20; who-dg-remarks-bdbv-2026-05-22; who-don602-2026-05-15-live; who-don603-2026-05-21-live; who-don606-bdbv-2026-06-08; who-ihr-ec-bdbv-temporary-recommendations-2026-05-22; who-pheic-2026-05-17-live; wikipedia-2026-ituri-epidemic-2026-05-20-live,"Descriptive watch-point interval, not a forecast or response recommendation."
corridor:242:makiso-kisangani-cod:arua-uga,makiso-kisangani-cod,arua-uga,30,0.011678022372324404,0.029321923562444757,0.02345467945391036,0.05835830335957512,0.00638615630941023,0.11380155269120822,zone-attributed confirmed count 4 for this source zone; visibility-adjustment factor 2.02× reflects under-reporting in source zone; raw risk likely understates true hazard,BDBV-CLAIM-050,derived_model_output_with_unsupported_exponent_attribution,pinned_snapshot_model_output,africa-cdc-phecs-2026-05-18-live; afro-sitrep-01-2026-05-18-live; afro-sitrep-01-pdf-2026-05-18-live; cdc-current-situation-2026-05-21; cdc-current-situation-2026-05-23; cdc-current-situation-2026-05-24; cdc-current-situation-2026-05-25; drc-moh-epidemie-dashboard-sitrep-009-graphql-2026-05-24; drc-moh-epidemie-dashboard-sitrep-mve-n-007-mvb-17-2026-pdf-2026-05-22; ecdc-bdbv-drc-uga-2026-05-19-live; ecdc-bdbv-drc-uga-2026-05-21-live; ecdc-bdbv-drc-uga-2026-05-25-live; ecdc-bdbv-drc-uga-2026-05-26-live; ecdc-bdbv-drc-uga-2026-05-27-live; inrb-sitrep-015-2026-05-29; inrb-sitrep-016-2026-05-30; inrb-sitrep-017-2026-05-31; inrb-sitrep-018-2026-06-01; inrb-sitrep-019-2026-06-02; inrb-sitrep-020-2026-06-03; inrb-sitrep-021-2026-06-04; inrb-sitrep-022-2026-06-05; inrb-sitrep-023-2026-06-06; inrb-sitrep-024-2026-06-07; inrb-sitrep-025-2026-06-08; inrb-sitrep-026-2026-06-09; inrb-sitrep-027-2026-06-10; inrb-sitrep-028-2026-06-11; inrb-sitrep-030-2026-06-13; inrb-sitrep-031-2026-06-14; inrb-sitrep-032-2026-06-15; inrb-sitrep-033-2026-06-16; inrb-sitrep-034-2026-06-17; inrb-sitrep-035-2026-06-18; inrb-sitrep-036-2026-06-19; inrb-sitrep-037-2026-06-20; inrb-sitrep-038-2026-06-21; inrb-sitrep-039-2026-06-22; inrb-sitrep-040-2026-06-23; inrb-sitrep-041-2026-06-24; inrb-sitrep-042-2026-06-25; inrb-sitrep-044-2026-06-27; inrb-sitrep-046-2026-06-29; inrb-sitrep-047-2026-06-30; inrb-sitrep-048-2026-07-01; inrb-sitrep-049-2026-07-02; inrb-sitrep-050-2026-07-03; inrb-sitrep-051-2026-07-04; inrb-sitrep-052-2026-07-05; inrb-sitrep-053-2026-07-06; inrb-sitrep-054-2026-07-07; inrb-sitrep-055-2026-07-08; inrb-sitrep-056-2026-07-09; inrb-sitrep-057-2026-07-10; inrb-sitrep-058-2026-07-11; inrb-sitrep-059-2026-07-12; inrb-umie-ebola-drc-2026-build-2026-05-28-bb8b7d5; inrb-umie-ebola-drc-2026-build-2026-06-01-b4cafc9; uganda-moh-ebola-update-2026-06-06; uganda-moh-ebola-update-2026-06-20; uganda-moh-ebola-update-2026-06-21; who-daily-epi-bdbv-2026-06-08; who-dg-remarks-bdbv-2026-05-20; who-dg-remarks-bdbv-2026-05-22; who-don602-2026-05-15-live; who-don603-2026-05-21-live; who-don606-bdbv-2026-06-08; who-ihr-ec-bdbv-temporary-recommendations-2026-05-22; who-pheic-2026-05-17-live; wikipedia-2026-ituri-epidemic-2026-05-20-live,"Descriptive watch-point interval, not a forecast or response recommendation."
corridor:243:masereka:yei-ssd,masereka,yei-ssd,30,0.009078813532592822,0.02612287439370889,0.018258634508269367,0.05207747802322413,0.004309145542065408,0.10389033437114224,zone-attributed confirmed count 3 for this source zone; visibility-adjustment factor 2.02× reflects under-reporting in source zone; raw risk likely understates true hazard,BDBV-CLAIM-050,derived_model_output_with_unsupported_exponent_attribution,pinned_snapshot_model_output,africa-cdc-phecs-2026-05-18-live; afro-sitrep-01-2026-05-18-live; afro-sitrep-01-pdf-2026-05-18-live; cdc-current-situation-2026-05-21; cdc-current-situation-2026-05-23; cdc-current-situation-2026-05-24; cdc-current-situation-2026-05-25; drc-moh-epidemie-dashboard-sitrep-009-graphql-2026-05-24; drc-moh-epidemie-dashboard-sitrep-mve-n-007-mvb-17-2026-pdf-2026-05-22; ecdc-bdbv-drc-uga-2026-05-19-live; ecdc-bdbv-drc-uga-2026-05-21-live; ecdc-bdbv-drc-uga-2026-05-25-live; ecdc-bdbv-drc-uga-2026-05-26-live; ecdc-bdbv-drc-uga-2026-05-27-live; inrb-sitrep-015-2026-05-29; inrb-sitrep-016-2026-05-30; inrb-sitrep-017-2026-05-31; inrb-sitrep-018-2026-06-01; inrb-sitrep-019-2026-06-02; inrb-sitrep-020-2026-06-03; inrb-sitrep-021-2026-06-04; inrb-sitrep-022-2026-06-05; inrb-sitrep-023-2026-06-06; inrb-sitrep-024-2026-06-07; inrb-sitrep-025-2026-06-08; inrb-sitrep-026-2026-06-09; inrb-sitrep-027-2026-06-10; inrb-sitrep-028-2026-06-11; inrb-sitrep-030-2026-06-13; inrb-sitrep-031-2026-06-14; inrb-sitrep-032-2026-06-15; inrb-sitrep-033-2026-06-16; inrb-sitrep-034-2026-06-17; inrb-sitrep-035-2026-06-18; inrb-sitrep-036-2026-06-19; inrb-sitrep-037-2026-06-20; inrb-sitrep-038-2026-06-21; inrb-sitrep-039-2026-06-22; inrb-sitrep-040-2026-06-23; inrb-sitrep-041-2026-06-24; inrb-sitrep-042-2026-06-25; inrb-sitrep-044-2026-06-27; inrb-sitrep-046-2026-06-29; inrb-sitrep-047-2026-06-30; inrb-sitrep-048-2026-07-01; inrb-sitrep-049-2026-07-02; inrb-sitrep-050-2026-07-03; inrb-sitrep-051-2026-07-04; inrb-sitrep-052-2026-07-05; inrb-sitrep-053-2026-07-06; inrb-sitrep-054-2026-07-07; inrb-sitrep-055-2026-07-08; inrb-sitrep-056-2026-07-09; inrb-sitrep-057-2026-07-10; inrb-sitrep-058-2026-07-11; inrb-sitrep-059-2026-07-12; inrb-umie-ebola-drc-2026-build-2026-05-28-bb8b7d5; inrb-umie-ebola-drc-2026-build-2026-06-01-b4cafc9; uganda-moh-ebola-update-2026-06-06; uganda-moh-ebola-update-2026-06-20; uganda-moh-ebola-update-2026-06-21; who-daily-epi-bdbv-2026-06-08; who-dg-remarks-bdbv-2026-05-20; who-dg-remarks-bdbv-2026-05-22; who-don602-2026-05-15-live; who-don603-2026-05-21-live; who-don606-bdbv-2026-06-08; who-ihr-ec-bdbv-temporary-recommendations-2026-05-22; who-pheic-2026-05-17-live; wikipedia-2026-ituri-epidemic-2026-05-20-live,"Descriptive watch-point interval, not a forecast or response recommendation."
corridor:244:aru:kampala-uga,aru,kampala-uga,30,0.009380167106560477,0.02599364617592817,0.018861780577098808,0.05182331057776307,0.004306114360714226,0.10083407690338664,zone-attributed confirmed count 3 for this source zone; visibility-adjustment factor 2.02× reflects under-reporting in source zone; raw risk likely understates true hazard,BDBV-CLAIM-050,derived_model_output_with_unsupported_exponent_attribution,pinned_snapshot_model_output,africa-cdc-phecs-2026-05-18-live; afro-sitrep-01-2026-05-18-live; afro-sitrep-01-pdf-2026-05-18-live; cdc-current-situation-2026-05-21; cdc-current-situation-2026-05-23; cdc-current-situation-2026-05-24; cdc-current-situation-2026-05-25; drc-moh-epidemie-dashboard-sitrep-009-graphql-2026-05-24; drc-moh-epidemie-dashboard-sitrep-mve-n-007-mvb-17-2026-pdf-2026-05-22; ecdc-bdbv-drc-uga-2026-05-19-live; ecdc-bdbv-drc-uga-2026-05-21-live; ecdc-bdbv-drc-uga-2026-05-25-live; ecdc-bdbv-drc-uga-2026-05-26-live; ecdc-bdbv-drc-uga-2026-05-27-live; inrb-sitrep-015-2026-05-29; inrb-sitrep-016-2026-05-30; inrb-sitrep-017-2026-05-31; inrb-sitrep-018-2026-06-01; inrb-sitrep-019-2026-06-02; inrb-sitrep-020-2026-06-03; inrb-sitrep-021-2026-06-04; inrb-sitrep-022-2026-06-05; inrb-sitrep-023-2026-06-06; inrb-sitrep-024-2026-06-07; inrb-sitrep-025-2026-06-08; inrb-sitrep-026-2026-06-09; inrb-sitrep-027-2026-06-10; inrb-sitrep-028-2026-06-11; inrb-sitrep-030-2026-06-13; inrb-sitrep-031-2026-06-14; inrb-sitrep-032-2026-06-15; inrb-sitrep-033-2026-06-16; inrb-sitrep-034-2026-06-17; inrb-sitrep-035-2026-06-18; inrb-sitrep-036-2026-06-19; inrb-sitrep-037-2026-06-20; inrb-sitrep-038-2026-06-21; inrb-sitrep-039-2026-06-22; inrb-sitrep-040-2026-06-23; inrb-sitrep-041-2026-06-24; inrb-sitrep-042-2026-06-25; inrb-sitrep-044-2026-06-27; inrb-sitrep-046-2026-06-29; inrb-sitrep-047-2026-06-30; inrb-sitrep-048-2026-07-01; inrb-sitrep-049-2026-07-02; inrb-sitrep-050-2026-07-03; inrb-sitrep-051-2026-07-04; inrb-sitrep-052-2026-07-05; inrb-sitrep-053-2026-07-06; inrb-sitrep-054-2026-07-07; inrb-sitrep-055-2026-07-08; inrb-sitrep-056-2026-07-09; inrb-sitrep-057-2026-07-10; inrb-sitrep-058-2026-07-11; inrb-sitrep-059-2026-07-12; inrb-umie-ebola-drc-2026-build-2026-05-28-bb8b7d5; inrb-umie-ebola-drc-2026-build-2026-06-01-b4cafc9; uganda-moh-ebola-update-2026-06-06; uganda-moh-ebola-update-2026-06-20; uganda-moh-ebola-update-2026-06-21; who-daily-epi-bdbv-2026-06-08; who-dg-remarks-bdbv-2026-05-20; who-dg-remarks-bdbv-2026-05-22; who-don602-2026-05-15-live; who-don603-2026-05-21-live; who-don606-bdbv-2026-06-08; who-ihr-ec-bdbv-temporary-recommendations-2026-05-22; who-pheic-2026-05-17-live; wikipedia-2026-ituri-epidemic-2026-05-20-live,"Descriptive watch-point interval, not a forecast or response recommendation."
corridor:245:oicha:goma-cod,oicha,goma-cod,30,0.007950258533758747,0.025615454592554737,0.015998216007848315,0.051079302635597096,0.004315451779919935,0.09900910741078851,zone-attributed confirmed count 3 for this source zone; visibility-adjustment factor 2.02× reflects under-reporting in source zone; raw risk likely understates true hazard,BDBV-CLAIM-050,derived_model_output_with_unsupported_exponent_attribution,pinned_snapshot_model_output,africa-cdc-phecs-2026-05-18-live; afro-sitrep-01-2026-05-18-live; afro-sitrep-01-pdf-2026-05-18-live; cdc-current-situation-2026-05-21; cdc-current-situation-2026-05-23; cdc-current-situation-2026-05-24; cdc-current-situation-2026-05-25; drc-moh-epidemie-dashboard-sitrep-009-graphql-2026-05-24; drc-moh-epidemie-dashboard-sitrep-mve-n-007-mvb-17-2026-pdf-2026-05-22; ecdc-bdbv-drc-uga-2026-05-19-live; ecdc-bdbv-drc-uga-2026-05-21-live; ecdc-bdbv-drc-uga-2026-05-25-live; ecdc-bdbv-drc-uga-2026-05-26-live; ecdc-bdbv-drc-uga-2026-05-27-live; inrb-sitrep-015-2026-05-29; inrb-sitrep-016-2026-05-30; inrb-sitrep-017-2026-05-31; inrb-sitrep-018-2026-06-01; inrb-sitrep-019-2026-06-02; inrb-sitrep-020-2026-06-03; inrb-sitrep-021-2026-06-04; inrb-sitrep-022-2026-06-05; inrb-sitrep-023-2026-06-06; inrb-sitrep-024-2026-06-07; inrb-sitrep-025-2026-06-08; inrb-sitrep-026-2026-06-09; inrb-sitrep-027-2026-06-10; inrb-sitrep-028-2026-06-11; inrb-sitrep-030-2026-06-13; inrb-sitrep-031-2026-06-14; inrb-sitrep-032-2026-06-15; inrb-sitrep-033-2026-06-16; inrb-sitrep-034-2026-06-17; inrb-sitrep-035-2026-06-18; inrb-sitrep-036-2026-06-19; inrb-sitrep-037-2026-06-20; inrb-sitrep-038-2026-06-21; inrb-sitrep-039-2026-06-22; inrb-sitrep-040-2026-06-23; inrb-sitrep-041-2026-06-24; inrb-sitrep-042-2026-06-25; inrb-sitrep-044-2026-06-27; inrb-sitrep-046-2026-06-29; inrb-sitrep-047-2026-06-30; inrb-sitrep-048-2026-07-01; inrb-sitrep-049-2026-07-02; inrb-sitrep-050-2026-07-03; inrb-sitrep-051-2026-07-04; inrb-sitrep-052-2026-07-05; inrb-sitrep-053-2026-07-06; inrb-sitrep-054-2026-07-07; inrb-sitrep-055-2026-07-08; inrb-sitrep-056-2026-07-09; inrb-sitrep-057-2026-07-10; inrb-sitrep-058-2026-07-11; inrb-sitrep-059-2026-07-12; inrb-umie-ebola-drc-2026-build-2026-05-28-bb8b7d5; inrb-umie-ebola-drc-2026-build-2026-06-01-b4cafc9; uganda-moh-ebola-update-2026-06-06; uganda-moh-ebola-update-2026-06-20; uganda-moh-ebola-update-2026-06-21; who-daily-epi-bdbv-2026-06-08; who-dg-remarks-bdbv-2026-05-20; who-dg-remarks-bdbv-2026-05-22; who-don602-2026-05-15-live; who-don603-2026-05-21-live; who-don606-bdbv-2026-06-08; who-ihr-ec-bdbv-temporary-recommendations-2026-05-22; who-pheic-2026-05-17-live; wikipedia-2026-ituri-epidemic-2026-05-20-live,"Descriptive watch-point interval, not a forecast or response recommendation."
corridor:246:masereka:beni-cod,masereka,beni-cod,30,0.009083323636102203,0.025350954728010883,0.01826766227612478,0.050558766012506945,0.004114570775243612,0.09744920526257576,zone-attributed confirmed count 3 for this source zone; visibility-adjustment factor 2.02× reflects under-reporting in source zone; raw risk likely understates true hazard,BDBV-CLAIM-050,derived_model_output_with_unsupported_exponent_attribution,pinned_snapshot_model_output,africa-cdc-phecs-2026-05-18-live; afro-sitrep-01-2026-05-18-live; afro-sitrep-01-pdf-2026-05-18-live; cdc-current-situation-2026-05-21; cdc-current-situation-2026-05-23; cdc-current-situation-2026-05-24; cdc-current-situation-2026-05-25; drc-moh-epidemie-dashboard-sitrep-009-graphql-2026-05-24; drc-moh-epidemie-dashboard-sitrep-mve-n-007-mvb-17-2026-pdf-2026-05-22; ecdc-bdbv-drc-uga-2026-05-19-live; ecdc-bdbv-drc-uga-2026-05-21-live; ecdc-bdbv-drc-uga-2026-05-25-live; ecdc-bdbv-drc-uga-2026-05-26-live; ecdc-bdbv-drc-uga-2026-05-27-live; inrb-sitrep-015-2026-05-29; inrb-sitrep-016-2026-05-30; inrb-sitrep-017-2026-05-31; inrb-sitrep-018-2026-06-01; inrb-sitrep-019-2026-06-02; inrb-sitrep-020-2026-06-03; inrb-sitrep-021-2026-06-04; inrb-sitrep-022-2026-06-05; inrb-sitrep-023-2026-06-06; inrb-sitrep-024-2026-06-07; inrb-sitrep-025-2026-06-08; inrb-sitrep-026-2026-06-09; inrb-sitrep-027-2026-06-10; inrb-sitrep-028-2026-06-11; inrb-sitrep-030-2026-06-13; inrb-sitrep-031-2026-06-14; inrb-sitrep-032-2026-06-15; inrb-sitrep-033-2026-06-16; inrb-sitrep-034-2026-06-17; inrb-sitrep-035-2026-06-18; inrb-sitrep-036-2026-06-19; inrb-sitrep-037-2026-06-20; inrb-sitrep-038-2026-06-21; inrb-sitrep-039-2026-06-22; inrb-sitrep-040-2026-06-23; inrb-sitrep-041-2026-06-24; inrb-sitrep-042-2026-06-25; inrb-sitrep-044-2026-06-27; inrb-sitrep-046-2026-06-29; inrb-sitrep-047-2026-06-30; inrb-sitrep-048-2026-07-01; inrb-sitrep-049-2026-07-02; inrb-sitrep-050-2026-07-03; inrb-sitrep-051-2026-07-04; inrb-sitrep-052-2026-07-05; inrb-sitrep-053-2026-07-06; inrb-sitrep-054-2026-07-07; inrb-sitrep-055-2026-07-08; inrb-sitrep-056-2026-07-09; inrb-sitrep-057-2026-07-10; inrb-sitrep-058-2026-07-11; inrb-sitrep-059-2026-07-12; inrb-umie-ebola-drc-2026-build-2026-05-28-bb8b7d5; inrb-umie-ebola-drc-2026-build-2026-06-01-b4cafc9; uganda-moh-ebola-update-2026-06-06; uganda-moh-ebola-update-2026-06-20; uganda-moh-ebola-update-2026-06-21; who-daily-epi-bdbv-2026-06-08; who-dg-remarks-bdbv-2026-05-20; who-dg-remarks-bdbv-2026-05-22; who-don602-2026-05-15-live; who-don603-2026-05-21-live; who-don606-bdbv-2026-06-08; who-ihr-ec-bdbv-temporary-recommendations-2026-05-22; who-pheic-2026-05-17-live; wikipedia-2026-ituri-epidemic-2026-05-20-live,"Descriptive watch-point interval, not a forecast or response recommendation."
corridor:247:miti-murhesa:beni-cod,miti-murhesa,beni-cod,30,0.009068522057616768,0.025336906487858246,0.018238033252831992,0.0505311212428064,0.0040745171296590055,0.09041161413671768,zone-attributed confirmed count 3 for this source zone; visibility-adjustment factor 2.02× reflects under-reporting in source zone; raw risk likely understates true hazard,BDBV-CLAIM-050,derived_model_output_with_unsupported_exponent_attribution,pinned_snapshot_model_output,africa-cdc-phecs-2026-05-18-live; afro-sitrep-01-2026-05-18-live; afro-sitrep-01-pdf-2026-05-18-live; cdc-current-situation-2026-05-21; cdc-current-situation-2026-05-23; cdc-current-situation-2026-05-24; cdc-current-situation-2026-05-25; drc-moh-epidemie-dashboard-sitrep-009-graphql-2026-05-24; drc-moh-epidemie-dashboard-sitrep-mve-n-007-mvb-17-2026-pdf-2026-05-22; ecdc-bdbv-drc-uga-2026-05-19-live; ecdc-bdbv-drc-uga-2026-05-21-live; ecdc-bdbv-drc-uga-2026-05-25-live; ecdc-bdbv-drc-uga-2026-05-26-live; ecdc-bdbv-drc-uga-2026-05-27-live; inrb-sitrep-015-2026-05-29; inrb-sitrep-016-2026-05-30; inrb-sitrep-017-2026-05-31; inrb-sitrep-018-2026-06-01; inrb-sitrep-019-2026-06-02; inrb-sitrep-020-2026-06-03; inrb-sitrep-021-2026-06-04; inrb-sitrep-022-2026-06-05; inrb-sitrep-023-2026-06-06; inrb-sitrep-024-2026-06-07; inrb-sitrep-025-2026-06-08; inrb-sitrep-026-2026-06-09; inrb-sitrep-027-2026-06-10; inrb-sitrep-028-2026-06-11; inrb-sitrep-030-2026-06-13; inrb-sitrep-031-2026-06-14; inrb-sitrep-032-2026-06-15; inrb-sitrep-033-2026-06-16; inrb-sitrep-034-2026-06-17; inrb-sitrep-035-2026-06-18; inrb-sitrep-036-2026-06-19; inrb-sitrep-037-2026-06-20; inrb-sitrep-038-2026-06-21; inrb-sitrep-039-2026-06-22; inrb-sitrep-040-2026-06-23; inrb-sitrep-041-2026-06-24; inrb-sitrep-042-2026-06-25; inrb-sitrep-044-2026-06-27; inrb-sitrep-046-2026-06-29; inrb-sitrep-047-2026-06-30; inrb-sitrep-048-2026-07-01; inrb-sitrep-049-2026-07-02; inrb-sitrep-050-2026-07-03; inrb-sitrep-051-2026-07-04; inrb-sitrep-052-2026-07-05; inrb-sitrep-053-2026-07-06; inrb-sitrep-054-2026-07-07; inrb-sitrep-055-2026-07-08; inrb-sitrep-056-2026-07-09; inrb-sitrep-057-2026-07-10; inrb-sitrep-058-2026-07-11; inrb-sitrep-059-2026-07-12; inrb-umie-ebola-drc-2026-build-2026-05-28-bb8b7d5; inrb-umie-ebola-drc-2026-build-2026-06-01-b4cafc9; uganda-moh-ebola-update-2026-06-06; uganda-moh-ebola-update-2026-06-20; uganda-moh-ebola-update-2026-06-21; who-daily-epi-bdbv-2026-06-08; who-dg-remarks-bdbv-2026-05-20; who-dg-remarks-bdbv-2026-05-22; who-don602-2026-05-15-live; who-don603-2026-05-21-live; who-don606-bdbv-2026-06-08; who-ihr-ec-bdbv-temporary-recommendations-2026-05-22; who-pheic-2026-05-17-live; wikipedia-2026-ituri-epidemic-2026-05-20-live,"Descriptive watch-point interval, not a forecast or response recommendation."
corridor:248:aru:yei-ssd,aru,yei-ssd,30,0.009137638509744528,0.025276275104674395,0.018376384849744465,0.05041178119964895,0.005417834008083641,0.09018276954409403,zone-attributed confirmed count 3 for this source zone; visibility-adjustment factor 2.02× reflects under-reporting in source zone; raw risk likely understates true hazard,BDBV-CLAIM-050,derived_model_output_with_unsupported_exponent_attribution,pinned_snapshot_model_output,africa-cdc-phecs-2026-05-18-live; afro-sitrep-01-2026-05-18-live; afro-sitrep-01-pdf-2026-05-18-live; cdc-current-situation-2026-05-21; cdc-current-situation-2026-05-23; cdc-current-situation-2026-05-24; cdc-current-situation-2026-05-25; drc-moh-epidemie-dashboard-sitrep-009-graphql-2026-05-24; drc-moh-epidemie-dashboard-sitrep-mve-n-007-mvb-17-2026-pdf-2026-05-22; ecdc-bdbv-drc-uga-2026-05-19-live; ecdc-bdbv-drc-uga-2026-05-21-live; ecdc-bdbv-drc-uga-2026-05-25-live; ecdc-bdbv-drc-uga-2026-05-26-live; ecdc-bdbv-drc-uga-2026-05-27-live; inrb-sitrep-015-2026-05-29; inrb-sitrep-016-2026-05-30; inrb-sitrep-017-2026-05-31; inrb-sitrep-018-2026-06-01; inrb-sitrep-019-2026-06-02; inrb-sitrep-020-2026-06-03; inrb-sitrep-021-2026-06-04; inrb-sitrep-022-2026-06-05; inrb-sitrep-023-2026-06-06; inrb-sitrep-024-2026-06-07; inrb-sitrep-025-2026-06-08; inrb-sitrep-026-2026-06-09; inrb-sitrep-027-2026-06-10; inrb-sitrep-028-2026-06-11; inrb-sitrep-030-2026-06-13; inrb-sitrep-031-2026-06-14; inrb-sitrep-032-2026-06-15; inrb-sitrep-033-2026-06-16; inrb-sitrep-034-2026-06-17; inrb-sitrep-035-2026-06-18; inrb-sitrep-036-2026-06-19; inrb-sitrep-037-2026-06-20; inrb-sitrep-038-2026-06-21; inrb-sitrep-039-2026-06-22; inrb-sitrep-040-2026-06-23; inrb-sitrep-041-2026-06-24; inrb-sitrep-042-2026-06-25; inrb-sitrep-044-2026-06-27; inrb-sitrep-046-2026-06-29; inrb-sitrep-047-2026-06-30; inrb-sitrep-048-2026-07-01; inrb-sitrep-049-2026-07-02; inrb-sitrep-050-2026-07-03; inrb-sitrep-051-2026-07-04; inrb-sitrep-052-2026-07-05; inrb-sitrep-053-2026-07-06; inrb-sitrep-054-2026-07-07; inrb-sitrep-055-2026-07-08; inrb-sitrep-056-2026-07-09; inrb-sitrep-057-2026-07-10; inrb-sitrep-058-2026-07-11; inrb-sitrep-059-2026-07-12; inrb-umie-ebola-drc-2026-build-2026-05-28-bb8b7d5; inrb-umie-ebola-drc-2026-build-2026-06-01-b4cafc9; uganda-moh-ebola-update-2026-06-06; uganda-moh-ebola-update-2026-06-20; uganda-moh-ebola-update-2026-06-21; who-daily-epi-bdbv-2026-06-08; who-dg-remarks-bdbv-2026-05-20; who-dg-remarks-bdbv-2026-05-22; who-don602-2026-05-15-live; who-don603-2026-05-21-live; who-don606-bdbv-2026-06-08; who-ihr-ec-bdbv-temporary-recommendations-2026-05-22; who-pheic-2026-05-17-live; wikipedia-2026-ituri-epidemic-2026-05-20-live,"Descriptive watch-point interval, not a forecast or response recommendation."
corridor:249:oicha:arua-uga,oicha,arua-uga,30,0.009799908718701178,0.025181198601184118,0.0197015623350838,0.050224630364316764,0.0030599777621302393,0.09247932472643959,zone-attributed confirmed count 3 for this source zone; visibility-adjustment factor 2.02× reflects under-reporting in source zone; raw risk likely understates true hazard,BDBV-CLAIM-050,derived_model_output_with_unsupported_exponent_attribution,pinned_snapshot_model_output,africa-cdc-phecs-2026-05-18-live; afro-sitrep-01-2026-05-18-live; afro-sitrep-01-pdf-2026-05-18-live; cdc-current-situation-2026-05-21; cdc-current-situation-2026-05-23; cdc-current-situation-2026-05-24; cdc-current-situation-2026-05-25; drc-moh-epidemie-dashboard-sitrep-009-graphql-2026-05-24; drc-moh-epidemie-dashboard-sitrep-mve-n-007-mvb-17-2026-pdf-2026-05-22; ecdc-bdbv-drc-uga-2026-05-19-live; ecdc-bdbv-drc-uga-2026-05-21-live; ecdc-bdbv-drc-uga-2026-05-25-live; ecdc-bdbv-drc-uga-2026-05-26-live; ecdc-bdbv-drc-uga-2026-05-27-live; inrb-sitrep-015-2026-05-29; inrb-sitrep-016-2026-05-30; inrb-sitrep-017-2026-05-31; inrb-sitrep-018-2026-06-01; inrb-sitrep-019-2026-06-02; inrb-sitrep-020-2026-06-03; inrb-sitrep-021-2026-06-04; inrb-sitrep-022-2026-06-05; inrb-sitrep-023-2026-06-06; inrb-sitrep-024-2026-06-07; inrb-sitrep-025-2026-06-08; inrb-sitrep-026-2026-06-09; inrb-sitrep-027-2026-06-10; inrb-sitrep-028-2026-06-11; inrb-sitrep-030-2026-06-13; inrb-sitrep-031-2026-06-14; inrb-sitrep-032-2026-06-15; inrb-sitrep-033-2026-06-16; inrb-sitrep-034-2026-06-17; inrb-sitrep-035-2026-06-18; inrb-sitrep-036-2026-06-19; inrb-sitrep-037-2026-06-20; inrb-sitrep-038-2026-06-21; inrb-sitrep-039-2026-06-22; inrb-sitrep-040-2026-06-23; inrb-sitrep-041-2026-06-24; inrb-sitrep-042-2026-06-25; inrb-sitrep-044-2026-06-27; inrb-sitrep-046-2026-06-29; inrb-sitrep-047-2026-06-30; inrb-sitrep-048-2026-07-01; inrb-sitrep-049-2026-07-02; inrb-sitrep-050-2026-07-03; inrb-sitrep-051-2026-07-04; inrb-sitrep-052-2026-07-05; inrb-sitrep-053-2026-07-06; inrb-sitrep-054-2026-07-07; inrb-sitrep-055-2026-07-08; inrb-sitrep-056-2026-07-09; inrb-sitrep-057-2026-07-10; inrb-sitrep-058-2026-07-11; inrb-sitrep-059-2026-07-12; inrb-umie-ebola-drc-2026-build-2026-05-28-bb8b7d5; inrb-umie-ebola-drc-2026-build-2026-06-01-b4cafc9; uganda-moh-ebola-update-2026-06-06; uganda-moh-ebola-update-2026-06-20; uganda-moh-ebola-update-2026-06-21; who-daily-epi-bdbv-2026-06-08; who-dg-remarks-bdbv-2026-05-20; who-dg-remarks-bdbv-2026-05-22; who-don602-2026-05-15-live; who-don603-2026-05-21-live; who-don606-bdbv-2026-06-08; who-ihr-ec-bdbv-temporary-recommendations-2026-05-22; who-pheic-2026-05-17-live; wikipedia-2026-ituri-epidemic-2026-05-20-live,"Descriptive watch-point interval, not a forecast or response recommendation."
corridor:250:aru:goma-cod,aru,goma-cod,30,0.00874739391533591,0.024935502926521025,0.017595096404635385,0.04974089701898604,0.005269601653094114,0.09787438112275185,zone-attributed confirmed count 3 for this source zone; visibility-adjustment factor 2.02× reflects under-reporting in source zone; raw risk likely understates true hazard,BDBV-CLAIM-050,derived_model_output_with_unsupported_exponent_attribution,pinned_snapshot_model_output,africa-cdc-phecs-2026-05-18-live; afro-sitrep-01-2026-05-18-live; afro-sitrep-01-pdf-2026-05-18-live; cdc-current-situation-2026-05-21; cdc-current-situation-2026-05-23; cdc-current-situation-2026-05-24; cdc-current-situation-2026-05-25; drc-moh-epidemie-dashboard-sitrep-009-graphql-2026-05-24; drc-moh-epidemie-dashboard-sitrep-mve-n-007-mvb-17-2026-pdf-2026-05-22; ecdc-bdbv-drc-uga-2026-05-19-live; ecdc-bdbv-drc-uga-2026-05-21-live; ecdc-bdbv-drc-uga-2026-05-25-live; ecdc-bdbv-drc-uga-2026-05-26-live; ecdc-bdbv-drc-uga-2026-05-27-live; inrb-sitrep-015-2026-05-29; inrb-sitrep-016-2026-05-30; inrb-sitrep-017-2026-05-31; inrb-sitrep-018-2026-06-01; inrb-sitrep-019-2026-06-02; inrb-sitrep-020-2026-06-03; inrb-sitrep-021-2026-06-04; inrb-sitrep-022-2026-06-05; inrb-sitrep-023-2026-06-06; inrb-sitrep-024-2026-06-07; inrb-sitrep-025-2026-06-08; inrb-sitrep-026-2026-06-09; inrb-sitrep-027-2026-06-10; inrb-sitrep-028-2026-06-11; inrb-sitrep-030-2026-06-13; inrb-sitrep-031-2026-06-14; inrb-sitrep-032-2026-06-15; inrb-sitrep-033-2026-06-16; inrb-sitrep-034-2026-06-17; inrb-sitrep-035-2026-06-18; inrb-sitrep-036-2026-06-19; inrb-sitrep-037-2026-06-20; inrb-sitrep-038-2026-06-21; inrb-sitrep-039-2026-06-22; inrb-sitrep-040-2026-06-23; inrb-sitrep-041-2026-06-24; inrb-sitrep-042-2026-06-25; inrb-sitrep-044-2026-06-27; inrb-sitrep-046-2026-06-29; inrb-sitrep-047-2026-06-30; inrb-sitrep-048-2026-07-01; inrb-sitrep-049-2026-07-02; inrb-sitrep-050-2026-07-03; inrb-sitrep-051-2026-07-04; inrb-sitrep-052-2026-07-05; inrb-sitrep-053-2026-07-06; inrb-sitrep-054-2026-07-07; inrb-sitrep-055-2026-07-08; inrb-sitrep-056-2026-07-09; inrb-sitrep-057-2026-07-10; inrb-sitrep-058-2026-07-11; inrb-sitrep-059-2026-07-12; inrb-umie-ebola-drc-2026-build-2026-05-28-bb8b7d5; inrb-umie-ebola-drc-2026-build-2026-06-01-b4cafc9; uganda-moh-ebola-update-2026-06-06; uganda-moh-ebola-update-2026-06-20; uganda-moh-ebola-update-2026-06-21; who-daily-epi-bdbv-2026-06-08; who-dg-remarks-bdbv-2026-05-20; who-dg-remarks-bdbv-2026-05-22; who-don602-2026-05-15-live; who-don603-2026-05-21-live; who-don606-bdbv-2026-06-08; who-ihr-ec-bdbv-temporary-recommendations-2026-05-22; who-pheic-2026-05-17-live; wikipedia-2026-ituri-epidemic-2026-05-20-live,"Descriptive watch-point interval, not a forecast or response recommendation."
corridor:251:masereka:goma-cod,masereka,goma-cod,30,0.008667382844396998,0.024917966604607572,0.017434871409184677,0.04970636630458075,0.005502683591263545,0.09302850506794734,zone-attributed confirmed count 3 for this source zone; visibility-adjustment factor 2.02× reflects under-reporting in source zone; raw risk likely understates true hazard,BDBV-CLAIM-050,derived_model_output_with_unsupported_exponent_attribution,pinned_snapshot_model_output,africa-cdc-phecs-2026-05-18-live; afro-sitrep-01-2026-05-18-live; afro-sitrep-01-pdf-2026-05-18-live; cdc-current-situation-2026-05-21; cdc-current-situation-2026-05-23; cdc-current-situation-2026-05-24; cdc-current-situation-2026-05-25; drc-moh-epidemie-dashboard-sitrep-009-graphql-2026-05-24; drc-moh-epidemie-dashboard-sitrep-mve-n-007-mvb-17-2026-pdf-2026-05-22; ecdc-bdbv-drc-uga-2026-05-19-live; ecdc-bdbv-drc-uga-2026-05-21-live; ecdc-bdbv-drc-uga-2026-05-25-live; ecdc-bdbv-drc-uga-2026-05-26-live; ecdc-bdbv-drc-uga-2026-05-27-live; inrb-sitrep-015-2026-05-29; inrb-sitrep-016-2026-05-30; inrb-sitrep-017-2026-05-31; inrb-sitrep-018-2026-06-01; inrb-sitrep-019-2026-06-02; inrb-sitrep-020-2026-06-03; inrb-sitrep-021-2026-06-04; inrb-sitrep-022-2026-06-05; inrb-sitrep-023-2026-06-06; inrb-sitrep-024-2026-06-07; inrb-sitrep-025-2026-06-08; inrb-sitrep-026-2026-06-09; inrb-sitrep-027-2026-06-10; inrb-sitrep-028-2026-06-11; inrb-sitrep-030-2026-06-13; inrb-sitrep-031-2026-06-14; inrb-sitrep-032-2026-06-15; inrb-sitrep-033-2026-06-16; inrb-sitrep-034-2026-06-17; inrb-sitrep-035-2026-06-18; inrb-sitrep-036-2026-06-19; inrb-sitrep-037-2026-06-20; inrb-sitrep-038-2026-06-21; inrb-sitrep-039-2026-06-22; inrb-sitrep-040-2026-06-23; inrb-sitrep-041-2026-06-24; inrb-sitrep-042-2026-06-25; inrb-sitrep-044-2026-06-27; inrb-sitrep-046-2026-06-29; inrb-sitrep-047-2026-06-30; inrb-sitrep-048-2026-07-01; inrb-sitrep-049-2026-07-02; inrb-sitrep-050-2026-07-03; inrb-sitrep-051-2026-07-04; inrb-sitrep-052-2026-07-05; inrb-sitrep-053-2026-07-06; inrb-sitrep-054-2026-07-07; inrb-sitrep-055-2026-07-08; inrb-sitrep-056-2026-07-09; inrb-sitrep-057-2026-07-10; inrb-sitrep-058-2026-07-11; inrb-sitrep-059-2026-07-12; inrb-umie-ebola-drc-2026-build-2026-05-28-bb8b7d5; inrb-umie-ebola-drc-2026-build-2026-06-01-b4cafc9; uganda-moh-ebola-update-2026-06-06; uganda-moh-ebola-update-2026-06-20; uganda-moh-ebola-update-2026-06-21; who-daily-epi-bdbv-2026-06-08; who-dg-remarks-bdbv-2026-05-20; who-dg-remarks-bdbv-2026-05-22; who-don602-2026-05-15-live; who-don603-2026-05-21-live; who-don606-bdbv-2026-06-08; who-ihr-ec-bdbv-temporary-recommendations-2026-05-22; who-pheic-2026-05-17-live; wikipedia-2026-ituri-epidemic-2026-05-20-live,"Descriptive watch-point interval, not a forecast or response recommendation."
corridor:252:oicha:kisangani-cod,oicha,kisangani-cod,30,0.009209380167979064,0.024578241740341594,0.018519980604673858,0.049037288315983474,0.004415836895836417,0.09814792029275347,zone-attributed confirmed count 3 for this source zone; visibility-adjustment factor 2.02× reflects under-reporting in source zone; raw risk likely understates true hazard,BDBV-CLAIM-050,derived_model_output_with_unsupported_exponent_attribution,pinned_snapshot_model_output,africa-cdc-phecs-2026-05-18-live; afro-sitrep-01-2026-05-18-live; afro-sitrep-01-pdf-2026-05-18-live; cdc-current-situation-2026-05-21; cdc-current-situation-2026-05-23; cdc-current-situation-2026-05-24; cdc-current-situation-2026-05-25; drc-moh-epidemie-dashboard-sitrep-009-graphql-2026-05-24; drc-moh-epidemie-dashboard-sitrep-mve-n-007-mvb-17-2026-pdf-2026-05-22; ecdc-bdbv-drc-uga-2026-05-19-live; ecdc-bdbv-drc-uga-2026-05-21-live; ecdc-bdbv-drc-uga-2026-05-25-live; ecdc-bdbv-drc-uga-2026-05-26-live; ecdc-bdbv-drc-uga-2026-05-27-live; inrb-sitrep-015-2026-05-29; inrb-sitrep-016-2026-05-30; inrb-sitrep-017-2026-05-31; inrb-sitrep-018-2026-06-01; inrb-sitrep-019-2026-06-02; inrb-sitrep-020-2026-06-03; inrb-sitrep-021-2026-06-04; inrb-sitrep-022-2026-06-05; inrb-sitrep-023-2026-06-06; inrb-sitrep-024-2026-06-07; inrb-sitrep-025-2026-06-08; inrb-sitrep-026-2026-06-09; inrb-sitrep-027-2026-06-10; inrb-sitrep-028-2026-06-11; inrb-sitrep-030-2026-06-13; inrb-sitrep-031-2026-06-14; inrb-sitrep-032-2026-06-15; inrb-sitrep-033-2026-06-16; inrb-sitrep-034-2026-06-17; inrb-sitrep-035-2026-06-18; inrb-sitrep-036-2026-06-19; inrb-sitrep-037-2026-06-20; inrb-sitrep-038-2026-06-21; inrb-sitrep-039-2026-06-22; inrb-sitrep-040-2026-06-23; inrb-sitrep-041-2026-06-24; inrb-sitrep-042-2026-06-25; inrb-sitrep-044-2026-06-27; inrb-sitrep-046-2026-06-29; inrb-sitrep-047-2026-06-30; inrb-sitrep-048-2026-07-01; inrb-sitrep-049-2026-07-02; inrb-sitrep-050-2026-07-03; inrb-sitrep-051-2026-07-04; inrb-sitrep-052-2026-07-05; inrb-sitrep-053-2026-07-06; inrb-sitrep-054-2026-07-07; inrb-sitrep-055-2026-07-08; inrb-sitrep-056-2026-07-09; inrb-sitrep-057-2026-07-10; inrb-sitrep-058-2026-07-11; inrb-sitrep-059-2026-07-12; inrb-umie-ebola-drc-2026-build-2026-05-28-bb8b7d5; inrb-umie-ebola-drc-2026-build-2026-06-01-b4cafc9; uganda-moh-ebola-update-2026-06-06; uganda-moh-ebola-update-2026-06-20; uganda-moh-ebola-update-2026-06-21; who-daily-epi-bdbv-2026-06-08; who-dg-remarks-bdbv-2026-05-20; who-dg-remarks-bdbv-2026-05-22; who-don602-2026-05-15-live; who-don603-2026-05-21-live; who-don606-bdbv-2026-06-08; who-ihr-ec-bdbv-temporary-recommendations-2026-05-22; who-pheic-2026-05-17-live; wikipedia-2026-ituri-epidemic-2026-05-20-live,"Descriptive watch-point interval, not a forecast or response recommendation."
corridor:253:oicha:kasese-uga,oicha,kasese-uga,30,0.008432444121447696,0.024565076193873964,0.016964322793011688,0.04901135412387067,0.00441641688446808,0.0895463209110767,zone-attributed confirmed count 3 for this source zone; visibility-adjustment factor 2.02× reflects under-reporting in source zone; raw risk likely understates true hazard,BDBV-CLAIM-050,derived_model_output_with_unsupported_exponent_attribution,pinned_snapshot_model_output,africa-cdc-phecs-2026-05-18-live; afro-sitrep-01-2026-05-18-live; afro-sitrep-01-pdf-2026-05-18-live; cdc-current-situation-2026-05-21; cdc-current-situation-2026-05-23; cdc-current-situation-2026-05-24; cdc-current-situation-2026-05-25; drc-moh-epidemie-dashboard-sitrep-009-graphql-2026-05-24; drc-moh-epidemie-dashboard-sitrep-mve-n-007-mvb-17-2026-pdf-2026-05-22; ecdc-bdbv-drc-uga-2026-05-19-live; ecdc-bdbv-drc-uga-2026-05-21-live; ecdc-bdbv-drc-uga-2026-05-25-live; ecdc-bdbv-drc-uga-2026-05-26-live; ecdc-bdbv-drc-uga-2026-05-27-live; inrb-sitrep-015-2026-05-29; inrb-sitrep-016-2026-05-30; inrb-sitrep-017-2026-05-31; inrb-sitrep-018-2026-06-01; inrb-sitrep-019-2026-06-02; inrb-sitrep-020-2026-06-03; inrb-sitrep-021-2026-06-04; inrb-sitrep-022-2026-06-05; inrb-sitrep-023-2026-06-06; inrb-sitrep-024-2026-06-07; inrb-sitrep-025-2026-06-08; inrb-sitrep-026-2026-06-09; inrb-sitrep-027-2026-06-10; inrb-sitrep-028-2026-06-11; inrb-sitrep-030-2026-06-13; inrb-sitrep-031-2026-06-14; inrb-sitrep-032-2026-06-15; inrb-sitrep-033-2026-06-16; inrb-sitrep-034-2026-06-17; inrb-sitrep-035-2026-06-18; inrb-sitrep-036-2026-06-19; inrb-sitrep-037-2026-06-20; inrb-sitrep-038-2026-06-21; inrb-sitrep-039-2026-06-22; inrb-sitrep-040-2026-06-23; inrb-sitrep-041-2026-06-24; inrb-sitrep-042-2026-06-25; inrb-sitrep-044-2026-06-27; inrb-sitrep-046-2026-06-29; inrb-sitrep-047-2026-06-30; inrb-sitrep-048-2026-07-01; inrb-sitrep-049-2026-07-02; inrb-sitrep-050-2026-07-03; inrb-sitrep-051-2026-07-04; inrb-sitrep-052-2026-07-05; inrb-sitrep-053-2026-07-06; inrb-sitrep-054-2026-07-07; inrb-sitrep-055-2026-07-08; inrb-sitrep-056-2026-07-09; inrb-sitrep-057-2026-07-10; inrb-sitrep-058-2026-07-11; inrb-sitrep-059-2026-07-12; inrb-umie-ebola-drc-2026-build-2026-05-28-bb8b7d5; inrb-umie-ebola-drc-2026-build-2026-06-01-b4cafc9; uganda-moh-ebola-update-2026-06-06; uganda-moh-ebola-update-2026-06-20; uganda-moh-ebola-update-2026-06-21; who-daily-epi-bdbv-2026-06-08; who-dg-remarks-bdbv-2026-05-20; who-dg-remarks-bdbv-2026-05-22; who-don602-2026-05-15-live; who-don603-2026-05-21-live; who-don606-bdbv-2026-06-08; who-ihr-ec-bdbv-temporary-recommendations-2026-05-22; who-pheic-2026-05-17-live; wikipedia-2026-ituri-epidemic-2026-05-20-live,"Descriptive watch-point interval, not a forecast or response recommendation."
corridor:254:oicha:yei-ssd,oicha,yei-ssd,30,0.008776674472878221,0.024371116397908982,0.017653727976098543,0.048629227755082244,0.003921754121654681,0.09500752597822831,zone-attributed confirmed count 3 for this source zone; visibility-adjustment factor 2.02× reflects under-reporting in source zone; raw risk likely understates true hazard,BDBV-CLAIM-050,derived_model_output_with_unsupported_exponent_attribution,pinned_snapshot_model_output,africa-cdc-phecs-2026-05-18-live; afro-sitrep-01-2026-05-18-live; afro-sitrep-01-pdf-2026-05-18-live; cdc-current-situation-2026-05-21; cdc-current-situation-2026-05-23; cdc-current-situation-2026-05-24; cdc-current-situation-2026-05-25; drc-moh-epidemie-dashboard-sitrep-009-graphql-2026-05-24; drc-moh-epidemie-dashboard-sitrep-mve-n-007-mvb-17-2026-pdf-2026-05-22; ecdc-bdbv-drc-uga-2026-05-19-live; ecdc-bdbv-drc-uga-2026-05-21-live; ecdc-bdbv-drc-uga-2026-05-25-live; ecdc-bdbv-drc-uga-2026-05-26-live; ecdc-bdbv-drc-uga-2026-05-27-live; inrb-sitrep-015-2026-05-29; inrb-sitrep-016-2026-05-30; inrb-sitrep-017-2026-05-31; inrb-sitrep-018-2026-06-01; inrb-sitrep-019-2026-06-02; inrb-sitrep-020-2026-06-03; inrb-sitrep-021-2026-06-04; inrb-sitrep-022-2026-06-05; inrb-sitrep-023-2026-06-06; inrb-sitrep-024-2026-06-07; inrb-sitrep-025-2026-06-08; inrb-sitrep-026-2026-06-09; inrb-sitrep-027-2026-06-10; inrb-sitrep-028-2026-06-11; inrb-sitrep-030-2026-06-13; inrb-sitrep-031-2026-06-14; inrb-sitrep-032-2026-06-15; inrb-sitrep-033-2026-06-16; inrb-sitrep-034-2026-06-17; inrb-sitrep-035-2026-06-18; inrb-sitrep-036-2026-06-19; inrb-sitrep-037-2026-06-20; inrb-sitrep-038-2026-06-21; inrb-sitrep-039-2026-06-22; inrb-sitrep-040-2026-06-23; inrb-sitrep-041-2026-06-24; inrb-sitrep-042-2026-06-25; inrb-sitrep-044-2026-06-27; inrb-sitrep-046-2026-06-29; inrb-sitrep-047-2026-06-30; inrb-sitrep-048-2026-07-01; inrb-sitrep-049-2026-07-02; inrb-sitrep-050-2026-07-03; inrb-sitrep-051-2026-07-04; inrb-sitrep-052-2026-07-05; inrb-sitrep-053-2026-07-06; inrb-sitrep-054-2026-07-07; inrb-sitrep-055-2026-07-08; inrb-sitrep-056-2026-07-09; inrb-sitrep-057-2026-07-10; inrb-sitrep-058-2026-07-11; inrb-sitrep-059-2026-07-12; inrb-umie-ebola-drc-2026-build-2026-05-28-bb8b7d5; inrb-umie-ebola-drc-2026-build-2026-06-01-b4cafc9; uganda-moh-ebola-update-2026-06-06; uganda-moh-ebola-update-2026-06-20; uganda-moh-ebola-update-2026-06-21; who-daily-epi-bdbv-2026-06-08; who-dg-remarks-bdbv-2026-05-20; who-dg-remarks-bdbv-2026-05-22; who-don602-2026-05-15-live; who-don603-2026-05-21-live; who-don606-bdbv-2026-06-08; who-ihr-ec-bdbv-temporary-recommendations-2026-05-22; who-pheic-2026-05-17-live; wikipedia-2026-ituri-epidemic-2026-05-20-live,"Descriptive watch-point interval, not a forecast or response recommendation."
corridor:255:miti-murhesa:arua-uga,miti-murhesa,arua-uga,30,0.008244792618277985,0.02429829452189511,0.016588401789091906,0.048485762023652595,0.004264900461699761,0.09289867570297083,zone-attributed confirmed count 3 for this source zone; visibility-adjustment factor 2.02× reflects under-reporting in source zone; raw risk likely understates true hazard,BDBV-CLAIM-050,derived_model_output_with_unsupported_exponent_attribution,pinned_snapshot_model_output,africa-cdc-phecs-2026-05-18-live; afro-sitrep-01-2026-05-18-live; afro-sitrep-01-pdf-2026-05-18-live; cdc-current-situation-2026-05-21; cdc-current-situation-2026-05-23; cdc-current-situation-2026-05-24; cdc-current-situation-2026-05-25; drc-moh-epidemie-dashboard-sitrep-009-graphql-2026-05-24; drc-moh-epidemie-dashboard-sitrep-mve-n-007-mvb-17-2026-pdf-2026-05-22; ecdc-bdbv-drc-uga-2026-05-19-live; ecdc-bdbv-drc-uga-2026-05-21-live; ecdc-bdbv-drc-uga-2026-05-25-live; ecdc-bdbv-drc-uga-2026-05-26-live; ecdc-bdbv-drc-uga-2026-05-27-live; inrb-sitrep-015-2026-05-29; inrb-sitrep-016-2026-05-30; inrb-sitrep-017-2026-05-31; inrb-sitrep-018-2026-06-01; inrb-sitrep-019-2026-06-02; inrb-sitrep-020-2026-06-03; inrb-sitrep-021-2026-06-04; inrb-sitrep-022-2026-06-05; inrb-sitrep-023-2026-06-06; inrb-sitrep-024-2026-06-07; inrb-sitrep-025-2026-06-08; inrb-sitrep-026-2026-06-09; inrb-sitrep-027-2026-06-10; inrb-sitrep-028-2026-06-11; inrb-sitrep-030-2026-06-13; inrb-sitrep-031-2026-06-14; inrb-sitrep-032-2026-06-15; inrb-sitrep-033-2026-06-16; inrb-sitrep-034-2026-06-17; inrb-sitrep-035-2026-06-18; inrb-sitrep-036-2026-06-19; inrb-sitrep-037-2026-06-20; inrb-sitrep-038-2026-06-21; inrb-sitrep-039-2026-06-22; inrb-sitrep-040-2026-06-23; inrb-sitrep-041-2026-06-24; inrb-sitrep-042-2026-06-25; inrb-sitrep-044-2026-06-27; inrb-sitrep-046-2026-06-29; inrb-sitrep-047-2026-06-30; inrb-sitrep-048-2026-07-01; inrb-sitrep-049-2026-07-02; inrb-sitrep-050-2026-07-03; inrb-sitrep-051-2026-07-04; inrb-sitrep-052-2026-07-05; inrb-sitrep-053-2026-07-06; inrb-sitrep-054-2026-07-07; inrb-sitrep-055-2026-07-08; inrb-sitrep-056-2026-07-09; inrb-sitrep-057-2026-07-10; inrb-sitrep-058-2026-07-11; inrb-sitrep-059-2026-07-12; inrb-umie-ebola-drc-2026-build-2026-05-28-bb8b7d5; inrb-umie-ebola-drc-2026-build-2026-06-01-b4cafc9; uganda-moh-ebola-update-2026-06-06; uganda-moh-ebola-update-2026-06-20; uganda-moh-ebola-update-2026-06-21; who-daily-epi-bdbv-2026-06-08; who-dg-remarks-bdbv-2026-05-20; who-dg-remarks-bdbv-2026-05-22; who-don602-2026-05-15-live; who-don603-2026-05-21-live; who-don606-bdbv-2026-06-08; who-ihr-ec-bdbv-temporary-recommendations-2026-05-22; who-pheic-2026-05-17-live; wikipedia-2026-ituri-epidemic-2026-05-20-live,"Descriptive watch-point interval, not a forecast or response recommendation."
corridor:256:aru:beni-cod,aru,beni-cod,30,0.008201872825176842,0.0240054832932331,0.016502410544376067,0.047908718831619374,0.0037972083912820947,0.09937970880598473,zone-attributed confirmed count 3 for this source zone; visibility-adjustment factor 2.02× reflects under-reporting in source zone; raw risk likely understates true hazard,BDBV-CLAIM-050,derived_model_output_with_unsupported_exponent_attribution,pinned_snapshot_model_output,africa-cdc-phecs-2026-05-18-live; afro-sitrep-01-2026-05-18-live; afro-sitrep-01-pdf-2026-05-18-live; cdc-current-situation-2026-05-21; cdc-current-situation-2026-05-23; cdc-current-situation-2026-05-24; cdc-current-situation-2026-05-25; drc-moh-epidemie-dashboard-sitrep-009-graphql-2026-05-24; drc-moh-epidemie-dashboard-sitrep-mve-n-007-mvb-17-2026-pdf-2026-05-22; ecdc-bdbv-drc-uga-2026-05-19-live; ecdc-bdbv-drc-uga-2026-05-21-live; ecdc-bdbv-drc-uga-2026-05-25-live; ecdc-bdbv-drc-uga-2026-05-26-live; ecdc-bdbv-drc-uga-2026-05-27-live; inrb-sitrep-015-2026-05-29; inrb-sitrep-016-2026-05-30; inrb-sitrep-017-2026-05-31; inrb-sitrep-018-2026-06-01; inrb-sitrep-019-2026-06-02; inrb-sitrep-020-2026-06-03; inrb-sitrep-021-2026-06-04; inrb-sitrep-022-2026-06-05; inrb-sitrep-023-2026-06-06; inrb-sitrep-024-2026-06-07; inrb-sitrep-025-2026-06-08; inrb-sitrep-026-2026-06-09; inrb-sitrep-027-2026-06-10; inrb-sitrep-028-2026-06-11; inrb-sitrep-030-2026-06-13; inrb-sitrep-031-2026-06-14; inrb-sitrep-032-2026-06-15; inrb-sitrep-033-2026-06-16; inrb-sitrep-034-2026-06-17; inrb-sitrep-035-2026-06-18; inrb-sitrep-036-2026-06-19; inrb-sitrep-037-2026-06-20; inrb-sitrep-038-2026-06-21; inrb-sitrep-039-2026-06-22; inrb-sitrep-040-2026-06-23; inrb-sitrep-041-2026-06-24; inrb-sitrep-042-2026-06-25; inrb-sitrep-044-2026-06-27; inrb-sitrep-046-2026-06-29; inrb-sitrep-047-2026-06-30; inrb-sitrep-048-2026-07-01; inrb-sitrep-049-2026-07-02; inrb-sitrep-050-2026-07-03; inrb-sitrep-051-2026-07-04; inrb-sitrep-052-2026-07-05; inrb-sitrep-053-2026-07-06; inrb-sitrep-054-2026-07-07; inrb-sitrep-055-2026-07-08; inrb-sitrep-056-2026-07-09; inrb-sitrep-057-2026-07-10; inrb-sitrep-058-2026-07-11; inrb-sitrep-059-2026-07-12; inrb-umie-ebola-drc-2026-build-2026-05-28-bb8b7d5; inrb-umie-ebola-drc-2026-build-2026-06-01-b4cafc9; uganda-moh-ebola-update-2026-06-06; uganda-moh-ebola-update-2026-06-20; uganda-moh-ebola-update-2026-06-21; who-daily-epi-bdbv-2026-06-08; who-dg-remarks-bdbv-2026-05-20; who-dg-remarks-bdbv-2026-05-22; who-don602-2026-05-15-live; who-don603-2026-05-21-live; who-don606-bdbv-2026-06-08; who-ihr-ec-bdbv-temporary-recommendations-2026-05-22; who-pheic-2026-05-17-live; wikipedia-2026-ituri-epidemic-2026-05-20-live,"Descriptive watch-point interval, not a forecast or response recommendation."
corridor:257:aru:arua-uga,aru,arua-uga,30,0.008602621233448765,0.023970244979716337,0.01730517429341419,0.04783926067196284,0.0053274251564638855,0.09364440387298131,zone-attributed confirmed count 3 for this source zone; visibility-adjustment factor 2.02× reflects under-reporting in source zone; raw risk likely understates true hazard,BDBV-CLAIM-050,derived_model_output_with_unsupported_exponent_attribution,pinned_snapshot_model_output,africa-cdc-phecs-2026-05-18-live; afro-sitrep-01-2026-05-18-live; afro-sitrep-01-pdf-2026-05-18-live; cdc-current-situation-2026-05-21; cdc-current-situation-2026-05-23; cdc-current-situation-2026-05-24; cdc-current-situation-2026-05-25; drc-moh-epidemie-dashboard-sitrep-009-graphql-2026-05-24; drc-moh-epidemie-dashboard-sitrep-mve-n-007-mvb-17-2026-pdf-2026-05-22; ecdc-bdbv-drc-uga-2026-05-19-live; ecdc-bdbv-drc-uga-2026-05-21-live; ecdc-bdbv-drc-uga-2026-05-25-live; ecdc-bdbv-drc-uga-2026-05-26-live; ecdc-bdbv-drc-uga-2026-05-27-live; inrb-sitrep-015-2026-05-29; inrb-sitrep-016-2026-05-30; inrb-sitrep-017-2026-05-31; inrb-sitrep-018-2026-06-01; inrb-sitrep-019-2026-06-02; inrb-sitrep-020-2026-06-03; inrb-sitrep-021-2026-06-04; inrb-sitrep-022-2026-06-05; inrb-sitrep-023-2026-06-06; inrb-sitrep-024-2026-06-07; inrb-sitrep-025-2026-06-08; inrb-sitrep-026-2026-06-09; inrb-sitrep-027-2026-06-10; inrb-sitrep-028-2026-06-11; inrb-sitrep-030-2026-06-13; inrb-sitrep-031-2026-06-14; inrb-sitrep-032-2026-06-15; inrb-sitrep-033-2026-06-16; inrb-sitrep-034-2026-06-17; inrb-sitrep-035-2026-06-18; inrb-sitrep-036-2026-06-19; inrb-sitrep-037-2026-06-20; inrb-sitrep-038-2026-06-21; inrb-sitrep-039-2026-06-22; inrb-sitrep-040-2026-06-23; inrb-sitrep-041-2026-06-24; inrb-sitrep-042-2026-06-25; inrb-sitrep-044-2026-06-27; inrb-sitrep-046-2026-06-29; inrb-sitrep-047-2026-06-30; inrb-sitrep-048-2026-07-01; inrb-sitrep-049-2026-07-02; inrb-sitrep-050-2026-07-03; inrb-sitrep-051-2026-07-04; inrb-sitrep-052-2026-07-05; inrb-sitrep-053-2026-07-06; inrb-sitrep-054-2026-07-07; inrb-sitrep-055-2026-07-08; inrb-sitrep-056-2026-07-09; inrb-sitrep-057-2026-07-10; inrb-sitrep-058-2026-07-11; inrb-sitrep-059-2026-07-12; inrb-umie-ebola-drc-2026-build-2026-05-28-bb8b7d5; inrb-umie-ebola-drc-2026-build-2026-06-01-b4cafc9; uganda-moh-ebola-update-2026-06-06; uganda-moh-ebola-update-2026-06-20; uganda-moh-ebola-update-2026-06-21; who-daily-epi-bdbv-2026-06-08; who-dg-remarks-bdbv-2026-05-20; who-dg-remarks-bdbv-2026-05-22; who-don602-2026-05-15-live; who-don603-2026-05-21-live; who-don606-bdbv-2026-06-08; who-ihr-ec-bdbv-temporary-recommendations-2026-05-22; who-pheic-2026-05-17-live; wikipedia-2026-ituri-epidemic-2026-05-20-live,"Descriptive watch-point interval, not a forecast or response recommendation."
corridor:258:oicha:nebbi-uga,oicha,nebbi-uga,30,0.008842433325145754,0.02380818372175922,0.017785398772605404,0.0475197988572128,0.003312709244334902,0.09792037690856434,zone-attributed confirmed count 3 for this source zone; visibility-adjustment factor 2.02× reflects under-reporting in source zone; raw risk likely understates true hazard,BDBV-CLAIM-050,derived_model_output_with_unsupported_exponent_attribution,pinned_snapshot_model_output,africa-cdc-phecs-2026-05-18-live; afro-sitrep-01-2026-05-18-live; afro-sitrep-01-pdf-2026-05-18-live; cdc-current-situation-2026-05-21; cdc-current-situation-2026-05-23; cdc-current-situation-2026-05-24; cdc-current-situation-2026-05-25; drc-moh-epidemie-dashboard-sitrep-009-graphql-2026-05-24; drc-moh-epidemie-dashboard-sitrep-mve-n-007-mvb-17-2026-pdf-2026-05-22; ecdc-bdbv-drc-uga-2026-05-19-live; ecdc-bdbv-drc-uga-2026-05-21-live; ecdc-bdbv-drc-uga-2026-05-25-live; ecdc-bdbv-drc-uga-2026-05-26-live; ecdc-bdbv-drc-uga-2026-05-27-live; inrb-sitrep-015-2026-05-29; inrb-sitrep-016-2026-05-30; inrb-sitrep-017-2026-05-31; inrb-sitrep-018-2026-06-01; inrb-sitrep-019-2026-06-02; inrb-sitrep-020-2026-06-03; inrb-sitrep-021-2026-06-04; inrb-sitrep-022-2026-06-05; inrb-sitrep-023-2026-06-06; inrb-sitrep-024-2026-06-07; inrb-sitrep-025-2026-06-08; inrb-sitrep-026-2026-06-09; inrb-sitrep-027-2026-06-10; inrb-sitrep-028-2026-06-11; inrb-sitrep-030-2026-06-13; inrb-sitrep-031-2026-06-14; inrb-sitrep-032-2026-06-15; inrb-sitrep-033-2026-06-16; inrb-sitrep-034-2026-06-17; inrb-sitrep-035-2026-06-18; inrb-sitrep-036-2026-06-19; inrb-sitrep-037-2026-06-20; inrb-sitrep-038-2026-06-21; inrb-sitrep-039-2026-06-22; inrb-sitrep-040-2026-06-23; inrb-sitrep-041-2026-06-24; inrb-sitrep-042-2026-06-25; inrb-sitrep-044-2026-06-27; inrb-sitrep-046-2026-06-29; inrb-sitrep-047-2026-06-30; inrb-sitrep-048-2026-07-01; inrb-sitrep-049-2026-07-02; inrb-sitrep-050-2026-07-03; inrb-sitrep-051-2026-07-04; inrb-sitrep-052-2026-07-05; inrb-sitrep-053-2026-07-06; inrb-sitrep-054-2026-07-07; inrb-sitrep-055-2026-07-08; inrb-sitrep-056-2026-07-09; inrb-sitrep-057-2026-07-10; inrb-sitrep-058-2026-07-11; inrb-sitrep-059-2026-07-12; inrb-umie-ebola-drc-2026-build-2026-05-28-bb8b7d5; inrb-umie-ebola-drc-2026-build-2026-06-01-b4cafc9; uganda-moh-ebola-update-2026-06-06; uganda-moh-ebola-update-2026-06-20; uganda-moh-ebola-update-2026-06-21; who-daily-epi-bdbv-2026-06-08; who-dg-remarks-bdbv-2026-05-20; who-dg-remarks-bdbv-2026-05-22; who-don602-2026-05-15-live; who-don603-2026-05-21-live; who-don606-bdbv-2026-06-08; who-ihr-ec-bdbv-temporary-recommendations-2026-05-22; who-pheic-2026-05-17-live; wikipedia-2026-ituri-epidemic-2026-05-20-live,"Descriptive watch-point interval, not a forecast or response recommendation."
corridor:259:miti-murhesa:goma-cod,miti-murhesa,goma-cod,30,0.00836634757274693,0.023762163548510074,0.016831920218598584,0.047429045809023934,0.004361932026661891,0.10246543434368204,zone-attributed confirmed count 3 for this source zone; visibility-adjustment factor 2.02× reflects under-reporting in source zone; raw risk likely understates true hazard,BDBV-CLAIM-050,derived_model_output_with_unsupported_exponent_attribution,pinned_snapshot_model_output,africa-cdc-phecs-2026-05-18-live; afro-sitrep-01-2026-05-18-live; afro-sitrep-01-pdf-2026-05-18-live; cdc-current-situation-2026-05-21; cdc-current-situation-2026-05-23; cdc-current-situation-2026-05-24; cdc-current-situation-2026-05-25; drc-moh-epidemie-dashboard-sitrep-009-graphql-2026-05-24; drc-moh-epidemie-dashboard-sitrep-mve-n-007-mvb-17-2026-pdf-2026-05-22; ecdc-bdbv-drc-uga-2026-05-19-live; ecdc-bdbv-drc-uga-2026-05-21-live; ecdc-bdbv-drc-uga-2026-05-25-live; ecdc-bdbv-drc-uga-2026-05-26-live; ecdc-bdbv-drc-uga-2026-05-27-live; inrb-sitrep-015-2026-05-29; inrb-sitrep-016-2026-05-30; inrb-sitrep-017-2026-05-31; inrb-sitrep-018-2026-06-01; inrb-sitrep-019-2026-06-02; inrb-sitrep-020-2026-06-03; inrb-sitrep-021-2026-06-04; inrb-sitrep-022-2026-06-05; inrb-sitrep-023-2026-06-06; inrb-sitrep-024-2026-06-07; inrb-sitrep-025-2026-06-08; inrb-sitrep-026-2026-06-09; inrb-sitrep-027-2026-06-10; inrb-sitrep-028-2026-06-11; inrb-sitrep-030-2026-06-13; inrb-sitrep-031-2026-06-14; inrb-sitrep-032-2026-06-15; inrb-sitrep-033-2026-06-16; inrb-sitrep-034-2026-06-17; inrb-sitrep-035-2026-06-18; inrb-sitrep-036-2026-06-19; inrb-sitrep-037-2026-06-20; inrb-sitrep-038-2026-06-21; inrb-sitrep-039-2026-06-22; inrb-sitrep-040-2026-06-23; inrb-sitrep-041-2026-06-24; inrb-sitrep-042-2026-06-25; inrb-sitrep-044-2026-06-27; inrb-sitrep-046-2026-06-29; inrb-sitrep-047-2026-06-30; inrb-sitrep-048-2026-07-01; inrb-sitrep-049-2026-07-02; inrb-sitrep-050-2026-07-03; inrb-sitrep-051-2026-07-04; inrb-sitrep-052-2026-07-05; inrb-sitrep-053-2026-07-06; inrb-sitrep-054-2026-07-07; inrb-sitrep-055-2026-07-08; inrb-sitrep-056-2026-07-09; inrb-sitrep-057-2026-07-10; inrb-sitrep-058-2026-07-11; inrb-sitrep-059-2026-07-12; inrb-umie-ebola-drc-2026-build-2026-05-28-bb8b7d5; inrb-umie-ebola-drc-2026-build-2026-06-01-b4cafc9; uganda-moh-ebola-update-2026-06-06; uganda-moh-ebola-update-2026-06-20; uganda-moh-ebola-update-2026-06-21; who-daily-epi-bdbv-2026-06-08; who-dg-remarks-bdbv-2026-05-20; who-dg-remarks-bdbv-2026-05-22; who-don602-2026-05-15-live; who-don603-2026-05-21-live; who-don606-bdbv-2026-06-08; who-ihr-ec-bdbv-temporary-recommendations-2026-05-22; who-pheic-2026-05-17-live; wikipedia-2026-ituri-epidemic-2026-05-20-live,"Descriptive watch-point interval, not a forecast or response recommendation."
corridor:260:aru:kasese-uga,aru,kasese-uga,30,0.009470019884613656,0.02375045356891234,0.01904158063594724,0.04740598839800972,0.005346446992728127,0.10515030124530032,zone-attributed confirmed count 3 for this source zone; visibility-adjustment factor 2.02× reflects under-reporting in source zone; raw risk likely understates true hazard,BDBV-CLAIM-050,derived_model_output_with_unsupported_exponent_attribution,pinned_snapshot_model_output,africa-cdc-phecs-2026-05-18-live; afro-sitrep-01-2026-05-18-live; afro-sitrep-01-pdf-2026-05-18-live; cdc-current-situation-2026-05-21; cdc-current-situation-2026-05-23; cdc-current-situation-2026-05-24; cdc-current-situation-2026-05-25; drc-moh-epidemie-dashboard-sitrep-009-graphql-2026-05-24; drc-moh-epidemie-dashboard-sitrep-mve-n-007-mvb-17-2026-pdf-2026-05-22; ecdc-bdbv-drc-uga-2026-05-19-live; ecdc-bdbv-drc-uga-2026-05-21-live; ecdc-bdbv-drc-uga-2026-05-25-live; ecdc-bdbv-drc-uga-2026-05-26-live; ecdc-bdbv-drc-uga-2026-05-27-live; inrb-sitrep-015-2026-05-29; inrb-sitrep-016-2026-05-30; inrb-sitrep-017-2026-05-31; inrb-sitrep-018-2026-06-01; inrb-sitrep-019-2026-06-02; inrb-sitrep-020-2026-06-03; inrb-sitrep-021-2026-06-04; inrb-sitrep-022-2026-06-05; inrb-sitrep-023-2026-06-06; inrb-sitrep-024-2026-06-07; inrb-sitrep-025-2026-06-08; inrb-sitrep-026-2026-06-09; inrb-sitrep-027-2026-06-10; inrb-sitrep-028-2026-06-11; inrb-sitrep-030-2026-06-13; inrb-sitrep-031-2026-06-14; inrb-sitrep-032-2026-06-15; inrb-sitrep-033-2026-06-16; inrb-sitrep-034-2026-06-17; inrb-sitrep-035-2026-06-18; inrb-sitrep-036-2026-06-19; inrb-sitrep-037-2026-06-20; inrb-sitrep-038-2026-06-21; inrb-sitrep-039-2026-06-22; inrb-sitrep-040-2026-06-23; inrb-sitrep-041-2026-06-24; inrb-sitrep-042-2026-06-25; inrb-sitrep-044-2026-06-27; inrb-sitrep-046-2026-06-29; inrb-sitrep-047-2026-06-30; inrb-sitrep-048-2026-07-01; inrb-sitrep-049-2026-07-02; inrb-sitrep-050-2026-07-03; inrb-sitrep-051-2026-07-04; inrb-sitrep-052-2026-07-05; inrb-sitrep-053-2026-07-06; inrb-sitrep-054-2026-07-07; inrb-sitrep-055-2026-07-08; inrb-sitrep-056-2026-07-09; inrb-sitrep-057-2026-07-10; inrb-sitrep-058-2026-07-11; inrb-sitrep-059-2026-07-12; inrb-umie-ebola-drc-2026-build-2026-05-28-bb8b7d5; inrb-umie-ebola-drc-2026-build-2026-06-01-b4cafc9; uganda-moh-ebola-update-2026-06-06; uganda-moh-ebola-update-2026-06-20; uganda-moh-ebola-update-2026-06-21; who-daily-epi-bdbv-2026-06-08; who-dg-remarks-bdbv-2026-05-20; who-dg-remarks-bdbv-2026-05-22; who-don602-2026-05-15-live; who-don603-2026-05-21-live; who-don606-bdbv-2026-06-08; who-ihr-ec-bdbv-temporary-recommendations-2026-05-22; who-pheic-2026-05-17-live; wikipedia-2026-ituri-epidemic-2026-05-20-live,"Descriptive watch-point interval, not a forecast or response recommendation."
corridor:261:oicha:kampala-uga,oicha,kampala-uga,30,0.008513451126216404,0.023739225736074787,0.01712658066498049,0.04738385132931444,0.004953861839836449,0.0958989484123463,zone-attributed confirmed count 3 for this source zone; visibility-adjustment factor 2.02× reflects under-reporting in source zone; raw risk likely understates true hazard,BDBV-CLAIM-050,derived_model_output_with_unsupported_exponent_attribution,pinned_snapshot_model_output,africa-cdc-phecs-2026-05-18-live; afro-sitrep-01-2026-05-18-live; afro-sitrep-01-pdf-2026-05-18-live; cdc-current-situation-2026-05-21; cdc-current-situation-2026-05-23; cdc-current-situation-2026-05-24; cdc-current-situation-2026-05-25; drc-moh-epidemie-dashboard-sitrep-009-graphql-2026-05-24; drc-moh-epidemie-dashboard-sitrep-mve-n-007-mvb-17-2026-pdf-2026-05-22; ecdc-bdbv-drc-uga-2026-05-19-live; ecdc-bdbv-drc-uga-2026-05-21-live; ecdc-bdbv-drc-uga-2026-05-25-live; ecdc-bdbv-drc-uga-2026-05-26-live; ecdc-bdbv-drc-uga-2026-05-27-live; inrb-sitrep-015-2026-05-29; inrb-sitrep-016-2026-05-30; inrb-sitrep-017-2026-05-31; inrb-sitrep-018-2026-06-01; inrb-sitrep-019-2026-06-02; inrb-sitrep-020-2026-06-03; inrb-sitrep-021-2026-06-04; inrb-sitrep-022-2026-06-05; inrb-sitrep-023-2026-06-06; inrb-sitrep-024-2026-06-07; inrb-sitrep-025-2026-06-08; inrb-sitrep-026-2026-06-09; inrb-sitrep-027-2026-06-10; inrb-sitrep-028-2026-06-11; inrb-sitrep-030-2026-06-13; inrb-sitrep-031-2026-06-14; inrb-sitrep-032-2026-06-15; inrb-sitrep-033-2026-06-16; inrb-sitrep-034-2026-06-17; inrb-sitrep-035-2026-06-18; inrb-sitrep-036-2026-06-19; inrb-sitrep-037-2026-06-20; inrb-sitrep-038-2026-06-21; inrb-sitrep-039-2026-06-22; inrb-sitrep-040-2026-06-23; inrb-sitrep-041-2026-06-24; inrb-sitrep-042-2026-06-25; inrb-sitrep-044-2026-06-27; inrb-sitrep-046-2026-06-29; inrb-sitrep-047-2026-06-30; inrb-sitrep-048-2026-07-01; inrb-sitrep-049-2026-07-02; inrb-sitrep-050-2026-07-03; inrb-sitrep-051-2026-07-04; inrb-sitrep-052-2026-07-05; inrb-sitrep-053-2026-07-06; inrb-sitrep-054-2026-07-07; inrb-sitrep-055-2026-07-08; inrb-sitrep-056-2026-07-09; inrb-sitrep-057-2026-07-10; inrb-sitrep-058-2026-07-11; inrb-sitrep-059-2026-07-12; inrb-umie-ebola-drc-2026-build-2026-05-28-bb8b7d5; inrb-umie-ebola-drc-2026-build-2026-06-01-b4cafc9; uganda-moh-ebola-update-2026-06-06; uganda-moh-ebola-update-2026-06-20; uganda-moh-ebola-update-2026-06-21; who-daily-epi-bdbv-2026-06-08; who-dg-remarks-bdbv-2026-05-20; who-dg-remarks-bdbv-2026-05-22; who-don602-2026-05-15-live; who-don603-2026-05-21-live; who-don606-bdbv-2026-06-08; who-ihr-ec-bdbv-temporary-recommendations-2026-05-22; who-pheic-2026-05-17-live; wikipedia-2026-ituri-epidemic-2026-05-20-live,"Descriptive watch-point interval, not a forecast or response recommendation."
corridor:262:masereka:kasese-uga,masereka,kasese-uga,30,0.008352295366076484,0.023707637089438127,0.016803766367907313,0.04732155911757979,0.004037951581258523,0.08545757750324469,zone-attributed confirmed count 3 for this source zone; visibility-adjustment factor 2.02× reflects under-reporting in source zone; raw risk likely understates true hazard,BDBV-CLAIM-050,derived_model_output_with_unsupported_exponent_attribution,pinned_snapshot_model_output,africa-cdc-phecs-2026-05-18-live; afro-sitrep-01-2026-05-18-live; afro-sitrep-01-pdf-2026-05-18-live; cdc-current-situation-2026-05-21; cdc-current-situation-2026-05-23; cdc-current-situation-2026-05-24; cdc-current-situation-2026-05-25; drc-moh-epidemie-dashboard-sitrep-009-graphql-2026-05-24; drc-moh-epidemie-dashboard-sitrep-mve-n-007-mvb-17-2026-pdf-2026-05-22; ecdc-bdbv-drc-uga-2026-05-19-live; ecdc-bdbv-drc-uga-2026-05-21-live; ecdc-bdbv-drc-uga-2026-05-25-live; ecdc-bdbv-drc-uga-2026-05-26-live; ecdc-bdbv-drc-uga-2026-05-27-live; inrb-sitrep-015-2026-05-29; inrb-sitrep-016-2026-05-30; inrb-sitrep-017-2026-05-31; inrb-sitrep-018-2026-06-01; inrb-sitrep-019-2026-06-02; inrb-sitrep-020-2026-06-03; inrb-sitrep-021-2026-06-04; inrb-sitrep-022-2026-06-05; inrb-sitrep-023-2026-06-06; inrb-sitrep-024-2026-06-07; inrb-sitrep-025-2026-06-08; inrb-sitrep-026-2026-06-09; inrb-sitrep-027-2026-06-10; inrb-sitrep-028-2026-06-11; inrb-sitrep-030-2026-06-13; inrb-sitrep-031-2026-06-14; inrb-sitrep-032-2026-06-15; inrb-sitrep-033-2026-06-16; inrb-sitrep-034-2026-06-17; inrb-sitrep-035-2026-06-18; inrb-sitrep-036-2026-06-19; inrb-sitrep-037-2026-06-20; inrb-sitrep-038-2026-06-21; inrb-sitrep-039-2026-06-22; inrb-sitrep-040-2026-06-23; inrb-sitrep-041-2026-06-24; inrb-sitrep-042-2026-06-25; inrb-sitrep-044-2026-06-27; inrb-sitrep-046-2026-06-29; inrb-sitrep-047-2026-06-30; inrb-sitrep-048-2026-07-01; inrb-sitrep-049-2026-07-02; inrb-sitrep-050-2026-07-03; inrb-sitrep-051-2026-07-04; inrb-sitrep-052-2026-07-05; inrb-sitrep-053-2026-07-06; inrb-sitrep-054-2026-07-07; inrb-sitrep-055-2026-07-08; inrb-sitrep-056-2026-07-09; inrb-sitrep-057-2026-07-10; inrb-sitrep-058-2026-07-11; inrb-sitrep-059-2026-07-12; inrb-umie-ebola-drc-2026-build-2026-05-28-bb8b7d5; inrb-umie-ebola-drc-2026-build-2026-06-01-b4cafc9; uganda-moh-ebola-update-2026-06-06; uganda-moh-ebola-update-2026-06-20; uganda-moh-ebola-update-2026-06-21; who-daily-epi-bdbv-2026-06-08; who-dg-remarks-bdbv-2026-05-20; who-dg-remarks-bdbv-2026-05-22; who-don602-2026-05-15-live; who-don603-2026-05-21-live; who-don606-bdbv-2026-06-08; who-ihr-ec-bdbv-temporary-recommendations-2026-05-22; who-pheic-2026-05-17-live; wikipedia-2026-ituri-epidemic-2026-05-20-live,"Descriptive watch-point interval, not a forecast or response recommendation."
corridor:263:miti-murhesa:nebbi-uga,miti-murhesa,nebbi-uga,30,0.008550467608749002,0.02358406157599846,0.017200721290660914,0.04707791254534191,0.004949088083419881,0.09184111217667681,zone-attributed confirmed count 3 for this source zone; visibility-adjustment factor 2.02× reflects under-reporting in source zone; raw risk likely understates true hazard,BDBV-CLAIM-050,derived_model_output_with_unsupported_exponent_attribution,pinned_snapshot_model_output,africa-cdc-phecs-2026-05-18-live; afro-sitrep-01-2026-05-18-live; afro-sitrep-01-pdf-2026-05-18-live; cdc-current-situation-2026-05-21; cdc-current-situation-2026-05-23; cdc-current-situation-2026-05-24; cdc-current-situation-2026-05-25; drc-moh-epidemie-dashboard-sitrep-009-graphql-2026-05-24; drc-moh-epidemie-dashboard-sitrep-mve-n-007-mvb-17-2026-pdf-2026-05-22; ecdc-bdbv-drc-uga-2026-05-19-live; ecdc-bdbv-drc-uga-2026-05-21-live; ecdc-bdbv-drc-uga-2026-05-25-live; ecdc-bdbv-drc-uga-2026-05-26-live; ecdc-bdbv-drc-uga-2026-05-27-live; inrb-sitrep-015-2026-05-29; inrb-sitrep-016-2026-05-30; inrb-sitrep-017-2026-05-31; inrb-sitrep-018-2026-06-01; inrb-sitrep-019-2026-06-02; inrb-sitrep-020-2026-06-03; inrb-sitrep-021-2026-06-04; inrb-sitrep-022-2026-06-05; inrb-sitrep-023-2026-06-06; inrb-sitrep-024-2026-06-07; inrb-sitrep-025-2026-06-08; inrb-sitrep-026-2026-06-09; inrb-sitrep-027-2026-06-10; inrb-sitrep-028-2026-06-11; inrb-sitrep-030-2026-06-13; inrb-sitrep-031-2026-06-14; inrb-sitrep-032-2026-06-15; inrb-sitrep-033-2026-06-16; inrb-sitrep-034-2026-06-17; inrb-sitrep-035-2026-06-18; inrb-sitrep-036-2026-06-19; inrb-sitrep-037-2026-06-20; inrb-sitrep-038-2026-06-21; inrb-sitrep-039-2026-06-22; inrb-sitrep-040-2026-06-23; inrb-sitrep-041-2026-06-24; inrb-sitrep-042-2026-06-25; inrb-sitrep-044-2026-06-27; inrb-sitrep-046-2026-06-29; inrb-sitrep-047-2026-06-30; inrb-sitrep-048-2026-07-01; inrb-sitrep-049-2026-07-02; inrb-sitrep-050-2026-07-03; inrb-sitrep-051-2026-07-04; inrb-sitrep-052-2026-07-05; inrb-sitrep-053-2026-07-06; inrb-sitrep-054-2026-07-07; inrb-sitrep-055-2026-07-08; inrb-sitrep-056-2026-07-09; inrb-sitrep-057-2026-07-10; inrb-sitrep-058-2026-07-11; inrb-sitrep-059-2026-07-12; inrb-umie-ebola-drc-2026-build-2026-05-28-bb8b7d5; inrb-umie-ebola-drc-2026-build-2026-06-01-b4cafc9; uganda-moh-ebola-update-2026-06-06; uganda-moh-ebola-update-2026-06-20; uganda-moh-ebola-update-2026-06-21; who-daily-epi-bdbv-2026-06-08; who-dg-remarks-bdbv-2026-05-20; who-dg-remarks-bdbv-2026-05-22; who-don602-2026-05-15-live; who-don603-2026-05-21-live; who-don606-bdbv-2026-06-08; who-ihr-ec-bdbv-temporary-recommendations-2026-05-22; who-pheic-2026-05-17-live; wikipedia-2026-ituri-epidemic-2026-05-20-live,"Descriptive watch-point interval, not a forecast or response recommendation."
corridor:264:miti-murhesa:bundibugyo-uga,miti-murhesa,bundibugyo-uga,30,0.00860900553355895,0.0234913189689947,0.017317960522364423,0.04689502780721058,0.004325814716002497,0.0949079902905729,zone-attributed confirmed count 3 for this source zone; visibility-adjustment factor 2.02× reflects under-reporting in source zone; raw risk likely understates true hazard,BDBV-CLAIM-050,derived_model_output_with_unsupported_exponent_attribution,pinned_snapshot_model_output,africa-cdc-phecs-2026-05-18-live; afro-sitrep-01-2026-05-18-live; afro-sitrep-01-pdf-2026-05-18-live; cdc-current-situation-2026-05-21; cdc-current-situation-2026-05-23; cdc-current-situation-2026-05-24; cdc-current-situation-2026-05-25; drc-moh-epidemie-dashboard-sitrep-009-graphql-2026-05-24; drc-moh-epidemie-dashboard-sitrep-mve-n-007-mvb-17-2026-pdf-2026-05-22; ecdc-bdbv-drc-uga-2026-05-19-live; ecdc-bdbv-drc-uga-2026-05-21-live; ecdc-bdbv-drc-uga-2026-05-25-live; ecdc-bdbv-drc-uga-2026-05-26-live; ecdc-bdbv-drc-uga-2026-05-27-live; inrb-sitrep-015-2026-05-29; inrb-sitrep-016-2026-05-30; inrb-sitrep-017-2026-05-31; inrb-sitrep-018-2026-06-01; inrb-sitrep-019-2026-06-02; inrb-sitrep-020-2026-06-03; inrb-sitrep-021-2026-06-04; inrb-sitrep-022-2026-06-05; inrb-sitrep-023-2026-06-06; inrb-sitrep-024-2026-06-07; inrb-sitrep-025-2026-06-08; inrb-sitrep-026-2026-06-09; inrb-sitrep-027-2026-06-10; inrb-sitrep-028-2026-06-11; inrb-sitrep-030-2026-06-13; inrb-sitrep-031-2026-06-14; inrb-sitrep-032-2026-06-15; inrb-sitrep-033-2026-06-16; inrb-sitrep-034-2026-06-17; inrb-sitrep-035-2026-06-18; inrb-sitrep-036-2026-06-19; inrb-sitrep-037-2026-06-20; inrb-sitrep-038-2026-06-21; inrb-sitrep-039-2026-06-22; inrb-sitrep-040-2026-06-23; inrb-sitrep-041-2026-06-24; inrb-sitrep-042-2026-06-25; inrb-sitrep-044-2026-06-27; inrb-sitrep-046-2026-06-29; inrb-sitrep-047-2026-06-30; inrb-sitrep-048-2026-07-01; inrb-sitrep-049-2026-07-02; inrb-sitrep-050-2026-07-03; inrb-sitrep-051-2026-07-04; inrb-sitrep-052-2026-07-05; inrb-sitrep-053-2026-07-06; inrb-sitrep-054-2026-07-07; inrb-sitrep-055-2026-07-08; inrb-sitrep-056-2026-07-09; inrb-sitrep-057-2026-07-10; inrb-sitrep-058-2026-07-11; inrb-sitrep-059-2026-07-12; inrb-umie-ebola-drc-2026-build-2026-05-28-bb8b7d5; inrb-umie-ebola-drc-2026-build-2026-06-01-b4cafc9; uganda-moh-ebola-update-2026-06-06; uganda-moh-ebola-update-2026-06-20; uganda-moh-ebola-update-2026-06-21; who-daily-epi-bdbv-2026-06-08; who-dg-remarks-bdbv-2026-05-20; who-dg-remarks-bdbv-2026-05-22; who-don602-2026-05-15-live; who-don603-2026-05-21-live; who-don606-bdbv-2026-06-08; who-ihr-ec-bdbv-temporary-recommendations-2026-05-22; who-pheic-2026-05-17-live; wikipedia-2026-ituri-epidemic-2026-05-20-live,"Descriptive watch-point interval, not a forecast or response recommendation."
corridor:265:miti-murhesa:kampala-uga,miti-murhesa,kampala-uga,30,0.008346135689264483,0.02344371489186306,0.016791430696669413,0.046801148097269124,0.004223881630710216,0.09917669583928385,zone-attributed confirmed count 3 for this source zone; visibility-adjustment factor 2.02× reflects under-reporting in source zone; raw risk likely understates true hazard,BDBV-CLAIM-050,derived_model_output_with_unsupported_exponent_attribution,pinned_snapshot_model_output,africa-cdc-phecs-2026-05-18-live; afro-sitrep-01-2026-05-18-live; afro-sitrep-01-pdf-2026-05-18-live; cdc-current-situation-2026-05-21; cdc-current-situation-2026-05-23; cdc-current-situation-2026-05-24; cdc-current-situation-2026-05-25; drc-moh-epidemie-dashboard-sitrep-009-graphql-2026-05-24; drc-moh-epidemie-dashboard-sitrep-mve-n-007-mvb-17-2026-pdf-2026-05-22; ecdc-bdbv-drc-uga-2026-05-19-live; ecdc-bdbv-drc-uga-2026-05-21-live; ecdc-bdbv-drc-uga-2026-05-25-live; ecdc-bdbv-drc-uga-2026-05-26-live; ecdc-bdbv-drc-uga-2026-05-27-live; inrb-sitrep-015-2026-05-29; inrb-sitrep-016-2026-05-30; inrb-sitrep-017-2026-05-31; inrb-sitrep-018-2026-06-01; inrb-sitrep-019-2026-06-02; inrb-sitrep-020-2026-06-03; inrb-sitrep-021-2026-06-04; inrb-sitrep-022-2026-06-05; inrb-sitrep-023-2026-06-06; inrb-sitrep-024-2026-06-07; inrb-sitrep-025-2026-06-08; inrb-sitrep-026-2026-06-09; inrb-sitrep-027-2026-06-10; inrb-sitrep-028-2026-06-11; inrb-sitrep-030-2026-06-13; inrb-sitrep-031-2026-06-14; inrb-sitrep-032-2026-06-15; inrb-sitrep-033-2026-06-16; inrb-sitrep-034-2026-06-17; inrb-sitrep-035-2026-06-18; inrb-sitrep-036-2026-06-19; inrb-sitrep-037-2026-06-20; inrb-sitrep-038-2026-06-21; inrb-sitrep-039-2026-06-22; inrb-sitrep-040-2026-06-23; inrb-sitrep-041-2026-06-24; inrb-sitrep-042-2026-06-25; inrb-sitrep-044-2026-06-27; inrb-sitrep-046-2026-06-29; inrb-sitrep-047-2026-06-30; inrb-sitrep-048-2026-07-01; inrb-sitrep-049-2026-07-02; inrb-sitrep-050-2026-07-03; inrb-sitrep-051-2026-07-04; inrb-sitrep-052-2026-07-05; inrb-sitrep-053-2026-07-06; inrb-sitrep-054-2026-07-07; inrb-sitrep-055-2026-07-08; inrb-sitrep-056-2026-07-09; inrb-sitrep-057-2026-07-10; inrb-sitrep-058-2026-07-11; inrb-sitrep-059-2026-07-12; inrb-umie-ebola-drc-2026-build-2026-05-28-bb8b7d5; inrb-umie-ebola-drc-2026-build-2026-06-01-b4cafc9; uganda-moh-ebola-update-2026-06-06; uganda-moh-ebola-update-2026-06-20; uganda-moh-ebola-update-2026-06-21; who-daily-epi-bdbv-2026-06-08; who-dg-remarks-bdbv-2026-05-20; who-dg-remarks-bdbv-2026-05-22; who-don602-2026-05-15-live; who-don603-2026-05-21-live; who-don606-bdbv-2026-06-08; who-ihr-ec-bdbv-temporary-recommendations-2026-05-22; who-pheic-2026-05-17-live; wikipedia-2026-ituri-epidemic-2026-05-20-live,"Descriptive watch-point interval, not a forecast or response recommendation."
corridor:266:aru:nebbi-uga,aru,nebbi-uga,30,0.007507758453728475,0.023338699418412573,0.015111196837358981,0.04659400004357678,0.00461849152213997,0.09010660960220108,zone-attributed confirmed count 3 for this source zone; visibility-adjustment factor 2.02× reflects under-reporting in source zone; raw risk likely understates true hazard,BDBV-CLAIM-050,derived_model_output_with_unsupported_exponent_attribution,pinned_snapshot_model_output,africa-cdc-phecs-2026-05-18-live; afro-sitrep-01-2026-05-18-live; afro-sitrep-01-pdf-2026-05-18-live; cdc-current-situation-2026-05-21; cdc-current-situation-2026-05-23; cdc-current-situation-2026-05-24; cdc-current-situation-2026-05-25; drc-moh-epidemie-dashboard-sitrep-009-graphql-2026-05-24; drc-moh-epidemie-dashboard-sitrep-mve-n-007-mvb-17-2026-pdf-2026-05-22; ecdc-bdbv-drc-uga-2026-05-19-live; ecdc-bdbv-drc-uga-2026-05-21-live; ecdc-bdbv-drc-uga-2026-05-25-live; ecdc-bdbv-drc-uga-2026-05-26-live; ecdc-bdbv-drc-uga-2026-05-27-live; inrb-sitrep-015-2026-05-29; inrb-sitrep-016-2026-05-30; inrb-sitrep-017-2026-05-31; inrb-sitrep-018-2026-06-01; inrb-sitrep-019-2026-06-02; inrb-sitrep-020-2026-06-03; inrb-sitrep-021-2026-06-04; inrb-sitrep-022-2026-06-05; inrb-sitrep-023-2026-06-06; inrb-sitrep-024-2026-06-07; inrb-sitrep-025-2026-06-08; inrb-sitrep-026-2026-06-09; inrb-sitrep-027-2026-06-10; inrb-sitrep-028-2026-06-11; inrb-sitrep-030-2026-06-13; inrb-sitrep-031-2026-06-14; inrb-sitrep-032-2026-06-15; inrb-sitrep-033-2026-06-16; inrb-sitrep-034-2026-06-17; inrb-sitrep-035-2026-06-18; inrb-sitrep-036-2026-06-19; inrb-sitrep-037-2026-06-20; inrb-sitrep-038-2026-06-21; inrb-sitrep-039-2026-06-22; inrb-sitrep-040-2026-06-23; inrb-sitrep-041-2026-06-24; inrb-sitrep-042-2026-06-25; inrb-sitrep-044-2026-06-27; inrb-sitrep-046-2026-06-29; inrb-sitrep-047-2026-06-30; inrb-sitrep-048-2026-07-01; inrb-sitrep-049-2026-07-02; inrb-sitrep-050-2026-07-03; inrb-sitrep-051-2026-07-04; inrb-sitrep-052-2026-07-05; inrb-sitrep-053-2026-07-06; inrb-sitrep-054-2026-07-07; inrb-sitrep-055-2026-07-08; inrb-sitrep-056-2026-07-09; inrb-sitrep-057-2026-07-10; inrb-sitrep-058-2026-07-11; inrb-sitrep-059-2026-07-12; inrb-umie-ebola-drc-2026-build-2026-05-28-bb8b7d5; inrb-umie-ebola-drc-2026-build-2026-06-01-b4cafc9; uganda-moh-ebola-update-2026-06-06; uganda-moh-ebola-update-2026-06-20; uganda-moh-ebola-update-2026-06-21; who-daily-epi-bdbv-2026-06-08; who-dg-remarks-bdbv-2026-05-20; who-dg-remarks-bdbv-2026-05-22; who-don602-2026-05-15-live; who-don603-2026-05-21-live; who-don606-bdbv-2026-06-08; who-ihr-ec-bdbv-temporary-recommendations-2026-05-22; who-pheic-2026-05-17-live; wikipedia-2026-ituri-epidemic-2026-05-20-live,"Descriptive watch-point interval, not a forecast or response recommendation."
corridor:267:oicha:beni-cod,oicha,beni-cod,30,0.009093199804000002,0.023297175378886176,0.01828742696130775,0.04651212496790261,0.005019746111943136,0.09073737814644332,zone-attributed confirmed count 3 for this source zone; visibility-adjustment factor 2.02× reflects under-reporting in source zone; raw risk likely understates true hazard,BDBV-CLAIM-050,derived_model_output_with_unsupported_exponent_attribution,pinned_snapshot_model_output,africa-cdc-phecs-2026-05-18-live; afro-sitrep-01-2026-05-18-live; afro-sitrep-01-pdf-2026-05-18-live; cdc-current-situation-2026-05-21; cdc-current-situation-2026-05-23; cdc-current-situation-2026-05-24; cdc-current-situation-2026-05-25; drc-moh-epidemie-dashboard-sitrep-009-graphql-2026-05-24; drc-moh-epidemie-dashboard-sitrep-mve-n-007-mvb-17-2026-pdf-2026-05-22; ecdc-bdbv-drc-uga-2026-05-19-live; ecdc-bdbv-drc-uga-2026-05-21-live; ecdc-bdbv-drc-uga-2026-05-25-live; ecdc-bdbv-drc-uga-2026-05-26-live; ecdc-bdbv-drc-uga-2026-05-27-live; inrb-sitrep-015-2026-05-29; inrb-sitrep-016-2026-05-30; inrb-sitrep-017-2026-05-31; inrb-sitrep-018-2026-06-01; inrb-sitrep-019-2026-06-02; inrb-sitrep-020-2026-06-03; inrb-sitrep-021-2026-06-04; inrb-sitrep-022-2026-06-05; inrb-sitrep-023-2026-06-06; inrb-sitrep-024-2026-06-07; inrb-sitrep-025-2026-06-08; inrb-sitrep-026-2026-06-09; inrb-sitrep-027-2026-06-10; inrb-sitrep-028-2026-06-11; inrb-sitrep-030-2026-06-13; inrb-sitrep-031-2026-06-14; inrb-sitrep-032-2026-06-15; inrb-sitrep-033-2026-06-16; inrb-sitrep-034-2026-06-17; inrb-sitrep-035-2026-06-18; inrb-sitrep-036-2026-06-19; inrb-sitrep-037-2026-06-20; inrb-sitrep-038-2026-06-21; inrb-sitrep-039-2026-06-22; inrb-sitrep-040-2026-06-23; inrb-sitrep-041-2026-06-24; inrb-sitrep-042-2026-06-25; inrb-sitrep-044-2026-06-27; inrb-sitrep-046-2026-06-29; inrb-sitrep-047-2026-06-30; inrb-sitrep-048-2026-07-01; inrb-sitrep-049-2026-07-02; inrb-sitrep-050-2026-07-03; inrb-sitrep-051-2026-07-04; inrb-sitrep-052-2026-07-05; inrb-sitrep-053-2026-07-06; inrb-sitrep-054-2026-07-07; inrb-sitrep-055-2026-07-08; inrb-sitrep-056-2026-07-09; inrb-sitrep-057-2026-07-10; inrb-sitrep-058-2026-07-11; inrb-sitrep-059-2026-07-12; inrb-umie-ebola-drc-2026-build-2026-05-28-bb8b7d5; inrb-umie-ebola-drc-2026-build-2026-06-01-b4cafc9; uganda-moh-ebola-update-2026-06-06; uganda-moh-ebola-update-2026-06-20; uganda-moh-ebola-update-2026-06-21; who-daily-epi-bdbv-2026-06-08; who-dg-remarks-bdbv-2026-05-20; who-dg-remarks-bdbv-2026-05-22; who-don602-2026-05-15-live; who-don603-2026-05-21-live; who-don606-bdbv-2026-06-08; who-ihr-ec-bdbv-temporary-recommendations-2026-05-22; who-pheic-2026-05-17-live; wikipedia-2026-ituri-epidemic-2026-05-20-live,"Descriptive watch-point interval, not a forecast or response recommendation."
corridor:268:masereka:bundibugyo-uga,masereka,bundibugyo-uga,30,0.008269543706016402,0.023210544201666766,0.016637986868872356,0.046341242351700423,0.004354025370978682,0.09209226842936724,zone-attributed confirmed count 3 for this source zone; visibility-adjustment factor 2.02× reflects under-reporting in source zone; raw risk likely understates true hazard,BDBV-CLAIM-050,derived_model_output_with_unsupported_exponent_attribution,pinned_snapshot_model_output,africa-cdc-phecs-2026-05-18-live; afro-sitrep-01-2026-05-18-live; afro-sitrep-01-pdf-2026-05-18-live; cdc-current-situation-2026-05-21; cdc-current-situation-2026-05-23; cdc-current-situation-2026-05-24; cdc-current-situation-2026-05-25; drc-moh-epidemie-dashboard-sitrep-009-graphql-2026-05-24; drc-moh-epidemie-dashboard-sitrep-mve-n-007-mvb-17-2026-pdf-2026-05-22; ecdc-bdbv-drc-uga-2026-05-19-live; ecdc-bdbv-drc-uga-2026-05-21-live; ecdc-bdbv-drc-uga-2026-05-25-live; ecdc-bdbv-drc-uga-2026-05-26-live; ecdc-bdbv-drc-uga-2026-05-27-live; inrb-sitrep-015-2026-05-29; inrb-sitrep-016-2026-05-30; inrb-sitrep-017-2026-05-31; inrb-sitrep-018-2026-06-01; inrb-sitrep-019-2026-06-02; inrb-sitrep-020-2026-06-03; inrb-sitrep-021-2026-06-04; inrb-sitrep-022-2026-06-05; inrb-sitrep-023-2026-06-06; inrb-sitrep-024-2026-06-07; inrb-sitrep-025-2026-06-08; inrb-sitrep-026-2026-06-09; inrb-sitrep-027-2026-06-10; inrb-sitrep-028-2026-06-11; inrb-sitrep-030-2026-06-13; inrb-sitrep-031-2026-06-14; inrb-sitrep-032-2026-06-15; inrb-sitrep-033-2026-06-16; inrb-sitrep-034-2026-06-17; inrb-sitrep-035-2026-06-18; inrb-sitrep-036-2026-06-19; inrb-sitrep-037-2026-06-20; inrb-sitrep-038-2026-06-21; inrb-sitrep-039-2026-06-22; inrb-sitrep-040-2026-06-23; inrb-sitrep-041-2026-06-24; inrb-sitrep-042-2026-06-25; inrb-sitrep-044-2026-06-27; inrb-sitrep-046-2026-06-29; inrb-sitrep-047-2026-06-30; inrb-sitrep-048-2026-07-01; inrb-sitrep-049-2026-07-02; inrb-sitrep-050-2026-07-03; inrb-sitrep-051-2026-07-04; inrb-sitrep-052-2026-07-05; inrb-sitrep-053-2026-07-06; inrb-sitrep-054-2026-07-07; inrb-sitrep-055-2026-07-08; inrb-sitrep-056-2026-07-09; inrb-sitrep-057-2026-07-10; inrb-sitrep-058-2026-07-11; inrb-sitrep-059-2026-07-12; inrb-umie-ebola-drc-2026-build-2026-05-28-bb8b7d5; inrb-umie-ebola-drc-2026-build-2026-06-01-b4cafc9; uganda-moh-ebola-update-2026-06-06; uganda-moh-ebola-update-2026-06-20; uganda-moh-ebola-update-2026-06-21; who-daily-epi-bdbv-2026-06-08; who-dg-remarks-bdbv-2026-05-20; who-dg-remarks-bdbv-2026-05-22; who-don602-2026-05-15-live; who-don603-2026-05-21-live; who-don606-bdbv-2026-06-08; who-ihr-ec-bdbv-temporary-recommendations-2026-05-22; who-pheic-2026-05-17-live; wikipedia-2026-ituri-epidemic-2026-05-20-live,"Descriptive watch-point interval, not a forecast or response recommendation."
corridor:269:masereka:kisangani-cod,masereka,kisangani-cod,30,0.008384541883656393,0.023155224436050503,0.016868366321602046,0.046232112239855516,0.004924480592042776,0.08982693504086271,zone-attributed confirmed count 3 for this source zone; visibility-adjustment factor 2.02× reflects under-reporting in source zone; raw risk likely understates true hazard,BDBV-CLAIM-050,derived_model_output_with_unsupported_exponent_attribution,pinned_snapshot_model_output,africa-cdc-phecs-2026-05-18-live; afro-sitrep-01-2026-05-18-live; afro-sitrep-01-pdf-2026-05-18-live; cdc-current-situation-2026-05-21; cdc-current-situation-2026-05-23; cdc-current-situation-2026-05-24; cdc-current-situation-2026-05-25; drc-moh-epidemie-dashboard-sitrep-009-graphql-2026-05-24; drc-moh-epidemie-dashboard-sitrep-mve-n-007-mvb-17-2026-pdf-2026-05-22; ecdc-bdbv-drc-uga-2026-05-19-live; ecdc-bdbv-drc-uga-2026-05-21-live; ecdc-bdbv-drc-uga-2026-05-25-live; ecdc-bdbv-drc-uga-2026-05-26-live; ecdc-bdbv-drc-uga-2026-05-27-live; inrb-sitrep-015-2026-05-29; inrb-sitrep-016-2026-05-30; inrb-sitrep-017-2026-05-31; inrb-sitrep-018-2026-06-01; inrb-sitrep-019-2026-06-02; inrb-sitrep-020-2026-06-03; inrb-sitrep-021-2026-06-04; inrb-sitrep-022-2026-06-05; inrb-sitrep-023-2026-06-06; inrb-sitrep-024-2026-06-07; inrb-sitrep-025-2026-06-08; inrb-sitrep-026-2026-06-09; inrb-sitrep-027-2026-06-10; inrb-sitrep-028-2026-06-11; inrb-sitrep-030-2026-06-13; inrb-sitrep-031-2026-06-14; inrb-sitrep-032-2026-06-15; inrb-sitrep-033-2026-06-16; inrb-sitrep-034-2026-06-17; inrb-sitrep-035-2026-06-18; inrb-sitrep-036-2026-06-19; inrb-sitrep-037-2026-06-20; inrb-sitrep-038-2026-06-21; inrb-sitrep-039-2026-06-22; inrb-sitrep-040-2026-06-23; inrb-sitrep-041-2026-06-24; inrb-sitrep-042-2026-06-25; inrb-sitrep-044-2026-06-27; inrb-sitrep-046-2026-06-29; inrb-sitrep-047-2026-06-30; inrb-sitrep-048-2026-07-01; inrb-sitrep-049-2026-07-02; inrb-sitrep-050-2026-07-03; inrb-sitrep-051-2026-07-04; inrb-sitrep-052-2026-07-05; inrb-sitrep-053-2026-07-06; inrb-sitrep-054-2026-07-07; inrb-sitrep-055-2026-07-08; inrb-sitrep-056-2026-07-09; inrb-sitrep-057-2026-07-10; inrb-sitrep-058-2026-07-11; inrb-sitrep-059-2026-07-12; inrb-umie-ebola-drc-2026-build-2026-05-28-bb8b7d5; inrb-umie-ebola-drc-2026-build-2026-06-01-b4cafc9; uganda-moh-ebola-update-2026-06-06; uganda-moh-ebola-update-2026-06-20; uganda-moh-ebola-update-2026-06-21; who-daily-epi-bdbv-2026-06-08; who-dg-remarks-bdbv-2026-05-20; who-dg-remarks-bdbv-2026-05-22; who-don602-2026-05-15-live; who-don603-2026-05-21-live; who-don606-bdbv-2026-06-08; who-ihr-ec-bdbv-temporary-recommendations-2026-05-22; who-pheic-2026-05-17-live; wikipedia-2026-ituri-epidemic-2026-05-20-live,"Descriptive watch-point interval, not a forecast or response recommendation."
corridor:270:miti-murhesa:yei-ssd,miti-murhesa,yei-ssd,30,0.008442313146132668,0.0230654029087681,0.01698409138918519,0.04605490945777688,0.004684475343019237,0.08752670942604851,zone-attributed confirmed count 3 for this source zone; visibility-adjustment factor 2.02× reflects under-reporting in source zone; raw risk likely understates true hazard,BDBV-CLAIM-050,derived_model_output_with_unsupported_exponent_attribution,pinned_snapshot_model_output,africa-cdc-phecs-2026-05-18-live; afro-sitrep-01-2026-05-18-live; afro-sitrep-01-pdf-2026-05-18-live; cdc-current-situation-2026-05-21; cdc-current-situation-2026-05-23; cdc-current-situation-2026-05-24; cdc-current-situation-2026-05-25; drc-moh-epidemie-dashboard-sitrep-009-graphql-2026-05-24; drc-moh-epidemie-dashboard-sitrep-mve-n-007-mvb-17-2026-pdf-2026-05-22; ecdc-bdbv-drc-uga-2026-05-19-live; ecdc-bdbv-drc-uga-2026-05-21-live; ecdc-bdbv-drc-uga-2026-05-25-live; ecdc-bdbv-drc-uga-2026-05-26-live; ecdc-bdbv-drc-uga-2026-05-27-live; inrb-sitrep-015-2026-05-29; inrb-sitrep-016-2026-05-30; inrb-sitrep-017-2026-05-31; inrb-sitrep-018-2026-06-01; inrb-sitrep-019-2026-06-02; inrb-sitrep-020-2026-06-03; inrb-sitrep-021-2026-06-04; inrb-sitrep-022-2026-06-05; inrb-sitrep-023-2026-06-06; inrb-sitrep-024-2026-06-07; inrb-sitrep-025-2026-06-08; inrb-sitrep-026-2026-06-09; inrb-sitrep-027-2026-06-10; inrb-sitrep-028-2026-06-11; inrb-sitrep-030-2026-06-13; inrb-sitrep-031-2026-06-14; inrb-sitrep-032-2026-06-15; inrb-sitrep-033-2026-06-16; inrb-sitrep-034-2026-06-17; inrb-sitrep-035-2026-06-18; inrb-sitrep-036-2026-06-19; inrb-sitrep-037-2026-06-20; inrb-sitrep-038-2026-06-21; inrb-sitrep-039-2026-06-22; inrb-sitrep-040-2026-06-23; inrb-sitrep-041-2026-06-24; inrb-sitrep-042-2026-06-25; inrb-sitrep-044-2026-06-27; inrb-sitrep-046-2026-06-29; inrb-sitrep-047-2026-06-30; inrb-sitrep-048-2026-07-01; inrb-sitrep-049-2026-07-02; inrb-sitrep-050-2026-07-03; inrb-sitrep-051-2026-07-04; inrb-sitrep-052-2026-07-05; inrb-sitrep-053-2026-07-06; inrb-sitrep-054-2026-07-07; inrb-sitrep-055-2026-07-08; inrb-sitrep-056-2026-07-09; inrb-sitrep-057-2026-07-10; inrb-sitrep-058-2026-07-11; inrb-sitrep-059-2026-07-12; inrb-umie-ebola-drc-2026-build-2026-05-28-bb8b7d5; inrb-umie-ebola-drc-2026-build-2026-06-01-b4cafc9; uganda-moh-ebola-update-2026-06-06; uganda-moh-ebola-update-2026-06-20; uganda-moh-ebola-update-2026-06-21; who-daily-epi-bdbv-2026-06-08; who-dg-remarks-bdbv-2026-05-20; who-dg-remarks-bdbv-2026-05-22; who-don602-2026-05-15-live; who-don603-2026-05-21-live; who-don606-bdbv-2026-06-08; who-ihr-ec-bdbv-temporary-recommendations-2026-05-22; who-pheic-2026-05-17-live; wikipedia-2026-ituri-epidemic-2026-05-20-live,"Descriptive watch-point interval, not a forecast or response recommendation."
corridor:271:aru:kisangani-cod,aru,kisangani-cod,30,0.008520465843302266,0.023056221909391633,0.017140631056176997,0.04603679581035555,0.004892018543492083,0.08510472476211801,zone-attributed confirmed count 3 for this source zone; visibility-adjustment factor 2.02× reflects under-reporting in source zone; raw risk likely understates true hazard,BDBV-CLAIM-050,derived_model_output_with_unsupported_exponent_attribution,pinned_snapshot_model_output,africa-cdc-phecs-2026-05-18-live; afro-sitrep-01-2026-05-18-live; afro-sitrep-01-pdf-2026-05-18-live; cdc-current-situation-2026-05-21; cdc-current-situation-2026-05-23; cdc-current-situation-2026-05-24; cdc-current-situation-2026-05-25; drc-moh-epidemie-dashboard-sitrep-009-graphql-2026-05-24; drc-moh-epidemie-dashboard-sitrep-mve-n-007-mvb-17-2026-pdf-2026-05-22; ecdc-bdbv-drc-uga-2026-05-19-live; ecdc-bdbv-drc-uga-2026-05-21-live; ecdc-bdbv-drc-uga-2026-05-25-live; ecdc-bdbv-drc-uga-2026-05-26-live; ecdc-bdbv-drc-uga-2026-05-27-live; inrb-sitrep-015-2026-05-29; inrb-sitrep-016-2026-05-30; inrb-sitrep-017-2026-05-31; inrb-sitrep-018-2026-06-01; inrb-sitrep-019-2026-06-02; inrb-sitrep-020-2026-06-03; inrb-sitrep-021-2026-06-04; inrb-sitrep-022-2026-06-05; inrb-sitrep-023-2026-06-06; inrb-sitrep-024-2026-06-07; inrb-sitrep-025-2026-06-08; inrb-sitrep-026-2026-06-09; inrb-sitrep-027-2026-06-10; inrb-sitrep-028-2026-06-11; inrb-sitrep-030-2026-06-13; inrb-sitrep-031-2026-06-14; inrb-sitrep-032-2026-06-15; inrb-sitrep-033-2026-06-16; inrb-sitrep-034-2026-06-17; inrb-sitrep-035-2026-06-18; inrb-sitrep-036-2026-06-19; inrb-sitrep-037-2026-06-20; inrb-sitrep-038-2026-06-21; inrb-sitrep-039-2026-06-22; inrb-sitrep-040-2026-06-23; inrb-sitrep-041-2026-06-24; inrb-sitrep-042-2026-06-25; inrb-sitrep-044-2026-06-27; inrb-sitrep-046-2026-06-29; inrb-sitrep-047-2026-06-30; inrb-sitrep-048-2026-07-01; inrb-sitrep-049-2026-07-02; inrb-sitrep-050-2026-07-03; inrb-sitrep-051-2026-07-04; inrb-sitrep-052-2026-07-05; inrb-sitrep-053-2026-07-06; inrb-sitrep-054-2026-07-07; inrb-sitrep-055-2026-07-08; inrb-sitrep-056-2026-07-09; inrb-sitrep-057-2026-07-10; inrb-sitrep-058-2026-07-11; inrb-sitrep-059-2026-07-12; inrb-umie-ebola-drc-2026-build-2026-05-28-bb8b7d5; inrb-umie-ebola-drc-2026-build-2026-06-01-b4cafc9; uganda-moh-ebola-update-2026-06-06; uganda-moh-ebola-update-2026-06-20; uganda-moh-ebola-update-2026-06-21; who-daily-epi-bdbv-2026-06-08; who-dg-remarks-bdbv-2026-05-20; who-dg-remarks-bdbv-2026-05-22; who-don602-2026-05-15-live; who-don603-2026-05-21-live; who-don606-bdbv-2026-06-08; who-ihr-ec-bdbv-temporary-recommendations-2026-05-22; who-pheic-2026-05-17-live; wikipedia-2026-ituri-epidemic-2026-05-20-live,"Descriptive watch-point interval, not a forecast or response recommendation."
corridor:272:miti-murhesa:kasese-uga,miti-murhesa,kasese-uga,30,0.00867379601080115,0.022986988837173872,0.017447714560117816,0.045900197017003846,0.003594788842757407,0.09415848035858562,zone-attributed confirmed count 3 for this source zone; visibility-adjustment factor 2.02× reflects under-reporting in source zone; raw risk likely understates true hazard,BDBV-CLAIM-050,derived_model_output_with_unsupported_exponent_attribution,pinned_snapshot_model_output,africa-cdc-phecs-2026-05-18-live; afro-sitrep-01-2026-05-18-live; afro-sitrep-01-pdf-2026-05-18-live; cdc-current-situation-2026-05-21; cdc-current-situation-2026-05-23; cdc-current-situation-2026-05-24; cdc-current-situation-2026-05-25; drc-moh-epidemie-dashboard-sitrep-009-graphql-2026-05-24; drc-moh-epidemie-dashboard-sitrep-mve-n-007-mvb-17-2026-pdf-2026-05-22; ecdc-bdbv-drc-uga-2026-05-19-live; ecdc-bdbv-drc-uga-2026-05-21-live; ecdc-bdbv-drc-uga-2026-05-25-live; ecdc-bdbv-drc-uga-2026-05-26-live; ecdc-bdbv-drc-uga-2026-05-27-live; inrb-sitrep-015-2026-05-29; inrb-sitrep-016-2026-05-30; inrb-sitrep-017-2026-05-31; inrb-sitrep-018-2026-06-01; inrb-sitrep-019-2026-06-02; inrb-sitrep-020-2026-06-03; inrb-sitrep-021-2026-06-04; inrb-sitrep-022-2026-06-05; inrb-sitrep-023-2026-06-06; inrb-sitrep-024-2026-06-07; inrb-sitrep-025-2026-06-08; inrb-sitrep-026-2026-06-09; inrb-sitrep-027-2026-06-10; inrb-sitrep-028-2026-06-11; inrb-sitrep-030-2026-06-13; inrb-sitrep-031-2026-06-14; inrb-sitrep-032-2026-06-15; inrb-sitrep-033-2026-06-16; inrb-sitrep-034-2026-06-17; inrb-sitrep-035-2026-06-18; inrb-sitrep-036-2026-06-19; inrb-sitrep-037-2026-06-20; inrb-sitrep-038-2026-06-21; inrb-sitrep-039-2026-06-22; inrb-sitrep-040-2026-06-23; inrb-sitrep-041-2026-06-24; inrb-sitrep-042-2026-06-25; inrb-sitrep-044-2026-06-27; inrb-sitrep-046-2026-06-29; inrb-sitrep-047-2026-06-30; inrb-sitrep-048-2026-07-01; inrb-sitrep-049-2026-07-02; inrb-sitrep-050-2026-07-03; inrb-sitrep-051-2026-07-04; inrb-sitrep-052-2026-07-05; inrb-sitrep-053-2026-07-06; inrb-sitrep-054-2026-07-07; inrb-sitrep-055-2026-07-08; inrb-sitrep-056-2026-07-09; inrb-sitrep-057-2026-07-10; inrb-sitrep-058-2026-07-11; inrb-sitrep-059-2026-07-12; inrb-umie-ebola-drc-2026-build-2026-05-28-bb8b7d5; inrb-umie-ebola-drc-2026-build-2026-06-01-b4cafc9; uganda-moh-ebola-update-2026-06-06; uganda-moh-ebola-update-2026-06-20; uganda-moh-ebola-update-2026-06-21; who-daily-epi-bdbv-2026-06-08; who-dg-remarks-bdbv-2026-05-20; who-dg-remarks-bdbv-2026-05-22; who-don602-2026-05-15-live; who-don603-2026-05-21-live; who-don606-bdbv-2026-06-08; who-ihr-ec-bdbv-temporary-recommendations-2026-05-22; who-pheic-2026-05-17-live; wikipedia-2026-ituri-epidemic-2026-05-20-live,"Descriptive watch-point interval, not a forecast or response recommendation."
corridor:273:oicha:bundibugyo-uga,oicha,bundibugyo-uga,30,0.008605199692842846,0.022974900646124286,0.017310338577132184,0.04587634565614379,0.0047330190865664925,0.10154559201395401,zone-attributed confirmed count 3 for this source zone; visibility-adjustment factor 2.02× reflects under-reporting in source zone; raw risk likely understates true hazard,BDBV-CLAIM-050,derived_model_output_with_unsupported_exponent_attribution,pinned_snapshot_model_output,africa-cdc-phecs-2026-05-18-live; afro-sitrep-01-2026-05-18-live; afro-sitrep-01-pdf-2026-05-18-live; cdc-current-situation-2026-05-21; cdc-current-situation-2026-05-23; cdc-current-situation-2026-05-24; cdc-current-situation-2026-05-25; drc-moh-epidemie-dashboard-sitrep-009-graphql-2026-05-24; drc-moh-epidemie-dashboard-sitrep-mve-n-007-mvb-17-2026-pdf-2026-05-22; ecdc-bdbv-drc-uga-2026-05-19-live; ecdc-bdbv-drc-uga-2026-05-21-live; ecdc-bdbv-drc-uga-2026-05-25-live; ecdc-bdbv-drc-uga-2026-05-26-live; ecdc-bdbv-drc-uga-2026-05-27-live; inrb-sitrep-015-2026-05-29; inrb-sitrep-016-2026-05-30; inrb-sitrep-017-2026-05-31; inrb-sitrep-018-2026-06-01; inrb-sitrep-019-2026-06-02; inrb-sitrep-020-2026-06-03; inrb-sitrep-021-2026-06-04; inrb-sitrep-022-2026-06-05; inrb-sitrep-023-2026-06-06; inrb-sitrep-024-2026-06-07; inrb-sitrep-025-2026-06-08; inrb-sitrep-026-2026-06-09; inrb-sitrep-027-2026-06-10; inrb-sitrep-028-2026-06-11; inrb-sitrep-030-2026-06-13; inrb-sitrep-031-2026-06-14; inrb-sitrep-032-2026-06-15; inrb-sitrep-033-2026-06-16; inrb-sitrep-034-2026-06-17; inrb-sitrep-035-2026-06-18; inrb-sitrep-036-2026-06-19; inrb-sitrep-037-2026-06-20; inrb-sitrep-038-2026-06-21; inrb-sitrep-039-2026-06-22; inrb-sitrep-040-2026-06-23; inrb-sitrep-041-2026-06-24; inrb-sitrep-042-2026-06-25; inrb-sitrep-044-2026-06-27; inrb-sitrep-046-2026-06-29; inrb-sitrep-047-2026-06-30; inrb-sitrep-048-2026-07-01; inrb-sitrep-049-2026-07-02; inrb-sitrep-050-2026-07-03; inrb-sitrep-051-2026-07-04; inrb-sitrep-052-2026-07-05; inrb-sitrep-053-2026-07-06; inrb-sitrep-054-2026-07-07; inrb-sitrep-055-2026-07-08; inrb-sitrep-056-2026-07-09; inrb-sitrep-057-2026-07-10; inrb-sitrep-058-2026-07-11; inrb-sitrep-059-2026-07-12; inrb-umie-ebola-drc-2026-build-2026-05-28-bb8b7d5; inrb-umie-ebola-drc-2026-build-2026-06-01-b4cafc9; uganda-moh-ebola-update-2026-06-06; uganda-moh-ebola-update-2026-06-20; uganda-moh-ebola-update-2026-06-21; who-daily-epi-bdbv-2026-06-08; who-dg-remarks-bdbv-2026-05-20; who-dg-remarks-bdbv-2026-05-22; who-don602-2026-05-15-live; who-don603-2026-05-21-live; who-don606-bdbv-2026-06-08; who-ihr-ec-bdbv-temporary-recommendations-2026-05-22; who-pheic-2026-05-17-live; wikipedia-2026-ituri-epidemic-2026-05-20-live,"Descriptive watch-point interval, not a forecast or response recommendation."
corridor:274:masereka:kampala-uga,masereka,kampala-uga,30,0.008091936479171058,0.022853630994866758,0.016282131891667384,0.045637047885471516,0.004319397703379721,0.09692588641668964,zone-attributed confirmed count 3 for this source zone; visibility-adjustment factor 2.02× reflects under-reporting in source zone; raw risk likely understates true hazard,BDBV-CLAIM-050,derived_model_output_with_unsupported_exponent_attribution,pinned_snapshot_model_output,africa-cdc-phecs-2026-05-18-live; afro-sitrep-01-2026-05-18-live; afro-sitrep-01-pdf-2026-05-18-live; cdc-current-situation-2026-05-21; cdc-current-situation-2026-05-23; cdc-current-situation-2026-05-24; cdc-current-situation-2026-05-25; drc-moh-epidemie-dashboard-sitrep-009-graphql-2026-05-24; drc-moh-epidemie-dashboard-sitrep-mve-n-007-mvb-17-2026-pdf-2026-05-22; ecdc-bdbv-drc-uga-2026-05-19-live; ecdc-bdbv-drc-uga-2026-05-21-live; ecdc-bdbv-drc-uga-2026-05-25-live; ecdc-bdbv-drc-uga-2026-05-26-live; ecdc-bdbv-drc-uga-2026-05-27-live; inrb-sitrep-015-2026-05-29; inrb-sitrep-016-2026-05-30; inrb-sitrep-017-2026-05-31; inrb-sitrep-018-2026-06-01; inrb-sitrep-019-2026-06-02; inrb-sitrep-020-2026-06-03; inrb-sitrep-021-2026-06-04; inrb-sitrep-022-2026-06-05; inrb-sitrep-023-2026-06-06; inrb-sitrep-024-2026-06-07; inrb-sitrep-025-2026-06-08; inrb-sitrep-026-2026-06-09; inrb-sitrep-027-2026-06-10; inrb-sitrep-028-2026-06-11; inrb-sitrep-030-2026-06-13; inrb-sitrep-031-2026-06-14; inrb-sitrep-032-2026-06-15; inrb-sitrep-033-2026-06-16; inrb-sitrep-034-2026-06-17; inrb-sitrep-035-2026-06-18; inrb-sitrep-036-2026-06-19; inrb-sitrep-037-2026-06-20; inrb-sitrep-038-2026-06-21; inrb-sitrep-039-2026-06-22; inrb-sitrep-040-2026-06-23; inrb-sitrep-041-2026-06-24; inrb-sitrep-042-2026-06-25; inrb-sitrep-044-2026-06-27; inrb-sitrep-046-2026-06-29; inrb-sitrep-047-2026-06-30; inrb-sitrep-048-2026-07-01; inrb-sitrep-049-2026-07-02; inrb-sitrep-050-2026-07-03; inrb-sitrep-051-2026-07-04; inrb-sitrep-052-2026-07-05; inrb-sitrep-053-2026-07-06; inrb-sitrep-054-2026-07-07; inrb-sitrep-055-2026-07-08; inrb-sitrep-056-2026-07-09; inrb-sitrep-057-2026-07-10; inrb-sitrep-058-2026-07-11; inrb-sitrep-059-2026-07-12; inrb-umie-ebola-drc-2026-build-2026-05-28-bb8b7d5; inrb-umie-ebola-drc-2026-build-2026-06-01-b4cafc9; uganda-moh-ebola-update-2026-06-06; uganda-moh-ebola-update-2026-06-20; uganda-moh-ebola-update-2026-06-21; who-daily-epi-bdbv-2026-06-08; who-dg-remarks-bdbv-2026-05-20; who-dg-remarks-bdbv-2026-05-22; who-don602-2026-05-15-live; who-don603-2026-05-21-live; who-don606-bdbv-2026-06-08; who-ihr-ec-bdbv-temporary-recommendations-2026-05-22; who-pheic-2026-05-17-live; wikipedia-2026-ituri-epidemic-2026-05-20-live,"Descriptive watch-point interval, not a forecast or response recommendation."
corridor:275:miti-murhesa:kisangani-cod,miti-murhesa,kisangani-cod,30,0.007988098119244863,0.022774012450826275,0.016074049785092748,0.04547987964060243,0.00481871596959442,0.09471206954802726,zone-attributed confirmed count 3 for this source zone; visibility-adjustment factor 2.02× reflects under-reporting in source zone; raw risk likely understates true hazard,BDBV-CLAIM-050,derived_model_output_with_unsupported_exponent_attribution,pinned_snapshot_model_output,africa-cdc-phecs-2026-05-18-live; afro-sitrep-01-2026-05-18-live; afro-sitrep-01-pdf-2026-05-18-live; cdc-current-situation-2026-05-21; cdc-current-situation-2026-05-23; cdc-current-situation-2026-05-24; cdc-current-situation-2026-05-25; drc-moh-epidemie-dashboard-sitrep-009-graphql-2026-05-24; drc-moh-epidemie-dashboard-sitrep-mve-n-007-mvb-17-2026-pdf-2026-05-22; ecdc-bdbv-drc-uga-2026-05-19-live; ecdc-bdbv-drc-uga-2026-05-21-live; ecdc-bdbv-drc-uga-2026-05-25-live; ecdc-bdbv-drc-uga-2026-05-26-live; ecdc-bdbv-drc-uga-2026-05-27-live; inrb-sitrep-015-2026-05-29; inrb-sitrep-016-2026-05-30; inrb-sitrep-017-2026-05-31; inrb-sitrep-018-2026-06-01; inrb-sitrep-019-2026-06-02; inrb-sitrep-020-2026-06-03; inrb-sitrep-021-2026-06-04; inrb-sitrep-022-2026-06-05; inrb-sitrep-023-2026-06-06; inrb-sitrep-024-2026-06-07; inrb-sitrep-025-2026-06-08; inrb-sitrep-026-2026-06-09; inrb-sitrep-027-2026-06-10; inrb-sitrep-028-2026-06-11; inrb-sitrep-030-2026-06-13; inrb-sitrep-031-2026-06-14; inrb-sitrep-032-2026-06-15; inrb-sitrep-033-2026-06-16; inrb-sitrep-034-2026-06-17; inrb-sitrep-035-2026-06-18; inrb-sitrep-036-2026-06-19; inrb-sitrep-037-2026-06-20; inrb-sitrep-038-2026-06-21; inrb-sitrep-039-2026-06-22; inrb-sitrep-040-2026-06-23; inrb-sitrep-041-2026-06-24; inrb-sitrep-042-2026-06-25; inrb-sitrep-044-2026-06-27; inrb-sitrep-046-2026-06-29; inrb-sitrep-047-2026-06-30; inrb-sitrep-048-2026-07-01; inrb-sitrep-049-2026-07-02; inrb-sitrep-050-2026-07-03; inrb-sitrep-051-2026-07-04; inrb-sitrep-052-2026-07-05; inrb-sitrep-053-2026-07-06; inrb-sitrep-054-2026-07-07; inrb-sitrep-055-2026-07-08; inrb-sitrep-056-2026-07-09; inrb-sitrep-057-2026-07-10; inrb-sitrep-058-2026-07-11; inrb-sitrep-059-2026-07-12; inrb-umie-ebola-drc-2026-build-2026-05-28-bb8b7d5; inrb-umie-ebola-drc-2026-build-2026-06-01-b4cafc9; uganda-moh-ebola-update-2026-06-06; uganda-moh-ebola-update-2026-06-20; uganda-moh-ebola-update-2026-06-21; who-daily-epi-bdbv-2026-06-08; who-dg-remarks-bdbv-2026-05-20; who-dg-remarks-bdbv-2026-05-22; who-don602-2026-05-15-live; who-don603-2026-05-21-live; who-don606-bdbv-2026-06-08; who-ihr-ec-bdbv-temporary-recommendations-2026-05-22; who-pheic-2026-05-17-live; wikipedia-2026-ituri-epidemic-2026-05-20-live,"Descriptive watch-point interval, not a forecast or response recommendation."
corridor:276:masereka:nebbi-uga,masereka,nebbi-uga,30,0.008435214553090653,0.022700985753848185,0.01696987198363023,0.04533579993232448,0.003917868320757145,0.0946286131191069,zone-attributed confirmed count 3 for this source zone; visibility-adjustment factor 2.02× reflects under-reporting in source zone; raw risk likely understates true hazard,BDBV-CLAIM-050,derived_model_output_with_unsupported_exponent_attribution,pinned_snapshot_model_output,africa-cdc-phecs-2026-05-18-live; afro-sitrep-01-2026-05-18-live; afro-sitrep-01-pdf-2026-05-18-live; cdc-current-situation-2026-05-21; cdc-current-situation-2026-05-23; cdc-current-situation-2026-05-24; cdc-current-situation-2026-05-25; drc-moh-epidemie-dashboard-sitrep-009-graphql-2026-05-24; drc-moh-epidemie-dashboard-sitrep-mve-n-007-mvb-17-2026-pdf-2026-05-22; ecdc-bdbv-drc-uga-2026-05-19-live; ecdc-bdbv-drc-uga-2026-05-21-live; ecdc-bdbv-drc-uga-2026-05-25-live; ecdc-bdbv-drc-uga-2026-05-26-live; ecdc-bdbv-drc-uga-2026-05-27-live; inrb-sitrep-015-2026-05-29; inrb-sitrep-016-2026-05-30; inrb-sitrep-017-2026-05-31; inrb-sitrep-018-2026-06-01; inrb-sitrep-019-2026-06-02; inrb-sitrep-020-2026-06-03; inrb-sitrep-021-2026-06-04; inrb-sitrep-022-2026-06-05; inrb-sitrep-023-2026-06-06; inrb-sitrep-024-2026-06-07; inrb-sitrep-025-2026-06-08; inrb-sitrep-026-2026-06-09; inrb-sitrep-027-2026-06-10; inrb-sitrep-028-2026-06-11; inrb-sitrep-030-2026-06-13; inrb-sitrep-031-2026-06-14; inrb-sitrep-032-2026-06-15; inrb-sitrep-033-2026-06-16; inrb-sitrep-034-2026-06-17; inrb-sitrep-035-2026-06-18; inrb-sitrep-036-2026-06-19; inrb-sitrep-037-2026-06-20; inrb-sitrep-038-2026-06-21; inrb-sitrep-039-2026-06-22; inrb-sitrep-040-2026-06-23; inrb-sitrep-041-2026-06-24; inrb-sitrep-042-2026-06-25; inrb-sitrep-044-2026-06-27; inrb-sitrep-046-2026-06-29; inrb-sitrep-047-2026-06-30; inrb-sitrep-048-2026-07-01; inrb-sitrep-049-2026-07-02; inrb-sitrep-050-2026-07-03; inrb-sitrep-051-2026-07-04; inrb-sitrep-052-2026-07-05; inrb-sitrep-053-2026-07-06; inrb-sitrep-054-2026-07-07; inrb-sitrep-055-2026-07-08; inrb-sitrep-056-2026-07-09; inrb-sitrep-057-2026-07-10; inrb-sitrep-058-2026-07-11; inrb-sitrep-059-2026-07-12; inrb-umie-ebola-drc-2026-build-2026-05-28-bb8b7d5; inrb-umie-ebola-drc-2026-build-2026-06-01-b4cafc9; uganda-moh-ebola-update-2026-06-06; uganda-moh-ebola-update-2026-06-20; uganda-moh-ebola-update-2026-06-21; who-daily-epi-bdbv-2026-06-08; who-dg-remarks-bdbv-2026-05-20; who-dg-remarks-bdbv-2026-05-22; who-don602-2026-05-15-live; who-don603-2026-05-21-live; who-don606-bdbv-2026-06-08; who-ihr-ec-bdbv-temporary-recommendations-2026-05-22; who-pheic-2026-05-17-live; wikipedia-2026-ituri-epidemic-2026-05-20-live,"Descriptive watch-point interval, not a forecast or response recommendation."
corridor:277:aru:bundibugyo-uga,aru,bundibugyo-uga,30,0.008099597816498577,0.02261266047074409,0.01629748191729083,0.045161463958216214,0.004725386473895893,0.08918757468684463,zone-attributed confirmed count 3 for this source zone; visibility-adjustment factor 2.02× reflects under-reporting in source zone; raw risk likely understates true hazard,BDBV-CLAIM-050,derived_model_output_with_unsupported_exponent_attribution,pinned_snapshot_model_output,africa-cdc-phecs-2026-05-18-live; afro-sitrep-01-2026-05-18-live; afro-sitrep-01-pdf-2026-05-18-live; cdc-current-situation-2026-05-21; cdc-current-situation-2026-05-23; cdc-current-situation-2026-05-24; cdc-current-situation-2026-05-25; drc-moh-epidemie-dashboard-sitrep-009-graphql-2026-05-24; drc-moh-epidemie-dashboard-sitrep-mve-n-007-mvb-17-2026-pdf-2026-05-22; ecdc-bdbv-drc-uga-2026-05-19-live; ecdc-bdbv-drc-uga-2026-05-21-live; ecdc-bdbv-drc-uga-2026-05-25-live; ecdc-bdbv-drc-uga-2026-05-26-live; ecdc-bdbv-drc-uga-2026-05-27-live; inrb-sitrep-015-2026-05-29; inrb-sitrep-016-2026-05-30; inrb-sitrep-017-2026-05-31; inrb-sitrep-018-2026-06-01; inrb-sitrep-019-2026-06-02; inrb-sitrep-020-2026-06-03; inrb-sitrep-021-2026-06-04; inrb-sitrep-022-2026-06-05; inrb-sitrep-023-2026-06-06; inrb-sitrep-024-2026-06-07; inrb-sitrep-025-2026-06-08; inrb-sitrep-026-2026-06-09; inrb-sitrep-027-2026-06-10; inrb-sitrep-028-2026-06-11; inrb-sitrep-030-2026-06-13; inrb-sitrep-031-2026-06-14; inrb-sitrep-032-2026-06-15; inrb-sitrep-033-2026-06-16; inrb-sitrep-034-2026-06-17; inrb-sitrep-035-2026-06-18; inrb-sitrep-036-2026-06-19; inrb-sitrep-037-2026-06-20; inrb-sitrep-038-2026-06-21; inrb-sitrep-039-2026-06-22; inrb-sitrep-040-2026-06-23; inrb-sitrep-041-2026-06-24; inrb-sitrep-042-2026-06-25; inrb-sitrep-044-2026-06-27; inrb-sitrep-046-2026-06-29; inrb-sitrep-047-2026-06-30; inrb-sitrep-048-2026-07-01; inrb-sitrep-049-2026-07-02; inrb-sitrep-050-2026-07-03; inrb-sitrep-051-2026-07-04; inrb-sitrep-052-2026-07-05; inrb-sitrep-053-2026-07-06; inrb-sitrep-054-2026-07-07; inrb-sitrep-055-2026-07-08; inrb-sitrep-056-2026-07-09; inrb-sitrep-057-2026-07-10; inrb-sitrep-058-2026-07-11; inrb-sitrep-059-2026-07-12; inrb-umie-ebola-drc-2026-build-2026-05-28-bb8b7d5; inrb-umie-ebola-drc-2026-build-2026-06-01-b4cafc9; uganda-moh-ebola-update-2026-06-06; uganda-moh-ebola-update-2026-06-20; uganda-moh-ebola-update-2026-06-21; who-daily-epi-bdbv-2026-06-08; who-dg-remarks-bdbv-2026-05-20; who-dg-remarks-bdbv-2026-05-22; who-don602-2026-05-15-live; who-don603-2026-05-21-live; who-don606-bdbv-2026-06-08; who-ihr-ec-bdbv-temporary-recommendations-2026-05-22; who-pheic-2026-05-17-live; wikipedia-2026-ituri-epidemic-2026-05-20-live,"Descriptive watch-point interval, not a forecast or response recommendation."
corridor:278:masereka:arua-uga,masereka,arua-uga,30,0.008966419275906384,0.022375898922987913,0.018033633398944787,0.044694057150034994,0.00418821119445158,0.09339058726680483,zone-attributed confirmed count 3 for this source zone; visibility-adjustment factor 2.02× reflects under-reporting in source zone; raw risk likely understates true hazard,BDBV-CLAIM-050,derived_model_output_with_unsupported_exponent_attribution,pinned_snapshot_model_output,africa-cdc-phecs-2026-05-18-live; afro-sitrep-01-2026-05-18-live; afro-sitrep-01-pdf-2026-05-18-live; cdc-current-situation-2026-05-21; cdc-current-situation-2026-05-23; cdc-current-situation-2026-05-24; cdc-current-situation-2026-05-25; drc-moh-epidemie-dashboard-sitrep-009-graphql-2026-05-24; drc-moh-epidemie-dashboard-sitrep-mve-n-007-mvb-17-2026-pdf-2026-05-22; ecdc-bdbv-drc-uga-2026-05-19-live; ecdc-bdbv-drc-uga-2026-05-21-live; ecdc-bdbv-drc-uga-2026-05-25-live; ecdc-bdbv-drc-uga-2026-05-26-live; ecdc-bdbv-drc-uga-2026-05-27-live; inrb-sitrep-015-2026-05-29; inrb-sitrep-016-2026-05-30; inrb-sitrep-017-2026-05-31; inrb-sitrep-018-2026-06-01; inrb-sitrep-019-2026-06-02; inrb-sitrep-020-2026-06-03; inrb-sitrep-021-2026-06-04; inrb-sitrep-022-2026-06-05; inrb-sitrep-023-2026-06-06; inrb-sitrep-024-2026-06-07; inrb-sitrep-025-2026-06-08; inrb-sitrep-026-2026-06-09; inrb-sitrep-027-2026-06-10; inrb-sitrep-028-2026-06-11; inrb-sitrep-030-2026-06-13; inrb-sitrep-031-2026-06-14; inrb-sitrep-032-2026-06-15; inrb-sitrep-033-2026-06-16; inrb-sitrep-034-2026-06-17; inrb-sitrep-035-2026-06-18; inrb-sitrep-036-2026-06-19; inrb-sitrep-037-2026-06-20; inrb-sitrep-038-2026-06-21; inrb-sitrep-039-2026-06-22; inrb-sitrep-040-2026-06-23; inrb-sitrep-041-2026-06-24; inrb-sitrep-042-2026-06-25; inrb-sitrep-044-2026-06-27; inrb-sitrep-046-2026-06-29; inrb-sitrep-047-2026-06-30; inrb-sitrep-048-2026-07-01; inrb-sitrep-049-2026-07-02; inrb-sitrep-050-2026-07-03; inrb-sitrep-051-2026-07-04; inrb-sitrep-052-2026-07-05; inrb-sitrep-053-2026-07-06; inrb-sitrep-054-2026-07-07; inrb-sitrep-055-2026-07-08; inrb-sitrep-056-2026-07-09; inrb-sitrep-057-2026-07-10; inrb-sitrep-058-2026-07-11; inrb-sitrep-059-2026-07-12; inrb-umie-ebola-drc-2026-build-2026-05-28-bb8b7d5; inrb-umie-ebola-drc-2026-build-2026-06-01-b4cafc9; uganda-moh-ebola-update-2026-06-06; uganda-moh-ebola-update-2026-06-20; uganda-moh-ebola-update-2026-06-21; who-daily-epi-bdbv-2026-06-08; who-dg-remarks-bdbv-2026-05-20; who-dg-remarks-bdbv-2026-05-22; who-don602-2026-05-15-live; who-don603-2026-05-21-live; who-don606-bdbv-2026-06-08; who-ihr-ec-bdbv-temporary-recommendations-2026-05-22; who-pheic-2026-05-17-live; wikipedia-2026-ituri-epidemic-2026-05-20-live,"Descriptive watch-point interval, not a forecast or response recommendation."
corridor:279:kambala:goma-cod,kambala,goma-cod,30,0.005537979581850677,0.01689079684361855,0.011157786252355612,0.03383350501076615,0.0028668427386653347,0.06455668244173851,zone-attributed confirmed count 2 for this source zone; visibility-adjustment factor 2.02× reflects under-reporting in source zone; raw risk likely understates true hazard,BDBV-CLAIM-050,derived_model_output_with_unsupported_exponent_attribution,pinned_snapshot_model_output,africa-cdc-phecs-2026-05-18-live; afro-sitrep-01-2026-05-18-live; afro-sitrep-01-pdf-2026-05-18-live; cdc-current-situation-2026-05-21; cdc-current-situation-2026-05-23; cdc-current-situation-2026-05-24; cdc-current-situation-2026-05-25; drc-moh-epidemie-dashboard-sitrep-009-graphql-2026-05-24; drc-moh-epidemie-dashboard-sitrep-mve-n-007-mvb-17-2026-pdf-2026-05-22; ecdc-bdbv-drc-uga-2026-05-19-live; ecdc-bdbv-drc-uga-2026-05-21-live; ecdc-bdbv-drc-uga-2026-05-25-live; ecdc-bdbv-drc-uga-2026-05-26-live; ecdc-bdbv-drc-uga-2026-05-27-live; inrb-sitrep-015-2026-05-29; inrb-sitrep-016-2026-05-30; inrb-sitrep-017-2026-05-31; inrb-sitrep-018-2026-06-01; inrb-sitrep-019-2026-06-02; inrb-sitrep-020-2026-06-03; inrb-sitrep-021-2026-06-04; inrb-sitrep-022-2026-06-05; inrb-sitrep-023-2026-06-06; inrb-sitrep-024-2026-06-07; inrb-sitrep-025-2026-06-08; inrb-sitrep-026-2026-06-09; inrb-sitrep-027-2026-06-10; inrb-sitrep-028-2026-06-11; inrb-sitrep-030-2026-06-13; inrb-sitrep-031-2026-06-14; inrb-sitrep-032-2026-06-15; inrb-sitrep-033-2026-06-16; inrb-sitrep-034-2026-06-17; inrb-sitrep-035-2026-06-18; inrb-sitrep-036-2026-06-19; inrb-sitrep-037-2026-06-20; inrb-sitrep-038-2026-06-21; inrb-sitrep-039-2026-06-22; inrb-sitrep-040-2026-06-23; inrb-sitrep-041-2026-06-24; inrb-sitrep-042-2026-06-25; inrb-sitrep-044-2026-06-27; inrb-sitrep-046-2026-06-29; inrb-sitrep-047-2026-06-30; inrb-sitrep-048-2026-07-01; inrb-sitrep-049-2026-07-02; inrb-sitrep-050-2026-07-03; inrb-sitrep-051-2026-07-04; inrb-sitrep-052-2026-07-05; inrb-sitrep-053-2026-07-06; inrb-sitrep-054-2026-07-07; inrb-sitrep-055-2026-07-08; inrb-sitrep-056-2026-07-09; inrb-sitrep-057-2026-07-10; inrb-sitrep-058-2026-07-11; inrb-sitrep-059-2026-07-12; inrb-umie-ebola-drc-2026-build-2026-05-28-bb8b7d5; inrb-umie-ebola-drc-2026-build-2026-06-01-b4cafc9; uganda-moh-ebola-update-2026-06-06; uganda-moh-ebola-update-2026-06-20; uganda-moh-ebola-update-2026-06-21; who-daily-epi-bdbv-2026-06-08; who-dg-remarks-bdbv-2026-05-20; who-dg-remarks-bdbv-2026-05-22; who-don602-2026-05-15-live; who-don603-2026-05-21-live; who-don606-bdbv-2026-06-08; who-ihr-ec-bdbv-temporary-recommendations-2026-05-22; who-pheic-2026-05-17-live; wikipedia-2026-ituri-epidemic-2026-05-20-live,"Descriptive watch-point interval, not a forecast or response recommendation."
corridor:280:kambala:kasese-uga,kambala,kasese-uga,30,0.006044608742900082,0.016492779218641174,0.012175371626323317,0.033043012587251674,0.003583862247934081,0.061919164261579784,zone-attributed confirmed count 2 for this source zone; visibility-adjustment factor 2.02× reflects under-reporting in source zone; raw risk likely understates true hazard,BDBV-CLAIM-050,derived_model_output_with_unsupported_exponent_attribution,pinned_snapshot_model_output,africa-cdc-phecs-2026-05-18-live; afro-sitrep-01-2026-05-18-live; afro-sitrep-01-pdf-2026-05-18-live; cdc-current-situation-2026-05-21; cdc-current-situation-2026-05-23; cdc-current-situation-2026-05-24; cdc-current-situation-2026-05-25; drc-moh-epidemie-dashboard-sitrep-009-graphql-2026-05-24; drc-moh-epidemie-dashboard-sitrep-mve-n-007-mvb-17-2026-pdf-2026-05-22; ecdc-bdbv-drc-uga-2026-05-19-live; ecdc-bdbv-drc-uga-2026-05-21-live; ecdc-bdbv-drc-uga-2026-05-25-live; ecdc-bdbv-drc-uga-2026-05-26-live; ecdc-bdbv-drc-uga-2026-05-27-live; inrb-sitrep-015-2026-05-29; inrb-sitrep-016-2026-05-30; inrb-sitrep-017-2026-05-31; inrb-sitrep-018-2026-06-01; inrb-sitrep-019-2026-06-02; inrb-sitrep-020-2026-06-03; inrb-sitrep-021-2026-06-04; inrb-sitrep-022-2026-06-05; inrb-sitrep-023-2026-06-06; inrb-sitrep-024-2026-06-07; inrb-sitrep-025-2026-06-08; inrb-sitrep-026-2026-06-09; inrb-sitrep-027-2026-06-10; inrb-sitrep-028-2026-06-11; inrb-sitrep-030-2026-06-13; inrb-sitrep-031-2026-06-14; inrb-sitrep-032-2026-06-15; inrb-sitrep-033-2026-06-16; inrb-sitrep-034-2026-06-17; inrb-sitrep-035-2026-06-18; inrb-sitrep-036-2026-06-19; inrb-sitrep-037-2026-06-20; inrb-sitrep-038-2026-06-21; inrb-sitrep-039-2026-06-22; inrb-sitrep-040-2026-06-23; inrb-sitrep-041-2026-06-24; inrb-sitrep-042-2026-06-25; inrb-sitrep-044-2026-06-27; inrb-sitrep-046-2026-06-29; inrb-sitrep-047-2026-06-30; inrb-sitrep-048-2026-07-01; inrb-sitrep-049-2026-07-02; inrb-sitrep-050-2026-07-03; inrb-sitrep-051-2026-07-04; inrb-sitrep-052-2026-07-05; inrb-sitrep-053-2026-07-06; inrb-sitrep-054-2026-07-07; inrb-sitrep-055-2026-07-08; inrb-sitrep-056-2026-07-09; inrb-sitrep-057-2026-07-10; inrb-sitrep-058-2026-07-11; inrb-sitrep-059-2026-07-12; inrb-umie-ebola-drc-2026-build-2026-05-28-bb8b7d5; inrb-umie-ebola-drc-2026-build-2026-06-01-b4cafc9; uganda-moh-ebola-update-2026-06-06; uganda-moh-ebola-update-2026-06-20; uganda-moh-ebola-update-2026-06-21; who-daily-epi-bdbv-2026-06-08; who-dg-remarks-bdbv-2026-05-20; who-dg-remarks-bdbv-2026-05-22; who-don602-2026-05-15-live; who-don603-2026-05-21-live; who-don606-bdbv-2026-06-08; who-ihr-ec-bdbv-temporary-recommendations-2026-05-22; who-pheic-2026-05-17-live; wikipedia-2026-ituri-epidemic-2026-05-20-live,"Descriptive watch-point interval, not a forecast or response recommendation."
corridor:281:kalunguta:kampala-uga,kalunguta,kampala-uga,30,0.005862156965105253,0.016322194217027297,0.011808971031952498,0.03270411838517498,0.0029527464262872143,0.062201623799637444,zone-attributed confirmed count 2 for this source zone; visibility-adjustment factor 2.02× reflects under-reporting in source zone; raw risk likely understates true hazard,BDBV-CLAIM-050,derived_model_output_with_unsupported_exponent_attribution,pinned_snapshot_model_output,africa-cdc-phecs-2026-05-18-live; afro-sitrep-01-2026-05-18-live; afro-sitrep-01-pdf-2026-05-18-live; cdc-current-situation-2026-05-21; cdc-current-situation-2026-05-23; cdc-current-situation-2026-05-24; cdc-current-situation-2026-05-25; drc-moh-epidemie-dashboard-sitrep-009-graphql-2026-05-24; drc-moh-epidemie-dashboard-sitrep-mve-n-007-mvb-17-2026-pdf-2026-05-22; ecdc-bdbv-drc-uga-2026-05-19-live; ecdc-bdbv-drc-uga-2026-05-21-live; ecdc-bdbv-drc-uga-2026-05-25-live; ecdc-bdbv-drc-uga-2026-05-26-live; ecdc-bdbv-drc-uga-2026-05-27-live; inrb-sitrep-015-2026-05-29; inrb-sitrep-016-2026-05-30; inrb-sitrep-017-2026-05-31; inrb-sitrep-018-2026-06-01; inrb-sitrep-019-2026-06-02; inrb-sitrep-020-2026-06-03; inrb-sitrep-021-2026-06-04; inrb-sitrep-022-2026-06-05; inrb-sitrep-023-2026-06-06; inrb-sitrep-024-2026-06-07; inrb-sitrep-025-2026-06-08; inrb-sitrep-026-2026-06-09; inrb-sitrep-027-2026-06-10; inrb-sitrep-028-2026-06-11; inrb-sitrep-030-2026-06-13; inrb-sitrep-031-2026-06-14; inrb-sitrep-032-2026-06-15; inrb-sitrep-033-2026-06-16; inrb-sitrep-034-2026-06-17; inrb-sitrep-035-2026-06-18; inrb-sitrep-036-2026-06-19; inrb-sitrep-037-2026-06-20; inrb-sitrep-038-2026-06-21; inrb-sitrep-039-2026-06-22; inrb-sitrep-040-2026-06-23; inrb-sitrep-041-2026-06-24; inrb-sitrep-042-2026-06-25; inrb-sitrep-044-2026-06-27; inrb-sitrep-046-2026-06-29; inrb-sitrep-047-2026-06-30; inrb-sitrep-048-2026-07-01; inrb-sitrep-049-2026-07-02; inrb-sitrep-050-2026-07-03; inrb-sitrep-051-2026-07-04; inrb-sitrep-052-2026-07-05; inrb-sitrep-053-2026-07-06; inrb-sitrep-054-2026-07-07; inrb-sitrep-055-2026-07-08; inrb-sitrep-056-2026-07-09; inrb-sitrep-057-2026-07-10; inrb-sitrep-058-2026-07-11; inrb-sitrep-059-2026-07-12; inrb-umie-ebola-drc-2026-build-2026-05-28-bb8b7d5; inrb-umie-ebola-drc-2026-build-2026-06-01-b4cafc9; uganda-moh-ebola-update-2026-06-06; uganda-moh-ebola-update-2026-06-20; uganda-moh-ebola-update-2026-06-21; who-daily-epi-bdbv-2026-06-08; who-dg-remarks-bdbv-2026-05-20; who-dg-remarks-bdbv-2026-05-22; who-don602-2026-05-15-live; who-don603-2026-05-21-live; who-don606-bdbv-2026-06-08; who-ihr-ec-bdbv-temporary-recommendations-2026-05-22; who-pheic-2026-05-17-live; wikipedia-2026-ituri-epidemic-2026-05-20-live,"Descriptive watch-point interval, not a forecast or response recommendation."
corridor:282:kambala:arua-uga,kambala,arua-uga,30,0.005831346399385928,0.016264991017100494,0.011747090967605928,0.03259046198408441,0.002973997998968228,0.06050644787280328,zone-attributed confirmed count 2 for this source zone; visibility-adjustment factor 2.02× reflects under-reporting in source zone; raw risk likely understates true hazard,BDBV-CLAIM-050,derived_model_output_with_unsupported_exponent_attribution,pinned_snapshot_model_output,africa-cdc-phecs-2026-05-18-live; afro-sitrep-01-2026-05-18-live; afro-sitrep-01-pdf-2026-05-18-live; cdc-current-situation-2026-05-21; cdc-current-situation-2026-05-23; cdc-current-situation-2026-05-24; cdc-current-situation-2026-05-25; drc-moh-epidemie-dashboard-sitrep-009-graphql-2026-05-24; drc-moh-epidemie-dashboard-sitrep-mve-n-007-mvb-17-2026-pdf-2026-05-22; ecdc-bdbv-drc-uga-2026-05-19-live; ecdc-bdbv-drc-uga-2026-05-21-live; ecdc-bdbv-drc-uga-2026-05-25-live; ecdc-bdbv-drc-uga-2026-05-26-live; ecdc-bdbv-drc-uga-2026-05-27-live; inrb-sitrep-015-2026-05-29; inrb-sitrep-016-2026-05-30; inrb-sitrep-017-2026-05-31; inrb-sitrep-018-2026-06-01; inrb-sitrep-019-2026-06-02; inrb-sitrep-020-2026-06-03; inrb-sitrep-021-2026-06-04; inrb-sitrep-022-2026-06-05; inrb-sitrep-023-2026-06-06; inrb-sitrep-024-2026-06-07; inrb-sitrep-025-2026-06-08; inrb-sitrep-026-2026-06-09; inrb-sitrep-027-2026-06-10; inrb-sitrep-028-2026-06-11; inrb-sitrep-030-2026-06-13; inrb-sitrep-031-2026-06-14; inrb-sitrep-032-2026-06-15; inrb-sitrep-033-2026-06-16; inrb-sitrep-034-2026-06-17; inrb-sitrep-035-2026-06-18; inrb-sitrep-036-2026-06-19; inrb-sitrep-037-2026-06-20; inrb-sitrep-038-2026-06-21; inrb-sitrep-039-2026-06-22; inrb-sitrep-040-2026-06-23; inrb-sitrep-041-2026-06-24; inrb-sitrep-042-2026-06-25; inrb-sitrep-044-2026-06-27; inrb-sitrep-046-2026-06-29; inrb-sitrep-047-2026-06-30; inrb-sitrep-048-2026-07-01; inrb-sitrep-049-2026-07-02; inrb-sitrep-050-2026-07-03; inrb-sitrep-051-2026-07-04; inrb-sitrep-052-2026-07-05; inrb-sitrep-053-2026-07-06; inrb-sitrep-054-2026-07-07; inrb-sitrep-055-2026-07-08; inrb-sitrep-056-2026-07-09; inrb-sitrep-057-2026-07-10; inrb-sitrep-058-2026-07-11; inrb-sitrep-059-2026-07-12; inrb-umie-ebola-drc-2026-build-2026-05-28-bb8b7d5; inrb-umie-ebola-drc-2026-build-2026-06-01-b4cafc9; uganda-moh-ebola-update-2026-06-06; uganda-moh-ebola-update-2026-06-20; uganda-moh-ebola-update-2026-06-21; who-daily-epi-bdbv-2026-06-08; who-dg-remarks-bdbv-2026-05-20; who-dg-remarks-bdbv-2026-05-22; who-don602-2026-05-15-live; who-don603-2026-05-21-live; who-don606-bdbv-2026-06-08; who-ihr-ec-bdbv-temporary-recommendations-2026-05-22; who-pheic-2026-05-17-live; wikipedia-2026-ituri-epidemic-2026-05-20-live,"Descriptive watch-point interval, not a forecast or response recommendation."
corridor:283:kalunguta:kisangani-cod,kalunguta,kisangani-cod,30,0.005532160051423873,0.016235824896474016,0.011146094458064026,0.03253250930513765,0.00242560494792857,0.0635687032920206,zone-attributed confirmed count 2 for this source zone; visibility-adjustment factor 2.02× reflects under-reporting in source zone; raw risk likely understates true hazard,BDBV-CLAIM-050,derived_model_output_with_unsupported_exponent_attribution,pinned_snapshot_model_output,africa-cdc-phecs-2026-05-18-live; afro-sitrep-01-2026-05-18-live; afro-sitrep-01-pdf-2026-05-18-live; cdc-current-situation-2026-05-21; cdc-current-situation-2026-05-23; cdc-current-situation-2026-05-24; cdc-current-situation-2026-05-25; drc-moh-epidemie-dashboard-sitrep-009-graphql-2026-05-24; drc-moh-epidemie-dashboard-sitrep-mve-n-007-mvb-17-2026-pdf-2026-05-22; ecdc-bdbv-drc-uga-2026-05-19-live; ecdc-bdbv-drc-uga-2026-05-21-live; ecdc-bdbv-drc-uga-2026-05-25-live; ecdc-bdbv-drc-uga-2026-05-26-live; ecdc-bdbv-drc-uga-2026-05-27-live; inrb-sitrep-015-2026-05-29; inrb-sitrep-016-2026-05-30; inrb-sitrep-017-2026-05-31; inrb-sitrep-018-2026-06-01; inrb-sitrep-019-2026-06-02; inrb-sitrep-020-2026-06-03; inrb-sitrep-021-2026-06-04; inrb-sitrep-022-2026-06-05; inrb-sitrep-023-2026-06-06; inrb-sitrep-024-2026-06-07; inrb-sitrep-025-2026-06-08; inrb-sitrep-026-2026-06-09; inrb-sitrep-027-2026-06-10; inrb-sitrep-028-2026-06-11; inrb-sitrep-030-2026-06-13; inrb-sitrep-031-2026-06-14; inrb-sitrep-032-2026-06-15; inrb-sitrep-033-2026-06-16; inrb-sitrep-034-2026-06-17; inrb-sitrep-035-2026-06-18; inrb-sitrep-036-2026-06-19; inrb-sitrep-037-2026-06-20; inrb-sitrep-038-2026-06-21; inrb-sitrep-039-2026-06-22; inrb-sitrep-040-2026-06-23; inrb-sitrep-041-2026-06-24; inrb-sitrep-042-2026-06-25; inrb-sitrep-044-2026-06-27; inrb-sitrep-046-2026-06-29; inrb-sitrep-047-2026-06-30; inrb-sitrep-048-2026-07-01; inrb-sitrep-049-2026-07-02; inrb-sitrep-050-2026-07-03; inrb-sitrep-051-2026-07-04; inrb-sitrep-052-2026-07-05; inrb-sitrep-053-2026-07-06; inrb-sitrep-054-2026-07-07; inrb-sitrep-055-2026-07-08; inrb-sitrep-056-2026-07-09; inrb-sitrep-057-2026-07-10; inrb-sitrep-058-2026-07-11; inrb-sitrep-059-2026-07-12; inrb-umie-ebola-drc-2026-build-2026-05-28-bb8b7d5; inrb-umie-ebola-drc-2026-build-2026-06-01-b4cafc9; uganda-moh-ebola-update-2026-06-06; uganda-moh-ebola-update-2026-06-20; uganda-moh-ebola-update-2026-06-21; who-daily-epi-bdbv-2026-06-08; who-dg-remarks-bdbv-2026-05-20; who-dg-remarks-bdbv-2026-05-22; who-don602-2026-05-15-live; who-don603-2026-05-21-live; who-don606-bdbv-2026-06-08; who-ihr-ec-bdbv-temporary-recommendations-2026-05-22; who-pheic-2026-05-17-live; wikipedia-2026-ituri-epidemic-2026-05-20-live,"Descriptive watch-point interval, not a forecast or response recommendation."
corridor:284:kalunguta:kasese-uga,kalunguta,kasese-uga,30,0.006446576670851717,0.016161070439125902,0.012982367429378805,0.03238396493783671,0.0038852669271584733,0.060412429051505775,zone-attributed confirmed count 2 for this source zone; visibility-adjustment factor 2.02× reflects under-reporting in source zone; raw risk likely understates true hazard,BDBV-CLAIM-050,derived_model_output_with_unsupported_exponent_attribution,pinned_snapshot_model_output,africa-cdc-phecs-2026-05-18-live; afro-sitrep-01-2026-05-18-live; afro-sitrep-01-pdf-2026-05-18-live; cdc-current-situation-2026-05-21; cdc-current-situation-2026-05-23; cdc-current-situation-2026-05-24; cdc-current-situation-2026-05-25; drc-moh-epidemie-dashboard-sitrep-009-graphql-2026-05-24; drc-moh-epidemie-dashboard-sitrep-mve-n-007-mvb-17-2026-pdf-2026-05-22; ecdc-bdbv-drc-uga-2026-05-19-live; ecdc-bdbv-drc-uga-2026-05-21-live; ecdc-bdbv-drc-uga-2026-05-25-live; ecdc-bdbv-drc-uga-2026-05-26-live; ecdc-bdbv-drc-uga-2026-05-27-live; inrb-sitrep-015-2026-05-29; inrb-sitrep-016-2026-05-30; inrb-sitrep-017-2026-05-31; inrb-sitrep-018-2026-06-01; inrb-sitrep-019-2026-06-02; inrb-sitrep-020-2026-06-03; inrb-sitrep-021-2026-06-04; inrb-sitrep-022-2026-06-05; inrb-sitrep-023-2026-06-06; inrb-sitrep-024-2026-06-07; inrb-sitrep-025-2026-06-08; inrb-sitrep-026-2026-06-09; inrb-sitrep-027-2026-06-10; inrb-sitrep-028-2026-06-11; inrb-sitrep-030-2026-06-13; inrb-sitrep-031-2026-06-14; inrb-sitrep-032-2026-06-15; inrb-sitrep-033-2026-06-16; inrb-sitrep-034-2026-06-17; inrb-sitrep-035-2026-06-18; inrb-sitrep-036-2026-06-19; inrb-sitrep-037-2026-06-20; inrb-sitrep-038-2026-06-21; inrb-sitrep-039-2026-06-22; inrb-sitrep-040-2026-06-23; inrb-sitrep-041-2026-06-24; inrb-sitrep-042-2026-06-25; inrb-sitrep-044-2026-06-27; inrb-sitrep-046-2026-06-29; inrb-sitrep-047-2026-06-30; inrb-sitrep-048-2026-07-01; inrb-sitrep-049-2026-07-02; inrb-sitrep-050-2026-07-03; inrb-sitrep-051-2026-07-04; inrb-sitrep-052-2026-07-05; inrb-sitrep-053-2026-07-06; inrb-sitrep-054-2026-07-07; inrb-sitrep-055-2026-07-08; inrb-sitrep-056-2026-07-09; inrb-sitrep-057-2026-07-10; inrb-sitrep-058-2026-07-11; inrb-sitrep-059-2026-07-12; inrb-umie-ebola-drc-2026-build-2026-05-28-bb8b7d5; inrb-umie-ebola-drc-2026-build-2026-06-01-b4cafc9; uganda-moh-ebola-update-2026-06-06; uganda-moh-ebola-update-2026-06-20; uganda-moh-ebola-update-2026-06-21; who-daily-epi-bdbv-2026-06-08; who-dg-remarks-bdbv-2026-05-20; who-dg-remarks-bdbv-2026-05-22; who-don602-2026-05-15-live; who-don603-2026-05-21-live; who-don606-bdbv-2026-06-08; who-ihr-ec-bdbv-temporary-recommendations-2026-05-22; who-pheic-2026-05-17-live; wikipedia-2026-ituri-epidemic-2026-05-20-live,"Descriptive watch-point interval, not a forecast or response recommendation."
corridor:285:kambala:bundibugyo-uga,kambala,bundibugyo-uga,30,0.0053727642702778855,0.01614955422587086,0.010825829589370006,0.03236108055522924,0.002281106312217785,0.0662389804243489,zone-attributed confirmed count 2 for this source zone; visibility-adjustment factor 2.02× reflects under-reporting in source zone; raw risk likely understates true hazard,BDBV-CLAIM-050,derived_model_output_with_unsupported_exponent_attribution,pinned_snapshot_model_output,africa-cdc-phecs-2026-05-18-live; afro-sitrep-01-2026-05-18-live; afro-sitrep-01-pdf-2026-05-18-live; cdc-current-situation-2026-05-21; cdc-current-situation-2026-05-23; cdc-current-situation-2026-05-24; cdc-current-situation-2026-05-25; drc-moh-epidemie-dashboard-sitrep-009-graphql-2026-05-24; drc-moh-epidemie-dashboard-sitrep-mve-n-007-mvb-17-2026-pdf-2026-05-22; ecdc-bdbv-drc-uga-2026-05-19-live; ecdc-bdbv-drc-uga-2026-05-21-live; ecdc-bdbv-drc-uga-2026-05-25-live; ecdc-bdbv-drc-uga-2026-05-26-live; ecdc-bdbv-drc-uga-2026-05-27-live; inrb-sitrep-015-2026-05-29; inrb-sitrep-016-2026-05-30; inrb-sitrep-017-2026-05-31; inrb-sitrep-018-2026-06-01; inrb-sitrep-019-2026-06-02; inrb-sitrep-020-2026-06-03; inrb-sitrep-021-2026-06-04; inrb-sitrep-022-2026-06-05; inrb-sitrep-023-2026-06-06; inrb-sitrep-024-2026-06-07; inrb-sitrep-025-2026-06-08; inrb-sitrep-026-2026-06-09; inrb-sitrep-027-2026-06-10; inrb-sitrep-028-2026-06-11; inrb-sitrep-030-2026-06-13; inrb-sitrep-031-2026-06-14; inrb-sitrep-032-2026-06-15; inrb-sitrep-033-2026-06-16; inrb-sitrep-034-2026-06-17; inrb-sitrep-035-2026-06-18; inrb-sitrep-036-2026-06-19; inrb-sitrep-037-2026-06-20; inrb-sitrep-038-2026-06-21; inrb-sitrep-039-2026-06-22; inrb-sitrep-040-2026-06-23; inrb-sitrep-041-2026-06-24; inrb-sitrep-042-2026-06-25; inrb-sitrep-044-2026-06-27; inrb-sitrep-046-2026-06-29; inrb-sitrep-047-2026-06-30; inrb-sitrep-048-2026-07-01; inrb-sitrep-049-2026-07-02; inrb-sitrep-050-2026-07-03; inrb-sitrep-051-2026-07-04; inrb-sitrep-052-2026-07-05; inrb-sitrep-053-2026-07-06; inrb-sitrep-054-2026-07-07; inrb-sitrep-055-2026-07-08; inrb-sitrep-056-2026-07-09; inrb-sitrep-057-2026-07-10; inrb-sitrep-058-2026-07-11; inrb-sitrep-059-2026-07-12; inrb-umie-ebola-drc-2026-build-2026-05-28-bb8b7d5; inrb-umie-ebola-drc-2026-build-2026-06-01-b4cafc9; uganda-moh-ebola-update-2026-06-06; uganda-moh-ebola-update-2026-06-20; uganda-moh-ebola-update-2026-06-21; who-daily-epi-bdbv-2026-06-08; who-dg-remarks-bdbv-2026-05-20; who-dg-remarks-bdbv-2026-05-22; who-don602-2026-05-15-live; who-don603-2026-05-21-live; who-don606-bdbv-2026-06-08; who-ihr-ec-bdbv-temporary-recommendations-2026-05-22; who-pheic-2026-05-17-live; wikipedia-2026-ituri-epidemic-2026-05-20-live,"Descriptive watch-point interval, not a forecast or response recommendation."
corridor:286:kambala:yei-ssd,kambala,yei-ssd,30,0.005618309336307609,0.016148436050552578,0.011319167497068627,0.032358858456721595,0.0035981353460083076,0.06084169243944286,zone-attributed confirmed count 2 for this source zone; visibility-adjustment factor 2.02× reflects under-reporting in source zone; raw risk likely understates true hazard,BDBV-CLAIM-050,derived_model_output_with_unsupported_exponent_attribution,pinned_snapshot_model_output,africa-cdc-phecs-2026-05-18-live; afro-sitrep-01-2026-05-18-live; afro-sitrep-01-pdf-2026-05-18-live; cdc-current-situation-2026-05-21; cdc-current-situation-2026-05-23; cdc-current-situation-2026-05-24; cdc-current-situation-2026-05-25; drc-moh-epidemie-dashboard-sitrep-009-graphql-2026-05-24; drc-moh-epidemie-dashboard-sitrep-mve-n-007-mvb-17-2026-pdf-2026-05-22; ecdc-bdbv-drc-uga-2026-05-19-live; ecdc-bdbv-drc-uga-2026-05-21-live; ecdc-bdbv-drc-uga-2026-05-25-live; ecdc-bdbv-drc-uga-2026-05-26-live; ecdc-bdbv-drc-uga-2026-05-27-live; inrb-sitrep-015-2026-05-29; inrb-sitrep-016-2026-05-30; inrb-sitrep-017-2026-05-31; inrb-sitrep-018-2026-06-01; inrb-sitrep-019-2026-06-02; inrb-sitrep-020-2026-06-03; inrb-sitrep-021-2026-06-04; inrb-sitrep-022-2026-06-05; inrb-sitrep-023-2026-06-06; inrb-sitrep-024-2026-06-07; inrb-sitrep-025-2026-06-08; inrb-sitrep-026-2026-06-09; inrb-sitrep-027-2026-06-10; inrb-sitrep-028-2026-06-11; inrb-sitrep-030-2026-06-13; inrb-sitrep-031-2026-06-14; inrb-sitrep-032-2026-06-15; inrb-sitrep-033-2026-06-16; inrb-sitrep-034-2026-06-17; inrb-sitrep-035-2026-06-18; inrb-sitrep-036-2026-06-19; inrb-sitrep-037-2026-06-20; inrb-sitrep-038-2026-06-21; inrb-sitrep-039-2026-06-22; inrb-sitrep-040-2026-06-23; inrb-sitrep-041-2026-06-24; inrb-sitrep-042-2026-06-25; inrb-sitrep-044-2026-06-27; inrb-sitrep-046-2026-06-29; inrb-sitrep-047-2026-06-30; inrb-sitrep-048-2026-07-01; inrb-sitrep-049-2026-07-02; inrb-sitrep-050-2026-07-03; inrb-sitrep-051-2026-07-04; inrb-sitrep-052-2026-07-05; inrb-sitrep-053-2026-07-06; inrb-sitrep-054-2026-07-07; inrb-sitrep-055-2026-07-08; inrb-sitrep-056-2026-07-09; inrb-sitrep-057-2026-07-10; inrb-sitrep-058-2026-07-11; inrb-sitrep-059-2026-07-12; inrb-umie-ebola-drc-2026-build-2026-05-28-bb8b7d5; inrb-umie-ebola-drc-2026-build-2026-06-01-b4cafc9; uganda-moh-ebola-update-2026-06-06; uganda-moh-ebola-update-2026-06-20; uganda-moh-ebola-update-2026-06-21; who-daily-epi-bdbv-2026-06-08; who-dg-remarks-bdbv-2026-05-20; who-dg-remarks-bdbv-2026-05-22; who-don602-2026-05-15-live; who-don603-2026-05-21-live; who-don606-bdbv-2026-06-08; who-ihr-ec-bdbv-temporary-recommendations-2026-05-22; who-pheic-2026-05-17-live; wikipedia-2026-ituri-epidemic-2026-05-20-live,"Descriptive watch-point interval, not a forecast or response recommendation."
corridor:287:kambala:kampala-uga,kambala,kampala-uga,30,0.005408120721855758,0.016080352251313323,0.010896872304379551,0.03222355815139147,0.0025052220495588974,0.06925462298256767,zone-attributed confirmed count 2 for this source zone; visibility-adjustment factor 2.02× reflects under-reporting in source zone; raw risk likely understates true hazard,BDBV-CLAIM-050,derived_model_output_with_unsupported_exponent_attribution,pinned_snapshot_model_output,africa-cdc-phecs-2026-05-18-live; afro-sitrep-01-2026-05-18-live; afro-sitrep-01-pdf-2026-05-18-live; cdc-current-situation-2026-05-21; cdc-current-situation-2026-05-23; cdc-current-situation-2026-05-24; cdc-current-situation-2026-05-25; drc-moh-epidemie-dashboard-sitrep-009-graphql-2026-05-24; drc-moh-epidemie-dashboard-sitrep-mve-n-007-mvb-17-2026-pdf-2026-05-22; ecdc-bdbv-drc-uga-2026-05-19-live; ecdc-bdbv-drc-uga-2026-05-21-live; ecdc-bdbv-drc-uga-2026-05-25-live; ecdc-bdbv-drc-uga-2026-05-26-live; ecdc-bdbv-drc-uga-2026-05-27-live; inrb-sitrep-015-2026-05-29; inrb-sitrep-016-2026-05-30; inrb-sitrep-017-2026-05-31; inrb-sitrep-018-2026-06-01; inrb-sitrep-019-2026-06-02; inrb-sitrep-020-2026-06-03; inrb-sitrep-021-2026-06-04; inrb-sitrep-022-2026-06-05; inrb-sitrep-023-2026-06-06; inrb-sitrep-024-2026-06-07; inrb-sitrep-025-2026-06-08; inrb-sitrep-026-2026-06-09; inrb-sitrep-027-2026-06-10; inrb-sitrep-028-2026-06-11; inrb-sitrep-030-2026-06-13; inrb-sitrep-031-2026-06-14; inrb-sitrep-032-2026-06-15; inrb-sitrep-033-2026-06-16; inrb-sitrep-034-2026-06-17; inrb-sitrep-035-2026-06-18; inrb-sitrep-036-2026-06-19; inrb-sitrep-037-2026-06-20; inrb-sitrep-038-2026-06-21; inrb-sitrep-039-2026-06-22; inrb-sitrep-040-2026-06-23; inrb-sitrep-041-2026-06-24; inrb-sitrep-042-2026-06-25; inrb-sitrep-044-2026-06-27; inrb-sitrep-046-2026-06-29; inrb-sitrep-047-2026-06-30; inrb-sitrep-048-2026-07-01; inrb-sitrep-049-2026-07-02; inrb-sitrep-050-2026-07-03; inrb-sitrep-051-2026-07-04; inrb-sitrep-052-2026-07-05; inrb-sitrep-053-2026-07-06; inrb-sitrep-054-2026-07-07; inrb-sitrep-055-2026-07-08; inrb-sitrep-056-2026-07-09; inrb-sitrep-057-2026-07-10; inrb-sitrep-058-2026-07-11; inrb-sitrep-059-2026-07-12; inrb-umie-ebola-drc-2026-build-2026-05-28-bb8b7d5; inrb-umie-ebola-drc-2026-build-2026-06-01-b4cafc9; uganda-moh-ebola-update-2026-06-06; uganda-moh-ebola-update-2026-06-20; uganda-moh-ebola-update-2026-06-21; who-daily-epi-bdbv-2026-06-08; who-dg-remarks-bdbv-2026-05-20; who-dg-remarks-bdbv-2026-05-22; who-don602-2026-05-15-live; who-don603-2026-05-21-live; who-don606-bdbv-2026-06-08; who-ihr-ec-bdbv-temporary-recommendations-2026-05-22; who-pheic-2026-05-17-live; wikipedia-2026-ituri-epidemic-2026-05-20-live,"Descriptive watch-point interval, not a forecast or response recommendation."
corridor:288:kalunguta:bundibugyo-uga,kalunguta,bundibugyo-uga,30,0.0056439966517400075,0.015839789435427576,0.011370765480193334,0.031745419713504475,0.0032437837911086427,0.06035778790074655,zone-attributed confirmed count 2 for this source zone; visibility-adjustment factor 2.02× reflects under-reporting in source zone; raw risk likely understates true hazard,BDBV-CLAIM-050,derived_model_output_with_unsupported_exponent_attribution,pinned_snapshot_model_output,africa-cdc-phecs-2026-05-18-live; afro-sitrep-01-2026-05-18-live; afro-sitrep-01-pdf-2026-05-18-live; cdc-current-situation-2026-05-21; cdc-current-situation-2026-05-23; cdc-current-situation-2026-05-24; cdc-current-situation-2026-05-25; drc-moh-epidemie-dashboard-sitrep-009-graphql-2026-05-24; drc-moh-epidemie-dashboard-sitrep-mve-n-007-mvb-17-2026-pdf-2026-05-22; ecdc-bdbv-drc-uga-2026-05-19-live; ecdc-bdbv-drc-uga-2026-05-21-live; ecdc-bdbv-drc-uga-2026-05-25-live; ecdc-bdbv-drc-uga-2026-05-26-live; ecdc-bdbv-drc-uga-2026-05-27-live; inrb-sitrep-015-2026-05-29; inrb-sitrep-016-2026-05-30; inrb-sitrep-017-2026-05-31; inrb-sitrep-018-2026-06-01; inrb-sitrep-019-2026-06-02; inrb-sitrep-020-2026-06-03; inrb-sitrep-021-2026-06-04; inrb-sitrep-022-2026-06-05; inrb-sitrep-023-2026-06-06; inrb-sitrep-024-2026-06-07; inrb-sitrep-025-2026-06-08; inrb-sitrep-026-2026-06-09; inrb-sitrep-027-2026-06-10; inrb-sitrep-028-2026-06-11; inrb-sitrep-030-2026-06-13; inrb-sitrep-031-2026-06-14; inrb-sitrep-032-2026-06-15; inrb-sitrep-033-2026-06-16; inrb-sitrep-034-2026-06-17; inrb-sitrep-035-2026-06-18; inrb-sitrep-036-2026-06-19; inrb-sitrep-037-2026-06-20; inrb-sitrep-038-2026-06-21; inrb-sitrep-039-2026-06-22; inrb-sitrep-040-2026-06-23; inrb-sitrep-041-2026-06-24; inrb-sitrep-042-2026-06-25; inrb-sitrep-044-2026-06-27; inrb-sitrep-046-2026-06-29; inrb-sitrep-047-2026-06-30; inrb-sitrep-048-2026-07-01; inrb-sitrep-049-2026-07-02; inrb-sitrep-050-2026-07-03; inrb-sitrep-051-2026-07-04; inrb-sitrep-052-2026-07-05; inrb-sitrep-053-2026-07-06; inrb-sitrep-054-2026-07-07; inrb-sitrep-055-2026-07-08; inrb-sitrep-056-2026-07-09; inrb-sitrep-057-2026-07-10; inrb-sitrep-058-2026-07-11; inrb-sitrep-059-2026-07-12; inrb-umie-ebola-drc-2026-build-2026-05-28-bb8b7d5; inrb-umie-ebola-drc-2026-build-2026-06-01-b4cafc9; uganda-moh-ebola-update-2026-06-06; uganda-moh-ebola-update-2026-06-20; uganda-moh-ebola-update-2026-06-21; who-daily-epi-bdbv-2026-06-08; who-dg-remarks-bdbv-2026-05-20; who-dg-remarks-bdbv-2026-05-22; who-don602-2026-05-15-live; who-don603-2026-05-21-live; who-don606-bdbv-2026-06-08; who-ihr-ec-bdbv-temporary-recommendations-2026-05-22; who-pheic-2026-05-17-live; wikipedia-2026-ituri-epidemic-2026-05-20-live,"Descriptive watch-point interval, not a forecast or response recommendation."
corridor:289:kalunguta:goma-cod,kalunguta,goma-cod,30,0.005819472594016689,0.01581682986057495,0.011723241508592108,0.0316997718450375,0.003041197272653287,0.06589699708919597,zone-attributed confirmed count 2 for this source zone; visibility-adjustment factor 2.02× reflects under-reporting in source zone; raw risk likely understates true hazard,BDBV-CLAIM-050,derived_model_output_with_unsupported_exponent_attribution,pinned_snapshot_model_output,africa-cdc-phecs-2026-05-18-live; afro-sitrep-01-2026-05-18-live; afro-sitrep-01-pdf-2026-05-18-live; cdc-current-situation-2026-05-21; cdc-current-situation-2026-05-23; cdc-current-situation-2026-05-24; cdc-current-situation-2026-05-25; drc-moh-epidemie-dashboard-sitrep-009-graphql-2026-05-24; drc-moh-epidemie-dashboard-sitrep-mve-n-007-mvb-17-2026-pdf-2026-05-22; ecdc-bdbv-drc-uga-2026-05-19-live; ecdc-bdbv-drc-uga-2026-05-21-live; ecdc-bdbv-drc-uga-2026-05-25-live; ecdc-bdbv-drc-uga-2026-05-26-live; ecdc-bdbv-drc-uga-2026-05-27-live; inrb-sitrep-015-2026-05-29; inrb-sitrep-016-2026-05-30; inrb-sitrep-017-2026-05-31; inrb-sitrep-018-2026-06-01; inrb-sitrep-019-2026-06-02; inrb-sitrep-020-2026-06-03; inrb-sitrep-021-2026-06-04; inrb-sitrep-022-2026-06-05; inrb-sitrep-023-2026-06-06; inrb-sitrep-024-2026-06-07; inrb-sitrep-025-2026-06-08; inrb-sitrep-026-2026-06-09; inrb-sitrep-027-2026-06-10; inrb-sitrep-028-2026-06-11; inrb-sitrep-030-2026-06-13; inrb-sitrep-031-2026-06-14; inrb-sitrep-032-2026-06-15; inrb-sitrep-033-2026-06-16; inrb-sitrep-034-2026-06-17; inrb-sitrep-035-2026-06-18; inrb-sitrep-036-2026-06-19; inrb-sitrep-037-2026-06-20; inrb-sitrep-038-2026-06-21; inrb-sitrep-039-2026-06-22; inrb-sitrep-040-2026-06-23; inrb-sitrep-041-2026-06-24; inrb-sitrep-042-2026-06-25; inrb-sitrep-044-2026-06-27; inrb-sitrep-046-2026-06-29; inrb-sitrep-047-2026-06-30; inrb-sitrep-048-2026-07-01; inrb-sitrep-049-2026-07-02; inrb-sitrep-050-2026-07-03; inrb-sitrep-051-2026-07-04; inrb-sitrep-052-2026-07-05; inrb-sitrep-053-2026-07-06; inrb-sitrep-054-2026-07-07; inrb-sitrep-055-2026-07-08; inrb-sitrep-056-2026-07-09; inrb-sitrep-057-2026-07-10; inrb-sitrep-058-2026-07-11; inrb-sitrep-059-2026-07-12; inrb-umie-ebola-drc-2026-build-2026-05-28-bb8b7d5; inrb-umie-ebola-drc-2026-build-2026-06-01-b4cafc9; uganda-moh-ebola-update-2026-06-06; uganda-moh-ebola-update-2026-06-20; uganda-moh-ebola-update-2026-06-21; who-daily-epi-bdbv-2026-06-08; who-dg-remarks-bdbv-2026-05-20; who-dg-remarks-bdbv-2026-05-22; who-don602-2026-05-15-live; who-don603-2026-05-21-live; who-don606-bdbv-2026-06-08; who-ihr-ec-bdbv-temporary-recommendations-2026-05-22; who-pheic-2026-05-17-live; wikipedia-2026-ituri-epidemic-2026-05-20-live,"Descriptive watch-point interval, not a forecast or response recommendation."
corridor:290:kalunguta:arua-uga,kalunguta,arua-uga,30,0.00616833344170542,0.01572007998426178,0.012423799657419715,0.03150744128734789,0.002888645603462636,0.060927411968740526,zone-attributed confirmed count 2 for this source zone; visibility-adjustment factor 2.02× reflects under-reporting in source zone; raw risk likely understates true hazard,BDBV-CLAIM-050,derived_model_output_with_unsupported_exponent_attribution,pinned_snapshot_model_output,africa-cdc-phecs-2026-05-18-live; afro-sitrep-01-2026-05-18-live; afro-sitrep-01-pdf-2026-05-18-live; cdc-current-situation-2026-05-21; cdc-current-situation-2026-05-23; cdc-current-situation-2026-05-24; cdc-current-situation-2026-05-25; drc-moh-epidemie-dashboard-sitrep-009-graphql-2026-05-24; drc-moh-epidemie-dashboard-sitrep-mve-n-007-mvb-17-2026-pdf-2026-05-22; ecdc-bdbv-drc-uga-2026-05-19-live; ecdc-bdbv-drc-uga-2026-05-21-live; ecdc-bdbv-drc-uga-2026-05-25-live; ecdc-bdbv-drc-uga-2026-05-26-live; ecdc-bdbv-drc-uga-2026-05-27-live; inrb-sitrep-015-2026-05-29; inrb-sitrep-016-2026-05-30; inrb-sitrep-017-2026-05-31; inrb-sitrep-018-2026-06-01; inrb-sitrep-019-2026-06-02; inrb-sitrep-020-2026-06-03; inrb-sitrep-021-2026-06-04; inrb-sitrep-022-2026-06-05; inrb-sitrep-023-2026-06-06; inrb-sitrep-024-2026-06-07; inrb-sitrep-025-2026-06-08; inrb-sitrep-026-2026-06-09; inrb-sitrep-027-2026-06-10; inrb-sitrep-028-2026-06-11; inrb-sitrep-030-2026-06-13; inrb-sitrep-031-2026-06-14; inrb-sitrep-032-2026-06-15; inrb-sitrep-033-2026-06-16; inrb-sitrep-034-2026-06-17; inrb-sitrep-035-2026-06-18; inrb-sitrep-036-2026-06-19; inrb-sitrep-037-2026-06-20; inrb-sitrep-038-2026-06-21; inrb-sitrep-039-2026-06-22; inrb-sitrep-040-2026-06-23; inrb-sitrep-041-2026-06-24; inrb-sitrep-042-2026-06-25; inrb-sitrep-044-2026-06-27; inrb-sitrep-046-2026-06-29; inrb-sitrep-047-2026-06-30; inrb-sitrep-048-2026-07-01; inrb-sitrep-049-2026-07-02; inrb-sitrep-050-2026-07-03; inrb-sitrep-051-2026-07-04; inrb-sitrep-052-2026-07-05; inrb-sitrep-053-2026-07-06; inrb-sitrep-054-2026-07-07; inrb-sitrep-055-2026-07-08; inrb-sitrep-056-2026-07-09; inrb-sitrep-057-2026-07-10; inrb-sitrep-058-2026-07-11; inrb-sitrep-059-2026-07-12; inrb-umie-ebola-drc-2026-build-2026-05-28-bb8b7d5; inrb-umie-ebola-drc-2026-build-2026-06-01-b4cafc9; uganda-moh-ebola-update-2026-06-06; uganda-moh-ebola-update-2026-06-20; uganda-moh-ebola-update-2026-06-21; who-daily-epi-bdbv-2026-06-08; who-dg-remarks-bdbv-2026-05-20; who-dg-remarks-bdbv-2026-05-22; who-don602-2026-05-15-live; who-don603-2026-05-21-live; who-don606-bdbv-2026-06-08; who-ihr-ec-bdbv-temporary-recommendations-2026-05-22; who-pheic-2026-05-17-live; wikipedia-2026-ituri-epidemic-2026-05-20-live,"Descriptive watch-point interval, not a forecast or response recommendation."
corridor:291:kambala:nebbi-uga,kambala,nebbi-uga,30,0.005520779403757808,0.015667768601934834,0.011123229388800282,0.031403440485579,0.0031672018498573847,0.06511472420887177,zone-attributed confirmed count 2 for this source zone; visibility-adjustment factor 2.02× reflects under-reporting in source zone; raw risk likely understates true hazard,BDBV-CLAIM-050,derived_model_output_with_unsupported_exponent_attribution,pinned_snapshot_model_output,africa-cdc-phecs-2026-05-18-live; afro-sitrep-01-2026-05-18-live; afro-sitrep-01-pdf-2026-05-18-live; cdc-current-situation-2026-05-21; cdc-current-situation-2026-05-23; cdc-current-situation-2026-05-24; cdc-current-situation-2026-05-25; drc-moh-epidemie-dashboard-sitrep-009-graphql-2026-05-24; drc-moh-epidemie-dashboard-sitrep-mve-n-007-mvb-17-2026-pdf-2026-05-22; ecdc-bdbv-drc-uga-2026-05-19-live; ecdc-bdbv-drc-uga-2026-05-21-live; ecdc-bdbv-drc-uga-2026-05-25-live; ecdc-bdbv-drc-uga-2026-05-26-live; ecdc-bdbv-drc-uga-2026-05-27-live; inrb-sitrep-015-2026-05-29; inrb-sitrep-016-2026-05-30; inrb-sitrep-017-2026-05-31; inrb-sitrep-018-2026-06-01; inrb-sitrep-019-2026-06-02; inrb-sitrep-020-2026-06-03; inrb-sitrep-021-2026-06-04; inrb-sitrep-022-2026-06-05; inrb-sitrep-023-2026-06-06; inrb-sitrep-024-2026-06-07; inrb-sitrep-025-2026-06-08; inrb-sitrep-026-2026-06-09; inrb-sitrep-027-2026-06-10; inrb-sitrep-028-2026-06-11; inrb-sitrep-030-2026-06-13; inrb-sitrep-031-2026-06-14; inrb-sitrep-032-2026-06-15; inrb-sitrep-033-2026-06-16; inrb-sitrep-034-2026-06-17; inrb-sitrep-035-2026-06-18; inrb-sitrep-036-2026-06-19; inrb-sitrep-037-2026-06-20; inrb-sitrep-038-2026-06-21; inrb-sitrep-039-2026-06-22; inrb-sitrep-040-2026-06-23; inrb-sitrep-041-2026-06-24; inrb-sitrep-042-2026-06-25; inrb-sitrep-044-2026-06-27; inrb-sitrep-046-2026-06-29; inrb-sitrep-047-2026-06-30; inrb-sitrep-048-2026-07-01; inrb-sitrep-049-2026-07-02; inrb-sitrep-050-2026-07-03; inrb-sitrep-051-2026-07-04; inrb-sitrep-052-2026-07-05; inrb-sitrep-053-2026-07-06; inrb-sitrep-054-2026-07-07; inrb-sitrep-055-2026-07-08; inrb-sitrep-056-2026-07-09; inrb-sitrep-057-2026-07-10; inrb-sitrep-058-2026-07-11; inrb-sitrep-059-2026-07-12; inrb-umie-ebola-drc-2026-build-2026-05-28-bb8b7d5; inrb-umie-ebola-drc-2026-build-2026-06-01-b4cafc9; uganda-moh-ebola-update-2026-06-06; uganda-moh-ebola-update-2026-06-20; uganda-moh-ebola-update-2026-06-21; who-daily-epi-bdbv-2026-06-08; who-dg-remarks-bdbv-2026-05-20; who-dg-remarks-bdbv-2026-05-22; who-don602-2026-05-15-live; who-don603-2026-05-21-live; who-don606-bdbv-2026-06-08; who-ihr-ec-bdbv-temporary-recommendations-2026-05-22; who-pheic-2026-05-17-live; wikipedia-2026-ituri-epidemic-2026-05-20-live,"Descriptive watch-point interval, not a forecast or response recommendation."
corridor:292:kalunguta:beni-cod,kalunguta,beni-cod,30,0.0053668859433324,0.015628932798670253,0.010814017570113799,0.03132622665807919,0.0027153737189970113,0.06291964940155197,zone-attributed confirmed count 2 for this source zone; visibility-adjustment factor 2.02× reflects under-reporting in source zone; raw risk likely understates true hazard,BDBV-CLAIM-050,derived_model_output_with_unsupported_exponent_attribution,pinned_snapshot_model_output,africa-cdc-phecs-2026-05-18-live; afro-sitrep-01-2026-05-18-live; afro-sitrep-01-pdf-2026-05-18-live; cdc-current-situation-2026-05-21; cdc-current-situation-2026-05-23; cdc-current-situation-2026-05-24; cdc-current-situation-2026-05-25; drc-moh-epidemie-dashboard-sitrep-009-graphql-2026-05-24; drc-moh-epidemie-dashboard-sitrep-mve-n-007-mvb-17-2026-pdf-2026-05-22; ecdc-bdbv-drc-uga-2026-05-19-live; ecdc-bdbv-drc-uga-2026-05-21-live; ecdc-bdbv-drc-uga-2026-05-25-live; ecdc-bdbv-drc-uga-2026-05-26-live; ecdc-bdbv-drc-uga-2026-05-27-live; inrb-sitrep-015-2026-05-29; inrb-sitrep-016-2026-05-30; inrb-sitrep-017-2026-05-31; inrb-sitrep-018-2026-06-01; inrb-sitrep-019-2026-06-02; inrb-sitrep-020-2026-06-03; inrb-sitrep-021-2026-06-04; inrb-sitrep-022-2026-06-05; inrb-sitrep-023-2026-06-06; inrb-sitrep-024-2026-06-07; inrb-sitrep-025-2026-06-08; inrb-sitrep-026-2026-06-09; inrb-sitrep-027-2026-06-10; inrb-sitrep-028-2026-06-11; inrb-sitrep-030-2026-06-13; inrb-sitrep-031-2026-06-14; inrb-sitrep-032-2026-06-15; inrb-sitrep-033-2026-06-16; inrb-sitrep-034-2026-06-17; inrb-sitrep-035-2026-06-18; inrb-sitrep-036-2026-06-19; inrb-sitrep-037-2026-06-20; inrb-sitrep-038-2026-06-21; inrb-sitrep-039-2026-06-22; inrb-sitrep-040-2026-06-23; inrb-sitrep-041-2026-06-24; inrb-sitrep-042-2026-06-25; inrb-sitrep-044-2026-06-27; inrb-sitrep-046-2026-06-29; inrb-sitrep-047-2026-06-30; inrb-sitrep-048-2026-07-01; inrb-sitrep-049-2026-07-02; inrb-sitrep-050-2026-07-03; inrb-sitrep-051-2026-07-04; inrb-sitrep-052-2026-07-05; inrb-sitrep-053-2026-07-06; inrb-sitrep-054-2026-07-07; inrb-sitrep-055-2026-07-08; inrb-sitrep-056-2026-07-09; inrb-sitrep-057-2026-07-10; inrb-sitrep-058-2026-07-11; inrb-sitrep-059-2026-07-12; inrb-umie-ebola-drc-2026-build-2026-05-28-bb8b7d5; inrb-umie-ebola-drc-2026-build-2026-06-01-b4cafc9; uganda-moh-ebola-update-2026-06-06; uganda-moh-ebola-update-2026-06-20; uganda-moh-ebola-update-2026-06-21; who-daily-epi-bdbv-2026-06-08; who-dg-remarks-bdbv-2026-05-20; who-dg-remarks-bdbv-2026-05-22; who-don602-2026-05-15-live; who-don603-2026-05-21-live; who-don606-bdbv-2026-06-08; who-ihr-ec-bdbv-temporary-recommendations-2026-05-22; who-pheic-2026-05-17-live; wikipedia-2026-ituri-epidemic-2026-05-20-live,"Descriptive watch-point interval, not a forecast or response recommendation."
corridor:293:kalunguta:yei-ssd,kalunguta,yei-ssd,30,0.005667332084674709,0.015599414073546564,0.01141764624474606,0.03126753471254404,0.002695533243544979,0.06179040586603269,zone-attributed confirmed count 2 for this source zone; visibility-adjustment factor 2.02× reflects under-reporting in source zone; raw risk likely understates true hazard,BDBV-CLAIM-050,derived_model_output_with_unsupported_exponent_attribution,pinned_snapshot_model_output,africa-cdc-phecs-2026-05-18-live; afro-sitrep-01-2026-05-18-live; afro-sitrep-01-pdf-2026-05-18-live; cdc-current-situation-2026-05-21; cdc-current-situation-2026-05-23; cdc-current-situation-2026-05-24; cdc-current-situation-2026-05-25; drc-moh-epidemie-dashboard-sitrep-009-graphql-2026-05-24; drc-moh-epidemie-dashboard-sitrep-mve-n-007-mvb-17-2026-pdf-2026-05-22; ecdc-bdbv-drc-uga-2026-05-19-live; ecdc-bdbv-drc-uga-2026-05-21-live; ecdc-bdbv-drc-uga-2026-05-25-live; ecdc-bdbv-drc-uga-2026-05-26-live; ecdc-bdbv-drc-uga-2026-05-27-live; inrb-sitrep-015-2026-05-29; inrb-sitrep-016-2026-05-30; inrb-sitrep-017-2026-05-31; inrb-sitrep-018-2026-06-01; inrb-sitrep-019-2026-06-02; inrb-sitrep-020-2026-06-03; inrb-sitrep-021-2026-06-04; inrb-sitrep-022-2026-06-05; inrb-sitrep-023-2026-06-06; inrb-sitrep-024-2026-06-07; inrb-sitrep-025-2026-06-08; inrb-sitrep-026-2026-06-09; inrb-sitrep-027-2026-06-10; inrb-sitrep-028-2026-06-11; inrb-sitrep-030-2026-06-13; inrb-sitrep-031-2026-06-14; inrb-sitrep-032-2026-06-15; inrb-sitrep-033-2026-06-16; inrb-sitrep-034-2026-06-17; inrb-sitrep-035-2026-06-18; inrb-sitrep-036-2026-06-19; inrb-sitrep-037-2026-06-20; inrb-sitrep-038-2026-06-21; inrb-sitrep-039-2026-06-22; inrb-sitrep-040-2026-06-23; inrb-sitrep-041-2026-06-24; inrb-sitrep-042-2026-06-25; inrb-sitrep-044-2026-06-27; inrb-sitrep-046-2026-06-29; inrb-sitrep-047-2026-06-30; inrb-sitrep-048-2026-07-01; inrb-sitrep-049-2026-07-02; inrb-sitrep-050-2026-07-03; inrb-sitrep-051-2026-07-04; inrb-sitrep-052-2026-07-05; inrb-sitrep-053-2026-07-06; inrb-sitrep-054-2026-07-07; inrb-sitrep-055-2026-07-08; inrb-sitrep-056-2026-07-09; inrb-sitrep-057-2026-07-10; inrb-sitrep-058-2026-07-11; inrb-sitrep-059-2026-07-12; inrb-umie-ebola-drc-2026-build-2026-05-28-bb8b7d5; inrb-umie-ebola-drc-2026-build-2026-06-01-b4cafc9; uganda-moh-ebola-update-2026-06-06; uganda-moh-ebola-update-2026-06-20; uganda-moh-ebola-update-2026-06-21; who-daily-epi-bdbv-2026-06-08; who-dg-remarks-bdbv-2026-05-20; who-dg-remarks-bdbv-2026-05-22; who-don602-2026-05-15-live; who-don603-2026-05-21-live; who-don606-bdbv-2026-06-08; who-ihr-ec-bdbv-temporary-recommendations-2026-05-22; who-pheic-2026-05-17-live; wikipedia-2026-ituri-epidemic-2026-05-20-live,"Descriptive watch-point interval, not a forecast or response recommendation."
corridor:294:kambala:kisangani-cod,kambala,kisangani-cod,30,0.005838793558125083,0.015547706211373441,0.01176204039507972,0.03116471942748386,0.0028622803184654875,0.06170533893480449,zone-attributed confirmed count 2 for this source zone; visibility-adjustment factor 2.02× reflects under-reporting in source zone; raw risk likely understates true hazard,BDBV-CLAIM-050,derived_model_output_with_unsupported_exponent_attribution,pinned_snapshot_model_output,africa-cdc-phecs-2026-05-18-live; afro-sitrep-01-2026-05-18-live; afro-sitrep-01-pdf-2026-05-18-live; cdc-current-situation-2026-05-21; cdc-current-situation-2026-05-23; cdc-current-situation-2026-05-24; cdc-current-situation-2026-05-25; drc-moh-epidemie-dashboard-sitrep-009-graphql-2026-05-24; drc-moh-epidemie-dashboard-sitrep-mve-n-007-mvb-17-2026-pdf-2026-05-22; ecdc-bdbv-drc-uga-2026-05-19-live; ecdc-bdbv-drc-uga-2026-05-21-live; ecdc-bdbv-drc-uga-2026-05-25-live; ecdc-bdbv-drc-uga-2026-05-26-live; ecdc-bdbv-drc-uga-2026-05-27-live; inrb-sitrep-015-2026-05-29; inrb-sitrep-016-2026-05-30; inrb-sitrep-017-2026-05-31; inrb-sitrep-018-2026-06-01; inrb-sitrep-019-2026-06-02; inrb-sitrep-020-2026-06-03; inrb-sitrep-021-2026-06-04; inrb-sitrep-022-2026-06-05; inrb-sitrep-023-2026-06-06; inrb-sitrep-024-2026-06-07; inrb-sitrep-025-2026-06-08; inrb-sitrep-026-2026-06-09; inrb-sitrep-027-2026-06-10; inrb-sitrep-028-2026-06-11; inrb-sitrep-030-2026-06-13; inrb-sitrep-031-2026-06-14; inrb-sitrep-032-2026-06-15; inrb-sitrep-033-2026-06-16; inrb-sitrep-034-2026-06-17; inrb-sitrep-035-2026-06-18; inrb-sitrep-036-2026-06-19; inrb-sitrep-037-2026-06-20; inrb-sitrep-038-2026-06-21; inrb-sitrep-039-2026-06-22; inrb-sitrep-040-2026-06-23; inrb-sitrep-041-2026-06-24; inrb-sitrep-042-2026-06-25; inrb-sitrep-044-2026-06-27; inrb-sitrep-046-2026-06-29; inrb-sitrep-047-2026-06-30; inrb-sitrep-048-2026-07-01; inrb-sitrep-049-2026-07-02; inrb-sitrep-050-2026-07-03; inrb-sitrep-051-2026-07-04; inrb-sitrep-052-2026-07-05; inrb-sitrep-053-2026-07-06; inrb-sitrep-054-2026-07-07; inrb-sitrep-055-2026-07-08; inrb-sitrep-056-2026-07-09; inrb-sitrep-057-2026-07-10; inrb-sitrep-058-2026-07-11; inrb-sitrep-059-2026-07-12; inrb-umie-ebola-drc-2026-build-2026-05-28-bb8b7d5; inrb-umie-ebola-drc-2026-build-2026-06-01-b4cafc9; uganda-moh-ebola-update-2026-06-06; uganda-moh-ebola-update-2026-06-20; uganda-moh-ebola-update-2026-06-21; who-daily-epi-bdbv-2026-06-08; who-dg-remarks-bdbv-2026-05-20; who-dg-remarks-bdbv-2026-05-22; who-don602-2026-05-15-live; who-don603-2026-05-21-live; who-don606-bdbv-2026-06-08; who-ihr-ec-bdbv-temporary-recommendations-2026-05-22; who-pheic-2026-05-17-live; wikipedia-2026-ituri-epidemic-2026-05-20-live,"Descriptive watch-point interval, not a forecast or response recommendation."
corridor:295:kambala:beni-cod,kambala,beni-cod,30,0.005930087897311448,0.015353902270063335,0.011945399611701352,0.030779314382821665,0.003407925650521146,0.06481121519460643,zone-attributed confirmed count 2 for this source zone; visibility-adjustment factor 2.02× reflects under-reporting in source zone; raw risk likely understates true hazard,BDBV-CLAIM-050,derived_model_output_with_unsupported_exponent_attribution,pinned_snapshot_model_output,africa-cdc-phecs-2026-05-18-live; afro-sitrep-01-2026-05-18-live; afro-sitrep-01-pdf-2026-05-18-live; cdc-current-situation-2026-05-21; cdc-current-situation-2026-05-23; cdc-current-situation-2026-05-24; cdc-current-situation-2026-05-25; drc-moh-epidemie-dashboard-sitrep-009-graphql-2026-05-24; drc-moh-epidemie-dashboard-sitrep-mve-n-007-mvb-17-2026-pdf-2026-05-22; ecdc-bdbv-drc-uga-2026-05-19-live; ecdc-bdbv-drc-uga-2026-05-21-live; ecdc-bdbv-drc-uga-2026-05-25-live; ecdc-bdbv-drc-uga-2026-05-26-live; ecdc-bdbv-drc-uga-2026-05-27-live; inrb-sitrep-015-2026-05-29; inrb-sitrep-016-2026-05-30; inrb-sitrep-017-2026-05-31; inrb-sitrep-018-2026-06-01; inrb-sitrep-019-2026-06-02; inrb-sitrep-020-2026-06-03; inrb-sitrep-021-2026-06-04; inrb-sitrep-022-2026-06-05; inrb-sitrep-023-2026-06-06; inrb-sitrep-024-2026-06-07; inrb-sitrep-025-2026-06-08; inrb-sitrep-026-2026-06-09; inrb-sitrep-027-2026-06-10; inrb-sitrep-028-2026-06-11; inrb-sitrep-030-2026-06-13; inrb-sitrep-031-2026-06-14; inrb-sitrep-032-2026-06-15; inrb-sitrep-033-2026-06-16; inrb-sitrep-034-2026-06-17; inrb-sitrep-035-2026-06-18; inrb-sitrep-036-2026-06-19; inrb-sitrep-037-2026-06-20; inrb-sitrep-038-2026-06-21; inrb-sitrep-039-2026-06-22; inrb-sitrep-040-2026-06-23; inrb-sitrep-041-2026-06-24; inrb-sitrep-042-2026-06-25; inrb-sitrep-044-2026-06-27; inrb-sitrep-046-2026-06-29; inrb-sitrep-047-2026-06-30; inrb-sitrep-048-2026-07-01; inrb-sitrep-049-2026-07-02; inrb-sitrep-050-2026-07-03; inrb-sitrep-051-2026-07-04; inrb-sitrep-052-2026-07-05; inrb-sitrep-053-2026-07-06; inrb-sitrep-054-2026-07-07; inrb-sitrep-055-2026-07-08; inrb-sitrep-056-2026-07-09; inrb-sitrep-057-2026-07-10; inrb-sitrep-058-2026-07-11; inrb-sitrep-059-2026-07-12; inrb-umie-ebola-drc-2026-build-2026-05-28-bb8b7d5; inrb-umie-ebola-drc-2026-build-2026-06-01-b4cafc9; uganda-moh-ebola-update-2026-06-06; uganda-moh-ebola-update-2026-06-20; uganda-moh-ebola-update-2026-06-21; who-daily-epi-bdbv-2026-06-08; who-dg-remarks-bdbv-2026-05-20; who-dg-remarks-bdbv-2026-05-22; who-don602-2026-05-15-live; who-don603-2026-05-21-live; who-don606-bdbv-2026-06-08; who-ihr-ec-bdbv-temporary-recommendations-2026-05-22; who-pheic-2026-05-17-live; wikipedia-2026-ituri-epidemic-2026-05-20-live,"Descriptive watch-point interval, not a forecast or response recommendation."
corridor:296:kalunguta:nebbi-uga,kalunguta,nebbi-uga,30,0.0058210696132492135,0.015093087543263106,0.011726450369914848,0.03026051808432509,0.0034276334155447256,0.06284803133315839,zone-attributed confirmed count 2 for this source zone; visibility-adjustment factor 2.02× reflects under-reporting in source zone; raw risk likely understates true hazard,BDBV-CLAIM-050,derived_model_output_with_unsupported_exponent_attribution,pinned_snapshot_model_output,africa-cdc-phecs-2026-05-18-live; afro-sitrep-01-2026-05-18-live; afro-sitrep-01-pdf-2026-05-18-live; cdc-current-situation-2026-05-21; cdc-current-situation-2026-05-23; cdc-current-situation-2026-05-24; cdc-current-situation-2026-05-25; drc-moh-epidemie-dashboard-sitrep-009-graphql-2026-05-24; drc-moh-epidemie-dashboard-sitrep-mve-n-007-mvb-17-2026-pdf-2026-05-22; ecdc-bdbv-drc-uga-2026-05-19-live; ecdc-bdbv-drc-uga-2026-05-21-live; ecdc-bdbv-drc-uga-2026-05-25-live; ecdc-bdbv-drc-uga-2026-05-26-live; ecdc-bdbv-drc-uga-2026-05-27-live; inrb-sitrep-015-2026-05-29; inrb-sitrep-016-2026-05-30; inrb-sitrep-017-2026-05-31; inrb-sitrep-018-2026-06-01; inrb-sitrep-019-2026-06-02; inrb-sitrep-020-2026-06-03; inrb-sitrep-021-2026-06-04; inrb-sitrep-022-2026-06-05; inrb-sitrep-023-2026-06-06; inrb-sitrep-024-2026-06-07; inrb-sitrep-025-2026-06-08; inrb-sitrep-026-2026-06-09; inrb-sitrep-027-2026-06-10; inrb-sitrep-028-2026-06-11; inrb-sitrep-030-2026-06-13; inrb-sitrep-031-2026-06-14; inrb-sitrep-032-2026-06-15; inrb-sitrep-033-2026-06-16; inrb-sitrep-034-2026-06-17; inrb-sitrep-035-2026-06-18; inrb-sitrep-036-2026-06-19; inrb-sitrep-037-2026-06-20; inrb-sitrep-038-2026-06-21; inrb-sitrep-039-2026-06-22; inrb-sitrep-040-2026-06-23; inrb-sitrep-041-2026-06-24; inrb-sitrep-042-2026-06-25; inrb-sitrep-044-2026-06-27; inrb-sitrep-046-2026-06-29; inrb-sitrep-047-2026-06-30; inrb-sitrep-048-2026-07-01; inrb-sitrep-049-2026-07-02; inrb-sitrep-050-2026-07-03; inrb-sitrep-051-2026-07-04; inrb-sitrep-052-2026-07-05; inrb-sitrep-053-2026-07-06; inrb-sitrep-054-2026-07-07; inrb-sitrep-055-2026-07-08; inrb-sitrep-056-2026-07-09; inrb-sitrep-057-2026-07-10; inrb-sitrep-058-2026-07-11; inrb-sitrep-059-2026-07-12; inrb-umie-ebola-drc-2026-build-2026-05-28-bb8b7d5; inrb-umie-ebola-drc-2026-build-2026-06-01-b4cafc9; uganda-moh-ebola-update-2026-06-06; uganda-moh-ebola-update-2026-06-20; uganda-moh-ebola-update-2026-06-21; who-daily-epi-bdbv-2026-06-08; who-dg-remarks-bdbv-2026-05-20; who-dg-remarks-bdbv-2026-05-22; who-don602-2026-05-15-live; who-don603-2026-05-21-live; who-don606-bdbv-2026-06-08; who-ihr-ec-bdbv-temporary-recommendations-2026-05-22; who-pheic-2026-05-17-live; wikipedia-2026-ituri-epidemic-2026-05-20-live,"Descriptive watch-point interval, not a forecast or response recommendation."
corridor:297:gety:goma-cod,gety,goma-cod,30,0.0031752696406448233,0.009008794584226765,0.006405189776641007,0.01811846780890719,0.0017520068858857013,0.03296565243615299,zone-attributed confirmed count 1 for this source zone; visibility-adjustment factor 2.02× reflects under-reporting in source zone; raw risk likely understates true hazard,BDBV-CLAIM-050,derived_model_output_with_unsupported_exponent_attribution,pinned_snapshot_model_output,africa-cdc-phecs-2026-05-18-live; afro-sitrep-01-2026-05-18-live; afro-sitrep-01-pdf-2026-05-18-live; cdc-current-situation-2026-05-21; cdc-current-situation-2026-05-23; cdc-current-situation-2026-05-24; cdc-current-situation-2026-05-25; drc-moh-epidemie-dashboard-sitrep-009-graphql-2026-05-24; drc-moh-epidemie-dashboard-sitrep-mve-n-007-mvb-17-2026-pdf-2026-05-22; ecdc-bdbv-drc-uga-2026-05-19-live; ecdc-bdbv-drc-uga-2026-05-21-live; ecdc-bdbv-drc-uga-2026-05-25-live; ecdc-bdbv-drc-uga-2026-05-26-live; ecdc-bdbv-drc-uga-2026-05-27-live; inrb-sitrep-015-2026-05-29; inrb-sitrep-016-2026-05-30; inrb-sitrep-017-2026-05-31; inrb-sitrep-018-2026-06-01; inrb-sitrep-019-2026-06-02; inrb-sitrep-020-2026-06-03; inrb-sitrep-021-2026-06-04; inrb-sitrep-022-2026-06-05; inrb-sitrep-023-2026-06-06; inrb-sitrep-024-2026-06-07; inrb-sitrep-025-2026-06-08; inrb-sitrep-026-2026-06-09; inrb-sitrep-027-2026-06-10; inrb-sitrep-028-2026-06-11; inrb-sitrep-030-2026-06-13; inrb-sitrep-031-2026-06-14; inrb-sitrep-032-2026-06-15; inrb-sitrep-033-2026-06-16; inrb-sitrep-034-2026-06-17; inrb-sitrep-035-2026-06-18; inrb-sitrep-036-2026-06-19; inrb-sitrep-037-2026-06-20; inrb-sitrep-038-2026-06-21; inrb-sitrep-039-2026-06-22; inrb-sitrep-040-2026-06-23; inrb-sitrep-041-2026-06-24; inrb-sitrep-042-2026-06-25; inrb-sitrep-044-2026-06-27; inrb-sitrep-046-2026-06-29; inrb-sitrep-047-2026-06-30; inrb-sitrep-048-2026-07-01; inrb-sitrep-049-2026-07-02; inrb-sitrep-050-2026-07-03; inrb-sitrep-051-2026-07-04; inrb-sitrep-052-2026-07-05; inrb-sitrep-053-2026-07-06; inrb-sitrep-054-2026-07-07; inrb-sitrep-055-2026-07-08; inrb-sitrep-056-2026-07-09; inrb-sitrep-057-2026-07-10; inrb-sitrep-058-2026-07-11; inrb-sitrep-059-2026-07-12; inrb-umie-ebola-drc-2026-build-2026-05-28-bb8b7d5; inrb-umie-ebola-drc-2026-build-2026-06-01-b4cafc9; uganda-moh-ebola-update-2026-06-06; uganda-moh-ebola-update-2026-06-20; uganda-moh-ebola-update-2026-06-21; who-daily-epi-bdbv-2026-06-08; who-dg-remarks-bdbv-2026-05-20; who-dg-remarks-bdbv-2026-05-22; who-don602-2026-05-15-live; who-don603-2026-05-21-live; who-don606-bdbv-2026-06-08; who-ihr-ec-bdbv-temporary-recommendations-2026-05-22; who-pheic-2026-05-17-live; wikipedia-2026-ituri-epidemic-2026-05-20-live,"Descriptive watch-point interval, not a forecast or response recommendation."
corridor:298:vuhovi:beni-cod,vuhovi,beni-cod,30,0.0027816183061158684,0.008629226494837716,0.0056122405135458076,0.01735845745213896,0.0015553893347554665,0.03467466757769365,zone-attributed confirmed count 1 for this source zone; visibility-adjustment factor 2.02× reflects under-reporting in source zone; raw risk likely understates true hazard,BDBV-CLAIM-050,derived_model_output_with_unsupported_exponent_attribution,pinned_snapshot_model_output,africa-cdc-phecs-2026-05-18-live; afro-sitrep-01-2026-05-18-live; afro-sitrep-01-pdf-2026-05-18-live; cdc-current-situation-2026-05-21; cdc-current-situation-2026-05-23; cdc-current-situation-2026-05-24; cdc-current-situation-2026-05-25; drc-moh-epidemie-dashboard-sitrep-009-graphql-2026-05-24; drc-moh-epidemie-dashboard-sitrep-mve-n-007-mvb-17-2026-pdf-2026-05-22; ecdc-bdbv-drc-uga-2026-05-19-live; ecdc-bdbv-drc-uga-2026-05-21-live; ecdc-bdbv-drc-uga-2026-05-25-live; ecdc-bdbv-drc-uga-2026-05-26-live; ecdc-bdbv-drc-uga-2026-05-27-live; inrb-sitrep-015-2026-05-29; inrb-sitrep-016-2026-05-30; inrb-sitrep-017-2026-05-31; inrb-sitrep-018-2026-06-01; inrb-sitrep-019-2026-06-02; inrb-sitrep-020-2026-06-03; inrb-sitrep-021-2026-06-04; inrb-sitrep-022-2026-06-05; inrb-sitrep-023-2026-06-06; inrb-sitrep-024-2026-06-07; inrb-sitrep-025-2026-06-08; inrb-sitrep-026-2026-06-09; inrb-sitrep-027-2026-06-10; inrb-sitrep-028-2026-06-11; inrb-sitrep-030-2026-06-13; inrb-sitrep-031-2026-06-14; inrb-sitrep-032-2026-06-15; inrb-sitrep-033-2026-06-16; inrb-sitrep-034-2026-06-17; inrb-sitrep-035-2026-06-18; inrb-sitrep-036-2026-06-19; inrb-sitrep-037-2026-06-20; inrb-sitrep-038-2026-06-21; inrb-sitrep-039-2026-06-22; inrb-sitrep-040-2026-06-23; inrb-sitrep-041-2026-06-24; inrb-sitrep-042-2026-06-25; inrb-sitrep-044-2026-06-27; inrb-sitrep-046-2026-06-29; inrb-sitrep-047-2026-06-30; inrb-sitrep-048-2026-07-01; inrb-sitrep-049-2026-07-02; inrb-sitrep-050-2026-07-03; inrb-sitrep-051-2026-07-04; inrb-sitrep-052-2026-07-05; inrb-sitrep-053-2026-07-06; inrb-sitrep-054-2026-07-07; inrb-sitrep-055-2026-07-08; inrb-sitrep-056-2026-07-09; inrb-sitrep-057-2026-07-10; inrb-sitrep-058-2026-07-11; inrb-sitrep-059-2026-07-12; inrb-umie-ebola-drc-2026-build-2026-05-28-bb8b7d5; inrb-umie-ebola-drc-2026-build-2026-06-01-b4cafc9; uganda-moh-ebola-update-2026-06-06; uganda-moh-ebola-update-2026-06-20; uganda-moh-ebola-update-2026-06-21; who-daily-epi-bdbv-2026-06-08; who-dg-remarks-bdbv-2026-05-20; who-dg-remarks-bdbv-2026-05-22; who-don602-2026-05-15-live; who-don603-2026-05-21-live; who-don606-bdbv-2026-06-08; who-ihr-ec-bdbv-temporary-recommendations-2026-05-22; who-pheic-2026-05-17-live; wikipedia-2026-ituri-epidemic-2026-05-20-live,"Descriptive watch-point interval, not a forecast or response recommendation."
corridor:299:boga:beni-cod,boga,beni-cod,30,0.003136575569093275,0.008551302982969605,0.006327260766636339,0.017202394350316147,0.0017400499183684445,0.03362034372457484,zone-attributed confirmed count 1 for this source zone; visibility-adjustment factor 2.02× reflects under-reporting in source zone; raw risk likely understates true hazard,BDBV-CLAIM-050,derived_model_output_with_unsupported_exponent_attribution,pinned_snapshot_model_output,africa-cdc-phecs-2026-05-18-live; afro-sitrep-01-2026-05-18-live; afro-sitrep-01-pdf-2026-05-18-live; cdc-current-situation-2026-05-21; cdc-current-situation-2026-05-23; cdc-current-situation-2026-05-24; cdc-current-situation-2026-05-25; drc-moh-epidemie-dashboard-sitrep-009-graphql-2026-05-24; drc-moh-epidemie-dashboard-sitrep-mve-n-007-mvb-17-2026-pdf-2026-05-22; ecdc-bdbv-drc-uga-2026-05-19-live; ecdc-bdbv-drc-uga-2026-05-21-live; ecdc-bdbv-drc-uga-2026-05-25-live; ecdc-bdbv-drc-uga-2026-05-26-live; ecdc-bdbv-drc-uga-2026-05-27-live; inrb-sitrep-015-2026-05-29; inrb-sitrep-016-2026-05-30; inrb-sitrep-017-2026-05-31; inrb-sitrep-018-2026-06-01; inrb-sitrep-019-2026-06-02; inrb-sitrep-020-2026-06-03; inrb-sitrep-021-2026-06-04; inrb-sitrep-022-2026-06-05; inrb-sitrep-023-2026-06-06; inrb-sitrep-024-2026-06-07; inrb-sitrep-025-2026-06-08; inrb-sitrep-026-2026-06-09; inrb-sitrep-027-2026-06-10; inrb-sitrep-028-2026-06-11; inrb-sitrep-030-2026-06-13; inrb-sitrep-031-2026-06-14; inrb-sitrep-032-2026-06-15; inrb-sitrep-033-2026-06-16; inrb-sitrep-034-2026-06-17; inrb-sitrep-035-2026-06-18; inrb-sitrep-036-2026-06-19; inrb-sitrep-037-2026-06-20; inrb-sitrep-038-2026-06-21; inrb-sitrep-039-2026-06-22; inrb-sitrep-040-2026-06-23; inrb-sitrep-041-2026-06-24; inrb-sitrep-042-2026-06-25; inrb-sitrep-044-2026-06-27; inrb-sitrep-046-2026-06-29; inrb-sitrep-047-2026-06-30; inrb-sitrep-048-2026-07-01; inrb-sitrep-049-2026-07-02; inrb-sitrep-050-2026-07-03; inrb-sitrep-051-2026-07-04; inrb-sitrep-052-2026-07-05; inrb-sitrep-053-2026-07-06; inrb-sitrep-054-2026-07-07; inrb-sitrep-055-2026-07-08; inrb-sitrep-056-2026-07-09; inrb-sitrep-057-2026-07-10; inrb-sitrep-058-2026-07-11; inrb-sitrep-059-2026-07-12; inrb-umie-ebola-drc-2026-build-2026-05-28-bb8b7d5; inrb-umie-ebola-drc-2026-build-2026-06-01-b4cafc9; uganda-moh-ebola-update-2026-06-06; uganda-moh-ebola-update-2026-06-20; uganda-moh-ebola-update-2026-06-21; who-daily-epi-bdbv-2026-06-08; who-dg-remarks-bdbv-2026-05-20; who-dg-remarks-bdbv-2026-05-22; who-don602-2026-05-15-live; who-don603-2026-05-21-live; who-don606-bdbv-2026-06-08; who-ihr-ec-bdbv-temporary-recommendations-2026-05-22; who-pheic-2026-05-17-live; wikipedia-2026-ituri-epidemic-2026-05-20-live,"Descriptive watch-point interval, not a forecast or response recommendation."
corridor:300:boga:bundibugyo-uga,boga,bundibugyo-uga,30,0.0030142798135932847,0.00853803088861635,0.0060809395078999795,0.017175812026308662,0.0016074308407081242,0.030849428385534082,zone-attributed confirmed count 1 for this source zone; visibility-adjustment factor 2.02× reflects under-reporting in source zone; raw risk likely understates true hazard,BDBV-CLAIM-050,derived_model_output_with_unsupported_exponent_attribution,pinned_snapshot_model_output,africa-cdc-phecs-2026-05-18-live; afro-sitrep-01-2026-05-18-live; afro-sitrep-01-pdf-2026-05-18-live; cdc-current-situation-2026-05-21; cdc-current-situation-2026-05-23; cdc-current-situation-2026-05-24; cdc-current-situation-2026-05-25; drc-moh-epidemie-dashboard-sitrep-009-graphql-2026-05-24; drc-moh-epidemie-dashboard-sitrep-mve-n-007-mvb-17-2026-pdf-2026-05-22; ecdc-bdbv-drc-uga-2026-05-19-live; ecdc-bdbv-drc-uga-2026-05-21-live; ecdc-bdbv-drc-uga-2026-05-25-live; ecdc-bdbv-drc-uga-2026-05-26-live; ecdc-bdbv-drc-uga-2026-05-27-live; inrb-sitrep-015-2026-05-29; inrb-sitrep-016-2026-05-30; inrb-sitrep-017-2026-05-31; inrb-sitrep-018-2026-06-01; inrb-sitrep-019-2026-06-02; inrb-sitrep-020-2026-06-03; inrb-sitrep-021-2026-06-04; inrb-sitrep-022-2026-06-05; inrb-sitrep-023-2026-06-06; inrb-sitrep-024-2026-06-07; inrb-sitrep-025-2026-06-08; inrb-sitrep-026-2026-06-09; inrb-sitrep-027-2026-06-10; inrb-sitrep-028-2026-06-11; inrb-sitrep-030-2026-06-13; inrb-sitrep-031-2026-06-14; inrb-sitrep-032-2026-06-15; inrb-sitrep-033-2026-06-16; inrb-sitrep-034-2026-06-17; inrb-sitrep-035-2026-06-18; inrb-sitrep-036-2026-06-19; inrb-sitrep-037-2026-06-20; inrb-sitrep-038-2026-06-21; inrb-sitrep-039-2026-06-22; inrb-sitrep-040-2026-06-23; inrb-sitrep-041-2026-06-24; inrb-sitrep-042-2026-06-25; inrb-sitrep-044-2026-06-27; inrb-sitrep-046-2026-06-29; inrb-sitrep-047-2026-06-30; inrb-sitrep-048-2026-07-01; inrb-sitrep-049-2026-07-02; inrb-sitrep-050-2026-07-03; inrb-sitrep-051-2026-07-04; inrb-sitrep-052-2026-07-05; inrb-sitrep-053-2026-07-06; inrb-sitrep-054-2026-07-07; inrb-sitrep-055-2026-07-08; inrb-sitrep-056-2026-07-09; inrb-sitrep-057-2026-07-10; inrb-sitrep-058-2026-07-11; inrb-sitrep-059-2026-07-12; inrb-umie-ebola-drc-2026-build-2026-05-28-bb8b7d5; inrb-umie-ebola-drc-2026-build-2026-06-01-b4cafc9; uganda-moh-ebola-update-2026-06-06; uganda-moh-ebola-update-2026-06-20; uganda-moh-ebola-update-2026-06-21; who-daily-epi-bdbv-2026-06-08; who-dg-remarks-bdbv-2026-05-20; who-dg-remarks-bdbv-2026-05-22; who-don602-2026-05-15-live; who-don603-2026-05-21-live; who-don606-bdbv-2026-06-08; who-ihr-ec-bdbv-temporary-recommendations-2026-05-22; who-pheic-2026-05-17-live; wikipedia-2026-ituri-epidemic-2026-05-20-live,"Descriptive watch-point interval, not a forecast or response recommendation."
corridor:301:vuhovi:kampala-uga,vuhovi,kampala-uga,30,0.0030850551221766886,0.008500091401146187,0.0062234949217291335,0.01709982224045173,0.001346264158353605,0.03590496709733879,zone-attributed confirmed count 1 for this source zone; visibility-adjustment factor 2.02× reflects under-reporting in source zone; raw risk likely understates true hazard,BDBV-CLAIM-050,derived_model_output_with_unsupported_exponent_attribution,pinned_snapshot_model_output,africa-cdc-phecs-2026-05-18-live; afro-sitrep-01-2026-05-18-live; afro-sitrep-01-pdf-2026-05-18-live; cdc-current-situation-2026-05-21; cdc-current-situation-2026-05-23; cdc-current-situation-2026-05-24; cdc-current-situation-2026-05-25; drc-moh-epidemie-dashboard-sitrep-009-graphql-2026-05-24; drc-moh-epidemie-dashboard-sitrep-mve-n-007-mvb-17-2026-pdf-2026-05-22; ecdc-bdbv-drc-uga-2026-05-19-live; ecdc-bdbv-drc-uga-2026-05-21-live; ecdc-bdbv-drc-uga-2026-05-25-live; ecdc-bdbv-drc-uga-2026-05-26-live; ecdc-bdbv-drc-uga-2026-05-27-live; inrb-sitrep-015-2026-05-29; inrb-sitrep-016-2026-05-30; inrb-sitrep-017-2026-05-31; inrb-sitrep-018-2026-06-01; inrb-sitrep-019-2026-06-02; inrb-sitrep-020-2026-06-03; inrb-sitrep-021-2026-06-04; inrb-sitrep-022-2026-06-05; inrb-sitrep-023-2026-06-06; inrb-sitrep-024-2026-06-07; inrb-sitrep-025-2026-06-08; inrb-sitrep-026-2026-06-09; inrb-sitrep-027-2026-06-10; inrb-sitrep-028-2026-06-11; inrb-sitrep-030-2026-06-13; inrb-sitrep-031-2026-06-14; inrb-sitrep-032-2026-06-15; inrb-sitrep-033-2026-06-16; inrb-sitrep-034-2026-06-17; inrb-sitrep-035-2026-06-18; inrb-sitrep-036-2026-06-19; inrb-sitrep-037-2026-06-20; inrb-sitrep-038-2026-06-21; inrb-sitrep-039-2026-06-22; inrb-sitrep-040-2026-06-23; inrb-sitrep-041-2026-06-24; inrb-sitrep-042-2026-06-25; inrb-sitrep-044-2026-06-27; inrb-sitrep-046-2026-06-29; inrb-sitrep-047-2026-06-30; inrb-sitrep-048-2026-07-01; inrb-sitrep-049-2026-07-02; inrb-sitrep-050-2026-07-03; inrb-sitrep-051-2026-07-04; inrb-sitrep-052-2026-07-05; inrb-sitrep-053-2026-07-06; inrb-sitrep-054-2026-07-07; inrb-sitrep-055-2026-07-08; inrb-sitrep-056-2026-07-09; inrb-sitrep-057-2026-07-10; inrb-sitrep-058-2026-07-11; inrb-sitrep-059-2026-07-12; inrb-umie-ebola-drc-2026-build-2026-05-28-bb8b7d5; inrb-umie-ebola-drc-2026-build-2026-06-01-b4cafc9; uganda-moh-ebola-update-2026-06-06; uganda-moh-ebola-update-2026-06-20; uganda-moh-ebola-update-2026-06-21; who-daily-epi-bdbv-2026-06-08; who-dg-remarks-bdbv-2026-05-20; who-dg-remarks-bdbv-2026-05-22; who-don602-2026-05-15-live; who-don603-2026-05-21-live; who-don606-bdbv-2026-06-08; who-ihr-ec-bdbv-temporary-recommendations-2026-05-22; who-pheic-2026-05-17-live; wikipedia-2026-ituri-epidemic-2026-05-20-live,"Descriptive watch-point interval, not a forecast or response recommendation."
corridor:302:lolwa:goma-cod,lolwa,goma-cod,30,0.003176325107453276,0.008484954890330743,0.0064073154182976155,0.017069504124813645,0.0014702657161478477,0.03395840790248081,zone-attributed confirmed count 1 for this source zone; visibility-adjustment factor 2.02× reflects under-reporting in source zone; raw risk likely understates true hazard,BDBV-CLAIM-050,derived_model_output_with_unsupported_exponent_attribution,pinned_snapshot_model_output,africa-cdc-phecs-2026-05-18-live; afro-sitrep-01-2026-05-18-live; afro-sitrep-01-pdf-2026-05-18-live; cdc-current-situation-2026-05-21; cdc-current-situation-2026-05-23; cdc-current-situation-2026-05-24; cdc-current-situation-2026-05-25; drc-moh-epidemie-dashboard-sitrep-009-graphql-2026-05-24; drc-moh-epidemie-dashboard-sitrep-mve-n-007-mvb-17-2026-pdf-2026-05-22; ecdc-bdbv-drc-uga-2026-05-19-live; ecdc-bdbv-drc-uga-2026-05-21-live; ecdc-bdbv-drc-uga-2026-05-25-live; ecdc-bdbv-drc-uga-2026-05-26-live; ecdc-bdbv-drc-uga-2026-05-27-live; inrb-sitrep-015-2026-05-29; inrb-sitrep-016-2026-05-30; inrb-sitrep-017-2026-05-31; inrb-sitrep-018-2026-06-01; inrb-sitrep-019-2026-06-02; inrb-sitrep-020-2026-06-03; inrb-sitrep-021-2026-06-04; inrb-sitrep-022-2026-06-05; inrb-sitrep-023-2026-06-06; inrb-sitrep-024-2026-06-07; inrb-sitrep-025-2026-06-08; inrb-sitrep-026-2026-06-09; inrb-sitrep-027-2026-06-10; inrb-sitrep-028-2026-06-11; inrb-sitrep-030-2026-06-13; inrb-sitrep-031-2026-06-14; inrb-sitrep-032-2026-06-15; inrb-sitrep-033-2026-06-16; inrb-sitrep-034-2026-06-17; inrb-sitrep-035-2026-06-18; inrb-sitrep-036-2026-06-19; inrb-sitrep-037-2026-06-20; inrb-sitrep-038-2026-06-21; inrb-sitrep-039-2026-06-22; inrb-sitrep-040-2026-06-23; inrb-sitrep-041-2026-06-24; inrb-sitrep-042-2026-06-25; inrb-sitrep-044-2026-06-27; inrb-sitrep-046-2026-06-29; inrb-sitrep-047-2026-06-30; inrb-sitrep-048-2026-07-01; inrb-sitrep-049-2026-07-02; inrb-sitrep-050-2026-07-03; inrb-sitrep-051-2026-07-04; inrb-sitrep-052-2026-07-05; inrb-sitrep-053-2026-07-06; inrb-sitrep-054-2026-07-07; inrb-sitrep-055-2026-07-08; inrb-sitrep-056-2026-07-09; inrb-sitrep-057-2026-07-10; inrb-sitrep-058-2026-07-11; inrb-sitrep-059-2026-07-12; inrb-umie-ebola-drc-2026-build-2026-05-28-bb8b7d5; inrb-umie-ebola-drc-2026-build-2026-06-01-b4cafc9; uganda-moh-ebola-update-2026-06-06; uganda-moh-ebola-update-2026-06-20; uganda-moh-ebola-update-2026-06-21; who-daily-epi-bdbv-2026-06-08; who-dg-remarks-bdbv-2026-05-20; who-dg-remarks-bdbv-2026-05-22; who-don602-2026-05-15-live; who-don603-2026-05-21-live; who-don606-bdbv-2026-06-08; who-ihr-ec-bdbv-temporary-recommendations-2026-05-22; who-pheic-2026-05-17-live; wikipedia-2026-ituri-epidemic-2026-05-20-live,"Descriptive watch-point interval, not a forecast or response recommendation."
corridor:303:mabalako:kisangani-cod,mabalako,kisangani-cod,30,0.002736954117093321,0.008465263375914162,0.005522251400174927,0.01703006162994103,0.001567580149185985,0.03298238423448343,zone-attributed confirmed count 1 for this source zone; visibility-adjustment factor 2.02× reflects under-reporting in source zone; raw risk likely understates true hazard,BDBV-CLAIM-050,derived_model_output_with_unsupported_exponent_attribution,pinned_snapshot_model_output,africa-cdc-phecs-2026-05-18-live; afro-sitrep-01-2026-05-18-live; afro-sitrep-01-pdf-2026-05-18-live; cdc-current-situation-2026-05-21; cdc-current-situation-2026-05-23; cdc-current-situation-2026-05-24; cdc-current-situation-2026-05-25; drc-moh-epidemie-dashboard-sitrep-009-graphql-2026-05-24; drc-moh-epidemie-dashboard-sitrep-mve-n-007-mvb-17-2026-pdf-2026-05-22; ecdc-bdbv-drc-uga-2026-05-19-live; ecdc-bdbv-drc-uga-2026-05-21-live; ecdc-bdbv-drc-uga-2026-05-25-live; ecdc-bdbv-drc-uga-2026-05-26-live; ecdc-bdbv-drc-uga-2026-05-27-live; inrb-sitrep-015-2026-05-29; inrb-sitrep-016-2026-05-30; inrb-sitrep-017-2026-05-31; inrb-sitrep-018-2026-06-01; inrb-sitrep-019-2026-06-02; inrb-sitrep-020-2026-06-03; inrb-sitrep-021-2026-06-04; inrb-sitrep-022-2026-06-05; inrb-sitrep-023-2026-06-06; inrb-sitrep-024-2026-06-07; inrb-sitrep-025-2026-06-08; inrb-sitrep-026-2026-06-09; inrb-sitrep-027-2026-06-10; inrb-sitrep-028-2026-06-11; inrb-sitrep-030-2026-06-13; inrb-sitrep-031-2026-06-14; inrb-sitrep-032-2026-06-15; inrb-sitrep-033-2026-06-16; inrb-sitrep-034-2026-06-17; inrb-sitrep-035-2026-06-18; inrb-sitrep-036-2026-06-19; inrb-sitrep-037-2026-06-20; inrb-sitrep-038-2026-06-21; inrb-sitrep-039-2026-06-22; inrb-sitrep-040-2026-06-23; inrb-sitrep-041-2026-06-24; inrb-sitrep-042-2026-06-25; inrb-sitrep-044-2026-06-27; inrb-sitrep-046-2026-06-29; inrb-sitrep-047-2026-06-30; inrb-sitrep-048-2026-07-01; inrb-sitrep-049-2026-07-02; inrb-sitrep-050-2026-07-03; inrb-sitrep-051-2026-07-04; inrb-sitrep-052-2026-07-05; inrb-sitrep-053-2026-07-06; inrb-sitrep-054-2026-07-07; inrb-sitrep-055-2026-07-08; inrb-sitrep-056-2026-07-09; inrb-sitrep-057-2026-07-10; inrb-sitrep-058-2026-07-11; inrb-sitrep-059-2026-07-12; inrb-umie-ebola-drc-2026-build-2026-05-28-bb8b7d5; inrb-umie-ebola-drc-2026-build-2026-06-01-b4cafc9; uganda-moh-ebola-update-2026-06-06; uganda-moh-ebola-update-2026-06-20; uganda-moh-ebola-update-2026-06-21; who-daily-epi-bdbv-2026-06-08; who-dg-remarks-bdbv-2026-05-20; who-dg-remarks-bdbv-2026-05-22; who-don602-2026-05-15-live; who-don603-2026-05-21-live; who-don606-bdbv-2026-06-08; who-ihr-ec-bdbv-temporary-recommendations-2026-05-22; who-pheic-2026-05-17-live; wikipedia-2026-ituri-epidemic-2026-05-20-live,"Descriptive watch-point interval, not a forecast or response recommendation."
corridor:304:lolwa:yei-ssd,lolwa,yei-ssd,30,0.0031480653646462353,0.008383080973411589,0.006350401290074359,0.0168654409092176,0.0018419460914157748,0.030085913722399736,zone-attributed confirmed count 1 for this source zone; visibility-adjustment factor 2.02× reflects under-reporting in source zone; raw risk likely understates true hazard,BDBV-CLAIM-050,derived_model_output_with_unsupported_exponent_attribution,pinned_snapshot_model_output,africa-cdc-phecs-2026-05-18-live; afro-sitrep-01-2026-05-18-live; afro-sitrep-01-pdf-2026-05-18-live; cdc-current-situation-2026-05-21; cdc-current-situation-2026-05-23; cdc-current-situation-2026-05-24; cdc-current-situation-2026-05-25; drc-moh-epidemie-dashboard-sitrep-009-graphql-2026-05-24; drc-moh-epidemie-dashboard-sitrep-mve-n-007-mvb-17-2026-pdf-2026-05-22; ecdc-bdbv-drc-uga-2026-05-19-live; ecdc-bdbv-drc-uga-2026-05-21-live; ecdc-bdbv-drc-uga-2026-05-25-live; ecdc-bdbv-drc-uga-2026-05-26-live; ecdc-bdbv-drc-uga-2026-05-27-live; inrb-sitrep-015-2026-05-29; inrb-sitrep-016-2026-05-30; inrb-sitrep-017-2026-05-31; inrb-sitrep-018-2026-06-01; inrb-sitrep-019-2026-06-02; inrb-sitrep-020-2026-06-03; inrb-sitrep-021-2026-06-04; inrb-sitrep-022-2026-06-05; inrb-sitrep-023-2026-06-06; inrb-sitrep-024-2026-06-07; inrb-sitrep-025-2026-06-08; inrb-sitrep-026-2026-06-09; inrb-sitrep-027-2026-06-10; inrb-sitrep-028-2026-06-11; inrb-sitrep-030-2026-06-13; inrb-sitrep-031-2026-06-14; inrb-sitrep-032-2026-06-15; inrb-sitrep-033-2026-06-16; inrb-sitrep-034-2026-06-17; inrb-sitrep-035-2026-06-18; inrb-sitrep-036-2026-06-19; inrb-sitrep-037-2026-06-20; inrb-sitrep-038-2026-06-21; inrb-sitrep-039-2026-06-22; inrb-sitrep-040-2026-06-23; inrb-sitrep-041-2026-06-24; inrb-sitrep-042-2026-06-25; inrb-sitrep-044-2026-06-27; inrb-sitrep-046-2026-06-29; inrb-sitrep-047-2026-06-30; inrb-sitrep-048-2026-07-01; inrb-sitrep-049-2026-07-02; inrb-sitrep-050-2026-07-03; inrb-sitrep-051-2026-07-04; inrb-sitrep-052-2026-07-05; inrb-sitrep-053-2026-07-06; inrb-sitrep-054-2026-07-07; inrb-sitrep-055-2026-07-08; inrb-sitrep-056-2026-07-09; inrb-sitrep-057-2026-07-10; inrb-sitrep-058-2026-07-11; inrb-sitrep-059-2026-07-12; inrb-umie-ebola-drc-2026-build-2026-05-28-bb8b7d5; inrb-umie-ebola-drc-2026-build-2026-06-01-b4cafc9; uganda-moh-ebola-update-2026-06-06; uganda-moh-ebola-update-2026-06-20; uganda-moh-ebola-update-2026-06-21; who-daily-epi-bdbv-2026-06-08; who-dg-remarks-bdbv-2026-05-20; who-dg-remarks-bdbv-2026-05-22; who-don602-2026-05-15-live; who-don603-2026-05-21-live; who-don606-bdbv-2026-06-08; who-ihr-ec-bdbv-temporary-recommendations-2026-05-22; who-pheic-2026-05-17-live; wikipedia-2026-ituri-epidemic-2026-05-20-live,"Descriptive watch-point interval, not a forecast or response recommendation."
corridor:305:gety:nebbi-uga,gety,nebbi-uga,30,0.0032780307388761143,0.008369643590699333,0.00661213294254881,0.01683852303624117,0.0016695275102053043,0.03282650121554318,zone-attributed confirmed count 1 for this source zone; visibility-adjustment factor 2.02× reflects under-reporting in source zone; raw risk likely understates true hazard,BDBV-CLAIM-050,derived_model_output_with_unsupported_exponent_attribution,pinned_snapshot_model_output,africa-cdc-phecs-2026-05-18-live; afro-sitrep-01-2026-05-18-live; afro-sitrep-01-pdf-2026-05-18-live; cdc-current-situation-2026-05-21; cdc-current-situation-2026-05-23; cdc-current-situation-2026-05-24; cdc-current-situation-2026-05-25; drc-moh-epidemie-dashboard-sitrep-009-graphql-2026-05-24; drc-moh-epidemie-dashboard-sitrep-mve-n-007-mvb-17-2026-pdf-2026-05-22; ecdc-bdbv-drc-uga-2026-05-19-live; ecdc-bdbv-drc-uga-2026-05-21-live; ecdc-bdbv-drc-uga-2026-05-25-live; ecdc-bdbv-drc-uga-2026-05-26-live; ecdc-bdbv-drc-uga-2026-05-27-live; inrb-sitrep-015-2026-05-29; inrb-sitrep-016-2026-05-30; inrb-sitrep-017-2026-05-31; inrb-sitrep-018-2026-06-01; inrb-sitrep-019-2026-06-02; inrb-sitrep-020-2026-06-03; inrb-sitrep-021-2026-06-04; inrb-sitrep-022-2026-06-05; inrb-sitrep-023-2026-06-06; inrb-sitrep-024-2026-06-07; inrb-sitrep-025-2026-06-08; inrb-sitrep-026-2026-06-09; inrb-sitrep-027-2026-06-10; inrb-sitrep-028-2026-06-11; inrb-sitrep-030-2026-06-13; inrb-sitrep-031-2026-06-14; inrb-sitrep-032-2026-06-15; inrb-sitrep-033-2026-06-16; inrb-sitrep-034-2026-06-17; inrb-sitrep-035-2026-06-18; inrb-sitrep-036-2026-06-19; inrb-sitrep-037-2026-06-20; inrb-sitrep-038-2026-06-21; inrb-sitrep-039-2026-06-22; inrb-sitrep-040-2026-06-23; inrb-sitrep-041-2026-06-24; inrb-sitrep-042-2026-06-25; inrb-sitrep-044-2026-06-27; inrb-sitrep-046-2026-06-29; inrb-sitrep-047-2026-06-30; inrb-sitrep-048-2026-07-01; inrb-sitrep-049-2026-07-02; inrb-sitrep-050-2026-07-03; inrb-sitrep-051-2026-07-04; inrb-sitrep-052-2026-07-05; inrb-sitrep-053-2026-07-06; inrb-sitrep-054-2026-07-07; inrb-sitrep-055-2026-07-08; inrb-sitrep-056-2026-07-09; inrb-sitrep-057-2026-07-10; inrb-sitrep-058-2026-07-11; inrb-sitrep-059-2026-07-12; inrb-umie-ebola-drc-2026-build-2026-05-28-bb8b7d5; inrb-umie-ebola-drc-2026-build-2026-06-01-b4cafc9; uganda-moh-ebola-update-2026-06-06; uganda-moh-ebola-update-2026-06-20; uganda-moh-ebola-update-2026-06-21; who-daily-epi-bdbv-2026-06-08; who-dg-remarks-bdbv-2026-05-20; who-dg-remarks-bdbv-2026-05-22; who-don602-2026-05-15-live; who-don603-2026-05-21-live; who-don606-bdbv-2026-06-08; who-ihr-ec-bdbv-temporary-recommendations-2026-05-22; who-pheic-2026-05-17-live; wikipedia-2026-ituri-epidemic-2026-05-20-live,"Descriptive watch-point interval, not a forecast or response recommendation."
corridor:306:ariwara:bundibugyo-uga,ariwara,bundibugyo-uga,30,0.0028849682588761028,0.008312569256091168,0.005820453855609559,0.01672418660054617,0.0015290924044916554,0.03328341667713076,zone-attributed confirmed count 1 for this source zone; visibility-adjustment factor 2.02× reflects under-reporting in source zone; raw risk likely understates true hazard,BDBV-CLAIM-050,derived_model_output_with_unsupported_exponent_attribution,pinned_snapshot_model_output,africa-cdc-phecs-2026-05-18-live; afro-sitrep-01-2026-05-18-live; afro-sitrep-01-pdf-2026-05-18-live; cdc-current-situation-2026-05-21; cdc-current-situation-2026-05-23; cdc-current-situation-2026-05-24; cdc-current-situation-2026-05-25; drc-moh-epidemie-dashboard-sitrep-009-graphql-2026-05-24; drc-moh-epidemie-dashboard-sitrep-mve-n-007-mvb-17-2026-pdf-2026-05-22; ecdc-bdbv-drc-uga-2026-05-19-live; ecdc-bdbv-drc-uga-2026-05-21-live; ecdc-bdbv-drc-uga-2026-05-25-live; ecdc-bdbv-drc-uga-2026-05-26-live; ecdc-bdbv-drc-uga-2026-05-27-live; inrb-sitrep-015-2026-05-29; inrb-sitrep-016-2026-05-30; inrb-sitrep-017-2026-05-31; inrb-sitrep-018-2026-06-01; inrb-sitrep-019-2026-06-02; inrb-sitrep-020-2026-06-03; inrb-sitrep-021-2026-06-04; inrb-sitrep-022-2026-06-05; inrb-sitrep-023-2026-06-06; inrb-sitrep-024-2026-06-07; inrb-sitrep-025-2026-06-08; inrb-sitrep-026-2026-06-09; inrb-sitrep-027-2026-06-10; inrb-sitrep-028-2026-06-11; inrb-sitrep-030-2026-06-13; inrb-sitrep-031-2026-06-14; inrb-sitrep-032-2026-06-15; inrb-sitrep-033-2026-06-16; inrb-sitrep-034-2026-06-17; inrb-sitrep-035-2026-06-18; inrb-sitrep-036-2026-06-19; inrb-sitrep-037-2026-06-20; inrb-sitrep-038-2026-06-21; inrb-sitrep-039-2026-06-22; inrb-sitrep-040-2026-06-23; inrb-sitrep-041-2026-06-24; inrb-sitrep-042-2026-06-25; inrb-sitrep-044-2026-06-27; inrb-sitrep-046-2026-06-29; inrb-sitrep-047-2026-06-30; inrb-sitrep-048-2026-07-01; inrb-sitrep-049-2026-07-02; inrb-sitrep-050-2026-07-03; inrb-sitrep-051-2026-07-04; inrb-sitrep-052-2026-07-05; inrb-sitrep-053-2026-07-06; inrb-sitrep-054-2026-07-07; inrb-sitrep-055-2026-07-08; inrb-sitrep-056-2026-07-09; inrb-sitrep-057-2026-07-10; inrb-sitrep-058-2026-07-11; inrb-sitrep-059-2026-07-12; inrb-umie-ebola-drc-2026-build-2026-05-28-bb8b7d5; inrb-umie-ebola-drc-2026-build-2026-06-01-b4cafc9; uganda-moh-ebola-update-2026-06-06; uganda-moh-ebola-update-2026-06-20; uganda-moh-ebola-update-2026-06-21; who-daily-epi-bdbv-2026-06-08; who-dg-remarks-bdbv-2026-05-20; who-dg-remarks-bdbv-2026-05-22; who-don602-2026-05-15-live; who-don603-2026-05-21-live; who-don606-bdbv-2026-06-08; who-ihr-ec-bdbv-temporary-recommendations-2026-05-22; who-pheic-2026-05-17-live; wikipedia-2026-ituri-epidemic-2026-05-20-live,"Descriptive watch-point interval, not a forecast or response recommendation."
corridor:307:lolwa:kisangani-cod,lolwa,kisangani-cod,30,0.002965480269574522,0.008293823231270092,0.00598264161987358,0.016686631591297074,0.0013096302039129954,0.030101782661670407,zone-attributed confirmed count 1 for this source zone; visibility-adjustment factor 2.02× reflects under-reporting in source zone; raw risk likely understates true hazard,BDBV-CLAIM-050,derived_model_output_with_unsupported_exponent_attribution,pinned_snapshot_model_output,africa-cdc-phecs-2026-05-18-live; afro-sitrep-01-2026-05-18-live; afro-sitrep-01-pdf-2026-05-18-live; cdc-current-situation-2026-05-21; cdc-current-situation-2026-05-23; cdc-current-situation-2026-05-24; cdc-current-situation-2026-05-25; drc-moh-epidemie-dashboard-sitrep-009-graphql-2026-05-24; drc-moh-epidemie-dashboard-sitrep-mve-n-007-mvb-17-2026-pdf-2026-05-22; ecdc-bdbv-drc-uga-2026-05-19-live; ecdc-bdbv-drc-uga-2026-05-21-live; ecdc-bdbv-drc-uga-2026-05-25-live; ecdc-bdbv-drc-uga-2026-05-26-live; ecdc-bdbv-drc-uga-2026-05-27-live; inrb-sitrep-015-2026-05-29; inrb-sitrep-016-2026-05-30; inrb-sitrep-017-2026-05-31; inrb-sitrep-018-2026-06-01; inrb-sitrep-019-2026-06-02; inrb-sitrep-020-2026-06-03; inrb-sitrep-021-2026-06-04; inrb-sitrep-022-2026-06-05; inrb-sitrep-023-2026-06-06; inrb-sitrep-024-2026-06-07; inrb-sitrep-025-2026-06-08; inrb-sitrep-026-2026-06-09; inrb-sitrep-027-2026-06-10; inrb-sitrep-028-2026-06-11; inrb-sitrep-030-2026-06-13; inrb-sitrep-031-2026-06-14; inrb-sitrep-032-2026-06-15; inrb-sitrep-033-2026-06-16; inrb-sitrep-034-2026-06-17; inrb-sitrep-035-2026-06-18; inrb-sitrep-036-2026-06-19; inrb-sitrep-037-2026-06-20; inrb-sitrep-038-2026-06-21; inrb-sitrep-039-2026-06-22; inrb-sitrep-040-2026-06-23; inrb-sitrep-041-2026-06-24; inrb-sitrep-042-2026-06-25; inrb-sitrep-044-2026-06-27; inrb-sitrep-046-2026-06-29; inrb-sitrep-047-2026-06-30; inrb-sitrep-048-2026-07-01; inrb-sitrep-049-2026-07-02; inrb-sitrep-050-2026-07-03; inrb-sitrep-051-2026-07-04; inrb-sitrep-052-2026-07-05; inrb-sitrep-053-2026-07-06; inrb-sitrep-054-2026-07-07; inrb-sitrep-055-2026-07-08; inrb-sitrep-056-2026-07-09; inrb-sitrep-057-2026-07-10; inrb-sitrep-058-2026-07-11; inrb-sitrep-059-2026-07-12; inrb-umie-ebola-drc-2026-build-2026-05-28-bb8b7d5; inrb-umie-ebola-drc-2026-build-2026-06-01-b4cafc9; uganda-moh-ebola-update-2026-06-06; uganda-moh-ebola-update-2026-06-20; uganda-moh-ebola-update-2026-06-21; who-daily-epi-bdbv-2026-06-08; who-dg-remarks-bdbv-2026-05-20; who-dg-remarks-bdbv-2026-05-22; who-don602-2026-05-15-live; who-don603-2026-05-21-live; who-don606-bdbv-2026-06-08; who-ihr-ec-bdbv-temporary-recommendations-2026-05-22; who-pheic-2026-05-17-live; wikipedia-2026-ituri-epidemic-2026-05-20-live,"Descriptive watch-point interval, not a forecast or response recommendation."
corridor:308:lolwa:beni-cod,lolwa,beni-cod,30,0.0030925361014384756,0.008275806534289887,0.0062385624878216195,0.016650536787921083,0.0016391611990689392,0.03235238355327937,zone-attributed confirmed count 1 for this source zone; visibility-adjustment factor 2.02× reflects under-reporting in source zone; raw risk likely understates true hazard,BDBV-CLAIM-050,derived_model_output_with_unsupported_exponent_attribution,pinned_snapshot_model_output,africa-cdc-phecs-2026-05-18-live; afro-sitrep-01-2026-05-18-live; afro-sitrep-01-pdf-2026-05-18-live; cdc-current-situation-2026-05-21; cdc-current-situation-2026-05-23; cdc-current-situation-2026-05-24; cdc-current-situation-2026-05-25; drc-moh-epidemie-dashboard-sitrep-009-graphql-2026-05-24; drc-moh-epidemie-dashboard-sitrep-mve-n-007-mvb-17-2026-pdf-2026-05-22; ecdc-bdbv-drc-uga-2026-05-19-live; ecdc-bdbv-drc-uga-2026-05-21-live; ecdc-bdbv-drc-uga-2026-05-25-live; ecdc-bdbv-drc-uga-2026-05-26-live; ecdc-bdbv-drc-uga-2026-05-27-live; inrb-sitrep-015-2026-05-29; inrb-sitrep-016-2026-05-30; inrb-sitrep-017-2026-05-31; inrb-sitrep-018-2026-06-01; inrb-sitrep-019-2026-06-02; inrb-sitrep-020-2026-06-03; inrb-sitrep-021-2026-06-04; inrb-sitrep-022-2026-06-05; inrb-sitrep-023-2026-06-06; inrb-sitrep-024-2026-06-07; inrb-sitrep-025-2026-06-08; inrb-sitrep-026-2026-06-09; inrb-sitrep-027-2026-06-10; inrb-sitrep-028-2026-06-11; inrb-sitrep-030-2026-06-13; inrb-sitrep-031-2026-06-14; inrb-sitrep-032-2026-06-15; inrb-sitrep-033-2026-06-16; inrb-sitrep-034-2026-06-17; inrb-sitrep-035-2026-06-18; inrb-sitrep-036-2026-06-19; inrb-sitrep-037-2026-06-20; inrb-sitrep-038-2026-06-21; inrb-sitrep-039-2026-06-22; inrb-sitrep-040-2026-06-23; inrb-sitrep-041-2026-06-24; inrb-sitrep-042-2026-06-25; inrb-sitrep-044-2026-06-27; inrb-sitrep-046-2026-06-29; inrb-sitrep-047-2026-06-30; inrb-sitrep-048-2026-07-01; inrb-sitrep-049-2026-07-02; inrb-sitrep-050-2026-07-03; inrb-sitrep-051-2026-07-04; inrb-sitrep-052-2026-07-05; inrb-sitrep-053-2026-07-06; inrb-sitrep-054-2026-07-07; inrb-sitrep-055-2026-07-08; inrb-sitrep-056-2026-07-09; inrb-sitrep-057-2026-07-10; inrb-sitrep-058-2026-07-11; inrb-sitrep-059-2026-07-12; inrb-umie-ebola-drc-2026-build-2026-05-28-bb8b7d5; inrb-umie-ebola-drc-2026-build-2026-06-01-b4cafc9; uganda-moh-ebola-update-2026-06-06; uganda-moh-ebola-update-2026-06-20; uganda-moh-ebola-update-2026-06-21; who-daily-epi-bdbv-2026-06-08; who-dg-remarks-bdbv-2026-05-20; who-dg-remarks-bdbv-2026-05-22; who-don602-2026-05-15-live; who-don603-2026-05-21-live; who-don606-bdbv-2026-06-08; who-ihr-ec-bdbv-temporary-recommendations-2026-05-22; who-pheic-2026-05-17-live; wikipedia-2026-ituri-epidemic-2026-05-20-live,"Descriptive watch-point interval, not a forecast or response recommendation."
corridor:309:ariwara:nebbi-uga,ariwara,nebbi-uga,30,0.0028720089119514403,0.008239246621165458,0.005794346685193269,0.01657729045473555,0.0017684635974436701,0.029495903406210354,zone-attributed confirmed count 1 for this source zone; visibility-adjustment factor 2.02× reflects under-reporting in source zone; raw risk likely understates true hazard,BDBV-CLAIM-050,derived_model_output_with_unsupported_exponent_attribution,pinned_snapshot_model_output,africa-cdc-phecs-2026-05-18-live; afro-sitrep-01-2026-05-18-live; afro-sitrep-01-pdf-2026-05-18-live; cdc-current-situation-2026-05-21; cdc-current-situation-2026-05-23; cdc-current-situation-2026-05-24; cdc-current-situation-2026-05-25; drc-moh-epidemie-dashboard-sitrep-009-graphql-2026-05-24; drc-moh-epidemie-dashboard-sitrep-mve-n-007-mvb-17-2026-pdf-2026-05-22; ecdc-bdbv-drc-uga-2026-05-19-live; ecdc-bdbv-drc-uga-2026-05-21-live; ecdc-bdbv-drc-uga-2026-05-25-live; ecdc-bdbv-drc-uga-2026-05-26-live; ecdc-bdbv-drc-uga-2026-05-27-live; inrb-sitrep-015-2026-05-29; inrb-sitrep-016-2026-05-30; inrb-sitrep-017-2026-05-31; inrb-sitrep-018-2026-06-01; inrb-sitrep-019-2026-06-02; inrb-sitrep-020-2026-06-03; inrb-sitrep-021-2026-06-04; inrb-sitrep-022-2026-06-05; inrb-sitrep-023-2026-06-06; inrb-sitrep-024-2026-06-07; inrb-sitrep-025-2026-06-08; inrb-sitrep-026-2026-06-09; inrb-sitrep-027-2026-06-10; inrb-sitrep-028-2026-06-11; inrb-sitrep-030-2026-06-13; inrb-sitrep-031-2026-06-14; inrb-sitrep-032-2026-06-15; inrb-sitrep-033-2026-06-16; inrb-sitrep-034-2026-06-17; inrb-sitrep-035-2026-06-18; inrb-sitrep-036-2026-06-19; inrb-sitrep-037-2026-06-20; inrb-sitrep-038-2026-06-21; inrb-sitrep-039-2026-06-22; inrb-sitrep-040-2026-06-23; inrb-sitrep-041-2026-06-24; inrb-sitrep-042-2026-06-25; inrb-sitrep-044-2026-06-27; inrb-sitrep-046-2026-06-29; inrb-sitrep-047-2026-06-30; inrb-sitrep-048-2026-07-01; inrb-sitrep-049-2026-07-02; inrb-sitrep-050-2026-07-03; inrb-sitrep-051-2026-07-04; inrb-sitrep-052-2026-07-05; inrb-sitrep-053-2026-07-06; inrb-sitrep-054-2026-07-07; inrb-sitrep-055-2026-07-08; inrb-sitrep-056-2026-07-09; inrb-sitrep-057-2026-07-10; inrb-sitrep-058-2026-07-11; inrb-sitrep-059-2026-07-12; inrb-umie-ebola-drc-2026-build-2026-05-28-bb8b7d5; inrb-umie-ebola-drc-2026-build-2026-06-01-b4cafc9; uganda-moh-ebola-update-2026-06-06; uganda-moh-ebola-update-2026-06-20; uganda-moh-ebola-update-2026-06-21; who-daily-epi-bdbv-2026-06-08; who-dg-remarks-bdbv-2026-05-20; who-dg-remarks-bdbv-2026-05-22; who-don602-2026-05-15-live; who-don603-2026-05-21-live; who-don606-bdbv-2026-06-08; who-ihr-ec-bdbv-temporary-recommendations-2026-05-22; who-pheic-2026-05-17-live; wikipedia-2026-ituri-epidemic-2026-05-20-live,"Descriptive watch-point interval, not a forecast or response recommendation."
corridor:310:lolwa:arua-uga,lolwa,arua-uga,30,0.003012335572905117,0.008229125158749101,0.0060770233100364,0.016557011063201316,0.001517460297736553,0.031838741789157195,zone-attributed confirmed count 1 for this source zone; visibility-adjustment factor 2.02× reflects under-reporting in source zone; raw risk likely understates true hazard,BDBV-CLAIM-050,derived_model_output_with_unsupported_exponent_attribution,pinned_snapshot_model_output,africa-cdc-phecs-2026-05-18-live; afro-sitrep-01-2026-05-18-live; afro-sitrep-01-pdf-2026-05-18-live; cdc-current-situation-2026-05-21; cdc-current-situation-2026-05-23; cdc-current-situation-2026-05-24; cdc-current-situation-2026-05-25; drc-moh-epidemie-dashboard-sitrep-009-graphql-2026-05-24; drc-moh-epidemie-dashboard-sitrep-mve-n-007-mvb-17-2026-pdf-2026-05-22; ecdc-bdbv-drc-uga-2026-05-19-live; ecdc-bdbv-drc-uga-2026-05-21-live; ecdc-bdbv-drc-uga-2026-05-25-live; ecdc-bdbv-drc-uga-2026-05-26-live; ecdc-bdbv-drc-uga-2026-05-27-live; inrb-sitrep-015-2026-05-29; inrb-sitrep-016-2026-05-30; inrb-sitrep-017-2026-05-31; inrb-sitrep-018-2026-06-01; inrb-sitrep-019-2026-06-02; inrb-sitrep-020-2026-06-03; inrb-sitrep-021-2026-06-04; inrb-sitrep-022-2026-06-05; inrb-sitrep-023-2026-06-06; inrb-sitrep-024-2026-06-07; inrb-sitrep-025-2026-06-08; inrb-sitrep-026-2026-06-09; inrb-sitrep-027-2026-06-10; inrb-sitrep-028-2026-06-11; inrb-sitrep-030-2026-06-13; inrb-sitrep-031-2026-06-14; inrb-sitrep-032-2026-06-15; inrb-sitrep-033-2026-06-16; inrb-sitrep-034-2026-06-17; inrb-sitrep-035-2026-06-18; inrb-sitrep-036-2026-06-19; inrb-sitrep-037-2026-06-20; inrb-sitrep-038-2026-06-21; inrb-sitrep-039-2026-06-22; inrb-sitrep-040-2026-06-23; inrb-sitrep-041-2026-06-24; inrb-sitrep-042-2026-06-25; inrb-sitrep-044-2026-06-27; inrb-sitrep-046-2026-06-29; inrb-sitrep-047-2026-06-30; inrb-sitrep-048-2026-07-01; inrb-sitrep-049-2026-07-02; inrb-sitrep-050-2026-07-03; inrb-sitrep-051-2026-07-04; inrb-sitrep-052-2026-07-05; inrb-sitrep-053-2026-07-06; inrb-sitrep-054-2026-07-07; inrb-sitrep-055-2026-07-08; inrb-sitrep-056-2026-07-09; inrb-sitrep-057-2026-07-10; inrb-sitrep-058-2026-07-11; inrb-sitrep-059-2026-07-12; inrb-umie-ebola-drc-2026-build-2026-05-28-bb8b7d5; inrb-umie-ebola-drc-2026-build-2026-06-01-b4cafc9; uganda-moh-ebola-update-2026-06-06; uganda-moh-ebola-update-2026-06-20; uganda-moh-ebola-update-2026-06-21; who-daily-epi-bdbv-2026-06-08; who-dg-remarks-bdbv-2026-05-20; who-dg-remarks-bdbv-2026-05-22; who-don602-2026-05-15-live; who-don603-2026-05-21-live; who-don606-bdbv-2026-06-08; who-ihr-ec-bdbv-temporary-recommendations-2026-05-22; who-pheic-2026-05-17-live; wikipedia-2026-ituri-epidemic-2026-05-20-live,"Descriptive watch-point interval, not a forecast or response recommendation."
corridor:311:vuhovi:bundibugyo-uga,vuhovi,bundibugyo-uga,30,0.0028134075693529714,0.008214056015476007,0.005676287011181391,0.016526820561427624,0.0013414610999155946,0.030718680217660724,zone-attributed confirmed count 1 for this source zone; visibility-adjustment factor 2.02× reflects under-reporting in source zone; raw risk likely understates true hazard,BDBV-CLAIM-050,derived_model_output_with_unsupported_exponent_attribution,pinned_snapshot_model_output,africa-cdc-phecs-2026-05-18-live; afro-sitrep-01-2026-05-18-live; afro-sitrep-01-pdf-2026-05-18-live; cdc-current-situation-2026-05-21; cdc-current-situation-2026-05-23; cdc-current-situation-2026-05-24; cdc-current-situation-2026-05-25; drc-moh-epidemie-dashboard-sitrep-009-graphql-2026-05-24; drc-moh-epidemie-dashboard-sitrep-mve-n-007-mvb-17-2026-pdf-2026-05-22; ecdc-bdbv-drc-uga-2026-05-19-live; ecdc-bdbv-drc-uga-2026-05-21-live; ecdc-bdbv-drc-uga-2026-05-25-live; ecdc-bdbv-drc-uga-2026-05-26-live; ecdc-bdbv-drc-uga-2026-05-27-live; inrb-sitrep-015-2026-05-29; inrb-sitrep-016-2026-05-30; inrb-sitrep-017-2026-05-31; inrb-sitrep-018-2026-06-01; inrb-sitrep-019-2026-06-02; inrb-sitrep-020-2026-06-03; inrb-sitrep-021-2026-06-04; inrb-sitrep-022-2026-06-05; inrb-sitrep-023-2026-06-06; inrb-sitrep-024-2026-06-07; inrb-sitrep-025-2026-06-08; inrb-sitrep-026-2026-06-09; inrb-sitrep-027-2026-06-10; inrb-sitrep-028-2026-06-11; inrb-sitrep-030-2026-06-13; inrb-sitrep-031-2026-06-14; inrb-sitrep-032-2026-06-15; inrb-sitrep-033-2026-06-16; inrb-sitrep-034-2026-06-17; inrb-sitrep-035-2026-06-18; inrb-sitrep-036-2026-06-19; inrb-sitrep-037-2026-06-20; inrb-sitrep-038-2026-06-21; inrb-sitrep-039-2026-06-22; inrb-sitrep-040-2026-06-23; inrb-sitrep-041-2026-06-24; inrb-sitrep-042-2026-06-25; inrb-sitrep-044-2026-06-27; inrb-sitrep-046-2026-06-29; inrb-sitrep-047-2026-06-30; inrb-sitrep-048-2026-07-01; inrb-sitrep-049-2026-07-02; inrb-sitrep-050-2026-07-03; inrb-sitrep-051-2026-07-04; inrb-sitrep-052-2026-07-05; inrb-sitrep-053-2026-07-06; inrb-sitrep-054-2026-07-07; inrb-sitrep-055-2026-07-08; inrb-sitrep-056-2026-07-09; inrb-sitrep-057-2026-07-10; inrb-sitrep-058-2026-07-11; inrb-sitrep-059-2026-07-12; inrb-umie-ebola-drc-2026-build-2026-05-28-bb8b7d5; inrb-umie-ebola-drc-2026-build-2026-06-01-b4cafc9; uganda-moh-ebola-update-2026-06-06; uganda-moh-ebola-update-2026-06-20; uganda-moh-ebola-update-2026-06-21; who-daily-epi-bdbv-2026-06-08; who-dg-remarks-bdbv-2026-05-20; who-dg-remarks-bdbv-2026-05-22; who-don602-2026-05-15-live; who-don603-2026-05-21-live; who-don606-bdbv-2026-06-08; who-ihr-ec-bdbv-temporary-recommendations-2026-05-22; who-pheic-2026-05-17-live; wikipedia-2026-ituri-epidemic-2026-05-20-live,"Descriptive watch-point interval, not a forecast or response recommendation."
corridor:312:goma-cod:bundibugyo-uga,goma-cod,bundibugyo-uga,30,0.0026663153397926687,0.008198691594130947,0.00537992037273663,0.016496036756303206,0.0015547974635719526,0.034233556924670935,zone-attributed confirmed count 1 for this source zone; visibility-adjustment factor 2.02× reflects under-reporting in source zone; raw risk likely understates true hazard,BDBV-CLAIM-050,derived_model_output_with_unsupported_exponent_attribution,pinned_snapshot_model_output,africa-cdc-phecs-2026-05-18-live; afro-sitrep-01-2026-05-18-live; afro-sitrep-01-pdf-2026-05-18-live; cdc-current-situation-2026-05-21; cdc-current-situation-2026-05-23; cdc-current-situation-2026-05-24; cdc-current-situation-2026-05-25; drc-moh-epidemie-dashboard-sitrep-009-graphql-2026-05-24; drc-moh-epidemie-dashboard-sitrep-mve-n-007-mvb-17-2026-pdf-2026-05-22; ecdc-bdbv-drc-uga-2026-05-19-live; ecdc-bdbv-drc-uga-2026-05-21-live; ecdc-bdbv-drc-uga-2026-05-25-live; ecdc-bdbv-drc-uga-2026-05-26-live; ecdc-bdbv-drc-uga-2026-05-27-live; inrb-sitrep-015-2026-05-29; inrb-sitrep-016-2026-05-30; inrb-sitrep-017-2026-05-31; inrb-sitrep-018-2026-06-01; inrb-sitrep-019-2026-06-02; inrb-sitrep-020-2026-06-03; inrb-sitrep-021-2026-06-04; inrb-sitrep-022-2026-06-05; inrb-sitrep-023-2026-06-06; inrb-sitrep-024-2026-06-07; inrb-sitrep-025-2026-06-08; inrb-sitrep-026-2026-06-09; inrb-sitrep-027-2026-06-10; inrb-sitrep-028-2026-06-11; inrb-sitrep-030-2026-06-13; inrb-sitrep-031-2026-06-14; inrb-sitrep-032-2026-06-15; inrb-sitrep-033-2026-06-16; inrb-sitrep-034-2026-06-17; inrb-sitrep-035-2026-06-18; inrb-sitrep-036-2026-06-19; inrb-sitrep-037-2026-06-20; inrb-sitrep-038-2026-06-21; inrb-sitrep-039-2026-06-22; inrb-sitrep-040-2026-06-23; inrb-sitrep-041-2026-06-24; inrb-sitrep-042-2026-06-25; inrb-sitrep-044-2026-06-27; inrb-sitrep-046-2026-06-29; inrb-sitrep-047-2026-06-30; inrb-sitrep-048-2026-07-01; inrb-sitrep-049-2026-07-02; inrb-sitrep-050-2026-07-03; inrb-sitrep-051-2026-07-04; inrb-sitrep-052-2026-07-05; inrb-sitrep-053-2026-07-06; inrb-sitrep-054-2026-07-07; inrb-sitrep-055-2026-07-08; inrb-sitrep-056-2026-07-09; inrb-sitrep-057-2026-07-10; inrb-sitrep-058-2026-07-11; inrb-sitrep-059-2026-07-12; inrb-umie-ebola-drc-2026-build-2026-05-28-bb8b7d5; inrb-umie-ebola-drc-2026-build-2026-06-01-b4cafc9; uganda-moh-ebola-update-2026-06-06; uganda-moh-ebola-update-2026-06-20; uganda-moh-ebola-update-2026-06-21; who-daily-epi-bdbv-2026-06-08; who-dg-remarks-bdbv-2026-05-20; who-dg-remarks-bdbv-2026-05-22; who-don602-2026-05-15-live; who-don603-2026-05-21-live; who-don606-bdbv-2026-06-08; who-ihr-ec-bdbv-temporary-recommendations-2026-05-22; who-pheic-2026-05-17-live; wikipedia-2026-ituri-epidemic-2026-05-20-live,"Descriptive watch-point interval, not a forecast or response recommendation."
corridor:313:vuhovi:yei-ssd,vuhovi,yei-ssd,30,0.0027947776014081716,0.00819635326662399,0.005638753180232131,0.0164913515431519,0.0013208796158270173,0.030458198936719787,zone-attributed confirmed count 1 for this source zone; visibility-adjustment factor 2.02× reflects under-reporting in source zone; raw risk likely understates true hazard,BDBV-CLAIM-050,derived_model_output_with_unsupported_exponent_attribution,pinned_snapshot_model_output,africa-cdc-phecs-2026-05-18-live; afro-sitrep-01-2026-05-18-live; afro-sitrep-01-pdf-2026-05-18-live; cdc-current-situation-2026-05-21; cdc-current-situation-2026-05-23; cdc-current-situation-2026-05-24; cdc-current-situation-2026-05-25; drc-moh-epidemie-dashboard-sitrep-009-graphql-2026-05-24; drc-moh-epidemie-dashboard-sitrep-mve-n-007-mvb-17-2026-pdf-2026-05-22; ecdc-bdbv-drc-uga-2026-05-19-live; ecdc-bdbv-drc-uga-2026-05-21-live; ecdc-bdbv-drc-uga-2026-05-25-live; ecdc-bdbv-drc-uga-2026-05-26-live; ecdc-bdbv-drc-uga-2026-05-27-live; inrb-sitrep-015-2026-05-29; inrb-sitrep-016-2026-05-30; inrb-sitrep-017-2026-05-31; inrb-sitrep-018-2026-06-01; inrb-sitrep-019-2026-06-02; inrb-sitrep-020-2026-06-03; inrb-sitrep-021-2026-06-04; inrb-sitrep-022-2026-06-05; inrb-sitrep-023-2026-06-06; inrb-sitrep-024-2026-06-07; inrb-sitrep-025-2026-06-08; inrb-sitrep-026-2026-06-09; inrb-sitrep-027-2026-06-10; inrb-sitrep-028-2026-06-11; inrb-sitrep-030-2026-06-13; inrb-sitrep-031-2026-06-14; inrb-sitrep-032-2026-06-15; inrb-sitrep-033-2026-06-16; inrb-sitrep-034-2026-06-17; inrb-sitrep-035-2026-06-18; inrb-sitrep-036-2026-06-19; inrb-sitrep-037-2026-06-20; inrb-sitrep-038-2026-06-21; inrb-sitrep-039-2026-06-22; inrb-sitrep-040-2026-06-23; inrb-sitrep-041-2026-06-24; inrb-sitrep-042-2026-06-25; inrb-sitrep-044-2026-06-27; inrb-sitrep-046-2026-06-29; inrb-sitrep-047-2026-06-30; inrb-sitrep-048-2026-07-01; inrb-sitrep-049-2026-07-02; inrb-sitrep-050-2026-07-03; inrb-sitrep-051-2026-07-04; inrb-sitrep-052-2026-07-05; inrb-sitrep-053-2026-07-06; inrb-sitrep-054-2026-07-07; inrb-sitrep-055-2026-07-08; inrb-sitrep-056-2026-07-09; inrb-sitrep-057-2026-07-10; inrb-sitrep-058-2026-07-11; inrb-sitrep-059-2026-07-12; inrb-umie-ebola-drc-2026-build-2026-05-28-bb8b7d5; inrb-umie-ebola-drc-2026-build-2026-06-01-b4cafc9; uganda-moh-ebola-update-2026-06-06; uganda-moh-ebola-update-2026-06-20; uganda-moh-ebola-update-2026-06-21; who-daily-epi-bdbv-2026-06-08; who-dg-remarks-bdbv-2026-05-20; who-dg-remarks-bdbv-2026-05-22; who-don602-2026-05-15-live; who-don603-2026-05-21-live; who-don606-bdbv-2026-06-08; who-ihr-ec-bdbv-temporary-recommendations-2026-05-22; who-pheic-2026-05-17-live; wikipedia-2026-ituri-epidemic-2026-05-20-live,"Descriptive watch-point interval, not a forecast or response recommendation."
corridor:314:ariwara:beni-cod,ariwara,beni-cod,30,0.0027129844787777135,0.008173342806321704,0.0054739558240622654,0.016445246595210683,0.0013972569711675294,0.03272469364351809,zone-attributed confirmed count 1 for this source zone; visibility-adjustment factor 2.02× reflects under-reporting in source zone; raw risk likely understates true hazard,BDBV-CLAIM-050,derived_model_output_with_unsupported_exponent_attribution,pinned_snapshot_model_output,africa-cdc-phecs-2026-05-18-live; afro-sitrep-01-2026-05-18-live; afro-sitrep-01-pdf-2026-05-18-live; cdc-current-situation-2026-05-21; cdc-current-situation-2026-05-23; cdc-current-situation-2026-05-24; cdc-current-situation-2026-05-25; drc-moh-epidemie-dashboard-sitrep-009-graphql-2026-05-24; drc-moh-epidemie-dashboard-sitrep-mve-n-007-mvb-17-2026-pdf-2026-05-22; ecdc-bdbv-drc-uga-2026-05-19-live; ecdc-bdbv-drc-uga-2026-05-21-live; ecdc-bdbv-drc-uga-2026-05-25-live; ecdc-bdbv-drc-uga-2026-05-26-live; ecdc-bdbv-drc-uga-2026-05-27-live; inrb-sitrep-015-2026-05-29; inrb-sitrep-016-2026-05-30; inrb-sitrep-017-2026-05-31; inrb-sitrep-018-2026-06-01; inrb-sitrep-019-2026-06-02; inrb-sitrep-020-2026-06-03; inrb-sitrep-021-2026-06-04; inrb-sitrep-022-2026-06-05; inrb-sitrep-023-2026-06-06; inrb-sitrep-024-2026-06-07; inrb-sitrep-025-2026-06-08; inrb-sitrep-026-2026-06-09; inrb-sitrep-027-2026-06-10; inrb-sitrep-028-2026-06-11; inrb-sitrep-030-2026-06-13; inrb-sitrep-031-2026-06-14; inrb-sitrep-032-2026-06-15; inrb-sitrep-033-2026-06-16; inrb-sitrep-034-2026-06-17; inrb-sitrep-035-2026-06-18; inrb-sitrep-036-2026-06-19; inrb-sitrep-037-2026-06-20; inrb-sitrep-038-2026-06-21; inrb-sitrep-039-2026-06-22; inrb-sitrep-040-2026-06-23; inrb-sitrep-041-2026-06-24; inrb-sitrep-042-2026-06-25; inrb-sitrep-044-2026-06-27; inrb-sitrep-046-2026-06-29; inrb-sitrep-047-2026-06-30; inrb-sitrep-048-2026-07-01; inrb-sitrep-049-2026-07-02; inrb-sitrep-050-2026-07-03; inrb-sitrep-051-2026-07-04; inrb-sitrep-052-2026-07-05; inrb-sitrep-053-2026-07-06; inrb-sitrep-054-2026-07-07; inrb-sitrep-055-2026-07-08; inrb-sitrep-056-2026-07-09; inrb-sitrep-057-2026-07-10; inrb-sitrep-058-2026-07-11; inrb-sitrep-059-2026-07-12; inrb-umie-ebola-drc-2026-build-2026-05-28-bb8b7d5; inrb-umie-ebola-drc-2026-build-2026-06-01-b4cafc9; uganda-moh-ebola-update-2026-06-06; uganda-moh-ebola-update-2026-06-20; uganda-moh-ebola-update-2026-06-21; who-daily-epi-bdbv-2026-06-08; who-dg-remarks-bdbv-2026-05-20; who-dg-remarks-bdbv-2026-05-22; who-don602-2026-05-15-live; who-don603-2026-05-21-live; who-don606-bdbv-2026-06-08; who-ihr-ec-bdbv-temporary-recommendations-2026-05-22; who-pheic-2026-05-17-live; wikipedia-2026-ituri-epidemic-2026-05-20-live,"Descriptive watch-point interval, not a forecast or response recommendation."
corridor:315:vuhovi:nebbi-uga,vuhovi,nebbi-uga,30,0.002921834346746116,0.008164293126312033,0.005894720606533038,0.01642711493079166,0.0016555819926792447,0.03353778659033343,zone-attributed confirmed count 1 for this source zone; visibility-adjustment factor 2.02× reflects under-reporting in source zone; raw risk likely understates true hazard,BDBV-CLAIM-050,derived_model_output_with_unsupported_exponent_attribution,pinned_snapshot_model_output,africa-cdc-phecs-2026-05-18-live; afro-sitrep-01-2026-05-18-live; afro-sitrep-01-pdf-2026-05-18-live; cdc-current-situation-2026-05-21; cdc-current-situation-2026-05-23; cdc-current-situation-2026-05-24; cdc-current-situation-2026-05-25; drc-moh-epidemie-dashboard-sitrep-009-graphql-2026-05-24; drc-moh-epidemie-dashboard-sitrep-mve-n-007-mvb-17-2026-pdf-2026-05-22; ecdc-bdbv-drc-uga-2026-05-19-live; ecdc-bdbv-drc-uga-2026-05-21-live; ecdc-bdbv-drc-uga-2026-05-25-live; ecdc-bdbv-drc-uga-2026-05-26-live; ecdc-bdbv-drc-uga-2026-05-27-live; inrb-sitrep-015-2026-05-29; inrb-sitrep-016-2026-05-30; inrb-sitrep-017-2026-05-31; inrb-sitrep-018-2026-06-01; inrb-sitrep-019-2026-06-02; inrb-sitrep-020-2026-06-03; inrb-sitrep-021-2026-06-04; inrb-sitrep-022-2026-06-05; inrb-sitrep-023-2026-06-06; inrb-sitrep-024-2026-06-07; inrb-sitrep-025-2026-06-08; inrb-sitrep-026-2026-06-09; inrb-sitrep-027-2026-06-10; inrb-sitrep-028-2026-06-11; inrb-sitrep-030-2026-06-13; inrb-sitrep-031-2026-06-14; inrb-sitrep-032-2026-06-15; inrb-sitrep-033-2026-06-16; inrb-sitrep-034-2026-06-17; inrb-sitrep-035-2026-06-18; inrb-sitrep-036-2026-06-19; inrb-sitrep-037-2026-06-20; inrb-sitrep-038-2026-06-21; inrb-sitrep-039-2026-06-22; inrb-sitrep-040-2026-06-23; inrb-sitrep-041-2026-06-24; inrb-sitrep-042-2026-06-25; inrb-sitrep-044-2026-06-27; inrb-sitrep-046-2026-06-29; inrb-sitrep-047-2026-06-30; inrb-sitrep-048-2026-07-01; inrb-sitrep-049-2026-07-02; inrb-sitrep-050-2026-07-03; inrb-sitrep-051-2026-07-04; inrb-sitrep-052-2026-07-05; inrb-sitrep-053-2026-07-06; inrb-sitrep-054-2026-07-07; inrb-sitrep-055-2026-07-08; inrb-sitrep-056-2026-07-09; inrb-sitrep-057-2026-07-10; inrb-sitrep-058-2026-07-11; inrb-sitrep-059-2026-07-12; inrb-umie-ebola-drc-2026-build-2026-05-28-bb8b7d5; inrb-umie-ebola-drc-2026-build-2026-06-01-b4cafc9; uganda-moh-ebola-update-2026-06-06; uganda-moh-ebola-update-2026-06-20; uganda-moh-ebola-update-2026-06-21; who-daily-epi-bdbv-2026-06-08; who-dg-remarks-bdbv-2026-05-20; who-dg-remarks-bdbv-2026-05-22; who-don602-2026-05-15-live; who-don603-2026-05-21-live; who-don606-bdbv-2026-06-08; who-ihr-ec-bdbv-temporary-recommendations-2026-05-22; who-pheic-2026-05-17-live; wikipedia-2026-ituri-epidemic-2026-05-20-live,"Descriptive watch-point interval, not a forecast or response recommendation."
corridor:316:vuhovi:goma-cod,vuhovi,goma-cod,30,0.003161750459257706,0.00815946415924046,0.006377962770456297,0.016417439966273956,0.0012650684542433678,0.03600165846148198,zone-attributed confirmed count 1 for this source zone; visibility-adjustment factor 2.02× reflects under-reporting in source zone; raw risk likely understates true hazard,BDBV-CLAIM-050,derived_model_output_with_unsupported_exponent_attribution,pinned_snapshot_model_output,africa-cdc-phecs-2026-05-18-live; afro-sitrep-01-2026-05-18-live; afro-sitrep-01-pdf-2026-05-18-live; cdc-current-situation-2026-05-21; cdc-current-situation-2026-05-23; cdc-current-situation-2026-05-24; cdc-current-situation-2026-05-25; drc-moh-epidemie-dashboard-sitrep-009-graphql-2026-05-24; drc-moh-epidemie-dashboard-sitrep-mve-n-007-mvb-17-2026-pdf-2026-05-22; ecdc-bdbv-drc-uga-2026-05-19-live; ecdc-bdbv-drc-uga-2026-05-21-live; ecdc-bdbv-drc-uga-2026-05-25-live; ecdc-bdbv-drc-uga-2026-05-26-live; ecdc-bdbv-drc-uga-2026-05-27-live; inrb-sitrep-015-2026-05-29; inrb-sitrep-016-2026-05-30; inrb-sitrep-017-2026-05-31; inrb-sitrep-018-2026-06-01; inrb-sitrep-019-2026-06-02; inrb-sitrep-020-2026-06-03; inrb-sitrep-021-2026-06-04; inrb-sitrep-022-2026-06-05; inrb-sitrep-023-2026-06-06; inrb-sitrep-024-2026-06-07; inrb-sitrep-025-2026-06-08; inrb-sitrep-026-2026-06-09; inrb-sitrep-027-2026-06-10; inrb-sitrep-028-2026-06-11; inrb-sitrep-030-2026-06-13; inrb-sitrep-031-2026-06-14; inrb-sitrep-032-2026-06-15; inrb-sitrep-033-2026-06-16; inrb-sitrep-034-2026-06-17; inrb-sitrep-035-2026-06-18; inrb-sitrep-036-2026-06-19; inrb-sitrep-037-2026-06-20; inrb-sitrep-038-2026-06-21; inrb-sitrep-039-2026-06-22; inrb-sitrep-040-2026-06-23; inrb-sitrep-041-2026-06-24; inrb-sitrep-042-2026-06-25; inrb-sitrep-044-2026-06-27; inrb-sitrep-046-2026-06-29; inrb-sitrep-047-2026-06-30; inrb-sitrep-048-2026-07-01; inrb-sitrep-049-2026-07-02; inrb-sitrep-050-2026-07-03; inrb-sitrep-051-2026-07-04; inrb-sitrep-052-2026-07-05; inrb-sitrep-053-2026-07-06; inrb-sitrep-054-2026-07-07; inrb-sitrep-055-2026-07-08; inrb-sitrep-056-2026-07-09; inrb-sitrep-057-2026-07-10; inrb-sitrep-058-2026-07-11; inrb-sitrep-059-2026-07-12; inrb-umie-ebola-drc-2026-build-2026-05-28-bb8b7d5; inrb-umie-ebola-drc-2026-build-2026-06-01-b4cafc9; uganda-moh-ebola-update-2026-06-06; uganda-moh-ebola-update-2026-06-20; uganda-moh-ebola-update-2026-06-21; who-daily-epi-bdbv-2026-06-08; who-dg-remarks-bdbv-2026-05-20; who-dg-remarks-bdbv-2026-05-22; who-don602-2026-05-15-live; who-don603-2026-05-21-live; who-don606-bdbv-2026-06-08; who-ihr-ec-bdbv-temporary-recommendations-2026-05-22; who-pheic-2026-05-17-live; wikipedia-2026-ituri-epidemic-2026-05-20-live,"Descriptive watch-point interval, not a forecast or response recommendation."
corridor:317:ariwara:kasese-uga,ariwara,kasese-uga,30,0.002852377562182734,0.008118859500314213,0.005754797683512836,0.016336080246746987,0.0014695614012760262,0.031387286225665174,zone-attributed confirmed count 1 for this source zone; visibility-adjustment factor 2.02× reflects under-reporting in source zone; raw risk likely understates true hazard,BDBV-CLAIM-050,derived_model_output_with_unsupported_exponent_attribution,pinned_snapshot_model_output,africa-cdc-phecs-2026-05-18-live; afro-sitrep-01-2026-05-18-live; afro-sitrep-01-pdf-2026-05-18-live; cdc-current-situation-2026-05-21; cdc-current-situation-2026-05-23; cdc-current-situation-2026-05-24; cdc-current-situation-2026-05-25; drc-moh-epidemie-dashboard-sitrep-009-graphql-2026-05-24; drc-moh-epidemie-dashboard-sitrep-mve-n-007-mvb-17-2026-pdf-2026-05-22; ecdc-bdbv-drc-uga-2026-05-19-live; ecdc-bdbv-drc-uga-2026-05-21-live; ecdc-bdbv-drc-uga-2026-05-25-live; ecdc-bdbv-drc-uga-2026-05-26-live; ecdc-bdbv-drc-uga-2026-05-27-live; inrb-sitrep-015-2026-05-29; inrb-sitrep-016-2026-05-30; inrb-sitrep-017-2026-05-31; inrb-sitrep-018-2026-06-01; inrb-sitrep-019-2026-06-02; inrb-sitrep-020-2026-06-03; inrb-sitrep-021-2026-06-04; inrb-sitrep-022-2026-06-05; inrb-sitrep-023-2026-06-06; inrb-sitrep-024-2026-06-07; inrb-sitrep-025-2026-06-08; inrb-sitrep-026-2026-06-09; inrb-sitrep-027-2026-06-10; inrb-sitrep-028-2026-06-11; inrb-sitrep-030-2026-06-13; inrb-sitrep-031-2026-06-14; inrb-sitrep-032-2026-06-15; inrb-sitrep-033-2026-06-16; inrb-sitrep-034-2026-06-17; inrb-sitrep-035-2026-06-18; inrb-sitrep-036-2026-06-19; inrb-sitrep-037-2026-06-20; inrb-sitrep-038-2026-06-21; inrb-sitrep-039-2026-06-22; inrb-sitrep-040-2026-06-23; inrb-sitrep-041-2026-06-24; inrb-sitrep-042-2026-06-25; inrb-sitrep-044-2026-06-27; inrb-sitrep-046-2026-06-29; inrb-sitrep-047-2026-06-30; inrb-sitrep-048-2026-07-01; inrb-sitrep-049-2026-07-02; inrb-sitrep-050-2026-07-03; inrb-sitrep-051-2026-07-04; inrb-sitrep-052-2026-07-05; inrb-sitrep-053-2026-07-06; inrb-sitrep-054-2026-07-07; inrb-sitrep-055-2026-07-08; inrb-sitrep-056-2026-07-09; inrb-sitrep-057-2026-07-10; inrb-sitrep-058-2026-07-11; inrb-sitrep-059-2026-07-12; inrb-umie-ebola-drc-2026-build-2026-05-28-bb8b7d5; inrb-umie-ebola-drc-2026-build-2026-06-01-b4cafc9; uganda-moh-ebola-update-2026-06-06; uganda-moh-ebola-update-2026-06-20; uganda-moh-ebola-update-2026-06-21; who-daily-epi-bdbv-2026-06-08; who-dg-remarks-bdbv-2026-05-20; who-dg-remarks-bdbv-2026-05-22; who-don602-2026-05-15-live; who-don603-2026-05-21-live; who-don606-bdbv-2026-06-08; who-ihr-ec-bdbv-temporary-recommendations-2026-05-22; who-pheic-2026-05-17-live; wikipedia-2026-ituri-epidemic-2026-05-20-live,"Descriptive watch-point interval, not a forecast or response recommendation."
corridor:318:mabalako:nebbi-uga,mabalako,nebbi-uga,30,0.0028918139230642292,0.008095035939064937,0.0058342447057605495,0.01628834222728731,0.0013016891096294643,0.03255264154820074,zone-attributed confirmed count 1 for this source zone; visibility-adjustment factor 2.02× reflects under-reporting in source zone; raw risk likely understates true hazard,BDBV-CLAIM-050,derived_model_output_with_unsupported_exponent_attribution,pinned_snapshot_model_output,africa-cdc-phecs-2026-05-18-live; afro-sitrep-01-2026-05-18-live; afro-sitrep-01-pdf-2026-05-18-live; cdc-current-situation-2026-05-21; cdc-current-situation-2026-05-23; cdc-current-situation-2026-05-24; cdc-current-situation-2026-05-25; drc-moh-epidemie-dashboard-sitrep-009-graphql-2026-05-24; drc-moh-epidemie-dashboard-sitrep-mve-n-007-mvb-17-2026-pdf-2026-05-22; ecdc-bdbv-drc-uga-2026-05-19-live; ecdc-bdbv-drc-uga-2026-05-21-live; ecdc-bdbv-drc-uga-2026-05-25-live; ecdc-bdbv-drc-uga-2026-05-26-live; ecdc-bdbv-drc-uga-2026-05-27-live; inrb-sitrep-015-2026-05-29; inrb-sitrep-016-2026-05-30; inrb-sitrep-017-2026-05-31; inrb-sitrep-018-2026-06-01; inrb-sitrep-019-2026-06-02; inrb-sitrep-020-2026-06-03; inrb-sitrep-021-2026-06-04; inrb-sitrep-022-2026-06-05; inrb-sitrep-023-2026-06-06; inrb-sitrep-024-2026-06-07; inrb-sitrep-025-2026-06-08; inrb-sitrep-026-2026-06-09; inrb-sitrep-027-2026-06-10; inrb-sitrep-028-2026-06-11; inrb-sitrep-030-2026-06-13; inrb-sitrep-031-2026-06-14; inrb-sitrep-032-2026-06-15; inrb-sitrep-033-2026-06-16; inrb-sitrep-034-2026-06-17; inrb-sitrep-035-2026-06-18; inrb-sitrep-036-2026-06-19; inrb-sitrep-037-2026-06-20; inrb-sitrep-038-2026-06-21; inrb-sitrep-039-2026-06-22; inrb-sitrep-040-2026-06-23; inrb-sitrep-041-2026-06-24; inrb-sitrep-042-2026-06-25; inrb-sitrep-044-2026-06-27; inrb-sitrep-046-2026-06-29; inrb-sitrep-047-2026-06-30; inrb-sitrep-048-2026-07-01; inrb-sitrep-049-2026-07-02; inrb-sitrep-050-2026-07-03; inrb-sitrep-051-2026-07-04; inrb-sitrep-052-2026-07-05; inrb-sitrep-053-2026-07-06; inrb-sitrep-054-2026-07-07; inrb-sitrep-055-2026-07-08; inrb-sitrep-056-2026-07-09; inrb-sitrep-057-2026-07-10; inrb-sitrep-058-2026-07-11; inrb-sitrep-059-2026-07-12; inrb-umie-ebola-drc-2026-build-2026-05-28-bb8b7d5; inrb-umie-ebola-drc-2026-build-2026-06-01-b4cafc9; uganda-moh-ebola-update-2026-06-06; uganda-moh-ebola-update-2026-06-20; uganda-moh-ebola-update-2026-06-21; who-daily-epi-bdbv-2026-06-08; who-dg-remarks-bdbv-2026-05-20; who-dg-remarks-bdbv-2026-05-22; who-don602-2026-05-15-live; who-don603-2026-05-21-live; who-don606-bdbv-2026-06-08; who-ihr-ec-bdbv-temporary-recommendations-2026-05-22; who-pheic-2026-05-17-live; wikipedia-2026-ituri-epidemic-2026-05-20-live,"Descriptive watch-point interval, not a forecast or response recommendation."
corridor:319:mabalako:yei-ssd,mabalako,yei-ssd,30,0.00290230793023058,0.008091460423866048,0.0058553850009931685,0.016281178694058485,0.0014496665804498183,0.03333965621407094,zone-attributed confirmed count 1 for this source zone; visibility-adjustment factor 2.02× reflects under-reporting in source zone; raw risk likely understates true hazard,BDBV-CLAIM-050,derived_model_output_with_unsupported_exponent_attribution,pinned_snapshot_model_output,africa-cdc-phecs-2026-05-18-live; afro-sitrep-01-2026-05-18-live; afro-sitrep-01-pdf-2026-05-18-live; cdc-current-situation-2026-05-21; cdc-current-situation-2026-05-23; cdc-current-situation-2026-05-24; cdc-current-situation-2026-05-25; drc-moh-epidemie-dashboard-sitrep-009-graphql-2026-05-24; drc-moh-epidemie-dashboard-sitrep-mve-n-007-mvb-17-2026-pdf-2026-05-22; ecdc-bdbv-drc-uga-2026-05-19-live; ecdc-bdbv-drc-uga-2026-05-21-live; ecdc-bdbv-drc-uga-2026-05-25-live; ecdc-bdbv-drc-uga-2026-05-26-live; ecdc-bdbv-drc-uga-2026-05-27-live; inrb-sitrep-015-2026-05-29; inrb-sitrep-016-2026-05-30; inrb-sitrep-017-2026-05-31; inrb-sitrep-018-2026-06-01; inrb-sitrep-019-2026-06-02; inrb-sitrep-020-2026-06-03; inrb-sitrep-021-2026-06-04; inrb-sitrep-022-2026-06-05; inrb-sitrep-023-2026-06-06; inrb-sitrep-024-2026-06-07; inrb-sitrep-025-2026-06-08; inrb-sitrep-026-2026-06-09; inrb-sitrep-027-2026-06-10; inrb-sitrep-028-2026-06-11; inrb-sitrep-030-2026-06-13; inrb-sitrep-031-2026-06-14; inrb-sitrep-032-2026-06-15; inrb-sitrep-033-2026-06-16; inrb-sitrep-034-2026-06-17; inrb-sitrep-035-2026-06-18; inrb-sitrep-036-2026-06-19; inrb-sitrep-037-2026-06-20; inrb-sitrep-038-2026-06-21; inrb-sitrep-039-2026-06-22; inrb-sitrep-040-2026-06-23; inrb-sitrep-041-2026-06-24; inrb-sitrep-042-2026-06-25; inrb-sitrep-044-2026-06-27; inrb-sitrep-046-2026-06-29; inrb-sitrep-047-2026-06-30; inrb-sitrep-048-2026-07-01; inrb-sitrep-049-2026-07-02; inrb-sitrep-050-2026-07-03; inrb-sitrep-051-2026-07-04; inrb-sitrep-052-2026-07-05; inrb-sitrep-053-2026-07-06; inrb-sitrep-054-2026-07-07; inrb-sitrep-055-2026-07-08; inrb-sitrep-056-2026-07-09; inrb-sitrep-057-2026-07-10; inrb-sitrep-058-2026-07-11; inrb-sitrep-059-2026-07-12; inrb-umie-ebola-drc-2026-build-2026-05-28-bb8b7d5; inrb-umie-ebola-drc-2026-build-2026-06-01-b4cafc9; uganda-moh-ebola-update-2026-06-06; uganda-moh-ebola-update-2026-06-20; uganda-moh-ebola-update-2026-06-21; who-daily-epi-bdbv-2026-06-08; who-dg-remarks-bdbv-2026-05-20; who-dg-remarks-bdbv-2026-05-22; who-don602-2026-05-15-live; who-don603-2026-05-21-live; who-don606-bdbv-2026-06-08; who-ihr-ec-bdbv-temporary-recommendations-2026-05-22; who-pheic-2026-05-17-live; wikipedia-2026-ituri-epidemic-2026-05-20-live,"Descriptive watch-point interval, not a forecast or response recommendation."
corridor:320:mabalako:kasese-uga,mabalako,kasese-uga,30,0.00297487531751775,0.008087411695850227,0.006001566576016193,0.016273065787513197,0.001726296387312351,0.03622607742980882,zone-attributed confirmed count 1 for this source zone; visibility-adjustment factor 2.02× reflects under-reporting in source zone; raw risk likely understates true hazard,BDBV-CLAIM-050,derived_model_output_with_unsupported_exponent_attribution,pinned_snapshot_model_output,africa-cdc-phecs-2026-05-18-live; afro-sitrep-01-2026-05-18-live; afro-sitrep-01-pdf-2026-05-18-live; cdc-current-situation-2026-05-21; cdc-current-situation-2026-05-23; cdc-current-situation-2026-05-24; cdc-current-situation-2026-05-25; drc-moh-epidemie-dashboard-sitrep-009-graphql-2026-05-24; drc-moh-epidemie-dashboard-sitrep-mve-n-007-mvb-17-2026-pdf-2026-05-22; ecdc-bdbv-drc-uga-2026-05-19-live; ecdc-bdbv-drc-uga-2026-05-21-live; ecdc-bdbv-drc-uga-2026-05-25-live; ecdc-bdbv-drc-uga-2026-05-26-live; ecdc-bdbv-drc-uga-2026-05-27-live; inrb-sitrep-015-2026-05-29; inrb-sitrep-016-2026-05-30; inrb-sitrep-017-2026-05-31; inrb-sitrep-018-2026-06-01; inrb-sitrep-019-2026-06-02; inrb-sitrep-020-2026-06-03; inrb-sitrep-021-2026-06-04; inrb-sitrep-022-2026-06-05; inrb-sitrep-023-2026-06-06; inrb-sitrep-024-2026-06-07; inrb-sitrep-025-2026-06-08; inrb-sitrep-026-2026-06-09; inrb-sitrep-027-2026-06-10; inrb-sitrep-028-2026-06-11; inrb-sitrep-030-2026-06-13; inrb-sitrep-031-2026-06-14; inrb-sitrep-032-2026-06-15; inrb-sitrep-033-2026-06-16; inrb-sitrep-034-2026-06-17; inrb-sitrep-035-2026-06-18; inrb-sitrep-036-2026-06-19; inrb-sitrep-037-2026-06-20; inrb-sitrep-038-2026-06-21; inrb-sitrep-039-2026-06-22; inrb-sitrep-040-2026-06-23; inrb-sitrep-041-2026-06-24; inrb-sitrep-042-2026-06-25; inrb-sitrep-044-2026-06-27; inrb-sitrep-046-2026-06-29; inrb-sitrep-047-2026-06-30; inrb-sitrep-048-2026-07-01; inrb-sitrep-049-2026-07-02; inrb-sitrep-050-2026-07-03; inrb-sitrep-051-2026-07-04; inrb-sitrep-052-2026-07-05; inrb-sitrep-053-2026-07-06; inrb-sitrep-054-2026-07-07; inrb-sitrep-055-2026-07-08; inrb-sitrep-056-2026-07-09; inrb-sitrep-057-2026-07-10; inrb-sitrep-058-2026-07-11; inrb-sitrep-059-2026-07-12; inrb-umie-ebola-drc-2026-build-2026-05-28-bb8b7d5; inrb-umie-ebola-drc-2026-build-2026-06-01-b4cafc9; uganda-moh-ebola-update-2026-06-06; uganda-moh-ebola-update-2026-06-20; uganda-moh-ebola-update-2026-06-21; who-daily-epi-bdbv-2026-06-08; who-dg-remarks-bdbv-2026-05-20; who-dg-remarks-bdbv-2026-05-22; who-don602-2026-05-15-live; who-don603-2026-05-21-live; who-don606-bdbv-2026-06-08; who-ihr-ec-bdbv-temporary-recommendations-2026-05-22; who-pheic-2026-05-17-live; wikipedia-2026-ituri-epidemic-2026-05-20-live,"Descriptive watch-point interval, not a forecast or response recommendation."
corridor:321:gety:yei-ssd,gety,yei-ssd,30,0.002806813247201445,0.008073567299631768,0.005663001372808146,0.016245324034031172,0.0014531827739866444,0.033761593412683824,zone-attributed confirmed count 1 for this source zone; visibility-adjustment factor 2.02× reflects under-reporting in source zone; raw risk likely understates true hazard,BDBV-CLAIM-050,derived_model_output_with_unsupported_exponent_attribution,pinned_snapshot_model_output,africa-cdc-phecs-2026-05-18-live; afro-sitrep-01-2026-05-18-live; afro-sitrep-01-pdf-2026-05-18-live; cdc-current-situation-2026-05-21; cdc-current-situation-2026-05-23; cdc-current-situation-2026-05-24; cdc-current-situation-2026-05-25; drc-moh-epidemie-dashboard-sitrep-009-graphql-2026-05-24; drc-moh-epidemie-dashboard-sitrep-mve-n-007-mvb-17-2026-pdf-2026-05-22; ecdc-bdbv-drc-uga-2026-05-19-live; ecdc-bdbv-drc-uga-2026-05-21-live; ecdc-bdbv-drc-uga-2026-05-25-live; ecdc-bdbv-drc-uga-2026-05-26-live; ecdc-bdbv-drc-uga-2026-05-27-live; inrb-sitrep-015-2026-05-29; inrb-sitrep-016-2026-05-30; inrb-sitrep-017-2026-05-31; inrb-sitrep-018-2026-06-01; inrb-sitrep-019-2026-06-02; inrb-sitrep-020-2026-06-03; inrb-sitrep-021-2026-06-04; inrb-sitrep-022-2026-06-05; inrb-sitrep-023-2026-06-06; inrb-sitrep-024-2026-06-07; inrb-sitrep-025-2026-06-08; inrb-sitrep-026-2026-06-09; inrb-sitrep-027-2026-06-10; inrb-sitrep-028-2026-06-11; inrb-sitrep-030-2026-06-13; inrb-sitrep-031-2026-06-14; inrb-sitrep-032-2026-06-15; inrb-sitrep-033-2026-06-16; inrb-sitrep-034-2026-06-17; inrb-sitrep-035-2026-06-18; inrb-sitrep-036-2026-06-19; inrb-sitrep-037-2026-06-20; inrb-sitrep-038-2026-06-21; inrb-sitrep-039-2026-06-22; inrb-sitrep-040-2026-06-23; inrb-sitrep-041-2026-06-24; inrb-sitrep-042-2026-06-25; inrb-sitrep-044-2026-06-27; inrb-sitrep-046-2026-06-29; inrb-sitrep-047-2026-06-30; inrb-sitrep-048-2026-07-01; inrb-sitrep-049-2026-07-02; inrb-sitrep-050-2026-07-03; inrb-sitrep-051-2026-07-04; inrb-sitrep-052-2026-07-05; inrb-sitrep-053-2026-07-06; inrb-sitrep-054-2026-07-07; inrb-sitrep-055-2026-07-08; inrb-sitrep-056-2026-07-09; inrb-sitrep-057-2026-07-10; inrb-sitrep-058-2026-07-11; inrb-sitrep-059-2026-07-12; inrb-umie-ebola-drc-2026-build-2026-05-28-bb8b7d5; inrb-umie-ebola-drc-2026-build-2026-06-01-b4cafc9; uganda-moh-ebola-update-2026-06-06; uganda-moh-ebola-update-2026-06-20; uganda-moh-ebola-update-2026-06-21; who-daily-epi-bdbv-2026-06-08; who-dg-remarks-bdbv-2026-05-20; who-dg-remarks-bdbv-2026-05-22; who-don602-2026-05-15-live; who-don603-2026-05-21-live; who-don606-bdbv-2026-06-08; who-ihr-ec-bdbv-temporary-recommendations-2026-05-22; who-pheic-2026-05-17-live; wikipedia-2026-ituri-epidemic-2026-05-20-live,"Descriptive watch-point interval, not a forecast or response recommendation."
corridor:322:goma-cod:arua-uga,goma-cod,arua-uga,30,0.0031179515625625043,0.008061729397616318,0.0062897499505218946,0.01622160229348596,0.0017808896163522716,0.034407298857102774,zone-attributed confirmed count 1 for this source zone; visibility-adjustment factor 2.02× reflects under-reporting in source zone; raw risk likely understates true hazard,BDBV-CLAIM-050,derived_model_output_with_unsupported_exponent_attribution,pinned_snapshot_model_output,africa-cdc-phecs-2026-05-18-live; afro-sitrep-01-2026-05-18-live; afro-sitrep-01-pdf-2026-05-18-live; cdc-current-situation-2026-05-21; cdc-current-situation-2026-05-23; cdc-current-situation-2026-05-24; cdc-current-situation-2026-05-25; drc-moh-epidemie-dashboard-sitrep-009-graphql-2026-05-24; drc-moh-epidemie-dashboard-sitrep-mve-n-007-mvb-17-2026-pdf-2026-05-22; ecdc-bdbv-drc-uga-2026-05-19-live; ecdc-bdbv-drc-uga-2026-05-21-live; ecdc-bdbv-drc-uga-2026-05-25-live; ecdc-bdbv-drc-uga-2026-05-26-live; ecdc-bdbv-drc-uga-2026-05-27-live; inrb-sitrep-015-2026-05-29; inrb-sitrep-016-2026-05-30; inrb-sitrep-017-2026-05-31; inrb-sitrep-018-2026-06-01; inrb-sitrep-019-2026-06-02; inrb-sitrep-020-2026-06-03; inrb-sitrep-021-2026-06-04; inrb-sitrep-022-2026-06-05; inrb-sitrep-023-2026-06-06; inrb-sitrep-024-2026-06-07; inrb-sitrep-025-2026-06-08; inrb-sitrep-026-2026-06-09; inrb-sitrep-027-2026-06-10; inrb-sitrep-028-2026-06-11; inrb-sitrep-030-2026-06-13; inrb-sitrep-031-2026-06-14; inrb-sitrep-032-2026-06-15; inrb-sitrep-033-2026-06-16; inrb-sitrep-034-2026-06-17; inrb-sitrep-035-2026-06-18; inrb-sitrep-036-2026-06-19; inrb-sitrep-037-2026-06-20; inrb-sitrep-038-2026-06-21; inrb-sitrep-039-2026-06-22; inrb-sitrep-040-2026-06-23; inrb-sitrep-041-2026-06-24; inrb-sitrep-042-2026-06-25; inrb-sitrep-044-2026-06-27; inrb-sitrep-046-2026-06-29; inrb-sitrep-047-2026-06-30; inrb-sitrep-048-2026-07-01; inrb-sitrep-049-2026-07-02; inrb-sitrep-050-2026-07-03; inrb-sitrep-051-2026-07-04; inrb-sitrep-052-2026-07-05; inrb-sitrep-053-2026-07-06; inrb-sitrep-054-2026-07-07; inrb-sitrep-055-2026-07-08; inrb-sitrep-056-2026-07-09; inrb-sitrep-057-2026-07-10; inrb-sitrep-058-2026-07-11; inrb-sitrep-059-2026-07-12; inrb-umie-ebola-drc-2026-build-2026-05-28-bb8b7d5; inrb-umie-ebola-drc-2026-build-2026-06-01-b4cafc9; uganda-moh-ebola-update-2026-06-06; uganda-moh-ebola-update-2026-06-20; uganda-moh-ebola-update-2026-06-21; who-daily-epi-bdbv-2026-06-08; who-dg-remarks-bdbv-2026-05-20; who-dg-remarks-bdbv-2026-05-22; who-don602-2026-05-15-live; who-don603-2026-05-21-live; who-don606-bdbv-2026-06-08; who-ihr-ec-bdbv-temporary-recommendations-2026-05-22; who-pheic-2026-05-17-live; wikipedia-2026-ituri-epidemic-2026-05-20-live,"Descriptive watch-point interval, not a forecast or response recommendation."
corridor:323:boga:goma-cod,boga,goma-cod,30,0.0028532972807175927,0.008052754574360332,0.005756650536402036,0.016203615979656083,0.001444427236999288,0.034714224459285,zone-attributed confirmed count 1 for this source zone; visibility-adjustment factor 2.02× reflects under-reporting in source zone; raw risk likely understates true hazard,BDBV-CLAIM-050,derived_model_output_with_unsupported_exponent_attribution,pinned_snapshot_model_output,africa-cdc-phecs-2026-05-18-live; afro-sitrep-01-2026-05-18-live; afro-sitrep-01-pdf-2026-05-18-live; cdc-current-situation-2026-05-21; cdc-current-situation-2026-05-23; cdc-current-situation-2026-05-24; cdc-current-situation-2026-05-25; drc-moh-epidemie-dashboard-sitrep-009-graphql-2026-05-24; drc-moh-epidemie-dashboard-sitrep-mve-n-007-mvb-17-2026-pdf-2026-05-22; ecdc-bdbv-drc-uga-2026-05-19-live; ecdc-bdbv-drc-uga-2026-05-21-live; ecdc-bdbv-drc-uga-2026-05-25-live; ecdc-bdbv-drc-uga-2026-05-26-live; ecdc-bdbv-drc-uga-2026-05-27-live; inrb-sitrep-015-2026-05-29; inrb-sitrep-016-2026-05-30; inrb-sitrep-017-2026-05-31; inrb-sitrep-018-2026-06-01; inrb-sitrep-019-2026-06-02; inrb-sitrep-020-2026-06-03; inrb-sitrep-021-2026-06-04; inrb-sitrep-022-2026-06-05; inrb-sitrep-023-2026-06-06; inrb-sitrep-024-2026-06-07; inrb-sitrep-025-2026-06-08; inrb-sitrep-026-2026-06-09; inrb-sitrep-027-2026-06-10; inrb-sitrep-028-2026-06-11; inrb-sitrep-030-2026-06-13; inrb-sitrep-031-2026-06-14; inrb-sitrep-032-2026-06-15; inrb-sitrep-033-2026-06-16; inrb-sitrep-034-2026-06-17; inrb-sitrep-035-2026-06-18; inrb-sitrep-036-2026-06-19; inrb-sitrep-037-2026-06-20; inrb-sitrep-038-2026-06-21; inrb-sitrep-039-2026-06-22; inrb-sitrep-040-2026-06-23; inrb-sitrep-041-2026-06-24; inrb-sitrep-042-2026-06-25; inrb-sitrep-044-2026-06-27; inrb-sitrep-046-2026-06-29; inrb-sitrep-047-2026-06-30; inrb-sitrep-048-2026-07-01; inrb-sitrep-049-2026-07-02; inrb-sitrep-050-2026-07-03; inrb-sitrep-051-2026-07-04; inrb-sitrep-052-2026-07-05; inrb-sitrep-053-2026-07-06; inrb-sitrep-054-2026-07-07; inrb-sitrep-055-2026-07-08; inrb-sitrep-056-2026-07-09; inrb-sitrep-057-2026-07-10; inrb-sitrep-058-2026-07-11; inrb-sitrep-059-2026-07-12; inrb-umie-ebola-drc-2026-build-2026-05-28-bb8b7d5; inrb-umie-ebola-drc-2026-build-2026-06-01-b4cafc9; uganda-moh-ebola-update-2026-06-06; uganda-moh-ebola-update-2026-06-20; uganda-moh-ebola-update-2026-06-21; who-daily-epi-bdbv-2026-06-08; who-dg-remarks-bdbv-2026-05-20; who-dg-remarks-bdbv-2026-05-22; who-don602-2026-05-15-live; who-don603-2026-05-21-live; who-don606-bdbv-2026-06-08; who-ihr-ec-bdbv-temporary-recommendations-2026-05-22; who-pheic-2026-05-17-live; wikipedia-2026-ituri-epidemic-2026-05-20-live,"Descriptive watch-point interval, not a forecast or response recommendation."
corridor:324:mabalako:beni-cod,mabalako,beni-cod,30,0.0030342849714690423,0.00805004735299128,0.006121234404469378,0.0161981933115046,0.001381090855293482,0.033079978257578344,zone-attributed confirmed count 1 for this source zone; visibility-adjustment factor 2.02× reflects under-reporting in source zone; raw risk likely understates true hazard,BDBV-CLAIM-050,derived_model_output_with_unsupported_exponent_attribution,pinned_snapshot_model_output,africa-cdc-phecs-2026-05-18-live; afro-sitrep-01-2026-05-18-live; afro-sitrep-01-pdf-2026-05-18-live; cdc-current-situation-2026-05-21; cdc-current-situation-2026-05-23; cdc-current-situation-2026-05-24; cdc-current-situation-2026-05-25; drc-moh-epidemie-dashboard-sitrep-009-graphql-2026-05-24; drc-moh-epidemie-dashboard-sitrep-mve-n-007-mvb-17-2026-pdf-2026-05-22; ecdc-bdbv-drc-uga-2026-05-19-live; ecdc-bdbv-drc-uga-2026-05-21-live; ecdc-bdbv-drc-uga-2026-05-25-live; ecdc-bdbv-drc-uga-2026-05-26-live; ecdc-bdbv-drc-uga-2026-05-27-live; inrb-sitrep-015-2026-05-29; inrb-sitrep-016-2026-05-30; inrb-sitrep-017-2026-05-31; inrb-sitrep-018-2026-06-01; inrb-sitrep-019-2026-06-02; inrb-sitrep-020-2026-06-03; inrb-sitrep-021-2026-06-04; inrb-sitrep-022-2026-06-05; inrb-sitrep-023-2026-06-06; inrb-sitrep-024-2026-06-07; inrb-sitrep-025-2026-06-08; inrb-sitrep-026-2026-06-09; inrb-sitrep-027-2026-06-10; inrb-sitrep-028-2026-06-11; inrb-sitrep-030-2026-06-13; inrb-sitrep-031-2026-06-14; inrb-sitrep-032-2026-06-15; inrb-sitrep-033-2026-06-16; inrb-sitrep-034-2026-06-17; inrb-sitrep-035-2026-06-18; inrb-sitrep-036-2026-06-19; inrb-sitrep-037-2026-06-20; inrb-sitrep-038-2026-06-21; inrb-sitrep-039-2026-06-22; inrb-sitrep-040-2026-06-23; inrb-sitrep-041-2026-06-24; inrb-sitrep-042-2026-06-25; inrb-sitrep-044-2026-06-27; inrb-sitrep-046-2026-06-29; inrb-sitrep-047-2026-06-30; inrb-sitrep-048-2026-07-01; inrb-sitrep-049-2026-07-02; inrb-sitrep-050-2026-07-03; inrb-sitrep-051-2026-07-04; inrb-sitrep-052-2026-07-05; inrb-sitrep-053-2026-07-06; inrb-sitrep-054-2026-07-07; inrb-sitrep-055-2026-07-08; inrb-sitrep-056-2026-07-09; inrb-sitrep-057-2026-07-10; inrb-sitrep-058-2026-07-11; inrb-sitrep-059-2026-07-12; inrb-umie-ebola-drc-2026-build-2026-05-28-bb8b7d5; inrb-umie-ebola-drc-2026-build-2026-06-01-b4cafc9; uganda-moh-ebola-update-2026-06-06; uganda-moh-ebola-update-2026-06-20; uganda-moh-ebola-update-2026-06-21; who-daily-epi-bdbv-2026-06-08; who-dg-remarks-bdbv-2026-05-20; who-dg-remarks-bdbv-2026-05-22; who-don602-2026-05-15-live; who-don603-2026-05-21-live; who-don606-bdbv-2026-06-08; who-ihr-ec-bdbv-temporary-recommendations-2026-05-22; who-pheic-2026-05-17-live; wikipedia-2026-ituri-epidemic-2026-05-20-live,"Descriptive watch-point interval, not a forecast or response recommendation."
corridor:325:boga:arua-uga,boga,arua-uga,30,0.0026408038510399023,0.00804559889831713,0.005328514365866566,0.016189279073854118,0.0015045396094389375,0.03362163346841563,zone-attributed confirmed count 1 for this source zone; visibility-adjustment factor 2.02× reflects under-reporting in source zone; raw risk likely understates true hazard,BDBV-CLAIM-050,derived_model_output_with_unsupported_exponent_attribution,pinned_snapshot_model_output,africa-cdc-phecs-2026-05-18-live; afro-sitrep-01-2026-05-18-live; afro-sitrep-01-pdf-2026-05-18-live; cdc-current-situation-2026-05-21; cdc-current-situation-2026-05-23; cdc-current-situation-2026-05-24; cdc-current-situation-2026-05-25; drc-moh-epidemie-dashboard-sitrep-009-graphql-2026-05-24; drc-moh-epidemie-dashboard-sitrep-mve-n-007-mvb-17-2026-pdf-2026-05-22; ecdc-bdbv-drc-uga-2026-05-19-live; ecdc-bdbv-drc-uga-2026-05-21-live; ecdc-bdbv-drc-uga-2026-05-25-live; ecdc-bdbv-drc-uga-2026-05-26-live; ecdc-bdbv-drc-uga-2026-05-27-live; inrb-sitrep-015-2026-05-29; inrb-sitrep-016-2026-05-30; inrb-sitrep-017-2026-05-31; inrb-sitrep-018-2026-06-01; inrb-sitrep-019-2026-06-02; inrb-sitrep-020-2026-06-03; inrb-sitrep-021-2026-06-04; inrb-sitrep-022-2026-06-05; inrb-sitrep-023-2026-06-06; inrb-sitrep-024-2026-06-07; inrb-sitrep-025-2026-06-08; inrb-sitrep-026-2026-06-09; inrb-sitrep-027-2026-06-10; inrb-sitrep-028-2026-06-11; inrb-sitrep-030-2026-06-13; inrb-sitrep-031-2026-06-14; inrb-sitrep-032-2026-06-15; inrb-sitrep-033-2026-06-16; inrb-sitrep-034-2026-06-17; inrb-sitrep-035-2026-06-18; inrb-sitrep-036-2026-06-19; inrb-sitrep-037-2026-06-20; inrb-sitrep-038-2026-06-21; inrb-sitrep-039-2026-06-22; inrb-sitrep-040-2026-06-23; inrb-sitrep-041-2026-06-24; inrb-sitrep-042-2026-06-25; inrb-sitrep-044-2026-06-27; inrb-sitrep-046-2026-06-29; inrb-sitrep-047-2026-06-30; inrb-sitrep-048-2026-07-01; inrb-sitrep-049-2026-07-02; inrb-sitrep-050-2026-07-03; inrb-sitrep-051-2026-07-04; inrb-sitrep-052-2026-07-05; inrb-sitrep-053-2026-07-06; inrb-sitrep-054-2026-07-07; inrb-sitrep-055-2026-07-08; inrb-sitrep-056-2026-07-09; inrb-sitrep-057-2026-07-10; inrb-sitrep-058-2026-07-11; inrb-sitrep-059-2026-07-12; inrb-umie-ebola-drc-2026-build-2026-05-28-bb8b7d5; inrb-umie-ebola-drc-2026-build-2026-06-01-b4cafc9; uganda-moh-ebola-update-2026-06-06; uganda-moh-ebola-update-2026-06-20; uganda-moh-ebola-update-2026-06-21; who-daily-epi-bdbv-2026-06-08; who-dg-remarks-bdbv-2026-05-20; who-dg-remarks-bdbv-2026-05-22; who-don602-2026-05-15-live; who-don603-2026-05-21-live; who-don606-bdbv-2026-06-08; who-ihr-ec-bdbv-temporary-recommendations-2026-05-22; who-pheic-2026-05-17-live; wikipedia-2026-ituri-epidemic-2026-05-20-live,"Descriptive watch-point interval, not a forecast or response recommendation."
corridor:326:boga:nebbi-uga,boga,nebbi-uga,30,0.002955921461912564,0.008038876337087164,0.0059633865321947754,0.01617580557330142,0.0011840279846974332,0.031232463485002745,zone-attributed confirmed count 1 for this source zone; visibility-adjustment factor 2.02× reflects under-reporting in source zone; raw risk likely understates true hazard,BDBV-CLAIM-050,derived_model_output_with_unsupported_exponent_attribution,pinned_snapshot_model_output,africa-cdc-phecs-2026-05-18-live; afro-sitrep-01-2026-05-18-live; afro-sitrep-01-pdf-2026-05-18-live; cdc-current-situation-2026-05-21; cdc-current-situation-2026-05-23; cdc-current-situation-2026-05-24; cdc-current-situation-2026-05-25; drc-moh-epidemie-dashboard-sitrep-009-graphql-2026-05-24; drc-moh-epidemie-dashboard-sitrep-mve-n-007-mvb-17-2026-pdf-2026-05-22; ecdc-bdbv-drc-uga-2026-05-19-live; ecdc-bdbv-drc-uga-2026-05-21-live; ecdc-bdbv-drc-uga-2026-05-25-live; ecdc-bdbv-drc-uga-2026-05-26-live; ecdc-bdbv-drc-uga-2026-05-27-live; inrb-sitrep-015-2026-05-29; inrb-sitrep-016-2026-05-30; inrb-sitrep-017-2026-05-31; inrb-sitrep-018-2026-06-01; inrb-sitrep-019-2026-06-02; inrb-sitrep-020-2026-06-03; inrb-sitrep-021-2026-06-04; inrb-sitrep-022-2026-06-05; inrb-sitrep-023-2026-06-06; inrb-sitrep-024-2026-06-07; inrb-sitrep-025-2026-06-08; inrb-sitrep-026-2026-06-09; inrb-sitrep-027-2026-06-10; inrb-sitrep-028-2026-06-11; inrb-sitrep-030-2026-06-13; inrb-sitrep-031-2026-06-14; inrb-sitrep-032-2026-06-15; inrb-sitrep-033-2026-06-16; inrb-sitrep-034-2026-06-17; inrb-sitrep-035-2026-06-18; inrb-sitrep-036-2026-06-19; inrb-sitrep-037-2026-06-20; inrb-sitrep-038-2026-06-21; inrb-sitrep-039-2026-06-22; inrb-sitrep-040-2026-06-23; inrb-sitrep-041-2026-06-24; inrb-sitrep-042-2026-06-25; inrb-sitrep-044-2026-06-27; inrb-sitrep-046-2026-06-29; inrb-sitrep-047-2026-06-30; inrb-sitrep-048-2026-07-01; inrb-sitrep-049-2026-07-02; inrb-sitrep-050-2026-07-03; inrb-sitrep-051-2026-07-04; inrb-sitrep-052-2026-07-05; inrb-sitrep-053-2026-07-06; inrb-sitrep-054-2026-07-07; inrb-sitrep-055-2026-07-08; inrb-sitrep-056-2026-07-09; inrb-sitrep-057-2026-07-10; inrb-sitrep-058-2026-07-11; inrb-sitrep-059-2026-07-12; inrb-umie-ebola-drc-2026-build-2026-05-28-bb8b7d5; inrb-umie-ebola-drc-2026-build-2026-06-01-b4cafc9; uganda-moh-ebola-update-2026-06-06; uganda-moh-ebola-update-2026-06-20; uganda-moh-ebola-update-2026-06-21; who-daily-epi-bdbv-2026-06-08; who-dg-remarks-bdbv-2026-05-20; who-dg-remarks-bdbv-2026-05-22; who-don602-2026-05-15-live; who-don603-2026-05-21-live; who-don606-bdbv-2026-06-08; who-ihr-ec-bdbv-temporary-recommendations-2026-05-22; who-pheic-2026-05-17-live; wikipedia-2026-ituri-epidemic-2026-05-20-live,"Descriptive watch-point interval, not a forecast or response recommendation."
corridor:327:gety:kampala-uga,gety,kampala-uga,30,0.0031144881483001763,0.008032875043370746,0.00628277579662162,0.01616378147054981,0.0013935223375911886,0.030569318118907545,zone-attributed confirmed count 1 for this source zone; visibility-adjustment factor 2.02× reflects under-reporting in source zone; raw risk likely understates true hazard,BDBV-CLAIM-050,derived_model_output_with_unsupported_exponent_attribution,pinned_snapshot_model_output,africa-cdc-phecs-2026-05-18-live; afro-sitrep-01-2026-05-18-live; afro-sitrep-01-pdf-2026-05-18-live; cdc-current-situation-2026-05-21; cdc-current-situation-2026-05-23; cdc-current-situation-2026-05-24; cdc-current-situation-2026-05-25; drc-moh-epidemie-dashboard-sitrep-009-graphql-2026-05-24; drc-moh-epidemie-dashboard-sitrep-mve-n-007-mvb-17-2026-pdf-2026-05-22; ecdc-bdbv-drc-uga-2026-05-19-live; ecdc-bdbv-drc-uga-2026-05-21-live; ecdc-bdbv-drc-uga-2026-05-25-live; ecdc-bdbv-drc-uga-2026-05-26-live; ecdc-bdbv-drc-uga-2026-05-27-live; inrb-sitrep-015-2026-05-29; inrb-sitrep-016-2026-05-30; inrb-sitrep-017-2026-05-31; inrb-sitrep-018-2026-06-01; inrb-sitrep-019-2026-06-02; inrb-sitrep-020-2026-06-03; inrb-sitrep-021-2026-06-04; inrb-sitrep-022-2026-06-05; inrb-sitrep-023-2026-06-06; inrb-sitrep-024-2026-06-07; inrb-sitrep-025-2026-06-08; inrb-sitrep-026-2026-06-09; inrb-sitrep-027-2026-06-10; inrb-sitrep-028-2026-06-11; inrb-sitrep-030-2026-06-13; inrb-sitrep-031-2026-06-14; inrb-sitrep-032-2026-06-15; inrb-sitrep-033-2026-06-16; inrb-sitrep-034-2026-06-17; inrb-sitrep-035-2026-06-18; inrb-sitrep-036-2026-06-19; inrb-sitrep-037-2026-06-20; inrb-sitrep-038-2026-06-21; inrb-sitrep-039-2026-06-22; inrb-sitrep-040-2026-06-23; inrb-sitrep-041-2026-06-24; inrb-sitrep-042-2026-06-25; inrb-sitrep-044-2026-06-27; inrb-sitrep-046-2026-06-29; inrb-sitrep-047-2026-06-30; inrb-sitrep-048-2026-07-01; inrb-sitrep-049-2026-07-02; inrb-sitrep-050-2026-07-03; inrb-sitrep-051-2026-07-04; inrb-sitrep-052-2026-07-05; inrb-sitrep-053-2026-07-06; inrb-sitrep-054-2026-07-07; inrb-sitrep-055-2026-07-08; inrb-sitrep-056-2026-07-09; inrb-sitrep-057-2026-07-10; inrb-sitrep-058-2026-07-11; inrb-sitrep-059-2026-07-12; inrb-umie-ebola-drc-2026-build-2026-05-28-bb8b7d5; inrb-umie-ebola-drc-2026-build-2026-06-01-b4cafc9; uganda-moh-ebola-update-2026-06-06; uganda-moh-ebola-update-2026-06-20; uganda-moh-ebola-update-2026-06-21; who-daily-epi-bdbv-2026-06-08; who-dg-remarks-bdbv-2026-05-20; who-dg-remarks-bdbv-2026-05-22; who-don602-2026-05-15-live; who-don603-2026-05-21-live; who-don606-bdbv-2026-06-08; who-ihr-ec-bdbv-temporary-recommendations-2026-05-22; who-pheic-2026-05-17-live; wikipedia-2026-ituri-epidemic-2026-05-20-live,"Descriptive watch-point interval, not a forecast or response recommendation."
corridor:328:ariwara:kampala-uga,ariwara,kampala-uga,30,0.0028165933836230284,0.008027604349966383,0.005682703546327189,0.016153219438454325,0.0018204519887083492,0.03392189103237851,zone-attributed confirmed count 1 for this source zone; visibility-adjustment factor 2.02× reflects under-reporting in source zone; raw risk likely understates true hazard,BDBV-CLAIM-050,derived_model_output_with_unsupported_exponent_attribution,pinned_snapshot_model_output,africa-cdc-phecs-2026-05-18-live; afro-sitrep-01-2026-05-18-live; afro-sitrep-01-pdf-2026-05-18-live; cdc-current-situation-2026-05-21; cdc-current-situation-2026-05-23; cdc-current-situation-2026-05-24; cdc-current-situation-2026-05-25; drc-moh-epidemie-dashboard-sitrep-009-graphql-2026-05-24; drc-moh-epidemie-dashboard-sitrep-mve-n-007-mvb-17-2026-pdf-2026-05-22; ecdc-bdbv-drc-uga-2026-05-19-live; ecdc-bdbv-drc-uga-2026-05-21-live; ecdc-bdbv-drc-uga-2026-05-25-live; ecdc-bdbv-drc-uga-2026-05-26-live; ecdc-bdbv-drc-uga-2026-05-27-live; inrb-sitrep-015-2026-05-29; inrb-sitrep-016-2026-05-30; inrb-sitrep-017-2026-05-31; inrb-sitrep-018-2026-06-01; inrb-sitrep-019-2026-06-02; inrb-sitrep-020-2026-06-03; inrb-sitrep-021-2026-06-04; inrb-sitrep-022-2026-06-05; inrb-sitrep-023-2026-06-06; inrb-sitrep-024-2026-06-07; inrb-sitrep-025-2026-06-08; inrb-sitrep-026-2026-06-09; inrb-sitrep-027-2026-06-10; inrb-sitrep-028-2026-06-11; inrb-sitrep-030-2026-06-13; inrb-sitrep-031-2026-06-14; inrb-sitrep-032-2026-06-15; inrb-sitrep-033-2026-06-16; inrb-sitrep-034-2026-06-17; inrb-sitrep-035-2026-06-18; inrb-sitrep-036-2026-06-19; inrb-sitrep-037-2026-06-20; inrb-sitrep-038-2026-06-21; inrb-sitrep-039-2026-06-22; inrb-sitrep-040-2026-06-23; inrb-sitrep-041-2026-06-24; inrb-sitrep-042-2026-06-25; inrb-sitrep-044-2026-06-27; inrb-sitrep-046-2026-06-29; inrb-sitrep-047-2026-06-30; inrb-sitrep-048-2026-07-01; inrb-sitrep-049-2026-07-02; inrb-sitrep-050-2026-07-03; inrb-sitrep-051-2026-07-04; inrb-sitrep-052-2026-07-05; inrb-sitrep-053-2026-07-06; inrb-sitrep-054-2026-07-07; inrb-sitrep-055-2026-07-08; inrb-sitrep-056-2026-07-09; inrb-sitrep-057-2026-07-10; inrb-sitrep-058-2026-07-11; inrb-sitrep-059-2026-07-12; inrb-umie-ebola-drc-2026-build-2026-05-28-bb8b7d5; inrb-umie-ebola-drc-2026-build-2026-06-01-b4cafc9; uganda-moh-ebola-update-2026-06-06; uganda-moh-ebola-update-2026-06-20; uganda-moh-ebola-update-2026-06-21; who-daily-epi-bdbv-2026-06-08; who-dg-remarks-bdbv-2026-05-20; who-dg-remarks-bdbv-2026-05-22; who-don602-2026-05-15-live; who-don603-2026-05-21-live; who-don606-bdbv-2026-06-08; who-ihr-ec-bdbv-temporary-recommendations-2026-05-22; who-pheic-2026-05-17-live; wikipedia-2026-ituri-epidemic-2026-05-20-live,"Descriptive watch-point interval, not a forecast or response recommendation."
corridor:329:boga:kisangani-cod,boga,kisangani-cod,30,0.0028328306004319626,0.008013896690530792,0.005715417908497583,0.0161257500801206,0.001492576056898301,0.03191968353648374,zone-attributed confirmed count 1 for this source zone; visibility-adjustment factor 2.02× reflects under-reporting in source zone; raw risk likely understates true hazard,BDBV-CLAIM-050,derived_model_output_with_unsupported_exponent_attribution,pinned_snapshot_model_output,africa-cdc-phecs-2026-05-18-live; afro-sitrep-01-2026-05-18-live; afro-sitrep-01-pdf-2026-05-18-live; cdc-current-situation-2026-05-21; cdc-current-situation-2026-05-23; cdc-current-situation-2026-05-24; cdc-current-situation-2026-05-25; drc-moh-epidemie-dashboard-sitrep-009-graphql-2026-05-24; drc-moh-epidemie-dashboard-sitrep-mve-n-007-mvb-17-2026-pdf-2026-05-22; ecdc-bdbv-drc-uga-2026-05-19-live; ecdc-bdbv-drc-uga-2026-05-21-live; ecdc-bdbv-drc-uga-2026-05-25-live; ecdc-bdbv-drc-uga-2026-05-26-live; ecdc-bdbv-drc-uga-2026-05-27-live; inrb-sitrep-015-2026-05-29; inrb-sitrep-016-2026-05-30; inrb-sitrep-017-2026-05-31; inrb-sitrep-018-2026-06-01; inrb-sitrep-019-2026-06-02; inrb-sitrep-020-2026-06-03; inrb-sitrep-021-2026-06-04; inrb-sitrep-022-2026-06-05; inrb-sitrep-023-2026-06-06; inrb-sitrep-024-2026-06-07; inrb-sitrep-025-2026-06-08; inrb-sitrep-026-2026-06-09; inrb-sitrep-027-2026-06-10; inrb-sitrep-028-2026-06-11; inrb-sitrep-030-2026-06-13; inrb-sitrep-031-2026-06-14; inrb-sitrep-032-2026-06-15; inrb-sitrep-033-2026-06-16; inrb-sitrep-034-2026-06-17; inrb-sitrep-035-2026-06-18; inrb-sitrep-036-2026-06-19; inrb-sitrep-037-2026-06-20; inrb-sitrep-038-2026-06-21; inrb-sitrep-039-2026-06-22; inrb-sitrep-040-2026-06-23; inrb-sitrep-041-2026-06-24; inrb-sitrep-042-2026-06-25; inrb-sitrep-044-2026-06-27; inrb-sitrep-046-2026-06-29; inrb-sitrep-047-2026-06-30; inrb-sitrep-048-2026-07-01; inrb-sitrep-049-2026-07-02; inrb-sitrep-050-2026-07-03; inrb-sitrep-051-2026-07-04; inrb-sitrep-052-2026-07-05; inrb-sitrep-053-2026-07-06; inrb-sitrep-054-2026-07-07; inrb-sitrep-055-2026-07-08; inrb-sitrep-056-2026-07-09; inrb-sitrep-057-2026-07-10; inrb-sitrep-058-2026-07-11; inrb-sitrep-059-2026-07-12; inrb-umie-ebola-drc-2026-build-2026-05-28-bb8b7d5; inrb-umie-ebola-drc-2026-build-2026-06-01-b4cafc9; uganda-moh-ebola-update-2026-06-06; uganda-moh-ebola-update-2026-06-20; uganda-moh-ebola-update-2026-06-21; who-daily-epi-bdbv-2026-06-08; who-dg-remarks-bdbv-2026-05-20; who-dg-remarks-bdbv-2026-05-22; who-don602-2026-05-15-live; who-don603-2026-05-21-live; who-don606-bdbv-2026-06-08; who-ihr-ec-bdbv-temporary-recommendations-2026-05-22; who-pheic-2026-05-17-live; wikipedia-2026-ituri-epidemic-2026-05-20-live,"Descriptive watch-point interval, not a forecast or response recommendation."
corridor:330:ariwara:kisangani-cod,ariwara,kisangani-cod,30,0.0028166943506694186,0.008007093604321114,0.0056829088528704275,0.016112116850987845,0.0014464412258526603,0.03270609502952785,zone-attributed confirmed count 1 for this source zone; visibility-adjustment factor 2.02× reflects under-reporting in source zone; raw risk likely understates true hazard,BDBV-CLAIM-050,derived_model_output_with_unsupported_exponent_attribution,pinned_snapshot_model_output,africa-cdc-phecs-2026-05-18-live; afro-sitrep-01-2026-05-18-live; afro-sitrep-01-pdf-2026-05-18-live; cdc-current-situation-2026-05-21; cdc-current-situation-2026-05-23; cdc-current-situation-2026-05-24; cdc-current-situation-2026-05-25; drc-moh-epidemie-dashboard-sitrep-009-graphql-2026-05-24; drc-moh-epidemie-dashboard-sitrep-mve-n-007-mvb-17-2026-pdf-2026-05-22; ecdc-bdbv-drc-uga-2026-05-19-live; ecdc-bdbv-drc-uga-2026-05-21-live; ecdc-bdbv-drc-uga-2026-05-25-live; ecdc-bdbv-drc-uga-2026-05-26-live; ecdc-bdbv-drc-uga-2026-05-27-live; inrb-sitrep-015-2026-05-29; inrb-sitrep-016-2026-05-30; inrb-sitrep-017-2026-05-31; inrb-sitrep-018-2026-06-01; inrb-sitrep-019-2026-06-02; inrb-sitrep-020-2026-06-03; inrb-sitrep-021-2026-06-04; inrb-sitrep-022-2026-06-05; inrb-sitrep-023-2026-06-06; inrb-sitrep-024-2026-06-07; inrb-sitrep-025-2026-06-08; inrb-sitrep-026-2026-06-09; inrb-sitrep-027-2026-06-10; inrb-sitrep-028-2026-06-11; inrb-sitrep-030-2026-06-13; inrb-sitrep-031-2026-06-14; inrb-sitrep-032-2026-06-15; inrb-sitrep-033-2026-06-16; inrb-sitrep-034-2026-06-17; inrb-sitrep-035-2026-06-18; inrb-sitrep-036-2026-06-19; inrb-sitrep-037-2026-06-20; inrb-sitrep-038-2026-06-21; inrb-sitrep-039-2026-06-22; inrb-sitrep-040-2026-06-23; inrb-sitrep-041-2026-06-24; inrb-sitrep-042-2026-06-25; inrb-sitrep-044-2026-06-27; inrb-sitrep-046-2026-06-29; inrb-sitrep-047-2026-06-30; inrb-sitrep-048-2026-07-01; inrb-sitrep-049-2026-07-02; inrb-sitrep-050-2026-07-03; inrb-sitrep-051-2026-07-04; inrb-sitrep-052-2026-07-05; inrb-sitrep-053-2026-07-06; inrb-sitrep-054-2026-07-07; inrb-sitrep-055-2026-07-08; inrb-sitrep-056-2026-07-09; inrb-sitrep-057-2026-07-10; inrb-sitrep-058-2026-07-11; inrb-sitrep-059-2026-07-12; inrb-umie-ebola-drc-2026-build-2026-05-28-bb8b7d5; inrb-umie-ebola-drc-2026-build-2026-06-01-b4cafc9; uganda-moh-ebola-update-2026-06-06; uganda-moh-ebola-update-2026-06-20; uganda-moh-ebola-update-2026-06-21; who-daily-epi-bdbv-2026-06-08; who-dg-remarks-bdbv-2026-05-20; who-dg-remarks-bdbv-2026-05-22; who-don602-2026-05-15-live; who-don603-2026-05-21-live; who-don606-bdbv-2026-06-08; who-ihr-ec-bdbv-temporary-recommendations-2026-05-22; who-pheic-2026-05-17-live; wikipedia-2026-ituri-epidemic-2026-05-20-live,"Descriptive watch-point interval, not a forecast or response recommendation."
corridor:331:lolwa:nebbi-uga,lolwa,nebbi-uga,30,0.0028732732618730328,0.007998907204963435,0.005796893796834596,0.01609571034616214,0.0013483475904984084,0.03187026860148577,zone-attributed confirmed count 1 for this source zone; visibility-adjustment factor 2.02× reflects under-reporting in source zone; raw risk likely understates true hazard,BDBV-CLAIM-050,derived_model_output_with_unsupported_exponent_attribution,pinned_snapshot_model_output,africa-cdc-phecs-2026-05-18-live; afro-sitrep-01-2026-05-18-live; afro-sitrep-01-pdf-2026-05-18-live; cdc-current-situation-2026-05-21; cdc-current-situation-2026-05-23; cdc-current-situation-2026-05-24; cdc-current-situation-2026-05-25; drc-moh-epidemie-dashboard-sitrep-009-graphql-2026-05-24; drc-moh-epidemie-dashboard-sitrep-mve-n-007-mvb-17-2026-pdf-2026-05-22; ecdc-bdbv-drc-uga-2026-05-19-live; ecdc-bdbv-drc-uga-2026-05-21-live; ecdc-bdbv-drc-uga-2026-05-25-live; ecdc-bdbv-drc-uga-2026-05-26-live; ecdc-bdbv-drc-uga-2026-05-27-live; inrb-sitrep-015-2026-05-29; inrb-sitrep-016-2026-05-30; inrb-sitrep-017-2026-05-31; inrb-sitrep-018-2026-06-01; inrb-sitrep-019-2026-06-02; inrb-sitrep-020-2026-06-03; inrb-sitrep-021-2026-06-04; inrb-sitrep-022-2026-06-05; inrb-sitrep-023-2026-06-06; inrb-sitrep-024-2026-06-07; inrb-sitrep-025-2026-06-08; inrb-sitrep-026-2026-06-09; inrb-sitrep-027-2026-06-10; inrb-sitrep-028-2026-06-11; inrb-sitrep-030-2026-06-13; inrb-sitrep-031-2026-06-14; inrb-sitrep-032-2026-06-15; inrb-sitrep-033-2026-06-16; inrb-sitrep-034-2026-06-17; inrb-sitrep-035-2026-06-18; inrb-sitrep-036-2026-06-19; inrb-sitrep-037-2026-06-20; inrb-sitrep-038-2026-06-21; inrb-sitrep-039-2026-06-22; inrb-sitrep-040-2026-06-23; inrb-sitrep-041-2026-06-24; inrb-sitrep-042-2026-06-25; inrb-sitrep-044-2026-06-27; inrb-sitrep-046-2026-06-29; inrb-sitrep-047-2026-06-30; inrb-sitrep-048-2026-07-01; inrb-sitrep-049-2026-07-02; inrb-sitrep-050-2026-07-03; inrb-sitrep-051-2026-07-04; inrb-sitrep-052-2026-07-05; inrb-sitrep-053-2026-07-06; inrb-sitrep-054-2026-07-07; inrb-sitrep-055-2026-07-08; inrb-sitrep-056-2026-07-09; inrb-sitrep-057-2026-07-10; inrb-sitrep-058-2026-07-11; inrb-sitrep-059-2026-07-12; inrb-umie-ebola-drc-2026-build-2026-05-28-bb8b7d5; inrb-umie-ebola-drc-2026-build-2026-06-01-b4cafc9; uganda-moh-ebola-update-2026-06-06; uganda-moh-ebola-update-2026-06-20; uganda-moh-ebola-update-2026-06-21; who-daily-epi-bdbv-2026-06-08; who-dg-remarks-bdbv-2026-05-20; who-dg-remarks-bdbv-2026-05-22; who-don602-2026-05-15-live; who-don603-2026-05-21-live; who-don606-bdbv-2026-06-08; who-ihr-ec-bdbv-temporary-recommendations-2026-05-22; who-pheic-2026-05-17-live; wikipedia-2026-ituri-epidemic-2026-05-20-live,"Descriptive watch-point interval, not a forecast or response recommendation."
corridor:332:gety:beni-cod,gety,beni-cod,30,0.0031156967271410707,0.007992722518225831,0.006285209961772342,0.016083315982362928,0.0016273576562103515,0.03107147163514814,zone-attributed confirmed count 1 for this source zone; visibility-adjustment factor 2.02× reflects under-reporting in source zone; raw risk likely understates true hazard,BDBV-CLAIM-050,derived_model_output_with_unsupported_exponent_attribution,pinned_snapshot_model_output,africa-cdc-phecs-2026-05-18-live; afro-sitrep-01-2026-05-18-live; afro-sitrep-01-pdf-2026-05-18-live; cdc-current-situation-2026-05-21; cdc-current-situation-2026-05-23; cdc-current-situation-2026-05-24; cdc-current-situation-2026-05-25; drc-moh-epidemie-dashboard-sitrep-009-graphql-2026-05-24; drc-moh-epidemie-dashboard-sitrep-mve-n-007-mvb-17-2026-pdf-2026-05-22; ecdc-bdbv-drc-uga-2026-05-19-live; ecdc-bdbv-drc-uga-2026-05-21-live; ecdc-bdbv-drc-uga-2026-05-25-live; ecdc-bdbv-drc-uga-2026-05-26-live; ecdc-bdbv-drc-uga-2026-05-27-live; inrb-sitrep-015-2026-05-29; inrb-sitrep-016-2026-05-30; inrb-sitrep-017-2026-05-31; inrb-sitrep-018-2026-06-01; inrb-sitrep-019-2026-06-02; inrb-sitrep-020-2026-06-03; inrb-sitrep-021-2026-06-04; inrb-sitrep-022-2026-06-05; inrb-sitrep-023-2026-06-06; inrb-sitrep-024-2026-06-07; inrb-sitrep-025-2026-06-08; inrb-sitrep-026-2026-06-09; inrb-sitrep-027-2026-06-10; inrb-sitrep-028-2026-06-11; inrb-sitrep-030-2026-06-13; inrb-sitrep-031-2026-06-14; inrb-sitrep-032-2026-06-15; inrb-sitrep-033-2026-06-16; inrb-sitrep-034-2026-06-17; inrb-sitrep-035-2026-06-18; inrb-sitrep-036-2026-06-19; inrb-sitrep-037-2026-06-20; inrb-sitrep-038-2026-06-21; inrb-sitrep-039-2026-06-22; inrb-sitrep-040-2026-06-23; inrb-sitrep-041-2026-06-24; inrb-sitrep-042-2026-06-25; inrb-sitrep-044-2026-06-27; inrb-sitrep-046-2026-06-29; inrb-sitrep-047-2026-06-30; inrb-sitrep-048-2026-07-01; inrb-sitrep-049-2026-07-02; inrb-sitrep-050-2026-07-03; inrb-sitrep-051-2026-07-04; inrb-sitrep-052-2026-07-05; inrb-sitrep-053-2026-07-06; inrb-sitrep-054-2026-07-07; inrb-sitrep-055-2026-07-08; inrb-sitrep-056-2026-07-09; inrb-sitrep-057-2026-07-10; inrb-sitrep-058-2026-07-11; inrb-sitrep-059-2026-07-12; inrb-umie-ebola-drc-2026-build-2026-05-28-bb8b7d5; inrb-umie-ebola-drc-2026-build-2026-06-01-b4cafc9; uganda-moh-ebola-update-2026-06-06; uganda-moh-ebola-update-2026-06-20; uganda-moh-ebola-update-2026-06-21; who-daily-epi-bdbv-2026-06-08; who-dg-remarks-bdbv-2026-05-20; who-dg-remarks-bdbv-2026-05-22; who-don602-2026-05-15-live; who-don603-2026-05-21-live; who-don606-bdbv-2026-06-08; who-ihr-ec-bdbv-temporary-recommendations-2026-05-22; who-pheic-2026-05-17-live; wikipedia-2026-ituri-epidemic-2026-05-20-live,"Descriptive watch-point interval, not a forecast or response recommendation."
corridor:333:vuhovi:kasese-uga,vuhovi,kasese-uga,30,0.002828709924080297,0.007985913308046183,0.005707116206408708,0.01606967154018593,0.0016341375051145582,0.032680665903994516,zone-attributed confirmed count 1 for this source zone; visibility-adjustment factor 2.02× reflects under-reporting in source zone; raw risk likely understates true hazard,BDBV-CLAIM-050,derived_model_output_with_unsupported_exponent_attribution,pinned_snapshot_model_output,africa-cdc-phecs-2026-05-18-live; afro-sitrep-01-2026-05-18-live; afro-sitrep-01-pdf-2026-05-18-live; cdc-current-situation-2026-05-21; cdc-current-situation-2026-05-23; cdc-current-situation-2026-05-24; cdc-current-situation-2026-05-25; drc-moh-epidemie-dashboard-sitrep-009-graphql-2026-05-24; drc-moh-epidemie-dashboard-sitrep-mve-n-007-mvb-17-2026-pdf-2026-05-22; ecdc-bdbv-drc-uga-2026-05-19-live; ecdc-bdbv-drc-uga-2026-05-21-live; ecdc-bdbv-drc-uga-2026-05-25-live; ecdc-bdbv-drc-uga-2026-05-26-live; ecdc-bdbv-drc-uga-2026-05-27-live; inrb-sitrep-015-2026-05-29; inrb-sitrep-016-2026-05-30; inrb-sitrep-017-2026-05-31; inrb-sitrep-018-2026-06-01; inrb-sitrep-019-2026-06-02; inrb-sitrep-020-2026-06-03; inrb-sitrep-021-2026-06-04; inrb-sitrep-022-2026-06-05; inrb-sitrep-023-2026-06-06; inrb-sitrep-024-2026-06-07; inrb-sitrep-025-2026-06-08; inrb-sitrep-026-2026-06-09; inrb-sitrep-027-2026-06-10; inrb-sitrep-028-2026-06-11; inrb-sitrep-030-2026-06-13; inrb-sitrep-031-2026-06-14; inrb-sitrep-032-2026-06-15; inrb-sitrep-033-2026-06-16; inrb-sitrep-034-2026-06-17; inrb-sitrep-035-2026-06-18; inrb-sitrep-036-2026-06-19; inrb-sitrep-037-2026-06-20; inrb-sitrep-038-2026-06-21; inrb-sitrep-039-2026-06-22; inrb-sitrep-040-2026-06-23; inrb-sitrep-041-2026-06-24; inrb-sitrep-042-2026-06-25; inrb-sitrep-044-2026-06-27; inrb-sitrep-046-2026-06-29; inrb-sitrep-047-2026-06-30; inrb-sitrep-048-2026-07-01; inrb-sitrep-049-2026-07-02; inrb-sitrep-050-2026-07-03; inrb-sitrep-051-2026-07-04; inrb-sitrep-052-2026-07-05; inrb-sitrep-053-2026-07-06; inrb-sitrep-054-2026-07-07; inrb-sitrep-055-2026-07-08; inrb-sitrep-056-2026-07-09; inrb-sitrep-057-2026-07-10; inrb-sitrep-058-2026-07-11; inrb-sitrep-059-2026-07-12; inrb-umie-ebola-drc-2026-build-2026-05-28-bb8b7d5; inrb-umie-ebola-drc-2026-build-2026-06-01-b4cafc9; uganda-moh-ebola-update-2026-06-06; uganda-moh-ebola-update-2026-06-20; uganda-moh-ebola-update-2026-06-21; who-daily-epi-bdbv-2026-06-08; who-dg-remarks-bdbv-2026-05-20; who-dg-remarks-bdbv-2026-05-22; who-don602-2026-05-15-live; who-don603-2026-05-21-live; who-don606-bdbv-2026-06-08; who-ihr-ec-bdbv-temporary-recommendations-2026-05-22; who-pheic-2026-05-17-live; wikipedia-2026-ituri-epidemic-2026-05-20-live,"Descriptive watch-point interval, not a forecast or response recommendation."
corridor:334:goma-cod:nebbi-uga,goma-cod,nebbi-uga,30,0.0028847725354938514,0.00797016100554987,0.005820059643563719,0.016038103440133122,0.001524285075552162,0.03219548581820817,zone-attributed confirmed count 1 for this source zone; visibility-adjustment factor 2.02× reflects under-reporting in source zone; raw risk likely understates true hazard,BDBV-CLAIM-050,derived_model_output_with_unsupported_exponent_attribution,pinned_snapshot_model_output,africa-cdc-phecs-2026-05-18-live; afro-sitrep-01-2026-05-18-live; afro-sitrep-01-pdf-2026-05-18-live; cdc-current-situation-2026-05-21; cdc-current-situation-2026-05-23; cdc-current-situation-2026-05-24; cdc-current-situation-2026-05-25; drc-moh-epidemie-dashboard-sitrep-009-graphql-2026-05-24; drc-moh-epidemie-dashboard-sitrep-mve-n-007-mvb-17-2026-pdf-2026-05-22; ecdc-bdbv-drc-uga-2026-05-19-live; ecdc-bdbv-drc-uga-2026-05-21-live; ecdc-bdbv-drc-uga-2026-05-25-live; ecdc-bdbv-drc-uga-2026-05-26-live; ecdc-bdbv-drc-uga-2026-05-27-live; inrb-sitrep-015-2026-05-29; inrb-sitrep-016-2026-05-30; inrb-sitrep-017-2026-05-31; inrb-sitrep-018-2026-06-01; inrb-sitrep-019-2026-06-02; inrb-sitrep-020-2026-06-03; inrb-sitrep-021-2026-06-04; inrb-sitrep-022-2026-06-05; inrb-sitrep-023-2026-06-06; inrb-sitrep-024-2026-06-07; inrb-sitrep-025-2026-06-08; inrb-sitrep-026-2026-06-09; inrb-sitrep-027-2026-06-10; inrb-sitrep-028-2026-06-11; inrb-sitrep-030-2026-06-13; inrb-sitrep-031-2026-06-14; inrb-sitrep-032-2026-06-15; inrb-sitrep-033-2026-06-16; inrb-sitrep-034-2026-06-17; inrb-sitrep-035-2026-06-18; inrb-sitrep-036-2026-06-19; inrb-sitrep-037-2026-06-20; inrb-sitrep-038-2026-06-21; inrb-sitrep-039-2026-06-22; inrb-sitrep-040-2026-06-23; inrb-sitrep-041-2026-06-24; inrb-sitrep-042-2026-06-25; inrb-sitrep-044-2026-06-27; inrb-sitrep-046-2026-06-29; inrb-sitrep-047-2026-06-30; inrb-sitrep-048-2026-07-01; inrb-sitrep-049-2026-07-02; inrb-sitrep-050-2026-07-03; inrb-sitrep-051-2026-07-04; inrb-sitrep-052-2026-07-05; inrb-sitrep-053-2026-07-06; inrb-sitrep-054-2026-07-07; inrb-sitrep-055-2026-07-08; inrb-sitrep-056-2026-07-09; inrb-sitrep-057-2026-07-10; inrb-sitrep-058-2026-07-11; inrb-sitrep-059-2026-07-12; inrb-umie-ebola-drc-2026-build-2026-05-28-bb8b7d5; inrb-umie-ebola-drc-2026-build-2026-06-01-b4cafc9; uganda-moh-ebola-update-2026-06-06; uganda-moh-ebola-update-2026-06-20; uganda-moh-ebola-update-2026-06-21; who-daily-epi-bdbv-2026-06-08; who-dg-remarks-bdbv-2026-05-20; who-dg-remarks-bdbv-2026-05-22; who-don602-2026-05-15-live; who-don603-2026-05-21-live; who-don606-bdbv-2026-06-08; who-ihr-ec-bdbv-temporary-recommendations-2026-05-22; who-pheic-2026-05-17-live; wikipedia-2026-ituri-epidemic-2026-05-20-live,"Descriptive watch-point interval, not a forecast or response recommendation."
corridor:335:mabalako:goma-cod,mabalako,goma-cod,30,0.0028943525669861137,0.007969064292745104,0.005839358875092543,0.016035905438435943,0.0017854712694708647,0.03399649170298782,zone-attributed confirmed count 1 for this source zone; visibility-adjustment factor 2.02× reflects under-reporting in source zone; raw risk likely understates true hazard,BDBV-CLAIM-050,derived_model_output_with_unsupported_exponent_attribution,pinned_snapshot_model_output,africa-cdc-phecs-2026-05-18-live; afro-sitrep-01-2026-05-18-live; afro-sitrep-01-pdf-2026-05-18-live; cdc-current-situation-2026-05-21; cdc-current-situation-2026-05-23; cdc-current-situation-2026-05-24; cdc-current-situation-2026-05-25; drc-moh-epidemie-dashboard-sitrep-009-graphql-2026-05-24; drc-moh-epidemie-dashboard-sitrep-mve-n-007-mvb-17-2026-pdf-2026-05-22; ecdc-bdbv-drc-uga-2026-05-19-live; ecdc-bdbv-drc-uga-2026-05-21-live; ecdc-bdbv-drc-uga-2026-05-25-live; ecdc-bdbv-drc-uga-2026-05-26-live; ecdc-bdbv-drc-uga-2026-05-27-live; inrb-sitrep-015-2026-05-29; inrb-sitrep-016-2026-05-30; inrb-sitrep-017-2026-05-31; inrb-sitrep-018-2026-06-01; inrb-sitrep-019-2026-06-02; inrb-sitrep-020-2026-06-03; inrb-sitrep-021-2026-06-04; inrb-sitrep-022-2026-06-05; inrb-sitrep-023-2026-06-06; inrb-sitrep-024-2026-06-07; inrb-sitrep-025-2026-06-08; inrb-sitrep-026-2026-06-09; inrb-sitrep-027-2026-06-10; inrb-sitrep-028-2026-06-11; inrb-sitrep-030-2026-06-13; inrb-sitrep-031-2026-06-14; inrb-sitrep-032-2026-06-15; inrb-sitrep-033-2026-06-16; inrb-sitrep-034-2026-06-17; inrb-sitrep-035-2026-06-18; inrb-sitrep-036-2026-06-19; inrb-sitrep-037-2026-06-20; inrb-sitrep-038-2026-06-21; inrb-sitrep-039-2026-06-22; inrb-sitrep-040-2026-06-23; inrb-sitrep-041-2026-06-24; inrb-sitrep-042-2026-06-25; inrb-sitrep-044-2026-06-27; inrb-sitrep-046-2026-06-29; inrb-sitrep-047-2026-06-30; inrb-sitrep-048-2026-07-01; inrb-sitrep-049-2026-07-02; inrb-sitrep-050-2026-07-03; inrb-sitrep-051-2026-07-04; inrb-sitrep-052-2026-07-05; inrb-sitrep-053-2026-07-06; inrb-sitrep-054-2026-07-07; inrb-sitrep-055-2026-07-08; inrb-sitrep-056-2026-07-09; inrb-sitrep-057-2026-07-10; inrb-sitrep-058-2026-07-11; inrb-sitrep-059-2026-07-12; inrb-umie-ebola-drc-2026-build-2026-05-28-bb8b7d5; inrb-umie-ebola-drc-2026-build-2026-06-01-b4cafc9; uganda-moh-ebola-update-2026-06-06; uganda-moh-ebola-update-2026-06-20; uganda-moh-ebola-update-2026-06-21; who-daily-epi-bdbv-2026-06-08; who-dg-remarks-bdbv-2026-05-20; who-dg-remarks-bdbv-2026-05-22; who-don602-2026-05-15-live; who-don603-2026-05-21-live; who-don606-bdbv-2026-06-08; who-ihr-ec-bdbv-temporary-recommendations-2026-05-22; who-pheic-2026-05-17-live; wikipedia-2026-ituri-epidemic-2026-05-20-live,"Descriptive watch-point interval, not a forecast or response recommendation."
corridor:336:ariwara:yei-ssd,ariwara,yei-ssd,30,0.0028883351547662195,0.007954410969196246,0.005827236602929553,0.016006539249830753,0.0016265847365439206,0.0317073268317588,zone-attributed confirmed count 1 for this source zone; visibility-adjustment factor 2.02× reflects under-reporting in source zone; raw risk likely understates true hazard,BDBV-CLAIM-050,derived_model_output_with_unsupported_exponent_attribution,pinned_snapshot_model_output,africa-cdc-phecs-2026-05-18-live; afro-sitrep-01-2026-05-18-live; afro-sitrep-01-pdf-2026-05-18-live; cdc-current-situation-2026-05-21; cdc-current-situation-2026-05-23; cdc-current-situation-2026-05-24; cdc-current-situation-2026-05-25; drc-moh-epidemie-dashboard-sitrep-009-graphql-2026-05-24; drc-moh-epidemie-dashboard-sitrep-mve-n-007-mvb-17-2026-pdf-2026-05-22; ecdc-bdbv-drc-uga-2026-05-19-live; ecdc-bdbv-drc-uga-2026-05-21-live; ecdc-bdbv-drc-uga-2026-05-25-live; ecdc-bdbv-drc-uga-2026-05-26-live; ecdc-bdbv-drc-uga-2026-05-27-live; inrb-sitrep-015-2026-05-29; inrb-sitrep-016-2026-05-30; inrb-sitrep-017-2026-05-31; inrb-sitrep-018-2026-06-01; inrb-sitrep-019-2026-06-02; inrb-sitrep-020-2026-06-03; inrb-sitrep-021-2026-06-04; inrb-sitrep-022-2026-06-05; inrb-sitrep-023-2026-06-06; inrb-sitrep-024-2026-06-07; inrb-sitrep-025-2026-06-08; inrb-sitrep-026-2026-06-09; inrb-sitrep-027-2026-06-10; inrb-sitrep-028-2026-06-11; inrb-sitrep-030-2026-06-13; inrb-sitrep-031-2026-06-14; inrb-sitrep-032-2026-06-15; inrb-sitrep-033-2026-06-16; inrb-sitrep-034-2026-06-17; inrb-sitrep-035-2026-06-18; inrb-sitrep-036-2026-06-19; inrb-sitrep-037-2026-06-20; inrb-sitrep-038-2026-06-21; inrb-sitrep-039-2026-06-22; inrb-sitrep-040-2026-06-23; inrb-sitrep-041-2026-06-24; inrb-sitrep-042-2026-06-25; inrb-sitrep-044-2026-06-27; inrb-sitrep-046-2026-06-29; inrb-sitrep-047-2026-06-30; inrb-sitrep-048-2026-07-01; inrb-sitrep-049-2026-07-02; inrb-sitrep-050-2026-07-03; inrb-sitrep-051-2026-07-04; inrb-sitrep-052-2026-07-05; inrb-sitrep-053-2026-07-06; inrb-sitrep-054-2026-07-07; inrb-sitrep-055-2026-07-08; inrb-sitrep-056-2026-07-09; inrb-sitrep-057-2026-07-10; inrb-sitrep-058-2026-07-11; inrb-sitrep-059-2026-07-12; inrb-umie-ebola-drc-2026-build-2026-05-28-bb8b7d5; inrb-umie-ebola-drc-2026-build-2026-06-01-b4cafc9; uganda-moh-ebola-update-2026-06-06; uganda-moh-ebola-update-2026-06-20; uganda-moh-ebola-update-2026-06-21; who-daily-epi-bdbv-2026-06-08; who-dg-remarks-bdbv-2026-05-20; who-dg-remarks-bdbv-2026-05-22; who-don602-2026-05-15-live; who-don603-2026-05-21-live; who-don606-bdbv-2026-06-08; who-ihr-ec-bdbv-temporary-recommendations-2026-05-22; who-pheic-2026-05-17-live; wikipedia-2026-ituri-epidemic-2026-05-20-live,"Descriptive watch-point interval, not a forecast or response recommendation."
corridor:337:boga:kasese-uga,boga,kasese-uga,30,0.002844955712198949,0.007949800425865489,0.005739845524177972,0.015997299235299356,0.0013837575260283593,0.03719729117973659,zone-attributed confirmed count 1 for this source zone; visibility-adjustment factor 2.02× reflects under-reporting in source zone; raw risk likely understates true hazard,BDBV-CLAIM-050,derived_model_output_with_unsupported_exponent_attribution,pinned_snapshot_model_output,africa-cdc-phecs-2026-05-18-live; afro-sitrep-01-2026-05-18-live; afro-sitrep-01-pdf-2026-05-18-live; cdc-current-situation-2026-05-21; cdc-current-situation-2026-05-23; cdc-current-situation-2026-05-24; cdc-current-situation-2026-05-25; drc-moh-epidemie-dashboard-sitrep-009-graphql-2026-05-24; drc-moh-epidemie-dashboard-sitrep-mve-n-007-mvb-17-2026-pdf-2026-05-22; ecdc-bdbv-drc-uga-2026-05-19-live; ecdc-bdbv-drc-uga-2026-05-21-live; ecdc-bdbv-drc-uga-2026-05-25-live; ecdc-bdbv-drc-uga-2026-05-26-live; ecdc-bdbv-drc-uga-2026-05-27-live; inrb-sitrep-015-2026-05-29; inrb-sitrep-016-2026-05-30; inrb-sitrep-017-2026-05-31; inrb-sitrep-018-2026-06-01; inrb-sitrep-019-2026-06-02; inrb-sitrep-020-2026-06-03; inrb-sitrep-021-2026-06-04; inrb-sitrep-022-2026-06-05; inrb-sitrep-023-2026-06-06; inrb-sitrep-024-2026-06-07; inrb-sitrep-025-2026-06-08; inrb-sitrep-026-2026-06-09; inrb-sitrep-027-2026-06-10; inrb-sitrep-028-2026-06-11; inrb-sitrep-030-2026-06-13; inrb-sitrep-031-2026-06-14; inrb-sitrep-032-2026-06-15; inrb-sitrep-033-2026-06-16; inrb-sitrep-034-2026-06-17; inrb-sitrep-035-2026-06-18; inrb-sitrep-036-2026-06-19; inrb-sitrep-037-2026-06-20; inrb-sitrep-038-2026-06-21; inrb-sitrep-039-2026-06-22; inrb-sitrep-040-2026-06-23; inrb-sitrep-041-2026-06-24; inrb-sitrep-042-2026-06-25; inrb-sitrep-044-2026-06-27; inrb-sitrep-046-2026-06-29; inrb-sitrep-047-2026-06-30; inrb-sitrep-048-2026-07-01; inrb-sitrep-049-2026-07-02; inrb-sitrep-050-2026-07-03; inrb-sitrep-051-2026-07-04; inrb-sitrep-052-2026-07-05; inrb-sitrep-053-2026-07-06; inrb-sitrep-054-2026-07-07; inrb-sitrep-055-2026-07-08; inrb-sitrep-056-2026-07-09; inrb-sitrep-057-2026-07-10; inrb-sitrep-058-2026-07-11; inrb-sitrep-059-2026-07-12; inrb-umie-ebola-drc-2026-build-2026-05-28-bb8b7d5; inrb-umie-ebola-drc-2026-build-2026-06-01-b4cafc9; uganda-moh-ebola-update-2026-06-06; uganda-moh-ebola-update-2026-06-20; uganda-moh-ebola-update-2026-06-21; who-daily-epi-bdbv-2026-06-08; who-dg-remarks-bdbv-2026-05-20; who-dg-remarks-bdbv-2026-05-22; who-don602-2026-05-15-live; who-don603-2026-05-21-live; who-don606-bdbv-2026-06-08; who-ihr-ec-bdbv-temporary-recommendations-2026-05-22; who-pheic-2026-05-17-live; wikipedia-2026-ituri-epidemic-2026-05-20-live,"Descriptive watch-point interval, not a forecast or response recommendation."
corridor:338:mabalako:kampala-uga,mabalako,kampala-uga,30,0.002810999809036263,0.007930988720735721,0.005671436156048537,0.015959598494034388,0.0018427984923649833,0.03131897532885159,zone-attributed confirmed count 1 for this source zone; visibility-adjustment factor 2.02× reflects under-reporting in source zone; raw risk likely understates true hazard,BDBV-CLAIM-050,derived_model_output_with_unsupported_exponent_attribution,pinned_snapshot_model_output,africa-cdc-phecs-2026-05-18-live; afro-sitrep-01-2026-05-18-live; afro-sitrep-01-pdf-2026-05-18-live; cdc-current-situation-2026-05-21; cdc-current-situation-2026-05-23; cdc-current-situation-2026-05-24; cdc-current-situation-2026-05-25; drc-moh-epidemie-dashboard-sitrep-009-graphql-2026-05-24; drc-moh-epidemie-dashboard-sitrep-mve-n-007-mvb-17-2026-pdf-2026-05-22; ecdc-bdbv-drc-uga-2026-05-19-live; ecdc-bdbv-drc-uga-2026-05-21-live; ecdc-bdbv-drc-uga-2026-05-25-live; ecdc-bdbv-drc-uga-2026-05-26-live; ecdc-bdbv-drc-uga-2026-05-27-live; inrb-sitrep-015-2026-05-29; inrb-sitrep-016-2026-05-30; inrb-sitrep-017-2026-05-31; inrb-sitrep-018-2026-06-01; inrb-sitrep-019-2026-06-02; inrb-sitrep-020-2026-06-03; inrb-sitrep-021-2026-06-04; inrb-sitrep-022-2026-06-05; inrb-sitrep-023-2026-06-06; inrb-sitrep-024-2026-06-07; inrb-sitrep-025-2026-06-08; inrb-sitrep-026-2026-06-09; inrb-sitrep-027-2026-06-10; inrb-sitrep-028-2026-06-11; inrb-sitrep-030-2026-06-13; inrb-sitrep-031-2026-06-14; inrb-sitrep-032-2026-06-15; inrb-sitrep-033-2026-06-16; inrb-sitrep-034-2026-06-17; inrb-sitrep-035-2026-06-18; inrb-sitrep-036-2026-06-19; inrb-sitrep-037-2026-06-20; inrb-sitrep-038-2026-06-21; inrb-sitrep-039-2026-06-22; inrb-sitrep-040-2026-06-23; inrb-sitrep-041-2026-06-24; inrb-sitrep-042-2026-06-25; inrb-sitrep-044-2026-06-27; inrb-sitrep-046-2026-06-29; inrb-sitrep-047-2026-06-30; inrb-sitrep-048-2026-07-01; inrb-sitrep-049-2026-07-02; inrb-sitrep-050-2026-07-03; inrb-sitrep-051-2026-07-04; inrb-sitrep-052-2026-07-05; inrb-sitrep-053-2026-07-06; inrb-sitrep-054-2026-07-07; inrb-sitrep-055-2026-07-08; inrb-sitrep-056-2026-07-09; inrb-sitrep-057-2026-07-10; inrb-sitrep-058-2026-07-11; inrb-sitrep-059-2026-07-12; inrb-umie-ebola-drc-2026-build-2026-05-28-bb8b7d5; inrb-umie-ebola-drc-2026-build-2026-06-01-b4cafc9; uganda-moh-ebola-update-2026-06-06; uganda-moh-ebola-update-2026-06-20; uganda-moh-ebola-update-2026-06-21; who-daily-epi-bdbv-2026-06-08; who-dg-remarks-bdbv-2026-05-20; who-dg-remarks-bdbv-2026-05-22; who-don602-2026-05-15-live; who-don603-2026-05-21-live; who-don606-bdbv-2026-06-08; who-ihr-ec-bdbv-temporary-recommendations-2026-05-22; who-pheic-2026-05-17-live; wikipedia-2026-ituri-epidemic-2026-05-20-live,"Descriptive watch-point interval, not a forecast or response recommendation."
corridor:339:goma-cod:kisangani-cod,goma-cod,kisangani-cod,30,0.0028185880544359387,0.007904403580156621,0.005686723632173041,0.01590631725776684,0.0014460741081884,0.03221707499014515,zone-attributed confirmed count 1 for this source zone; visibility-adjustment factor 2.02× reflects under-reporting in source zone; raw risk likely understates true hazard,BDBV-CLAIM-050,derived_model_output_with_unsupported_exponent_attribution,pinned_snapshot_model_output,africa-cdc-phecs-2026-05-18-live; afro-sitrep-01-2026-05-18-live; afro-sitrep-01-pdf-2026-05-18-live; cdc-current-situation-2026-05-21; cdc-current-situation-2026-05-23; cdc-current-situation-2026-05-24; cdc-current-situation-2026-05-25; drc-moh-epidemie-dashboard-sitrep-009-graphql-2026-05-24; drc-moh-epidemie-dashboard-sitrep-mve-n-007-mvb-17-2026-pdf-2026-05-22; ecdc-bdbv-drc-uga-2026-05-19-live; ecdc-bdbv-drc-uga-2026-05-21-live; ecdc-bdbv-drc-uga-2026-05-25-live; ecdc-bdbv-drc-uga-2026-05-26-live; ecdc-bdbv-drc-uga-2026-05-27-live; inrb-sitrep-015-2026-05-29; inrb-sitrep-016-2026-05-30; inrb-sitrep-017-2026-05-31; inrb-sitrep-018-2026-06-01; inrb-sitrep-019-2026-06-02; inrb-sitrep-020-2026-06-03; inrb-sitrep-021-2026-06-04; inrb-sitrep-022-2026-06-05; inrb-sitrep-023-2026-06-06; inrb-sitrep-024-2026-06-07; inrb-sitrep-025-2026-06-08; inrb-sitrep-026-2026-06-09; inrb-sitrep-027-2026-06-10; inrb-sitrep-028-2026-06-11; inrb-sitrep-030-2026-06-13; inrb-sitrep-031-2026-06-14; inrb-sitrep-032-2026-06-15; inrb-sitrep-033-2026-06-16; inrb-sitrep-034-2026-06-17; inrb-sitrep-035-2026-06-18; inrb-sitrep-036-2026-06-19; inrb-sitrep-037-2026-06-20; inrb-sitrep-038-2026-06-21; inrb-sitrep-039-2026-06-22; inrb-sitrep-040-2026-06-23; inrb-sitrep-041-2026-06-24; inrb-sitrep-042-2026-06-25; inrb-sitrep-044-2026-06-27; inrb-sitrep-046-2026-06-29; inrb-sitrep-047-2026-06-30; inrb-sitrep-048-2026-07-01; inrb-sitrep-049-2026-07-02; inrb-sitrep-050-2026-07-03; inrb-sitrep-051-2026-07-04; inrb-sitrep-052-2026-07-05; inrb-sitrep-053-2026-07-06; inrb-sitrep-054-2026-07-07; inrb-sitrep-055-2026-07-08; inrb-sitrep-056-2026-07-09; inrb-sitrep-057-2026-07-10; inrb-sitrep-058-2026-07-11; inrb-sitrep-059-2026-07-12; inrb-umie-ebola-drc-2026-build-2026-05-28-bb8b7d5; inrb-umie-ebola-drc-2026-build-2026-06-01-b4cafc9; uganda-moh-ebola-update-2026-06-06; uganda-moh-ebola-update-2026-06-20; uganda-moh-ebola-update-2026-06-21; who-daily-epi-bdbv-2026-06-08; who-dg-remarks-bdbv-2026-05-20; who-dg-remarks-bdbv-2026-05-22; who-don602-2026-05-15-live; who-don603-2026-05-21-live; who-don606-bdbv-2026-06-08; who-ihr-ec-bdbv-temporary-recommendations-2026-05-22; who-pheic-2026-05-17-live; wikipedia-2026-ituri-epidemic-2026-05-20-live,"Descriptive watch-point interval, not a forecast or response recommendation."
corridor:340:mabalako:bundibugyo-uga,mabalako,bundibugyo-uga,30,0.0028441256593976227,0.00786126380466931,0.005738173153627124,0.015819855472685523,0.0014613083759980356,0.030732094263586855,zone-attributed confirmed count 1 for this source zone; visibility-adjustment factor 2.02× reflects under-reporting in source zone; raw risk likely understates true hazard,BDBV-CLAIM-050,derived_model_output_with_unsupported_exponent_attribution,pinned_snapshot_model_output,africa-cdc-phecs-2026-05-18-live; afro-sitrep-01-2026-05-18-live; afro-sitrep-01-pdf-2026-05-18-live; cdc-current-situation-2026-05-21; cdc-current-situation-2026-05-23; cdc-current-situation-2026-05-24; cdc-current-situation-2026-05-25; drc-moh-epidemie-dashboard-sitrep-009-graphql-2026-05-24; drc-moh-epidemie-dashboard-sitrep-mve-n-007-mvb-17-2026-pdf-2026-05-22; ecdc-bdbv-drc-uga-2026-05-19-live; ecdc-bdbv-drc-uga-2026-05-21-live; ecdc-bdbv-drc-uga-2026-05-25-live; ecdc-bdbv-drc-uga-2026-05-26-live; ecdc-bdbv-drc-uga-2026-05-27-live; inrb-sitrep-015-2026-05-29; inrb-sitrep-016-2026-05-30; inrb-sitrep-017-2026-05-31; inrb-sitrep-018-2026-06-01; inrb-sitrep-019-2026-06-02; inrb-sitrep-020-2026-06-03; inrb-sitrep-021-2026-06-04; inrb-sitrep-022-2026-06-05; inrb-sitrep-023-2026-06-06; inrb-sitrep-024-2026-06-07; inrb-sitrep-025-2026-06-08; inrb-sitrep-026-2026-06-09; inrb-sitrep-027-2026-06-10; inrb-sitrep-028-2026-06-11; inrb-sitrep-030-2026-06-13; inrb-sitrep-031-2026-06-14; inrb-sitrep-032-2026-06-15; inrb-sitrep-033-2026-06-16; inrb-sitrep-034-2026-06-17; inrb-sitrep-035-2026-06-18; inrb-sitrep-036-2026-06-19; inrb-sitrep-037-2026-06-20; inrb-sitrep-038-2026-06-21; inrb-sitrep-039-2026-06-22; inrb-sitrep-040-2026-06-23; inrb-sitrep-041-2026-06-24; inrb-sitrep-042-2026-06-25; inrb-sitrep-044-2026-06-27; inrb-sitrep-046-2026-06-29; inrb-sitrep-047-2026-06-30; inrb-sitrep-048-2026-07-01; inrb-sitrep-049-2026-07-02; inrb-sitrep-050-2026-07-03; inrb-sitrep-051-2026-07-04; inrb-sitrep-052-2026-07-05; inrb-sitrep-053-2026-07-06; inrb-sitrep-054-2026-07-07; inrb-sitrep-055-2026-07-08; inrb-sitrep-056-2026-07-09; inrb-sitrep-057-2026-07-10; inrb-sitrep-058-2026-07-11; inrb-sitrep-059-2026-07-12; inrb-umie-ebola-drc-2026-build-2026-05-28-bb8b7d5; inrb-umie-ebola-drc-2026-build-2026-06-01-b4cafc9; uganda-moh-ebola-update-2026-06-06; uganda-moh-ebola-update-2026-06-20; uganda-moh-ebola-update-2026-06-21; who-daily-epi-bdbv-2026-06-08; who-dg-remarks-bdbv-2026-05-20; who-dg-remarks-bdbv-2026-05-22; who-don602-2026-05-15-live; who-don603-2026-05-21-live; who-don606-bdbv-2026-06-08; who-ihr-ec-bdbv-temporary-recommendations-2026-05-22; who-pheic-2026-05-17-live; wikipedia-2026-ituri-epidemic-2026-05-20-live,"Descriptive watch-point interval, not a forecast or response recommendation."
corridor:341:ariwara:arua-uga,ariwara,arua-uga,30,0.002941114307339482,0.007846160998099622,0.005933558910134501,0.01578958398501948,0.0014853036867407078,0.033946787605055435,zone-attributed confirmed count 1 for this source zone; visibility-adjustment factor 2.02× reflects under-reporting in source zone; raw risk likely understates true hazard,BDBV-CLAIM-050,derived_model_output_with_unsupported_exponent_attribution,pinned_snapshot_model_output,africa-cdc-phecs-2026-05-18-live; afro-sitrep-01-2026-05-18-live; afro-sitrep-01-pdf-2026-05-18-live; cdc-current-situation-2026-05-21; cdc-current-situation-2026-05-23; cdc-current-situation-2026-05-24; cdc-current-situation-2026-05-25; drc-moh-epidemie-dashboard-sitrep-009-graphql-2026-05-24; drc-moh-epidemie-dashboard-sitrep-mve-n-007-mvb-17-2026-pdf-2026-05-22; ecdc-bdbv-drc-uga-2026-05-19-live; ecdc-bdbv-drc-uga-2026-05-21-live; ecdc-bdbv-drc-uga-2026-05-25-live; ecdc-bdbv-drc-uga-2026-05-26-live; ecdc-bdbv-drc-uga-2026-05-27-live; inrb-sitrep-015-2026-05-29; inrb-sitrep-016-2026-05-30; inrb-sitrep-017-2026-05-31; inrb-sitrep-018-2026-06-01; inrb-sitrep-019-2026-06-02; inrb-sitrep-020-2026-06-03; inrb-sitrep-021-2026-06-04; inrb-sitrep-022-2026-06-05; inrb-sitrep-023-2026-06-06; inrb-sitrep-024-2026-06-07; inrb-sitrep-025-2026-06-08; inrb-sitrep-026-2026-06-09; inrb-sitrep-027-2026-06-10; inrb-sitrep-028-2026-06-11; inrb-sitrep-030-2026-06-13; inrb-sitrep-031-2026-06-14; inrb-sitrep-032-2026-06-15; inrb-sitrep-033-2026-06-16; inrb-sitrep-034-2026-06-17; inrb-sitrep-035-2026-06-18; inrb-sitrep-036-2026-06-19; inrb-sitrep-037-2026-06-20; inrb-sitrep-038-2026-06-21; inrb-sitrep-039-2026-06-22; inrb-sitrep-040-2026-06-23; inrb-sitrep-041-2026-06-24; inrb-sitrep-042-2026-06-25; inrb-sitrep-044-2026-06-27; inrb-sitrep-046-2026-06-29; inrb-sitrep-047-2026-06-30; inrb-sitrep-048-2026-07-01; inrb-sitrep-049-2026-07-02; inrb-sitrep-050-2026-07-03; inrb-sitrep-051-2026-07-04; inrb-sitrep-052-2026-07-05; inrb-sitrep-053-2026-07-06; inrb-sitrep-054-2026-07-07; inrb-sitrep-055-2026-07-08; inrb-sitrep-056-2026-07-09; inrb-sitrep-057-2026-07-10; inrb-sitrep-058-2026-07-11; inrb-sitrep-059-2026-07-12; inrb-umie-ebola-drc-2026-build-2026-05-28-bb8b7d5; inrb-umie-ebola-drc-2026-build-2026-06-01-b4cafc9; uganda-moh-ebola-update-2026-06-06; uganda-moh-ebola-update-2026-06-20; uganda-moh-ebola-update-2026-06-21; who-daily-epi-bdbv-2026-06-08; who-dg-remarks-bdbv-2026-05-20; who-dg-remarks-bdbv-2026-05-22; who-don602-2026-05-15-live; who-don603-2026-05-21-live; who-don606-bdbv-2026-06-08; who-ihr-ec-bdbv-temporary-recommendations-2026-05-22; who-pheic-2026-05-17-live; wikipedia-2026-ituri-epidemic-2026-05-20-live,"Descriptive watch-point interval, not a forecast or response recommendation."
corridor:342:boga:yei-ssd,boga,yei-ssd,30,0.002692553301952144,0.007804095597566896,0.005432787988834092,0.015705270149768136,0.0012785196353092305,0.038048552819046406,zone-attributed confirmed count 1 for this source zone; visibility-adjustment factor 2.02× reflects under-reporting in source zone; raw risk likely understates true hazard,BDBV-CLAIM-050,derived_model_output_with_unsupported_exponent_attribution,pinned_snapshot_model_output,africa-cdc-phecs-2026-05-18-live; afro-sitrep-01-2026-05-18-live; afro-sitrep-01-pdf-2026-05-18-live; cdc-current-situation-2026-05-21; cdc-current-situation-2026-05-23; cdc-current-situation-2026-05-24; cdc-current-situation-2026-05-25; drc-moh-epidemie-dashboard-sitrep-009-graphql-2026-05-24; drc-moh-epidemie-dashboard-sitrep-mve-n-007-mvb-17-2026-pdf-2026-05-22; ecdc-bdbv-drc-uga-2026-05-19-live; ecdc-bdbv-drc-uga-2026-05-21-live; ecdc-bdbv-drc-uga-2026-05-25-live; ecdc-bdbv-drc-uga-2026-05-26-live; ecdc-bdbv-drc-uga-2026-05-27-live; inrb-sitrep-015-2026-05-29; inrb-sitrep-016-2026-05-30; inrb-sitrep-017-2026-05-31; inrb-sitrep-018-2026-06-01; inrb-sitrep-019-2026-06-02; inrb-sitrep-020-2026-06-03; inrb-sitrep-021-2026-06-04; inrb-sitrep-022-2026-06-05; inrb-sitrep-023-2026-06-06; inrb-sitrep-024-2026-06-07; inrb-sitrep-025-2026-06-08; inrb-sitrep-026-2026-06-09; inrb-sitrep-027-2026-06-10; inrb-sitrep-028-2026-06-11; inrb-sitrep-030-2026-06-13; inrb-sitrep-031-2026-06-14; inrb-sitrep-032-2026-06-15; inrb-sitrep-033-2026-06-16; inrb-sitrep-034-2026-06-17; inrb-sitrep-035-2026-06-18; inrb-sitrep-036-2026-06-19; inrb-sitrep-037-2026-06-20; inrb-sitrep-038-2026-06-21; inrb-sitrep-039-2026-06-22; inrb-sitrep-040-2026-06-23; inrb-sitrep-041-2026-06-24; inrb-sitrep-042-2026-06-25; inrb-sitrep-044-2026-06-27; inrb-sitrep-046-2026-06-29; inrb-sitrep-047-2026-06-30; inrb-sitrep-048-2026-07-01; inrb-sitrep-049-2026-07-02; inrb-sitrep-050-2026-07-03; inrb-sitrep-051-2026-07-04; inrb-sitrep-052-2026-07-05; inrb-sitrep-053-2026-07-06; inrb-sitrep-054-2026-07-07; inrb-sitrep-055-2026-07-08; inrb-sitrep-056-2026-07-09; inrb-sitrep-057-2026-07-10; inrb-sitrep-058-2026-07-11; inrb-sitrep-059-2026-07-12; inrb-umie-ebola-drc-2026-build-2026-05-28-bb8b7d5; inrb-umie-ebola-drc-2026-build-2026-06-01-b4cafc9; uganda-moh-ebola-update-2026-06-06; uganda-moh-ebola-update-2026-06-20; uganda-moh-ebola-update-2026-06-21; who-daily-epi-bdbv-2026-06-08; who-dg-remarks-bdbv-2026-05-20; who-dg-remarks-bdbv-2026-05-22; who-don602-2026-05-15-live; who-don603-2026-05-21-live; who-don606-bdbv-2026-06-08; who-ihr-ec-bdbv-temporary-recommendations-2026-05-22; who-pheic-2026-05-17-live; wikipedia-2026-ituri-epidemic-2026-05-20-live,"Descriptive watch-point interval, not a forecast or response recommendation."
corridor:343:mabalako:arua-uga,mabalako,arua-uga,30,0.0031086898742415103,0.0077739305567045835,0.0062710976901236,0.015644807385057774,0.001686200994224238,0.032999102925155746,zone-attributed confirmed count 1 for this source zone; visibility-adjustment factor 2.02× reflects under-reporting in source zone; raw risk likely understates true hazard,BDBV-CLAIM-050,derived_model_output_with_unsupported_exponent_attribution,pinned_snapshot_model_output,africa-cdc-phecs-2026-05-18-live; afro-sitrep-01-2026-05-18-live; afro-sitrep-01-pdf-2026-05-18-live; cdc-current-situation-2026-05-21; cdc-current-situation-2026-05-23; cdc-current-situation-2026-05-24; cdc-current-situation-2026-05-25; drc-moh-epidemie-dashboard-sitrep-009-graphql-2026-05-24; drc-moh-epidemie-dashboard-sitrep-mve-n-007-mvb-17-2026-pdf-2026-05-22; ecdc-bdbv-drc-uga-2026-05-19-live; ecdc-bdbv-drc-uga-2026-05-21-live; ecdc-bdbv-drc-uga-2026-05-25-live; ecdc-bdbv-drc-uga-2026-05-26-live; ecdc-bdbv-drc-uga-2026-05-27-live; inrb-sitrep-015-2026-05-29; inrb-sitrep-016-2026-05-30; inrb-sitrep-017-2026-05-31; inrb-sitrep-018-2026-06-01; inrb-sitrep-019-2026-06-02; inrb-sitrep-020-2026-06-03; inrb-sitrep-021-2026-06-04; inrb-sitrep-022-2026-06-05; inrb-sitrep-023-2026-06-06; inrb-sitrep-024-2026-06-07; inrb-sitrep-025-2026-06-08; inrb-sitrep-026-2026-06-09; inrb-sitrep-027-2026-06-10; inrb-sitrep-028-2026-06-11; inrb-sitrep-030-2026-06-13; inrb-sitrep-031-2026-06-14; inrb-sitrep-032-2026-06-15; inrb-sitrep-033-2026-06-16; inrb-sitrep-034-2026-06-17; inrb-sitrep-035-2026-06-18; inrb-sitrep-036-2026-06-19; inrb-sitrep-037-2026-06-20; inrb-sitrep-038-2026-06-21; inrb-sitrep-039-2026-06-22; inrb-sitrep-040-2026-06-23; inrb-sitrep-041-2026-06-24; inrb-sitrep-042-2026-06-25; inrb-sitrep-044-2026-06-27; inrb-sitrep-046-2026-06-29; inrb-sitrep-047-2026-06-30; inrb-sitrep-048-2026-07-01; inrb-sitrep-049-2026-07-02; inrb-sitrep-050-2026-07-03; inrb-sitrep-051-2026-07-04; inrb-sitrep-052-2026-07-05; inrb-sitrep-053-2026-07-06; inrb-sitrep-054-2026-07-07; inrb-sitrep-055-2026-07-08; inrb-sitrep-056-2026-07-09; inrb-sitrep-057-2026-07-10; inrb-sitrep-058-2026-07-11; inrb-sitrep-059-2026-07-12; inrb-umie-ebola-drc-2026-build-2026-05-28-bb8b7d5; inrb-umie-ebola-drc-2026-build-2026-06-01-b4cafc9; uganda-moh-ebola-update-2026-06-06; uganda-moh-ebola-update-2026-06-20; uganda-moh-ebola-update-2026-06-21; who-daily-epi-bdbv-2026-06-08; who-dg-remarks-bdbv-2026-05-20; who-dg-remarks-bdbv-2026-05-22; who-don602-2026-05-15-live; who-don603-2026-05-21-live; who-don606-bdbv-2026-06-08; who-ihr-ec-bdbv-temporary-recommendations-2026-05-22; who-pheic-2026-05-17-live; wikipedia-2026-ituri-epidemic-2026-05-20-live,"Descriptive watch-point interval, not a forecast or response recommendation."
corridor:344:goma-cod:beni-cod,goma-cod,beni-cod,30,0.0031069982167016563,0.0077522505039279155,0.006267690395344361,0.015601350239974832,0.0015055601399367735,0.034068739894221746,zone-attributed confirmed count 1 for this source zone; visibility-adjustment factor 2.02× reflects under-reporting in source zone; raw risk likely understates true hazard,BDBV-CLAIM-050,derived_model_output_with_unsupported_exponent_attribution,pinned_snapshot_model_output,africa-cdc-phecs-2026-05-18-live; afro-sitrep-01-2026-05-18-live; afro-sitrep-01-pdf-2026-05-18-live; cdc-current-situation-2026-05-21; cdc-current-situation-2026-05-23; cdc-current-situation-2026-05-24; cdc-current-situation-2026-05-25; drc-moh-epidemie-dashboard-sitrep-009-graphql-2026-05-24; drc-moh-epidemie-dashboard-sitrep-mve-n-007-mvb-17-2026-pdf-2026-05-22; ecdc-bdbv-drc-uga-2026-05-19-live; ecdc-bdbv-drc-uga-2026-05-21-live; ecdc-bdbv-drc-uga-2026-05-25-live; ecdc-bdbv-drc-uga-2026-05-26-live; ecdc-bdbv-drc-uga-2026-05-27-live; inrb-sitrep-015-2026-05-29; inrb-sitrep-016-2026-05-30; inrb-sitrep-017-2026-05-31; inrb-sitrep-018-2026-06-01; inrb-sitrep-019-2026-06-02; inrb-sitrep-020-2026-06-03; inrb-sitrep-021-2026-06-04; inrb-sitrep-022-2026-06-05; inrb-sitrep-023-2026-06-06; inrb-sitrep-024-2026-06-07; inrb-sitrep-025-2026-06-08; inrb-sitrep-026-2026-06-09; inrb-sitrep-027-2026-06-10; inrb-sitrep-028-2026-06-11; inrb-sitrep-030-2026-06-13; inrb-sitrep-031-2026-06-14; inrb-sitrep-032-2026-06-15; inrb-sitrep-033-2026-06-16; inrb-sitrep-034-2026-06-17; inrb-sitrep-035-2026-06-18; inrb-sitrep-036-2026-06-19; inrb-sitrep-037-2026-06-20; inrb-sitrep-038-2026-06-21; inrb-sitrep-039-2026-06-22; inrb-sitrep-040-2026-06-23; inrb-sitrep-041-2026-06-24; inrb-sitrep-042-2026-06-25; inrb-sitrep-044-2026-06-27; inrb-sitrep-046-2026-06-29; inrb-sitrep-047-2026-06-30; inrb-sitrep-048-2026-07-01; inrb-sitrep-049-2026-07-02; inrb-sitrep-050-2026-07-03; inrb-sitrep-051-2026-07-04; inrb-sitrep-052-2026-07-05; inrb-sitrep-053-2026-07-06; inrb-sitrep-054-2026-07-07; inrb-sitrep-055-2026-07-08; inrb-sitrep-056-2026-07-09; inrb-sitrep-057-2026-07-10; inrb-sitrep-058-2026-07-11; inrb-sitrep-059-2026-07-12; inrb-umie-ebola-drc-2026-build-2026-05-28-bb8b7d5; inrb-umie-ebola-drc-2026-build-2026-06-01-b4cafc9; uganda-moh-ebola-update-2026-06-06; uganda-moh-ebola-update-2026-06-20; uganda-moh-ebola-update-2026-06-21; who-daily-epi-bdbv-2026-06-08; who-dg-remarks-bdbv-2026-05-20; who-dg-remarks-bdbv-2026-05-22; who-don602-2026-05-15-live; who-don603-2026-05-21-live; who-don606-bdbv-2026-06-08; who-ihr-ec-bdbv-temporary-recommendations-2026-05-22; who-pheic-2026-05-17-live; wikipedia-2026-ituri-epidemic-2026-05-20-live,"Descriptive watch-point interval, not a forecast or response recommendation."
corridor:345:goma-cod:kasese-uga,goma-cod,kasese-uga,30,0.0028511292113556908,0.007720665772487395,0.005752282696119992,0.01553803770446946,0.0012975077856571344,0.030961500634542036,zone-attributed confirmed count 1 for this source zone; visibility-adjustment factor 2.02× reflects under-reporting in source zone; raw risk likely understates true hazard,BDBV-CLAIM-050,derived_model_output_with_unsupported_exponent_attribution,pinned_snapshot_model_output,africa-cdc-phecs-2026-05-18-live; afro-sitrep-01-2026-05-18-live; afro-sitrep-01-pdf-2026-05-18-live; cdc-current-situation-2026-05-21; cdc-current-situation-2026-05-23; cdc-current-situation-2026-05-24; cdc-current-situation-2026-05-25; drc-moh-epidemie-dashboard-sitrep-009-graphql-2026-05-24; drc-moh-epidemie-dashboard-sitrep-mve-n-007-mvb-17-2026-pdf-2026-05-22; ecdc-bdbv-drc-uga-2026-05-19-live; ecdc-bdbv-drc-uga-2026-05-21-live; ecdc-bdbv-drc-uga-2026-05-25-live; ecdc-bdbv-drc-uga-2026-05-26-live; ecdc-bdbv-drc-uga-2026-05-27-live; inrb-sitrep-015-2026-05-29; inrb-sitrep-016-2026-05-30; inrb-sitrep-017-2026-05-31; inrb-sitrep-018-2026-06-01; inrb-sitrep-019-2026-06-02; inrb-sitrep-020-2026-06-03; inrb-sitrep-021-2026-06-04; inrb-sitrep-022-2026-06-05; inrb-sitrep-023-2026-06-06; inrb-sitrep-024-2026-06-07; inrb-sitrep-025-2026-06-08; inrb-sitrep-026-2026-06-09; inrb-sitrep-027-2026-06-10; inrb-sitrep-028-2026-06-11; inrb-sitrep-030-2026-06-13; inrb-sitrep-031-2026-06-14; inrb-sitrep-032-2026-06-15; inrb-sitrep-033-2026-06-16; inrb-sitrep-034-2026-06-17; inrb-sitrep-035-2026-06-18; inrb-sitrep-036-2026-06-19; inrb-sitrep-037-2026-06-20; inrb-sitrep-038-2026-06-21; inrb-sitrep-039-2026-06-22; inrb-sitrep-040-2026-06-23; inrb-sitrep-041-2026-06-24; inrb-sitrep-042-2026-06-25; inrb-sitrep-044-2026-06-27; inrb-sitrep-046-2026-06-29; inrb-sitrep-047-2026-06-30; inrb-sitrep-048-2026-07-01; inrb-sitrep-049-2026-07-02; inrb-sitrep-050-2026-07-03; inrb-sitrep-051-2026-07-04; inrb-sitrep-052-2026-07-05; inrb-sitrep-053-2026-07-06; inrb-sitrep-054-2026-07-07; inrb-sitrep-055-2026-07-08; inrb-sitrep-056-2026-07-09; inrb-sitrep-057-2026-07-10; inrb-sitrep-058-2026-07-11; inrb-sitrep-059-2026-07-12; inrb-umie-ebola-drc-2026-build-2026-05-28-bb8b7d5; inrb-umie-ebola-drc-2026-build-2026-06-01-b4cafc9; uganda-moh-ebola-update-2026-06-06; uganda-moh-ebola-update-2026-06-20; uganda-moh-ebola-update-2026-06-21; who-daily-epi-bdbv-2026-06-08; who-dg-remarks-bdbv-2026-05-20; who-dg-remarks-bdbv-2026-05-22; who-don602-2026-05-15-live; who-don603-2026-05-21-live; who-don606-bdbv-2026-06-08; who-ihr-ec-bdbv-temporary-recommendations-2026-05-22; who-pheic-2026-05-17-live; wikipedia-2026-ituri-epidemic-2026-05-20-live,"Descriptive watch-point interval, not a forecast or response recommendation."
corridor:346:ariwara:goma-cod,ariwara,goma-cod,30,0.002933106306816091,0.0077064837987399215,0.005917427319431623,0.015509608636029681,0.0015786854803567674,0.03193179335441963,zone-attributed confirmed count 1 for this source zone; visibility-adjustment factor 2.02× reflects under-reporting in source zone; raw risk likely understates true hazard,BDBV-CLAIM-050,derived_model_output_with_unsupported_exponent_attribution,pinned_snapshot_model_output,africa-cdc-phecs-2026-05-18-live; afro-sitrep-01-2026-05-18-live; afro-sitrep-01-pdf-2026-05-18-live; cdc-current-situation-2026-05-21; cdc-current-situation-2026-05-23; cdc-current-situation-2026-05-24; cdc-current-situation-2026-05-25; drc-moh-epidemie-dashboard-sitrep-009-graphql-2026-05-24; drc-moh-epidemie-dashboard-sitrep-mve-n-007-mvb-17-2026-pdf-2026-05-22; ecdc-bdbv-drc-uga-2026-05-19-live; ecdc-bdbv-drc-uga-2026-05-21-live; ecdc-bdbv-drc-uga-2026-05-25-live; ecdc-bdbv-drc-uga-2026-05-26-live; ecdc-bdbv-drc-uga-2026-05-27-live; inrb-sitrep-015-2026-05-29; inrb-sitrep-016-2026-05-30; inrb-sitrep-017-2026-05-31; inrb-sitrep-018-2026-06-01; inrb-sitrep-019-2026-06-02; inrb-sitrep-020-2026-06-03; inrb-sitrep-021-2026-06-04; inrb-sitrep-022-2026-06-05; inrb-sitrep-023-2026-06-06; inrb-sitrep-024-2026-06-07; inrb-sitrep-025-2026-06-08; inrb-sitrep-026-2026-06-09; inrb-sitrep-027-2026-06-10; inrb-sitrep-028-2026-06-11; inrb-sitrep-030-2026-06-13; inrb-sitrep-031-2026-06-14; inrb-sitrep-032-2026-06-15; inrb-sitrep-033-2026-06-16; inrb-sitrep-034-2026-06-17; inrb-sitrep-035-2026-06-18; inrb-sitrep-036-2026-06-19; inrb-sitrep-037-2026-06-20; inrb-sitrep-038-2026-06-21; inrb-sitrep-039-2026-06-22; inrb-sitrep-040-2026-06-23; inrb-sitrep-041-2026-06-24; inrb-sitrep-042-2026-06-25; inrb-sitrep-044-2026-06-27; inrb-sitrep-046-2026-06-29; inrb-sitrep-047-2026-06-30; inrb-sitrep-048-2026-07-01; inrb-sitrep-049-2026-07-02; inrb-sitrep-050-2026-07-03; inrb-sitrep-051-2026-07-04; inrb-sitrep-052-2026-07-05; inrb-sitrep-053-2026-07-06; inrb-sitrep-054-2026-07-07; inrb-sitrep-055-2026-07-08; inrb-sitrep-056-2026-07-09; inrb-sitrep-057-2026-07-10; inrb-sitrep-058-2026-07-11; inrb-sitrep-059-2026-07-12; inrb-umie-ebola-drc-2026-build-2026-05-28-bb8b7d5; inrb-umie-ebola-drc-2026-build-2026-06-01-b4cafc9; uganda-moh-ebola-update-2026-06-06; uganda-moh-ebola-update-2026-06-20; uganda-moh-ebola-update-2026-06-21; who-daily-epi-bdbv-2026-06-08; who-dg-remarks-bdbv-2026-05-20; who-dg-remarks-bdbv-2026-05-22; who-don602-2026-05-15-live; who-don603-2026-05-21-live; who-don606-bdbv-2026-06-08; who-ihr-ec-bdbv-temporary-recommendations-2026-05-22; who-pheic-2026-05-17-live; wikipedia-2026-ituri-epidemic-2026-05-20-live,"Descriptive watch-point interval, not a forecast or response recommendation."
corridor:347:goma-cod:yei-ssd,goma-cod,yei-ssd,30,0.002907287287492788,0.007690599938782183,0.005865415918556494,0.015477767640500989,0.00146631596575956,0.03450660506941404,zone-attributed confirmed count 1 for this source zone; visibility-adjustment factor 2.02× reflects under-reporting in source zone; raw risk likely understates true hazard,BDBV-CLAIM-050,derived_model_output_with_unsupported_exponent_attribution,pinned_snapshot_model_output,africa-cdc-phecs-2026-05-18-live; afro-sitrep-01-2026-05-18-live; afro-sitrep-01-pdf-2026-05-18-live; cdc-current-situation-2026-05-21; cdc-current-situation-2026-05-23; cdc-current-situation-2026-05-24; cdc-current-situation-2026-05-25; drc-moh-epidemie-dashboard-sitrep-009-graphql-2026-05-24; drc-moh-epidemie-dashboard-sitrep-mve-n-007-mvb-17-2026-pdf-2026-05-22; ecdc-bdbv-drc-uga-2026-05-19-live; ecdc-bdbv-drc-uga-2026-05-21-live; ecdc-bdbv-drc-uga-2026-05-25-live; ecdc-bdbv-drc-uga-2026-05-26-live; ecdc-bdbv-drc-uga-2026-05-27-live; inrb-sitrep-015-2026-05-29; inrb-sitrep-016-2026-05-30; inrb-sitrep-017-2026-05-31; inrb-sitrep-018-2026-06-01; inrb-sitrep-019-2026-06-02; inrb-sitrep-020-2026-06-03; inrb-sitrep-021-2026-06-04; inrb-sitrep-022-2026-06-05; inrb-sitrep-023-2026-06-06; inrb-sitrep-024-2026-06-07; inrb-sitrep-025-2026-06-08; inrb-sitrep-026-2026-06-09; inrb-sitrep-027-2026-06-10; inrb-sitrep-028-2026-06-11; inrb-sitrep-030-2026-06-13; inrb-sitrep-031-2026-06-14; inrb-sitrep-032-2026-06-15; inrb-sitrep-033-2026-06-16; inrb-sitrep-034-2026-06-17; inrb-sitrep-035-2026-06-18; inrb-sitrep-036-2026-06-19; inrb-sitrep-037-2026-06-20; inrb-sitrep-038-2026-06-21; inrb-sitrep-039-2026-06-22; inrb-sitrep-040-2026-06-23; inrb-sitrep-041-2026-06-24; inrb-sitrep-042-2026-06-25; inrb-sitrep-044-2026-06-27; inrb-sitrep-046-2026-06-29; inrb-sitrep-047-2026-06-30; inrb-sitrep-048-2026-07-01; inrb-sitrep-049-2026-07-02; inrb-sitrep-050-2026-07-03; inrb-sitrep-051-2026-07-04; inrb-sitrep-052-2026-07-05; inrb-sitrep-053-2026-07-06; inrb-sitrep-054-2026-07-07; inrb-sitrep-055-2026-07-08; inrb-sitrep-056-2026-07-09; inrb-sitrep-057-2026-07-10; inrb-sitrep-058-2026-07-11; inrb-sitrep-059-2026-07-12; inrb-umie-ebola-drc-2026-build-2026-05-28-bb8b7d5; inrb-umie-ebola-drc-2026-build-2026-06-01-b4cafc9; uganda-moh-ebola-update-2026-06-06; uganda-moh-ebola-update-2026-06-20; uganda-moh-ebola-update-2026-06-21; who-daily-epi-bdbv-2026-06-08; who-dg-remarks-bdbv-2026-05-20; who-dg-remarks-bdbv-2026-05-22; who-don602-2026-05-15-live; who-don603-2026-05-21-live; who-don606-bdbv-2026-06-08; who-ihr-ec-bdbv-temporary-recommendations-2026-05-22; who-pheic-2026-05-17-live; wikipedia-2026-ituri-epidemic-2026-05-20-live,"Descriptive watch-point interval, not a forecast or response recommendation."
corridor:348:gety:bundibugyo-uga,gety,bundibugyo-uga,30,0.003090287855269158,0.007688578925928863,0.006234034204129768,0.015473715833146329,0.0017655800527204726,0.030807074052999105,zone-attributed confirmed count 1 for this source zone; visibility-adjustment factor 2.02× reflects under-reporting in source zone; raw risk likely understates true hazard,BDBV-CLAIM-050,derived_model_output_with_unsupported_exponent_attribution,pinned_snapshot_model_output,africa-cdc-phecs-2026-05-18-live; afro-sitrep-01-2026-05-18-live; afro-sitrep-01-pdf-2026-05-18-live; cdc-current-situation-2026-05-21; cdc-current-situation-2026-05-23; cdc-current-situation-2026-05-24; cdc-current-situation-2026-05-25; drc-moh-epidemie-dashboard-sitrep-009-graphql-2026-05-24; drc-moh-epidemie-dashboard-sitrep-mve-n-007-mvb-17-2026-pdf-2026-05-22; ecdc-bdbv-drc-uga-2026-05-19-live; ecdc-bdbv-drc-uga-2026-05-21-live; ecdc-bdbv-drc-uga-2026-05-25-live; ecdc-bdbv-drc-uga-2026-05-26-live; ecdc-bdbv-drc-uga-2026-05-27-live; inrb-sitrep-015-2026-05-29; inrb-sitrep-016-2026-05-30; inrb-sitrep-017-2026-05-31; inrb-sitrep-018-2026-06-01; inrb-sitrep-019-2026-06-02; inrb-sitrep-020-2026-06-03; inrb-sitrep-021-2026-06-04; inrb-sitrep-022-2026-06-05; inrb-sitrep-023-2026-06-06; inrb-sitrep-024-2026-06-07; inrb-sitrep-025-2026-06-08; inrb-sitrep-026-2026-06-09; inrb-sitrep-027-2026-06-10; inrb-sitrep-028-2026-06-11; inrb-sitrep-030-2026-06-13; inrb-sitrep-031-2026-06-14; inrb-sitrep-032-2026-06-15; inrb-sitrep-033-2026-06-16; inrb-sitrep-034-2026-06-17; inrb-sitrep-035-2026-06-18; inrb-sitrep-036-2026-06-19; inrb-sitrep-037-2026-06-20; inrb-sitrep-038-2026-06-21; inrb-sitrep-039-2026-06-22; inrb-sitrep-040-2026-06-23; inrb-sitrep-041-2026-06-24; inrb-sitrep-042-2026-06-25; inrb-sitrep-044-2026-06-27; inrb-sitrep-046-2026-06-29; inrb-sitrep-047-2026-06-30; inrb-sitrep-048-2026-07-01; inrb-sitrep-049-2026-07-02; inrb-sitrep-050-2026-07-03; inrb-sitrep-051-2026-07-04; inrb-sitrep-052-2026-07-05; inrb-sitrep-053-2026-07-06; inrb-sitrep-054-2026-07-07; inrb-sitrep-055-2026-07-08; inrb-sitrep-056-2026-07-09; inrb-sitrep-057-2026-07-10; inrb-sitrep-058-2026-07-11; inrb-sitrep-059-2026-07-12; inrb-umie-ebola-drc-2026-build-2026-05-28-bb8b7d5; inrb-umie-ebola-drc-2026-build-2026-06-01-b4cafc9; uganda-moh-ebola-update-2026-06-06; uganda-moh-ebola-update-2026-06-20; uganda-moh-ebola-update-2026-06-21; who-daily-epi-bdbv-2026-06-08; who-dg-remarks-bdbv-2026-05-20; who-dg-remarks-bdbv-2026-05-22; who-don602-2026-05-15-live; who-don603-2026-05-21-live; who-don606-bdbv-2026-06-08; who-ihr-ec-bdbv-temporary-recommendations-2026-05-22; who-pheic-2026-05-17-live; wikipedia-2026-ituri-epidemic-2026-05-20-live,"Descriptive watch-point interval, not a forecast or response recommendation."
corridor:349:lolwa:bundibugyo-uga,lolwa,bundibugyo-uga,30,0.0027222102305215212,0.007681259892221598,0.005492544644560227,0.015459043771381104,0.0010914145983842271,0.0325585269804216,zone-attributed confirmed count 1 for this source zone; visibility-adjustment factor 2.02× reflects under-reporting in source zone; raw risk likely understates true hazard,BDBV-CLAIM-050,derived_model_output_with_unsupported_exponent_attribution,pinned_snapshot_model_output,africa-cdc-phecs-2026-05-18-live; afro-sitrep-01-2026-05-18-live; afro-sitrep-01-pdf-2026-05-18-live; cdc-current-situation-2026-05-21; cdc-current-situation-2026-05-23; cdc-current-situation-2026-05-24; cdc-current-situation-2026-05-25; drc-moh-epidemie-dashboard-sitrep-009-graphql-2026-05-24; drc-moh-epidemie-dashboard-sitrep-mve-n-007-mvb-17-2026-pdf-2026-05-22; ecdc-bdbv-drc-uga-2026-05-19-live; ecdc-bdbv-drc-uga-2026-05-21-live; ecdc-bdbv-drc-uga-2026-05-25-live; ecdc-bdbv-drc-uga-2026-05-26-live; ecdc-bdbv-drc-uga-2026-05-27-live; inrb-sitrep-015-2026-05-29; inrb-sitrep-016-2026-05-30; inrb-sitrep-017-2026-05-31; inrb-sitrep-018-2026-06-01; inrb-sitrep-019-2026-06-02; inrb-sitrep-020-2026-06-03; inrb-sitrep-021-2026-06-04; inrb-sitrep-022-2026-06-05; inrb-sitrep-023-2026-06-06; inrb-sitrep-024-2026-06-07; inrb-sitrep-025-2026-06-08; inrb-sitrep-026-2026-06-09; inrb-sitrep-027-2026-06-10; inrb-sitrep-028-2026-06-11; inrb-sitrep-030-2026-06-13; inrb-sitrep-031-2026-06-14; inrb-sitrep-032-2026-06-15; inrb-sitrep-033-2026-06-16; inrb-sitrep-034-2026-06-17; inrb-sitrep-035-2026-06-18; inrb-sitrep-036-2026-06-19; inrb-sitrep-037-2026-06-20; inrb-sitrep-038-2026-06-21; inrb-sitrep-039-2026-06-22; inrb-sitrep-040-2026-06-23; inrb-sitrep-041-2026-06-24; inrb-sitrep-042-2026-06-25; inrb-sitrep-044-2026-06-27; inrb-sitrep-046-2026-06-29; inrb-sitrep-047-2026-06-30; inrb-sitrep-048-2026-07-01; inrb-sitrep-049-2026-07-02; inrb-sitrep-050-2026-07-03; inrb-sitrep-051-2026-07-04; inrb-sitrep-052-2026-07-05; inrb-sitrep-053-2026-07-06; inrb-sitrep-054-2026-07-07; inrb-sitrep-055-2026-07-08; inrb-sitrep-056-2026-07-09; inrb-sitrep-057-2026-07-10; inrb-sitrep-058-2026-07-11; inrb-sitrep-059-2026-07-12; inrb-umie-ebola-drc-2026-build-2026-05-28-bb8b7d5; inrb-umie-ebola-drc-2026-build-2026-06-01-b4cafc9; uganda-moh-ebola-update-2026-06-06; uganda-moh-ebola-update-2026-06-20; uganda-moh-ebola-update-2026-06-21; who-daily-epi-bdbv-2026-06-08; who-dg-remarks-bdbv-2026-05-20; who-dg-remarks-bdbv-2026-05-22; who-don602-2026-05-15-live; who-don603-2026-05-21-live; who-don606-bdbv-2026-06-08; who-ihr-ec-bdbv-temporary-recommendations-2026-05-22; who-pheic-2026-05-17-live; wikipedia-2026-ituri-epidemic-2026-05-20-live,"Descriptive watch-point interval, not a forecast or response recommendation."
corridor:350:lolwa:kasese-uga,lolwa,kasese-uga,30,0.0028179096817257665,0.0076483448369443485,0.005685357344636377,0.015393059995262276,0.0009397626952226568,0.031605979276892,zone-attributed confirmed count 1 for this source zone; visibility-adjustment factor 2.02× reflects under-reporting in source zone; raw risk likely understates true hazard,BDBV-CLAIM-050,derived_model_output_with_unsupported_exponent_attribution,pinned_snapshot_model_output,africa-cdc-phecs-2026-05-18-live; afro-sitrep-01-2026-05-18-live; afro-sitrep-01-pdf-2026-05-18-live; cdc-current-situation-2026-05-21; cdc-current-situation-2026-05-23; cdc-current-situation-2026-05-24; cdc-current-situation-2026-05-25; drc-moh-epidemie-dashboard-sitrep-009-graphql-2026-05-24; drc-moh-epidemie-dashboard-sitrep-mve-n-007-mvb-17-2026-pdf-2026-05-22; ecdc-bdbv-drc-uga-2026-05-19-live; ecdc-bdbv-drc-uga-2026-05-21-live; ecdc-bdbv-drc-uga-2026-05-25-live; ecdc-bdbv-drc-uga-2026-05-26-live; ecdc-bdbv-drc-uga-2026-05-27-live; inrb-sitrep-015-2026-05-29; inrb-sitrep-016-2026-05-30; inrb-sitrep-017-2026-05-31; inrb-sitrep-018-2026-06-01; inrb-sitrep-019-2026-06-02; inrb-sitrep-020-2026-06-03; inrb-sitrep-021-2026-06-04; inrb-sitrep-022-2026-06-05; inrb-sitrep-023-2026-06-06; inrb-sitrep-024-2026-06-07; inrb-sitrep-025-2026-06-08; inrb-sitrep-026-2026-06-09; inrb-sitrep-027-2026-06-10; inrb-sitrep-028-2026-06-11; inrb-sitrep-030-2026-06-13; inrb-sitrep-031-2026-06-14; inrb-sitrep-032-2026-06-15; inrb-sitrep-033-2026-06-16; inrb-sitrep-034-2026-06-17; inrb-sitrep-035-2026-06-18; inrb-sitrep-036-2026-06-19; inrb-sitrep-037-2026-06-20; inrb-sitrep-038-2026-06-21; inrb-sitrep-039-2026-06-22; inrb-sitrep-040-2026-06-23; inrb-sitrep-041-2026-06-24; inrb-sitrep-042-2026-06-25; inrb-sitrep-044-2026-06-27; inrb-sitrep-046-2026-06-29; inrb-sitrep-047-2026-06-30; inrb-sitrep-048-2026-07-01; inrb-sitrep-049-2026-07-02; inrb-sitrep-050-2026-07-03; inrb-sitrep-051-2026-07-04; inrb-sitrep-052-2026-07-05; inrb-sitrep-053-2026-07-06; inrb-sitrep-054-2026-07-07; inrb-sitrep-055-2026-07-08; inrb-sitrep-056-2026-07-09; inrb-sitrep-057-2026-07-10; inrb-sitrep-058-2026-07-11; inrb-sitrep-059-2026-07-12; inrb-umie-ebola-drc-2026-build-2026-05-28-bb8b7d5; inrb-umie-ebola-drc-2026-build-2026-06-01-b4cafc9; uganda-moh-ebola-update-2026-06-06; uganda-moh-ebola-update-2026-06-20; uganda-moh-ebola-update-2026-06-21; who-daily-epi-bdbv-2026-06-08; who-dg-remarks-bdbv-2026-05-20; who-dg-remarks-bdbv-2026-05-22; who-don602-2026-05-15-live; who-don603-2026-05-21-live; who-don606-bdbv-2026-06-08; who-ihr-ec-bdbv-temporary-recommendations-2026-05-22; who-pheic-2026-05-17-live; wikipedia-2026-ituri-epidemic-2026-05-20-live,"Descriptive watch-point interval, not a forecast or response recommendation."
corridor:351:goma-cod:kampala-uga,goma-cod,kampala-uga,30,0.0028609492260896763,0.007612417116223208,0.005772065802715692,0.015321033933342693,0.0014200289478677297,0.029472281097740752,zone-attributed confirmed count 1 for this source zone; visibility-adjustment factor 2.02× reflects under-reporting in source zone; raw risk likely understates true hazard,BDBV-CLAIM-050,derived_model_output_with_unsupported_exponent_attribution,pinned_snapshot_model_output,africa-cdc-phecs-2026-05-18-live; afro-sitrep-01-2026-05-18-live; afro-sitrep-01-pdf-2026-05-18-live; cdc-current-situation-2026-05-21; cdc-current-situation-2026-05-23; cdc-current-situation-2026-05-24; cdc-current-situation-2026-05-25; drc-moh-epidemie-dashboard-sitrep-009-graphql-2026-05-24; drc-moh-epidemie-dashboard-sitrep-mve-n-007-mvb-17-2026-pdf-2026-05-22; ecdc-bdbv-drc-uga-2026-05-19-live; ecdc-bdbv-drc-uga-2026-05-21-live; ecdc-bdbv-drc-uga-2026-05-25-live; ecdc-bdbv-drc-uga-2026-05-26-live; ecdc-bdbv-drc-uga-2026-05-27-live; inrb-sitrep-015-2026-05-29; inrb-sitrep-016-2026-05-30; inrb-sitrep-017-2026-05-31; inrb-sitrep-018-2026-06-01; inrb-sitrep-019-2026-06-02; inrb-sitrep-020-2026-06-03; inrb-sitrep-021-2026-06-04; inrb-sitrep-022-2026-06-05; inrb-sitrep-023-2026-06-06; inrb-sitrep-024-2026-06-07; inrb-sitrep-025-2026-06-08; inrb-sitrep-026-2026-06-09; inrb-sitrep-027-2026-06-10; inrb-sitrep-028-2026-06-11; inrb-sitrep-030-2026-06-13; inrb-sitrep-031-2026-06-14; inrb-sitrep-032-2026-06-15; inrb-sitrep-033-2026-06-16; inrb-sitrep-034-2026-06-17; inrb-sitrep-035-2026-06-18; inrb-sitrep-036-2026-06-19; inrb-sitrep-037-2026-06-20; inrb-sitrep-038-2026-06-21; inrb-sitrep-039-2026-06-22; inrb-sitrep-040-2026-06-23; inrb-sitrep-041-2026-06-24; inrb-sitrep-042-2026-06-25; inrb-sitrep-044-2026-06-27; inrb-sitrep-046-2026-06-29; inrb-sitrep-047-2026-06-30; inrb-sitrep-048-2026-07-01; inrb-sitrep-049-2026-07-02; inrb-sitrep-050-2026-07-03; inrb-sitrep-051-2026-07-04; inrb-sitrep-052-2026-07-05; inrb-sitrep-053-2026-07-06; inrb-sitrep-054-2026-07-07; inrb-sitrep-055-2026-07-08; inrb-sitrep-056-2026-07-09; inrb-sitrep-057-2026-07-10; inrb-sitrep-058-2026-07-11; inrb-sitrep-059-2026-07-12; inrb-umie-ebola-drc-2026-build-2026-05-28-bb8b7d5; inrb-umie-ebola-drc-2026-build-2026-06-01-b4cafc9; uganda-moh-ebola-update-2026-06-06; uganda-moh-ebola-update-2026-06-20; uganda-moh-ebola-update-2026-06-21; who-daily-epi-bdbv-2026-06-08; who-dg-remarks-bdbv-2026-05-20; who-dg-remarks-bdbv-2026-05-22; who-don602-2026-05-15-live; who-don603-2026-05-21-live; who-don606-bdbv-2026-06-08; who-ihr-ec-bdbv-temporary-recommendations-2026-05-22; who-pheic-2026-05-17-live; wikipedia-2026-ituri-epidemic-2026-05-20-live,"Descriptive watch-point interval, not a forecast or response recommendation."
corridor:352:gety:kasese-uga,gety,kasese-uga,30,0.00292690034535828,0.0076075828613029195,0.005904925826303753,0.0153113422490328,0.0015538044065585928,0.03135271543893271,zone-attributed confirmed count 1 for this source zone; visibility-adjustment factor 2.02× reflects under-reporting in source zone; raw risk likely understates true hazard,BDBV-CLAIM-050,derived_model_output_with_unsupported_exponent_attribution,pinned_snapshot_model_output,africa-cdc-phecs-2026-05-18-live; afro-sitrep-01-2026-05-18-live; afro-sitrep-01-pdf-2026-05-18-live; cdc-current-situation-2026-05-21; cdc-current-situation-2026-05-23; cdc-current-situation-2026-05-24; cdc-current-situation-2026-05-25; drc-moh-epidemie-dashboard-sitrep-009-graphql-2026-05-24; drc-moh-epidemie-dashboard-sitrep-mve-n-007-mvb-17-2026-pdf-2026-05-22; ecdc-bdbv-drc-uga-2026-05-19-live; ecdc-bdbv-drc-uga-2026-05-21-live; ecdc-bdbv-drc-uga-2026-05-25-live; ecdc-bdbv-drc-uga-2026-05-26-live; ecdc-bdbv-drc-uga-2026-05-27-live; inrb-sitrep-015-2026-05-29; inrb-sitrep-016-2026-05-30; inrb-sitrep-017-2026-05-31; inrb-sitrep-018-2026-06-01; inrb-sitrep-019-2026-06-02; inrb-sitrep-020-2026-06-03; inrb-sitrep-021-2026-06-04; inrb-sitrep-022-2026-06-05; inrb-sitrep-023-2026-06-06; inrb-sitrep-024-2026-06-07; inrb-sitrep-025-2026-06-08; inrb-sitrep-026-2026-06-09; inrb-sitrep-027-2026-06-10; inrb-sitrep-028-2026-06-11; inrb-sitrep-030-2026-06-13; inrb-sitrep-031-2026-06-14; inrb-sitrep-032-2026-06-15; inrb-sitrep-033-2026-06-16; inrb-sitrep-034-2026-06-17; inrb-sitrep-035-2026-06-18; inrb-sitrep-036-2026-06-19; inrb-sitrep-037-2026-06-20; inrb-sitrep-038-2026-06-21; inrb-sitrep-039-2026-06-22; inrb-sitrep-040-2026-06-23; inrb-sitrep-041-2026-06-24; inrb-sitrep-042-2026-06-25; inrb-sitrep-044-2026-06-27; inrb-sitrep-046-2026-06-29; inrb-sitrep-047-2026-06-30; inrb-sitrep-048-2026-07-01; inrb-sitrep-049-2026-07-02; inrb-sitrep-050-2026-07-03; inrb-sitrep-051-2026-07-04; inrb-sitrep-052-2026-07-05; inrb-sitrep-053-2026-07-06; inrb-sitrep-054-2026-07-07; inrb-sitrep-055-2026-07-08; inrb-sitrep-056-2026-07-09; inrb-sitrep-057-2026-07-10; inrb-sitrep-058-2026-07-11; inrb-sitrep-059-2026-07-12; inrb-umie-ebola-drc-2026-build-2026-05-28-bb8b7d5; inrb-umie-ebola-drc-2026-build-2026-06-01-b4cafc9; uganda-moh-ebola-update-2026-06-06; uganda-moh-ebola-update-2026-06-20; uganda-moh-ebola-update-2026-06-21; who-daily-epi-bdbv-2026-06-08; who-dg-remarks-bdbv-2026-05-20; who-dg-remarks-bdbv-2026-05-22; who-don602-2026-05-15-live; who-don603-2026-05-21-live; who-don606-bdbv-2026-06-08; who-ihr-ec-bdbv-temporary-recommendations-2026-05-22; who-pheic-2026-05-17-live; wikipedia-2026-ituri-epidemic-2026-05-20-live,"Descriptive watch-point interval, not a forecast or response recommendation."
corridor:353:vuhovi:kisangani-cod,vuhovi,kisangani-cod,30,0.003051314323071458,0.007525977521249921,0.006155535617448776,0.015147732958842641,0.0017868744419695605,0.033371725181131275,zone-attributed confirmed count 1 for this source zone; visibility-adjustment factor 2.02× reflects under-reporting in source zone; raw risk likely understates true hazard,BDBV-CLAIM-050,derived_model_output_with_unsupported_exponent_attribution,pinned_snapshot_model_output,africa-cdc-phecs-2026-05-18-live; afro-sitrep-01-2026-05-18-live; afro-sitrep-01-pdf-2026-05-18-live; cdc-current-situation-2026-05-21; cdc-current-situation-2026-05-23; cdc-current-situation-2026-05-24; cdc-current-situation-2026-05-25; drc-moh-epidemie-dashboard-sitrep-009-graphql-2026-05-24; drc-moh-epidemie-dashboard-sitrep-mve-n-007-mvb-17-2026-pdf-2026-05-22; ecdc-bdbv-drc-uga-2026-05-19-live; ecdc-bdbv-drc-uga-2026-05-21-live; ecdc-bdbv-drc-uga-2026-05-25-live; ecdc-bdbv-drc-uga-2026-05-26-live; ecdc-bdbv-drc-uga-2026-05-27-live; inrb-sitrep-015-2026-05-29; inrb-sitrep-016-2026-05-30; inrb-sitrep-017-2026-05-31; inrb-sitrep-018-2026-06-01; inrb-sitrep-019-2026-06-02; inrb-sitrep-020-2026-06-03; inrb-sitrep-021-2026-06-04; inrb-sitrep-022-2026-06-05; inrb-sitrep-023-2026-06-06; inrb-sitrep-024-2026-06-07; inrb-sitrep-025-2026-06-08; inrb-sitrep-026-2026-06-09; inrb-sitrep-027-2026-06-10; inrb-sitrep-028-2026-06-11; inrb-sitrep-030-2026-06-13; inrb-sitrep-031-2026-06-14; inrb-sitrep-032-2026-06-15; inrb-sitrep-033-2026-06-16; inrb-sitrep-034-2026-06-17; inrb-sitrep-035-2026-06-18; inrb-sitrep-036-2026-06-19; inrb-sitrep-037-2026-06-20; inrb-sitrep-038-2026-06-21; inrb-sitrep-039-2026-06-22; inrb-sitrep-040-2026-06-23; inrb-sitrep-041-2026-06-24; inrb-sitrep-042-2026-06-25; inrb-sitrep-044-2026-06-27; inrb-sitrep-046-2026-06-29; inrb-sitrep-047-2026-06-30; inrb-sitrep-048-2026-07-01; inrb-sitrep-049-2026-07-02; inrb-sitrep-050-2026-07-03; inrb-sitrep-051-2026-07-04; inrb-sitrep-052-2026-07-05; inrb-sitrep-053-2026-07-06; inrb-sitrep-054-2026-07-07; inrb-sitrep-055-2026-07-08; inrb-sitrep-056-2026-07-09; inrb-sitrep-057-2026-07-10; inrb-sitrep-058-2026-07-11; inrb-sitrep-059-2026-07-12; inrb-umie-ebola-drc-2026-build-2026-05-28-bb8b7d5; inrb-umie-ebola-drc-2026-build-2026-06-01-b4cafc9; uganda-moh-ebola-update-2026-06-06; uganda-moh-ebola-update-2026-06-20; uganda-moh-ebola-update-2026-06-21; who-daily-epi-bdbv-2026-06-08; who-dg-remarks-bdbv-2026-05-20; who-dg-remarks-bdbv-2026-05-22; who-don602-2026-05-15-live; who-don603-2026-05-21-live; who-don606-bdbv-2026-06-08; who-ihr-ec-bdbv-temporary-recommendations-2026-05-22; who-pheic-2026-05-17-live; wikipedia-2026-ituri-epidemic-2026-05-20-live,"Descriptive watch-point interval, not a forecast or response recommendation."
corridor:354:boga:kampala-uga,boga,kampala-uga,30,0.0028327755411462485,0.007503072995240279,0.005715306994726749,0.015101809598353833,0.0014143082162252519,0.030484799358608376,zone-attributed confirmed count 1 for this source zone; visibility-adjustment factor 2.02× reflects under-reporting in source zone; raw risk likely understates true hazard,BDBV-CLAIM-050,derived_model_output_with_unsupported_exponent_attribution,pinned_snapshot_model_output,africa-cdc-phecs-2026-05-18-live; afro-sitrep-01-2026-05-18-live; afro-sitrep-01-pdf-2026-05-18-live; cdc-current-situation-2026-05-21; cdc-current-situation-2026-05-23; cdc-current-situation-2026-05-24; cdc-current-situation-2026-05-25; drc-moh-epidemie-dashboard-sitrep-009-graphql-2026-05-24; drc-moh-epidemie-dashboard-sitrep-mve-n-007-mvb-17-2026-pdf-2026-05-22; ecdc-bdbv-drc-uga-2026-05-19-live; ecdc-bdbv-drc-uga-2026-05-21-live; ecdc-bdbv-drc-uga-2026-05-25-live; ecdc-bdbv-drc-uga-2026-05-26-live; ecdc-bdbv-drc-uga-2026-05-27-live; inrb-sitrep-015-2026-05-29; inrb-sitrep-016-2026-05-30; inrb-sitrep-017-2026-05-31; inrb-sitrep-018-2026-06-01; inrb-sitrep-019-2026-06-02; inrb-sitrep-020-2026-06-03; inrb-sitrep-021-2026-06-04; inrb-sitrep-022-2026-06-05; inrb-sitrep-023-2026-06-06; inrb-sitrep-024-2026-06-07; inrb-sitrep-025-2026-06-08; inrb-sitrep-026-2026-06-09; inrb-sitrep-027-2026-06-10; inrb-sitrep-028-2026-06-11; inrb-sitrep-030-2026-06-13; inrb-sitrep-031-2026-06-14; inrb-sitrep-032-2026-06-15; inrb-sitrep-033-2026-06-16; inrb-sitrep-034-2026-06-17; inrb-sitrep-035-2026-06-18; inrb-sitrep-036-2026-06-19; inrb-sitrep-037-2026-06-20; inrb-sitrep-038-2026-06-21; inrb-sitrep-039-2026-06-22; inrb-sitrep-040-2026-06-23; inrb-sitrep-041-2026-06-24; inrb-sitrep-042-2026-06-25; inrb-sitrep-044-2026-06-27; inrb-sitrep-046-2026-06-29; inrb-sitrep-047-2026-06-30; inrb-sitrep-048-2026-07-01; inrb-sitrep-049-2026-07-02; inrb-sitrep-050-2026-07-03; inrb-sitrep-051-2026-07-04; inrb-sitrep-052-2026-07-05; inrb-sitrep-053-2026-07-06; inrb-sitrep-054-2026-07-07; inrb-sitrep-055-2026-07-08; inrb-sitrep-056-2026-07-09; inrb-sitrep-057-2026-07-10; inrb-sitrep-058-2026-07-11; inrb-sitrep-059-2026-07-12; inrb-umie-ebola-drc-2026-build-2026-05-28-bb8b7d5; inrb-umie-ebola-drc-2026-build-2026-06-01-b4cafc9; uganda-moh-ebola-update-2026-06-06; uganda-moh-ebola-update-2026-06-20; uganda-moh-ebola-update-2026-06-21; who-daily-epi-bdbv-2026-06-08; who-dg-remarks-bdbv-2026-05-20; who-dg-remarks-bdbv-2026-05-22; who-don602-2026-05-15-live; who-don603-2026-05-21-live; who-don606-bdbv-2026-06-08; who-ihr-ec-bdbv-temporary-recommendations-2026-05-22; who-pheic-2026-05-17-live; wikipedia-2026-ituri-epidemic-2026-05-20-live,"Descriptive watch-point interval, not a forecast or response recommendation."
corridor:355:gety:kisangani-cod,gety,kisangani-cod,30,0.0028434507232632245,0.007467942816044099,0.005736813530068996,0.015031371411027228,0.001507169066553596,0.03024578230903079,zone-attributed confirmed count 1 for this source zone; visibility-adjustment factor 2.02× reflects under-reporting in source zone; raw risk likely understates true hazard,BDBV-CLAIM-050,derived_model_output_with_unsupported_exponent_attribution,pinned_snapshot_model_output,africa-cdc-phecs-2026-05-18-live; afro-sitrep-01-2026-05-18-live; afro-sitrep-01-pdf-2026-05-18-live; cdc-current-situation-2026-05-21; cdc-current-situation-2026-05-23; cdc-current-situation-2026-05-24; cdc-current-situation-2026-05-25; drc-moh-epidemie-dashboard-sitrep-009-graphql-2026-05-24; drc-moh-epidemie-dashboard-sitrep-mve-n-007-mvb-17-2026-pdf-2026-05-22; ecdc-bdbv-drc-uga-2026-05-19-live; ecdc-bdbv-drc-uga-2026-05-21-live; ecdc-bdbv-drc-uga-2026-05-25-live; ecdc-bdbv-drc-uga-2026-05-26-live; ecdc-bdbv-drc-uga-2026-05-27-live; inrb-sitrep-015-2026-05-29; inrb-sitrep-016-2026-05-30; inrb-sitrep-017-2026-05-31; inrb-sitrep-018-2026-06-01; inrb-sitrep-019-2026-06-02; inrb-sitrep-020-2026-06-03; inrb-sitrep-021-2026-06-04; inrb-sitrep-022-2026-06-05; inrb-sitrep-023-2026-06-06; inrb-sitrep-024-2026-06-07; inrb-sitrep-025-2026-06-08; inrb-sitrep-026-2026-06-09; inrb-sitrep-027-2026-06-10; inrb-sitrep-028-2026-06-11; inrb-sitrep-030-2026-06-13; inrb-sitrep-031-2026-06-14; inrb-sitrep-032-2026-06-15; inrb-sitrep-033-2026-06-16; inrb-sitrep-034-2026-06-17; inrb-sitrep-035-2026-06-18; inrb-sitrep-036-2026-06-19; inrb-sitrep-037-2026-06-20; inrb-sitrep-038-2026-06-21; inrb-sitrep-039-2026-06-22; inrb-sitrep-040-2026-06-23; inrb-sitrep-041-2026-06-24; inrb-sitrep-042-2026-06-25; inrb-sitrep-044-2026-06-27; inrb-sitrep-046-2026-06-29; inrb-sitrep-047-2026-06-30; inrb-sitrep-048-2026-07-01; inrb-sitrep-049-2026-07-02; inrb-sitrep-050-2026-07-03; inrb-sitrep-051-2026-07-04; inrb-sitrep-052-2026-07-05; inrb-sitrep-053-2026-07-06; inrb-sitrep-054-2026-07-07; inrb-sitrep-055-2026-07-08; inrb-sitrep-056-2026-07-09; inrb-sitrep-057-2026-07-10; inrb-sitrep-058-2026-07-11; inrb-sitrep-059-2026-07-12; inrb-umie-ebola-drc-2026-build-2026-05-28-bb8b7d5; inrb-umie-ebola-drc-2026-build-2026-06-01-b4cafc9; uganda-moh-ebola-update-2026-06-06; uganda-moh-ebola-update-2026-06-20; uganda-moh-ebola-update-2026-06-21; who-daily-epi-bdbv-2026-06-08; who-dg-remarks-bdbv-2026-05-20; who-dg-remarks-bdbv-2026-05-22; who-don602-2026-05-15-live; who-don603-2026-05-21-live; who-don606-bdbv-2026-06-08; who-ihr-ec-bdbv-temporary-recommendations-2026-05-22; who-pheic-2026-05-17-live; wikipedia-2026-ituri-epidemic-2026-05-20-live,"Descriptive watch-point interval, not a forecast or response recommendation."
corridor:356:gety:arua-uga,gety,arua-uga,30,0.002827472471340464,0.007459656805581583,0.00570462314215181,0.015014757166914,0.0015131794314357017,0.030565516688161688,zone-attributed confirmed count 1 for this source zone; visibility-adjustment factor 2.02× reflects under-reporting in source zone; raw risk likely understates true hazard,BDBV-CLAIM-050,derived_model_output_with_unsupported_exponent_attribution,pinned_snapshot_model_output,africa-cdc-phecs-2026-05-18-live; afro-sitrep-01-2026-05-18-live; afro-sitrep-01-pdf-2026-05-18-live; cdc-current-situation-2026-05-21; cdc-current-situation-2026-05-23; cdc-current-situation-2026-05-24; cdc-current-situation-2026-05-25; drc-moh-epidemie-dashboard-sitrep-009-graphql-2026-05-24; drc-moh-epidemie-dashboard-sitrep-mve-n-007-mvb-17-2026-pdf-2026-05-22; ecdc-bdbv-drc-uga-2026-05-19-live; ecdc-bdbv-drc-uga-2026-05-21-live; ecdc-bdbv-drc-uga-2026-05-25-live; ecdc-bdbv-drc-uga-2026-05-26-live; ecdc-bdbv-drc-uga-2026-05-27-live; inrb-sitrep-015-2026-05-29; inrb-sitrep-016-2026-05-30; inrb-sitrep-017-2026-05-31; inrb-sitrep-018-2026-06-01; inrb-sitrep-019-2026-06-02; inrb-sitrep-020-2026-06-03; inrb-sitrep-021-2026-06-04; inrb-sitrep-022-2026-06-05; inrb-sitrep-023-2026-06-06; inrb-sitrep-024-2026-06-07; inrb-sitrep-025-2026-06-08; inrb-sitrep-026-2026-06-09; inrb-sitrep-027-2026-06-10; inrb-sitrep-028-2026-06-11; inrb-sitrep-030-2026-06-13; inrb-sitrep-031-2026-06-14; inrb-sitrep-032-2026-06-15; inrb-sitrep-033-2026-06-16; inrb-sitrep-034-2026-06-17; inrb-sitrep-035-2026-06-18; inrb-sitrep-036-2026-06-19; inrb-sitrep-037-2026-06-20; inrb-sitrep-038-2026-06-21; inrb-sitrep-039-2026-06-22; inrb-sitrep-040-2026-06-23; inrb-sitrep-041-2026-06-24; inrb-sitrep-042-2026-06-25; inrb-sitrep-044-2026-06-27; inrb-sitrep-046-2026-06-29; inrb-sitrep-047-2026-06-30; inrb-sitrep-048-2026-07-01; inrb-sitrep-049-2026-07-02; inrb-sitrep-050-2026-07-03; inrb-sitrep-051-2026-07-04; inrb-sitrep-052-2026-07-05; inrb-sitrep-053-2026-07-06; inrb-sitrep-054-2026-07-07; inrb-sitrep-055-2026-07-08; inrb-sitrep-056-2026-07-09; inrb-sitrep-057-2026-07-10; inrb-sitrep-058-2026-07-11; inrb-sitrep-059-2026-07-12; inrb-umie-ebola-drc-2026-build-2026-05-28-bb8b7d5; inrb-umie-ebola-drc-2026-build-2026-06-01-b4cafc9; uganda-moh-ebola-update-2026-06-06; uganda-moh-ebola-update-2026-06-20; uganda-moh-ebola-update-2026-06-21; who-daily-epi-bdbv-2026-06-08; who-dg-remarks-bdbv-2026-05-20; who-dg-remarks-bdbv-2026-05-22; who-don602-2026-05-15-live; who-don603-2026-05-21-live; who-don606-bdbv-2026-06-08; who-ihr-ec-bdbv-temporary-recommendations-2026-05-22; who-pheic-2026-05-17-live; wikipedia-2026-ituri-epidemic-2026-05-20-live,"Descriptive watch-point interval, not a forecast or response recommendation."
corridor:357:lolwa:kampala-uga,lolwa,kampala-uga,30,0.0029194957385182962,0.00742472703368488,0.005890009444381117,0.014944717982252859,0.0014246839685065683,0.032482402458387565,zone-attributed confirmed count 1 for this source zone; visibility-adjustment factor 2.02× reflects under-reporting in source zone; raw risk likely understates true hazard,BDBV-CLAIM-050,derived_model_output_with_unsupported_exponent_attribution,pinned_snapshot_model_output,africa-cdc-phecs-2026-05-18-live; afro-sitrep-01-2026-05-18-live; afro-sitrep-01-pdf-2026-05-18-live; cdc-current-situation-2026-05-21; cdc-current-situation-2026-05-23; cdc-current-situation-2026-05-24; cdc-current-situation-2026-05-25; drc-moh-epidemie-dashboard-sitrep-009-graphql-2026-05-24; drc-moh-epidemie-dashboard-sitrep-mve-n-007-mvb-17-2026-pdf-2026-05-22; ecdc-bdbv-drc-uga-2026-05-19-live; ecdc-bdbv-drc-uga-2026-05-21-live; ecdc-bdbv-drc-uga-2026-05-25-live; ecdc-bdbv-drc-uga-2026-05-26-live; ecdc-bdbv-drc-uga-2026-05-27-live; inrb-sitrep-015-2026-05-29; inrb-sitrep-016-2026-05-30; inrb-sitrep-017-2026-05-31; inrb-sitrep-018-2026-06-01; inrb-sitrep-019-2026-06-02; inrb-sitrep-020-2026-06-03; inrb-sitrep-021-2026-06-04; inrb-sitrep-022-2026-06-05; inrb-sitrep-023-2026-06-06; inrb-sitrep-024-2026-06-07; inrb-sitrep-025-2026-06-08; inrb-sitrep-026-2026-06-09; inrb-sitrep-027-2026-06-10; inrb-sitrep-028-2026-06-11; inrb-sitrep-030-2026-06-13; inrb-sitrep-031-2026-06-14; inrb-sitrep-032-2026-06-15; inrb-sitrep-033-2026-06-16; inrb-sitrep-034-2026-06-17; inrb-sitrep-035-2026-06-18; inrb-sitrep-036-2026-06-19; inrb-sitrep-037-2026-06-20; inrb-sitrep-038-2026-06-21; inrb-sitrep-039-2026-06-22; inrb-sitrep-040-2026-06-23; inrb-sitrep-041-2026-06-24; inrb-sitrep-042-2026-06-25; inrb-sitrep-044-2026-06-27; inrb-sitrep-046-2026-06-29; inrb-sitrep-047-2026-06-30; inrb-sitrep-048-2026-07-01; inrb-sitrep-049-2026-07-02; inrb-sitrep-050-2026-07-03; inrb-sitrep-051-2026-07-04; inrb-sitrep-052-2026-07-05; inrb-sitrep-053-2026-07-06; inrb-sitrep-054-2026-07-07; inrb-sitrep-055-2026-07-08; inrb-sitrep-056-2026-07-09; inrb-sitrep-057-2026-07-10; inrb-sitrep-058-2026-07-11; inrb-sitrep-059-2026-07-12; inrb-umie-ebola-drc-2026-build-2026-05-28-bb8b7d5; inrb-umie-ebola-drc-2026-build-2026-06-01-b4cafc9; uganda-moh-ebola-update-2026-06-06; uganda-moh-ebola-update-2026-06-20; uganda-moh-ebola-update-2026-06-21; who-daily-epi-bdbv-2026-06-08; who-dg-remarks-bdbv-2026-05-20; who-dg-remarks-bdbv-2026-05-22; who-don602-2026-05-15-live; who-don603-2026-05-21-live; who-don606-bdbv-2026-06-08; who-ihr-ec-bdbv-temporary-recommendations-2026-05-22; who-pheic-2026-05-17-live; wikipedia-2026-ituri-epidemic-2026-05-20-live,"Descriptive watch-point interval, not a forecast or response recommendation."
corridor:358:vuhovi:arua-uga,vuhovi,arua-uga,30,0.0026949909359335333,0.007368377212119415,0.005437700484173247,0.014831723534096924,0.0016237424220338721,0.034397717180660925,zone-attributed confirmed count 1 for this source zone; visibility-adjustment factor 2.02× reflects under-reporting in source zone; raw risk likely understates true hazard,BDBV-CLAIM-050,derived_model_output_with_unsupported_exponent_attribution,pinned_snapshot_model_output,africa-cdc-phecs-2026-05-18-live; afro-sitrep-01-2026-05-18-live; afro-sitrep-01-pdf-2026-05-18-live; cdc-current-situation-2026-05-21; cdc-current-situation-2026-05-23; cdc-current-situation-2026-05-24; cdc-current-situation-2026-05-25; drc-moh-epidemie-dashboard-sitrep-009-graphql-2026-05-24; drc-moh-epidemie-dashboard-sitrep-mve-n-007-mvb-17-2026-pdf-2026-05-22; ecdc-bdbv-drc-uga-2026-05-19-live; ecdc-bdbv-drc-uga-2026-05-21-live; ecdc-bdbv-drc-uga-2026-05-25-live; ecdc-bdbv-drc-uga-2026-05-26-live; ecdc-bdbv-drc-uga-2026-05-27-live; inrb-sitrep-015-2026-05-29; inrb-sitrep-016-2026-05-30; inrb-sitrep-017-2026-05-31; inrb-sitrep-018-2026-06-01; inrb-sitrep-019-2026-06-02; inrb-sitrep-020-2026-06-03; inrb-sitrep-021-2026-06-04; inrb-sitrep-022-2026-06-05; inrb-sitrep-023-2026-06-06; inrb-sitrep-024-2026-06-07; inrb-sitrep-025-2026-06-08; inrb-sitrep-026-2026-06-09; inrb-sitrep-027-2026-06-10; inrb-sitrep-028-2026-06-11; inrb-sitrep-030-2026-06-13; inrb-sitrep-031-2026-06-14; inrb-sitrep-032-2026-06-15; inrb-sitrep-033-2026-06-16; inrb-sitrep-034-2026-06-17; inrb-sitrep-035-2026-06-18; inrb-sitrep-036-2026-06-19; inrb-sitrep-037-2026-06-20; inrb-sitrep-038-2026-06-21; inrb-sitrep-039-2026-06-22; inrb-sitrep-040-2026-06-23; inrb-sitrep-041-2026-06-24; inrb-sitrep-042-2026-06-25; inrb-sitrep-044-2026-06-27; inrb-sitrep-046-2026-06-29; inrb-sitrep-047-2026-06-30; inrb-sitrep-048-2026-07-01; inrb-sitrep-049-2026-07-02; inrb-sitrep-050-2026-07-03; inrb-sitrep-051-2026-07-04; inrb-sitrep-052-2026-07-05; inrb-sitrep-053-2026-07-06; inrb-sitrep-054-2026-07-07; inrb-sitrep-055-2026-07-08; inrb-sitrep-056-2026-07-09; inrb-sitrep-057-2026-07-10; inrb-sitrep-058-2026-07-11; inrb-sitrep-059-2026-07-12; inrb-umie-ebola-drc-2026-build-2026-05-28-bb8b7d5; inrb-umie-ebola-drc-2026-build-2026-06-01-b4cafc9; uganda-moh-ebola-update-2026-06-06; uganda-moh-ebola-update-2026-06-20; uganda-moh-ebola-update-2026-06-21; who-daily-epi-bdbv-2026-06-08; who-dg-remarks-bdbv-2026-05-20; who-dg-remarks-bdbv-2026-05-22; who-don602-2026-05-15-live; who-don603-2026-05-21-live; who-don606-bdbv-2026-06-08; who-ihr-ec-bdbv-temporary-recommendations-2026-05-22; who-pheic-2026-05-17-live; wikipedia-2026-ituri-epidemic-2026-05-20-live,"Descriptive watch-point interval, not a forecast or response recommendation."
