row_id,module,metric,value,value_lower,value_upper,unit,evidence_ref,evidence_status,derivation_type,source_ids,note
model:visibility:grade,visibility,grade,low,,,days_or_count,BDBV-CLAIM-041,corrected_derived_model_output,pinned_snapshot_model_output,africa-cdc-phecs-2026-05-18-live; afro-sitrep-01-2026-05-18-live; afro-sitrep-01-pdf-2026-05-18-live; cdc-current-situation-2026-05-21; cdc-current-situation-2026-05-23; cdc-current-situation-2026-05-24; cdc-current-situation-2026-05-25; drc-moh-epidemie-dashboard-sitrep-009-graphql-2026-05-24; drc-moh-epidemie-dashboard-sitrep-mve-n-007-mvb-17-2026-pdf-2026-05-22; ecdc-bdbv-drc-uga-2026-05-19-live; ecdc-bdbv-drc-uga-2026-05-21-live; ecdc-bdbv-drc-uga-2026-05-25-live; ecdc-bdbv-drc-uga-2026-05-26-live; ecdc-bdbv-drc-uga-2026-05-27-live; inrb-sitrep-015-2026-05-29; inrb-sitrep-016-2026-05-30; inrb-sitrep-017-2026-05-31; inrb-sitrep-018-2026-06-01; inrb-sitrep-019-2026-06-02; inrb-sitrep-020-2026-06-03; inrb-sitrep-021-2026-06-04; inrb-sitrep-022-2026-06-05; inrb-sitrep-023-2026-06-06; inrb-sitrep-024-2026-06-07; inrb-sitrep-025-2026-06-08; inrb-sitrep-026-2026-06-09; inrb-sitrep-027-2026-06-10; inrb-sitrep-028-2026-06-11; inrb-sitrep-030-2026-06-13; inrb-sitrep-031-2026-06-14; inrb-sitrep-032-2026-06-15; inrb-sitrep-033-2026-06-16; inrb-sitrep-034-2026-06-17; inrb-sitrep-035-2026-06-18; inrb-sitrep-036-2026-06-19; inrb-sitrep-037-2026-06-20; inrb-sitrep-038-2026-06-21; inrb-sitrep-039-2026-06-22; inrb-sitrep-040-2026-06-23; inrb-sitrep-041-2026-06-24; inrb-sitrep-042-2026-06-25; inrb-sitrep-044-2026-06-27; inrb-sitrep-046-2026-06-29; inrb-sitrep-047-2026-06-30; inrb-sitrep-048-2026-07-01; inrb-sitrep-049-2026-07-02; inrb-sitrep-050-2026-07-03; inrb-sitrep-051-2026-07-04; inrb-sitrep-052-2026-07-05; inrb-sitrep-053-2026-07-06; inrb-sitrep-054-2026-07-07; inrb-sitrep-055-2026-07-08; inrb-sitrep-056-2026-07-09; inrb-sitrep-057-2026-07-10; inrb-sitrep-058-2026-07-11; inrb-sitrep-059-2026-07-12; inrb-sitrep-060-2026-07-13; inrb-sitrep-061-2026-07-14; inrb-sitrep-062-2026-07-15; inrb-sitrep-063-2026-07-16; inrb-sitrep-064-2026-07-17; inrb-sitrep-065-2026-07-18; inrb-sitrep-066-2026-07-19; inrb-sitrep-067-2026-07-20; inrb-sitrep-068-2026-07-21; inrb-sitrep-069-2026-07-22; inrb-sitrep-070-2026-07-23; inrb-sitrep-071-2026-07-24; inrb-sitrep-072-2026-07-25; inrb-sitrep-073-2026-07-26; inrb-sitrep-074-2026-07-27; inrb-sitrep-077-2026-07-30; inrb-sitrep-078-2026-07-31; inrb-sitrep-079-2026-08-01; inrb-sitrep-080-2026-08-02; inrb-sitrep-081-2026-08-03; inrb-sitrep-082-2026-08-04; inrb-sitrep-083-2026-08-05; inrb-sitrep-084-2026-08-06; inrb-sitrep-085-2026-08-07; inrb-sitrep-088-2026-08-10; inrb-sitrep-089-2026-08-11; inrb-sitrep-090-2026-08-12; inrb-sitrep-091-2026-08-13; inrb-sitrep-092-2026-08-14; inrb-sitrep-093-2026-08-15; inrb-sitrep-094-2026-08-16; inrb-sitrep-095-2026-08-17; inrb-sitrep-096-2026-08-18; inrb-sitrep-097-2026-08-19; inrb-sitrep-098-2026-08-20; inrb-sitrep-099-2026-08-21; inrb-sitrep-100-2026-08-22; inrb-sitrep-101-2026-08-23; inrb-sitrep-102-2026-08-24; inrb-sitrep-103-2026-08-25; inrb-sitrep-104-2026-08-26; inrb-sitrep-105-2026-08-27; inrb-sitrep-106-2026-08-28; inrb-sitrep-107-2026-08-29; inrb-sitrep-108-2026-08-30; inrb-sitrep-109-2026-08-31; inrb-umie-ebola-drc-2026-build-2026-05-28-bb8b7d5; inrb-umie-ebola-drc-2026-build-2026-06-01-b4cafc9; insp-linkedin-sitrep-086-2026-08-09; insp-linkedin-sitrep-087-2026-08-10; uganda-moh-ebola-update-2026-06-06; uganda-moh-ebola-update-2026-06-20; uganda-moh-ebola-update-2026-06-21; who-daily-epi-bdbv-2026-06-08; who-dg-remarks-bdbv-2026-05-20; who-dg-remarks-bdbv-2026-05-22; who-don602-2026-05-15-live; who-don603-2026-05-21-live; who-don606-bdbv-2026-06-08; who-ihr-ec-bdbv-temporary-recommendations-2026-05-22; who-pheic-2026-05-17-live; wikipedia-2026-ituri-epidemic-2026-05-20-live,Generated from checked-in snapshot output; exporter does not rerun model.
model:visibility:history_snapshot_count,visibility,history_snapshot_count,0,,,days_or_count,BDBV-CLAIM-041,corrected_derived_model_output,pinned_snapshot_model_output,africa-cdc-phecs-2026-05-18-live; afro-sitrep-01-2026-05-18-live; afro-sitrep-01-pdf-2026-05-18-live; cdc-current-situation-2026-05-21; cdc-current-situation-2026-05-23; cdc-current-situation-2026-05-24; cdc-current-situation-2026-05-25; drc-moh-epidemie-dashboard-sitrep-009-graphql-2026-05-24; drc-moh-epidemie-dashboard-sitrep-mve-n-007-mvb-17-2026-pdf-2026-05-22; ecdc-bdbv-drc-uga-2026-05-19-live; ecdc-bdbv-drc-uga-2026-05-21-live; ecdc-bdbv-drc-uga-2026-05-25-live; ecdc-bdbv-drc-uga-2026-05-26-live; ecdc-bdbv-drc-uga-2026-05-27-live; inrb-sitrep-015-2026-05-29; inrb-sitrep-016-2026-05-30; inrb-sitrep-017-2026-05-31; inrb-sitrep-018-2026-06-01; inrb-sitrep-019-2026-06-02; inrb-sitrep-020-2026-06-03; inrb-sitrep-021-2026-06-04; inrb-sitrep-022-2026-06-05; inrb-sitrep-023-2026-06-06; inrb-sitrep-024-2026-06-07; inrb-sitrep-025-2026-06-08; inrb-sitrep-026-2026-06-09; inrb-sitrep-027-2026-06-10; inrb-sitrep-028-2026-06-11; inrb-sitrep-030-2026-06-13; inrb-sitrep-031-2026-06-14; inrb-sitrep-032-2026-06-15; inrb-sitrep-033-2026-06-16; inrb-sitrep-034-2026-06-17; inrb-sitrep-035-2026-06-18; inrb-sitrep-036-2026-06-19; inrb-sitrep-037-2026-06-20; inrb-sitrep-038-2026-06-21; inrb-sitrep-039-2026-06-22; inrb-sitrep-040-2026-06-23; inrb-sitrep-041-2026-06-24; inrb-sitrep-042-2026-06-25; inrb-sitrep-044-2026-06-27; inrb-sitrep-046-2026-06-29; inrb-sitrep-047-2026-06-30; inrb-sitrep-048-2026-07-01; inrb-sitrep-049-2026-07-02; inrb-sitrep-050-2026-07-03; inrb-sitrep-051-2026-07-04; inrb-sitrep-052-2026-07-05; inrb-sitrep-053-2026-07-06; inrb-sitrep-054-2026-07-07; inrb-sitrep-055-2026-07-08; inrb-sitrep-056-2026-07-09; inrb-sitrep-057-2026-07-10; inrb-sitrep-058-2026-07-11; inrb-sitrep-059-2026-07-12; inrb-sitrep-060-2026-07-13; inrb-sitrep-061-2026-07-14; inrb-sitrep-062-2026-07-15; inrb-sitrep-063-2026-07-16; inrb-sitrep-064-2026-07-17; inrb-sitrep-065-2026-07-18; inrb-sitrep-066-2026-07-19; inrb-sitrep-067-2026-07-20; inrb-sitrep-068-2026-07-21; inrb-sitrep-069-2026-07-22; inrb-sitrep-070-2026-07-23; inrb-sitrep-071-2026-07-24; inrb-sitrep-072-2026-07-25; inrb-sitrep-073-2026-07-26; inrb-sitrep-074-2026-07-27; inrb-sitrep-077-2026-07-30; inrb-sitrep-078-2026-07-31; inrb-sitrep-079-2026-08-01; inrb-sitrep-080-2026-08-02; inrb-sitrep-081-2026-08-03; inrb-sitrep-082-2026-08-04; inrb-sitrep-083-2026-08-05; inrb-sitrep-084-2026-08-06; inrb-sitrep-085-2026-08-07; inrb-sitrep-088-2026-08-10; inrb-sitrep-089-2026-08-11; inrb-sitrep-090-2026-08-12; inrb-sitrep-091-2026-08-13; inrb-sitrep-092-2026-08-14; inrb-sitrep-093-2026-08-15; inrb-sitrep-094-2026-08-16; inrb-sitrep-095-2026-08-17; inrb-sitrep-096-2026-08-18; inrb-sitrep-097-2026-08-19; inrb-sitrep-098-2026-08-20; inrb-sitrep-099-2026-08-21; inrb-sitrep-100-2026-08-22; inrb-sitrep-101-2026-08-23; inrb-sitrep-102-2026-08-24; inrb-sitrep-103-2026-08-25; inrb-sitrep-104-2026-08-26; inrb-sitrep-105-2026-08-27; inrb-sitrep-106-2026-08-28; inrb-sitrep-107-2026-08-29; inrb-sitrep-108-2026-08-30; inrb-sitrep-109-2026-08-31; inrb-umie-ebola-drc-2026-build-2026-05-28-bb8b7d5; inrb-umie-ebola-drc-2026-build-2026-06-01-b4cafc9; insp-linkedin-sitrep-086-2026-08-09; insp-linkedin-sitrep-087-2026-08-10; uganda-moh-ebola-update-2026-06-06; uganda-moh-ebola-update-2026-06-20; uganda-moh-ebola-update-2026-06-21; who-daily-epi-bdbv-2026-06-08; who-dg-remarks-bdbv-2026-05-20; who-dg-remarks-bdbv-2026-05-22; who-don602-2026-05-15-live; who-don603-2026-05-21-live; who-don606-bdbv-2026-06-08; who-ihr-ec-bdbv-temporary-recommendations-2026-05-22; who-pheic-2026-05-17-live; wikipedia-2026-ituri-epidemic-2026-05-20-live,Generated from checked-in snapshot output; exporter does not rerun model.
model:visibility:method_basis,visibility,method_basis,single_snapshot_bdbv_specific_prior_with_proxy_sensitivity,,,days_or_count,BDBV-CLAIM-041,corrected_derived_model_output,pinned_snapshot_model_output,africa-cdc-phecs-2026-05-18-live; afro-sitrep-01-2026-05-18-live; afro-sitrep-01-pdf-2026-05-18-live; cdc-current-situation-2026-05-21; cdc-current-situation-2026-05-23; cdc-current-situation-2026-05-24; cdc-current-situation-2026-05-25; drc-moh-epidemie-dashboard-sitrep-009-graphql-2026-05-24; drc-moh-epidemie-dashboard-sitrep-mve-n-007-mvb-17-2026-pdf-2026-05-22; ecdc-bdbv-drc-uga-2026-05-19-live; ecdc-bdbv-drc-uga-2026-05-21-live; ecdc-bdbv-drc-uga-2026-05-25-live; ecdc-bdbv-drc-uga-2026-05-26-live; ecdc-bdbv-drc-uga-2026-05-27-live; inrb-sitrep-015-2026-05-29; inrb-sitrep-016-2026-05-30; inrb-sitrep-017-2026-05-31; inrb-sitrep-018-2026-06-01; inrb-sitrep-019-2026-06-02; inrb-sitrep-020-2026-06-03; inrb-sitrep-021-2026-06-04; inrb-sitrep-022-2026-06-05; inrb-sitrep-023-2026-06-06; inrb-sitrep-024-2026-06-07; inrb-sitrep-025-2026-06-08; inrb-sitrep-026-2026-06-09; inrb-sitrep-027-2026-06-10; inrb-sitrep-028-2026-06-11; inrb-sitrep-030-2026-06-13; inrb-sitrep-031-2026-06-14; inrb-sitrep-032-2026-06-15; inrb-sitrep-033-2026-06-16; inrb-sitrep-034-2026-06-17; inrb-sitrep-035-2026-06-18; inrb-sitrep-036-2026-06-19; inrb-sitrep-037-2026-06-20; inrb-sitrep-038-2026-06-21; inrb-sitrep-039-2026-06-22; inrb-sitrep-040-2026-06-23; inrb-sitrep-041-2026-06-24; inrb-sitrep-042-2026-06-25; inrb-sitrep-044-2026-06-27; inrb-sitrep-046-2026-06-29; inrb-sitrep-047-2026-06-30; inrb-sitrep-048-2026-07-01; inrb-sitrep-049-2026-07-02; inrb-sitrep-050-2026-07-03; inrb-sitrep-051-2026-07-04; inrb-sitrep-052-2026-07-05; inrb-sitrep-053-2026-07-06; inrb-sitrep-054-2026-07-07; inrb-sitrep-055-2026-07-08; inrb-sitrep-056-2026-07-09; inrb-sitrep-057-2026-07-10; inrb-sitrep-058-2026-07-11; inrb-sitrep-059-2026-07-12; inrb-sitrep-060-2026-07-13; inrb-sitrep-061-2026-07-14; inrb-sitrep-062-2026-07-15; inrb-sitrep-063-2026-07-16; inrb-sitrep-064-2026-07-17; inrb-sitrep-065-2026-07-18; inrb-sitrep-066-2026-07-19; inrb-sitrep-067-2026-07-20; inrb-sitrep-068-2026-07-21; inrb-sitrep-069-2026-07-22; inrb-sitrep-070-2026-07-23; inrb-sitrep-071-2026-07-24; inrb-sitrep-072-2026-07-25; inrb-sitrep-073-2026-07-26; inrb-sitrep-074-2026-07-27; inrb-sitrep-077-2026-07-30; inrb-sitrep-078-2026-07-31; inrb-sitrep-079-2026-08-01; inrb-sitrep-080-2026-08-02; inrb-sitrep-081-2026-08-03; inrb-sitrep-082-2026-08-04; inrb-sitrep-083-2026-08-05; inrb-sitrep-084-2026-08-06; inrb-sitrep-085-2026-08-07; inrb-sitrep-088-2026-08-10; inrb-sitrep-089-2026-08-11; inrb-sitrep-090-2026-08-12; inrb-sitrep-091-2026-08-13; inrb-sitrep-092-2026-08-14; inrb-sitrep-093-2026-08-15; inrb-sitrep-094-2026-08-16; inrb-sitrep-095-2026-08-17; inrb-sitrep-096-2026-08-18; inrb-sitrep-097-2026-08-19; inrb-sitrep-098-2026-08-20; inrb-sitrep-099-2026-08-21; inrb-sitrep-100-2026-08-22; inrb-sitrep-101-2026-08-23; inrb-sitrep-102-2026-08-24; inrb-sitrep-103-2026-08-25; inrb-sitrep-104-2026-08-26; inrb-sitrep-105-2026-08-27; inrb-sitrep-106-2026-08-28; inrb-sitrep-107-2026-08-29; inrb-sitrep-108-2026-08-30; inrb-sitrep-109-2026-08-31; inrb-umie-ebola-drc-2026-build-2026-05-28-bb8b7d5; inrb-umie-ebola-drc-2026-build-2026-06-01-b4cafc9; insp-linkedin-sitrep-086-2026-08-09; insp-linkedin-sitrep-087-2026-08-10; uganda-moh-ebola-update-2026-06-06; uganda-moh-ebola-update-2026-06-20; uganda-moh-ebola-update-2026-06-21; who-daily-epi-bdbv-2026-06-08; who-dg-remarks-bdbv-2026-05-20; who-dg-remarks-bdbv-2026-05-22; who-don602-2026-05-15-live; who-don603-2026-05-21-live; who-don606-bdbv-2026-06-08; who-ihr-ec-bdbv-temporary-recommendations-2026-05-22; who-pheic-2026-05-17-live; wikipedia-2026-ituri-epidemic-2026-05-20-live,Generated from checked-in snapshot output; exporter does not rerun model.
model:visibility:method_caveat,visibility,method_caveat,"No prior daily snapshot series is supplied to Module C for this release; reporting completeness and latency are prior-based, using the Rosello 2015 BDBV Isiro onset-to-notification distribution as the default. This is a historical prior-outbreak estimate, not a fitted 2026 reporting-delay estimate; Camacho 2015 EBOV-Zaire remains the proxy sensitivity comparator.",,,days_or_count,BDBV-CLAIM-041,corrected_derived_model_output,pinned_snapshot_model_output,africa-cdc-phecs-2026-05-18-live; afro-sitrep-01-2026-05-18-live; afro-sitrep-01-pdf-2026-05-18-live; cdc-current-situation-2026-05-21; cdc-current-situation-2026-05-23; cdc-current-situation-2026-05-24; cdc-current-situation-2026-05-25; drc-moh-epidemie-dashboard-sitrep-009-graphql-2026-05-24; drc-moh-epidemie-dashboard-sitrep-mve-n-007-mvb-17-2026-pdf-2026-05-22; ecdc-bdbv-drc-uga-2026-05-19-live; ecdc-bdbv-drc-uga-2026-05-21-live; ecdc-bdbv-drc-uga-2026-05-25-live; ecdc-bdbv-drc-uga-2026-05-26-live; ecdc-bdbv-drc-uga-2026-05-27-live; inrb-sitrep-015-2026-05-29; inrb-sitrep-016-2026-05-30; inrb-sitrep-017-2026-05-31; inrb-sitrep-018-2026-06-01; inrb-sitrep-019-2026-06-02; inrb-sitrep-020-2026-06-03; inrb-sitrep-021-2026-06-04; inrb-sitrep-022-2026-06-05; inrb-sitrep-023-2026-06-06; inrb-sitrep-024-2026-06-07; inrb-sitrep-025-2026-06-08; inrb-sitrep-026-2026-06-09; inrb-sitrep-027-2026-06-10; inrb-sitrep-028-2026-06-11; inrb-sitrep-030-2026-06-13; inrb-sitrep-031-2026-06-14; inrb-sitrep-032-2026-06-15; inrb-sitrep-033-2026-06-16; inrb-sitrep-034-2026-06-17; inrb-sitrep-035-2026-06-18; inrb-sitrep-036-2026-06-19; inrb-sitrep-037-2026-06-20; inrb-sitrep-038-2026-06-21; inrb-sitrep-039-2026-06-22; inrb-sitrep-040-2026-06-23; inrb-sitrep-041-2026-06-24; inrb-sitrep-042-2026-06-25; inrb-sitrep-044-2026-06-27; inrb-sitrep-046-2026-06-29; inrb-sitrep-047-2026-06-30; inrb-sitrep-048-2026-07-01; inrb-sitrep-049-2026-07-02; inrb-sitrep-050-2026-07-03; inrb-sitrep-051-2026-07-04; inrb-sitrep-052-2026-07-05; inrb-sitrep-053-2026-07-06; inrb-sitrep-054-2026-07-07; inrb-sitrep-055-2026-07-08; inrb-sitrep-056-2026-07-09; inrb-sitrep-057-2026-07-10; inrb-sitrep-058-2026-07-11; inrb-sitrep-059-2026-07-12; inrb-sitrep-060-2026-07-13; inrb-sitrep-061-2026-07-14; inrb-sitrep-062-2026-07-15; inrb-sitrep-063-2026-07-16; inrb-sitrep-064-2026-07-17; inrb-sitrep-065-2026-07-18; inrb-sitrep-066-2026-07-19; inrb-sitrep-067-2026-07-20; inrb-sitrep-068-2026-07-21; inrb-sitrep-069-2026-07-22; inrb-sitrep-070-2026-07-23; inrb-sitrep-071-2026-07-24; inrb-sitrep-072-2026-07-25; inrb-sitrep-073-2026-07-26; inrb-sitrep-074-2026-07-27; inrb-sitrep-077-2026-07-30; inrb-sitrep-078-2026-07-31; inrb-sitrep-079-2026-08-01; inrb-sitrep-080-2026-08-02; inrb-sitrep-081-2026-08-03; inrb-sitrep-082-2026-08-04; inrb-sitrep-083-2026-08-05; inrb-sitrep-084-2026-08-06; inrb-sitrep-085-2026-08-07; inrb-sitrep-088-2026-08-10; inrb-sitrep-089-2026-08-11; inrb-sitrep-090-2026-08-12; inrb-sitrep-091-2026-08-13; inrb-sitrep-092-2026-08-14; inrb-sitrep-093-2026-08-15; inrb-sitrep-094-2026-08-16; inrb-sitrep-095-2026-08-17; inrb-sitrep-096-2026-08-18; inrb-sitrep-097-2026-08-19; inrb-sitrep-098-2026-08-20; inrb-sitrep-099-2026-08-21; inrb-sitrep-100-2026-08-22; inrb-sitrep-101-2026-08-23; inrb-sitrep-102-2026-08-24; inrb-sitrep-103-2026-08-25; inrb-sitrep-104-2026-08-26; inrb-sitrep-105-2026-08-27; inrb-sitrep-106-2026-08-28; inrb-sitrep-107-2026-08-29; inrb-sitrep-108-2026-08-30; inrb-sitrep-109-2026-08-31; inrb-umie-ebola-drc-2026-build-2026-05-28-bb8b7d5; inrb-umie-ebola-drc-2026-build-2026-06-01-b4cafc9; insp-linkedin-sitrep-086-2026-08-09; insp-linkedin-sitrep-087-2026-08-10; uganda-moh-ebola-update-2026-06-06; uganda-moh-ebola-update-2026-06-20; uganda-moh-ebola-update-2026-06-21; who-daily-epi-bdbv-2026-06-08; who-dg-remarks-bdbv-2026-05-20; who-dg-remarks-bdbv-2026-05-22; who-don602-2026-05-15-live; who-don603-2026-05-21-live; who-don606-bdbv-2026-06-08; who-ihr-ec-bdbv-temporary-recommendations-2026-05-22; who-pheic-2026-05-17-live; wikipedia-2026-ituri-epidemic-2026-05-20-live,Generated from checked-in snapshot output; exporter does not rerun model.
model:visibility:delay_prior,visibility,delay_prior,"{""gamma_shape_rate"": [1.1345, 0.1285], ""label"": ""Rosello 2015 BDBV Isiro onset-to-notification""}",,,days_or_count,BDBV-CLAIM-041,corrected_derived_model_output,pinned_snapshot_model_output,africa-cdc-phecs-2026-05-18-live; afro-sitrep-01-2026-05-18-live; afro-sitrep-01-pdf-2026-05-18-live; cdc-current-situation-2026-05-21; cdc-current-situation-2026-05-23; cdc-current-situation-2026-05-24; cdc-current-situation-2026-05-25; drc-moh-epidemie-dashboard-sitrep-009-graphql-2026-05-24; drc-moh-epidemie-dashboard-sitrep-mve-n-007-mvb-17-2026-pdf-2026-05-22; ecdc-bdbv-drc-uga-2026-05-19-live; ecdc-bdbv-drc-uga-2026-05-21-live; ecdc-bdbv-drc-uga-2026-05-25-live; ecdc-bdbv-drc-uga-2026-05-26-live; ecdc-bdbv-drc-uga-2026-05-27-live; inrb-sitrep-015-2026-05-29; inrb-sitrep-016-2026-05-30; inrb-sitrep-017-2026-05-31; inrb-sitrep-018-2026-06-01; inrb-sitrep-019-2026-06-02; inrb-sitrep-020-2026-06-03; inrb-sitrep-021-2026-06-04; inrb-sitrep-022-2026-06-05; inrb-sitrep-023-2026-06-06; inrb-sitrep-024-2026-06-07; inrb-sitrep-025-2026-06-08; inrb-sitrep-026-2026-06-09; inrb-sitrep-027-2026-06-10; inrb-sitrep-028-2026-06-11; inrb-sitrep-030-2026-06-13; inrb-sitrep-031-2026-06-14; inrb-sitrep-032-2026-06-15; inrb-sitrep-033-2026-06-16; inrb-sitrep-034-2026-06-17; inrb-sitrep-035-2026-06-18; inrb-sitrep-036-2026-06-19; inrb-sitrep-037-2026-06-20; inrb-sitrep-038-2026-06-21; inrb-sitrep-039-2026-06-22; inrb-sitrep-040-2026-06-23; inrb-sitrep-041-2026-06-24; inrb-sitrep-042-2026-06-25; inrb-sitrep-044-2026-06-27; inrb-sitrep-046-2026-06-29; inrb-sitrep-047-2026-06-30; inrb-sitrep-048-2026-07-01; inrb-sitrep-049-2026-07-02; inrb-sitrep-050-2026-07-03; inrb-sitrep-051-2026-07-04; inrb-sitrep-052-2026-07-05; inrb-sitrep-053-2026-07-06; inrb-sitrep-054-2026-07-07; inrb-sitrep-055-2026-07-08; inrb-sitrep-056-2026-07-09; inrb-sitrep-057-2026-07-10; inrb-sitrep-058-2026-07-11; inrb-sitrep-059-2026-07-12; inrb-sitrep-060-2026-07-13; inrb-sitrep-061-2026-07-14; inrb-sitrep-062-2026-07-15; inrb-sitrep-063-2026-07-16; inrb-sitrep-064-2026-07-17; inrb-sitrep-065-2026-07-18; inrb-sitrep-066-2026-07-19; inrb-sitrep-067-2026-07-20; inrb-sitrep-068-2026-07-21; inrb-sitrep-069-2026-07-22; inrb-sitrep-070-2026-07-23; inrb-sitrep-071-2026-07-24; inrb-sitrep-072-2026-07-25; inrb-sitrep-073-2026-07-26; inrb-sitrep-074-2026-07-27; inrb-sitrep-077-2026-07-30; inrb-sitrep-078-2026-07-31; inrb-sitrep-079-2026-08-01; inrb-sitrep-080-2026-08-02; inrb-sitrep-081-2026-08-03; inrb-sitrep-082-2026-08-04; inrb-sitrep-083-2026-08-05; inrb-sitrep-084-2026-08-06; inrb-sitrep-085-2026-08-07; inrb-sitrep-088-2026-08-10; inrb-sitrep-089-2026-08-11; inrb-sitrep-090-2026-08-12; inrb-sitrep-091-2026-08-13; inrb-sitrep-092-2026-08-14; inrb-sitrep-093-2026-08-15; inrb-sitrep-094-2026-08-16; inrb-sitrep-095-2026-08-17; inrb-sitrep-096-2026-08-18; inrb-sitrep-097-2026-08-19; inrb-sitrep-098-2026-08-20; inrb-sitrep-099-2026-08-21; inrb-sitrep-100-2026-08-22; inrb-sitrep-101-2026-08-23; inrb-sitrep-102-2026-08-24; inrb-sitrep-103-2026-08-25; inrb-sitrep-104-2026-08-26; inrb-sitrep-105-2026-08-27; inrb-sitrep-106-2026-08-28; inrb-sitrep-107-2026-08-29; inrb-sitrep-108-2026-08-30; inrb-sitrep-109-2026-08-31; inrb-umie-ebola-drc-2026-build-2026-05-28-bb8b7d5; inrb-umie-ebola-drc-2026-build-2026-06-01-b4cafc9; insp-linkedin-sitrep-086-2026-08-09; insp-linkedin-sitrep-087-2026-08-10; uganda-moh-ebola-update-2026-06-06; uganda-moh-ebola-update-2026-06-20; uganda-moh-ebola-update-2026-06-21; who-daily-epi-bdbv-2026-06-08; who-dg-remarks-bdbv-2026-05-20; who-dg-remarks-bdbv-2026-05-22; who-don602-2026-05-15-live; who-don603-2026-05-21-live; who-don606-bdbv-2026-06-08; who-ihr-ec-bdbv-temporary-recommendations-2026-05-22; who-pheic-2026-05-17-live; wikipedia-2026-ituri-epidemic-2026-05-20-live,Generated from checked-in snapshot output; exporter does not rerun model.
model:visibility:sensitivity_delay_priors,visibility,sensitivity_delay_priors,"[{""gamma_shape_rate"": [0.81, 0.18], ""label"": ""Camacho 2015 EBOV-Zaire onset-to-notification sensitivity""}]",,,days_or_count,BDBV-CLAIM-041,corrected_derived_model_output,pinned_snapshot_model_output,africa-cdc-phecs-2026-05-18-live; afro-sitrep-01-2026-05-18-live; afro-sitrep-01-pdf-2026-05-18-live; cdc-current-situation-2026-05-21; cdc-current-situation-2026-05-23; cdc-current-situation-2026-05-24; cdc-current-situation-2026-05-25; drc-moh-epidemie-dashboard-sitrep-009-graphql-2026-05-24; drc-moh-epidemie-dashboard-sitrep-mve-n-007-mvb-17-2026-pdf-2026-05-22; ecdc-bdbv-drc-uga-2026-05-19-live; ecdc-bdbv-drc-uga-2026-05-21-live; ecdc-bdbv-drc-uga-2026-05-25-live; ecdc-bdbv-drc-uga-2026-05-26-live; ecdc-bdbv-drc-uga-2026-05-27-live; inrb-sitrep-015-2026-05-29; inrb-sitrep-016-2026-05-30; inrb-sitrep-017-2026-05-31; inrb-sitrep-018-2026-06-01; inrb-sitrep-019-2026-06-02; inrb-sitrep-020-2026-06-03; inrb-sitrep-021-2026-06-04; inrb-sitrep-022-2026-06-05; inrb-sitrep-023-2026-06-06; inrb-sitrep-024-2026-06-07; inrb-sitrep-025-2026-06-08; inrb-sitrep-026-2026-06-09; inrb-sitrep-027-2026-06-10; inrb-sitrep-028-2026-06-11; inrb-sitrep-030-2026-06-13; inrb-sitrep-031-2026-06-14; inrb-sitrep-032-2026-06-15; inrb-sitrep-033-2026-06-16; inrb-sitrep-034-2026-06-17; inrb-sitrep-035-2026-06-18; inrb-sitrep-036-2026-06-19; inrb-sitrep-037-2026-06-20; inrb-sitrep-038-2026-06-21; inrb-sitrep-039-2026-06-22; inrb-sitrep-040-2026-06-23; inrb-sitrep-041-2026-06-24; inrb-sitrep-042-2026-06-25; inrb-sitrep-044-2026-06-27; inrb-sitrep-046-2026-06-29; inrb-sitrep-047-2026-06-30; inrb-sitrep-048-2026-07-01; inrb-sitrep-049-2026-07-02; inrb-sitrep-050-2026-07-03; inrb-sitrep-051-2026-07-04; inrb-sitrep-052-2026-07-05; inrb-sitrep-053-2026-07-06; inrb-sitrep-054-2026-07-07; inrb-sitrep-055-2026-07-08; inrb-sitrep-056-2026-07-09; inrb-sitrep-057-2026-07-10; inrb-sitrep-058-2026-07-11; inrb-sitrep-059-2026-07-12; inrb-sitrep-060-2026-07-13; inrb-sitrep-061-2026-07-14; inrb-sitrep-062-2026-07-15; inrb-sitrep-063-2026-07-16; inrb-sitrep-064-2026-07-17; inrb-sitrep-065-2026-07-18; inrb-sitrep-066-2026-07-19; inrb-sitrep-067-2026-07-20; inrb-sitrep-068-2026-07-21; inrb-sitrep-069-2026-07-22; inrb-sitrep-070-2026-07-23; inrb-sitrep-071-2026-07-24; inrb-sitrep-072-2026-07-25; inrb-sitrep-073-2026-07-26; inrb-sitrep-074-2026-07-27; inrb-sitrep-077-2026-07-30; inrb-sitrep-078-2026-07-31; inrb-sitrep-079-2026-08-01; inrb-sitrep-080-2026-08-02; inrb-sitrep-081-2026-08-03; inrb-sitrep-082-2026-08-04; inrb-sitrep-083-2026-08-05; inrb-sitrep-084-2026-08-06; inrb-sitrep-085-2026-08-07; inrb-sitrep-088-2026-08-10; inrb-sitrep-089-2026-08-11; inrb-sitrep-090-2026-08-12; inrb-sitrep-091-2026-08-13; inrb-sitrep-092-2026-08-14; inrb-sitrep-093-2026-08-15; inrb-sitrep-094-2026-08-16; inrb-sitrep-095-2026-08-17; inrb-sitrep-096-2026-08-18; inrb-sitrep-097-2026-08-19; inrb-sitrep-098-2026-08-20; inrb-sitrep-099-2026-08-21; inrb-sitrep-100-2026-08-22; inrb-sitrep-101-2026-08-23; inrb-sitrep-102-2026-08-24; inrb-sitrep-103-2026-08-25; inrb-sitrep-104-2026-08-26; inrb-sitrep-105-2026-08-27; inrb-sitrep-106-2026-08-28; inrb-sitrep-107-2026-08-29; inrb-sitrep-108-2026-08-30; inrb-sitrep-109-2026-08-31; inrb-umie-ebola-drc-2026-build-2026-05-28-bb8b7d5; inrb-umie-ebola-drc-2026-build-2026-06-01-b4cafc9; insp-linkedin-sitrep-086-2026-08-09; insp-linkedin-sitrep-087-2026-08-10; uganda-moh-ebola-update-2026-06-06; uganda-moh-ebola-update-2026-06-20; uganda-moh-ebola-update-2026-06-21; who-daily-epi-bdbv-2026-06-08; who-dg-remarks-bdbv-2026-05-20; who-dg-remarks-bdbv-2026-05-22; who-don602-2026-05-15-live; who-don603-2026-05-21-live; who-don606-bdbv-2026-06-08; who-ihr-ec-bdbv-temporary-recommendations-2026-05-22; who-pheic-2026-05-17-live; wikipedia-2026-ituri-epidemic-2026-05-20-live,Generated from checked-in snapshot output; exporter does not rerun model.
model:visibility:evidence_chain_ids,visibility,evidence_chain_ids,2 internal chain references (withheld),,,days_or_count,BDBV-CLAIM-041,corrected_derived_model_output,pinned_snapshot_model_output,africa-cdc-phecs-2026-05-18-live; afro-sitrep-01-2026-05-18-live; afro-sitrep-01-pdf-2026-05-18-live; cdc-current-situation-2026-05-21; cdc-current-situation-2026-05-23; cdc-current-situation-2026-05-24; cdc-current-situation-2026-05-25; drc-moh-epidemie-dashboard-sitrep-009-graphql-2026-05-24; drc-moh-epidemie-dashboard-sitrep-mve-n-007-mvb-17-2026-pdf-2026-05-22; ecdc-bdbv-drc-uga-2026-05-19-live; ecdc-bdbv-drc-uga-2026-05-21-live; ecdc-bdbv-drc-uga-2026-05-25-live; ecdc-bdbv-drc-uga-2026-05-26-live; ecdc-bdbv-drc-uga-2026-05-27-live; inrb-sitrep-015-2026-05-29; inrb-sitrep-016-2026-05-30; inrb-sitrep-017-2026-05-31; inrb-sitrep-018-2026-06-01; inrb-sitrep-019-2026-06-02; inrb-sitrep-020-2026-06-03; inrb-sitrep-021-2026-06-04; inrb-sitrep-022-2026-06-05; inrb-sitrep-023-2026-06-06; inrb-sitrep-024-2026-06-07; inrb-sitrep-025-2026-06-08; inrb-sitrep-026-2026-06-09; inrb-sitrep-027-2026-06-10; inrb-sitrep-028-2026-06-11; inrb-sitrep-030-2026-06-13; inrb-sitrep-031-2026-06-14; inrb-sitrep-032-2026-06-15; inrb-sitrep-033-2026-06-16; inrb-sitrep-034-2026-06-17; inrb-sitrep-035-2026-06-18; inrb-sitrep-036-2026-06-19; inrb-sitrep-037-2026-06-20; inrb-sitrep-038-2026-06-21; inrb-sitrep-039-2026-06-22; inrb-sitrep-040-2026-06-23; inrb-sitrep-041-2026-06-24; inrb-sitrep-042-2026-06-25; inrb-sitrep-044-2026-06-27; inrb-sitrep-046-2026-06-29; inrb-sitrep-047-2026-06-30; inrb-sitrep-048-2026-07-01; inrb-sitrep-049-2026-07-02; inrb-sitrep-050-2026-07-03; inrb-sitrep-051-2026-07-04; inrb-sitrep-052-2026-07-05; inrb-sitrep-053-2026-07-06; inrb-sitrep-054-2026-07-07; inrb-sitrep-055-2026-07-08; inrb-sitrep-056-2026-07-09; inrb-sitrep-057-2026-07-10; inrb-sitrep-058-2026-07-11; inrb-sitrep-059-2026-07-12; inrb-sitrep-060-2026-07-13; inrb-sitrep-061-2026-07-14; inrb-sitrep-062-2026-07-15; inrb-sitrep-063-2026-07-16; inrb-sitrep-064-2026-07-17; inrb-sitrep-065-2026-07-18; inrb-sitrep-066-2026-07-19; inrb-sitrep-067-2026-07-20; inrb-sitrep-068-2026-07-21; inrb-sitrep-069-2026-07-22; inrb-sitrep-070-2026-07-23; inrb-sitrep-071-2026-07-24; inrb-sitrep-072-2026-07-25; inrb-sitrep-073-2026-07-26; inrb-sitrep-074-2026-07-27; inrb-sitrep-077-2026-07-30; inrb-sitrep-078-2026-07-31; inrb-sitrep-079-2026-08-01; inrb-sitrep-080-2026-08-02; inrb-sitrep-081-2026-08-03; inrb-sitrep-082-2026-08-04; inrb-sitrep-083-2026-08-05; inrb-sitrep-084-2026-08-06; inrb-sitrep-085-2026-08-07; inrb-sitrep-088-2026-08-10; inrb-sitrep-089-2026-08-11; inrb-sitrep-090-2026-08-12; inrb-sitrep-091-2026-08-13; inrb-sitrep-092-2026-08-14; inrb-sitrep-093-2026-08-15; inrb-sitrep-094-2026-08-16; inrb-sitrep-095-2026-08-17; inrb-sitrep-096-2026-08-18; inrb-sitrep-097-2026-08-19; inrb-sitrep-098-2026-08-20; inrb-sitrep-099-2026-08-21; inrb-sitrep-100-2026-08-22; inrb-sitrep-101-2026-08-23; inrb-sitrep-102-2026-08-24; inrb-sitrep-103-2026-08-25; inrb-sitrep-104-2026-08-26; inrb-sitrep-105-2026-08-27; inrb-sitrep-106-2026-08-28; inrb-sitrep-107-2026-08-29; inrb-sitrep-108-2026-08-30; inrb-sitrep-109-2026-08-31; inrb-umie-ebola-drc-2026-build-2026-05-28-bb8b7d5; inrb-umie-ebola-drc-2026-build-2026-06-01-b4cafc9; insp-linkedin-sitrep-086-2026-08-09; insp-linkedin-sitrep-087-2026-08-10; uganda-moh-ebola-update-2026-06-06; uganda-moh-ebola-update-2026-06-20; uganda-moh-ebola-update-2026-06-21; who-daily-epi-bdbv-2026-06-08; who-dg-remarks-bdbv-2026-05-20; who-dg-remarks-bdbv-2026-05-22; who-don602-2026-05-15-live; who-don603-2026-05-21-live; who-don606-bdbv-2026-06-08; who-ihr-ec-bdbv-temporary-recommendations-2026-05-22; who-pheic-2026-05-17-live; wikipedia-2026-ituri-epidemic-2026-05-20-live,Generated from checked-in snapshot output; exporter does not rerun model.
model:visibility:reporting_completeness_50,visibility,reporting_completeness_50,,0.48951985233932144,0.5746555763500317,proportion,BDBV-CLAIM-041,corrected_derived_model_output,pinned_snapshot_model_output,africa-cdc-phecs-2026-05-18-live; afro-sitrep-01-2026-05-18-live; afro-sitrep-01-pdf-2026-05-18-live; cdc-current-situation-2026-05-21; cdc-current-situation-2026-05-23; cdc-current-situation-2026-05-24; cdc-current-situation-2026-05-25; drc-moh-epidemie-dashboard-sitrep-009-graphql-2026-05-24; drc-moh-epidemie-dashboard-sitrep-mve-n-007-mvb-17-2026-pdf-2026-05-22; ecdc-bdbv-drc-uga-2026-05-19-live; ecdc-bdbv-drc-uga-2026-05-21-live; ecdc-bdbv-drc-uga-2026-05-25-live; ecdc-bdbv-drc-uga-2026-05-26-live; ecdc-bdbv-drc-uga-2026-05-27-live; inrb-sitrep-015-2026-05-29; inrb-sitrep-016-2026-05-30; inrb-sitrep-017-2026-05-31; inrb-sitrep-018-2026-06-01; inrb-sitrep-019-2026-06-02; inrb-sitrep-020-2026-06-03; inrb-sitrep-021-2026-06-04; inrb-sitrep-022-2026-06-05; inrb-sitrep-023-2026-06-06; inrb-sitrep-024-2026-06-07; inrb-sitrep-025-2026-06-08; inrb-sitrep-026-2026-06-09; inrb-sitrep-027-2026-06-10; inrb-sitrep-028-2026-06-11; inrb-sitrep-030-2026-06-13; inrb-sitrep-031-2026-06-14; inrb-sitrep-032-2026-06-15; inrb-sitrep-033-2026-06-16; inrb-sitrep-034-2026-06-17; inrb-sitrep-035-2026-06-18; inrb-sitrep-036-2026-06-19; inrb-sitrep-037-2026-06-20; inrb-sitrep-038-2026-06-21; inrb-sitrep-039-2026-06-22; inrb-sitrep-040-2026-06-23; inrb-sitrep-041-2026-06-24; inrb-sitrep-042-2026-06-25; inrb-sitrep-044-2026-06-27; inrb-sitrep-046-2026-06-29; inrb-sitrep-047-2026-06-30; inrb-sitrep-048-2026-07-01; inrb-sitrep-049-2026-07-02; inrb-sitrep-050-2026-07-03; inrb-sitrep-051-2026-07-04; inrb-sitrep-052-2026-07-05; inrb-sitrep-053-2026-07-06; inrb-sitrep-054-2026-07-07; inrb-sitrep-055-2026-07-08; inrb-sitrep-056-2026-07-09; inrb-sitrep-057-2026-07-10; inrb-sitrep-058-2026-07-11; inrb-sitrep-059-2026-07-12; inrb-sitrep-060-2026-07-13; inrb-sitrep-061-2026-07-14; inrb-sitrep-062-2026-07-15; inrb-sitrep-063-2026-07-16; inrb-sitrep-064-2026-07-17; inrb-sitrep-065-2026-07-18; inrb-sitrep-066-2026-07-19; inrb-sitrep-067-2026-07-20; inrb-sitrep-068-2026-07-21; inrb-sitrep-069-2026-07-22; inrb-sitrep-070-2026-07-23; inrb-sitrep-071-2026-07-24; inrb-sitrep-072-2026-07-25; inrb-sitrep-073-2026-07-26; inrb-sitrep-074-2026-07-27; inrb-sitrep-077-2026-07-30; inrb-sitrep-078-2026-07-31; inrb-sitrep-079-2026-08-01; inrb-sitrep-080-2026-08-02; inrb-sitrep-081-2026-08-03; inrb-sitrep-082-2026-08-04; inrb-sitrep-083-2026-08-05; inrb-sitrep-084-2026-08-06; inrb-sitrep-085-2026-08-07; inrb-sitrep-088-2026-08-10; inrb-sitrep-089-2026-08-11; inrb-sitrep-090-2026-08-12; inrb-sitrep-091-2026-08-13; inrb-sitrep-092-2026-08-14; inrb-sitrep-093-2026-08-15; inrb-sitrep-094-2026-08-16; inrb-sitrep-095-2026-08-17; inrb-sitrep-096-2026-08-18; inrb-sitrep-097-2026-08-19; inrb-sitrep-098-2026-08-20; inrb-sitrep-099-2026-08-21; inrb-sitrep-100-2026-08-22; inrb-sitrep-101-2026-08-23; inrb-sitrep-102-2026-08-24; inrb-sitrep-103-2026-08-25; inrb-sitrep-104-2026-08-26; inrb-sitrep-105-2026-08-27; inrb-sitrep-106-2026-08-28; inrb-sitrep-107-2026-08-29; inrb-sitrep-108-2026-08-30; inrb-sitrep-109-2026-08-31; inrb-umie-ebola-drc-2026-build-2026-05-28-bb8b7d5; inrb-umie-ebola-drc-2026-build-2026-06-01-b4cafc9; insp-linkedin-sitrep-086-2026-08-09; insp-linkedin-sitrep-087-2026-08-10; uganda-moh-ebola-update-2026-06-06; uganda-moh-ebola-update-2026-06-20; uganda-moh-ebola-update-2026-06-21; who-daily-epi-bdbv-2026-06-08; who-dg-remarks-bdbv-2026-05-20; who-dg-remarks-bdbv-2026-05-22; who-don602-2026-05-15-live; who-don603-2026-05-21-live; who-don606-bdbv-2026-06-08; who-ihr-ec-bdbv-temporary-recommendations-2026-05-22; who-pheic-2026-05-17-live; wikipedia-2026-ituri-epidemic-2026-05-20-live,Generated from checked-in snapshot output; exporter does not rerun model.
model:visibility:publication_latency_50,visibility,publication_latency_50,,2.973853080317845,12.38620382100038,days_or_count,BDBV-CLAIM-041,corrected_derived_model_output,pinned_snapshot_model_output,africa-cdc-phecs-2026-05-18-live; afro-sitrep-01-2026-05-18-live; afro-sitrep-01-pdf-2026-05-18-live; cdc-current-situation-2026-05-21; cdc-current-situation-2026-05-23; cdc-current-situation-2026-05-24; cdc-current-situation-2026-05-25; drc-moh-epidemie-dashboard-sitrep-009-graphql-2026-05-24; drc-moh-epidemie-dashboard-sitrep-mve-n-007-mvb-17-2026-pdf-2026-05-22; ecdc-bdbv-drc-uga-2026-05-19-live; ecdc-bdbv-drc-uga-2026-05-21-live; ecdc-bdbv-drc-uga-2026-05-25-live; ecdc-bdbv-drc-uga-2026-05-26-live; ecdc-bdbv-drc-uga-2026-05-27-live; inrb-sitrep-015-2026-05-29; inrb-sitrep-016-2026-05-30; inrb-sitrep-017-2026-05-31; inrb-sitrep-018-2026-06-01; inrb-sitrep-019-2026-06-02; inrb-sitrep-020-2026-06-03; inrb-sitrep-021-2026-06-04; inrb-sitrep-022-2026-06-05; inrb-sitrep-023-2026-06-06; inrb-sitrep-024-2026-06-07; inrb-sitrep-025-2026-06-08; inrb-sitrep-026-2026-06-09; inrb-sitrep-027-2026-06-10; inrb-sitrep-028-2026-06-11; inrb-sitrep-030-2026-06-13; inrb-sitrep-031-2026-06-14; inrb-sitrep-032-2026-06-15; inrb-sitrep-033-2026-06-16; inrb-sitrep-034-2026-06-17; inrb-sitrep-035-2026-06-18; inrb-sitrep-036-2026-06-19; inrb-sitrep-037-2026-06-20; inrb-sitrep-038-2026-06-21; inrb-sitrep-039-2026-06-22; inrb-sitrep-040-2026-06-23; inrb-sitrep-041-2026-06-24; inrb-sitrep-042-2026-06-25; inrb-sitrep-044-2026-06-27; inrb-sitrep-046-2026-06-29; inrb-sitrep-047-2026-06-30; inrb-sitrep-048-2026-07-01; inrb-sitrep-049-2026-07-02; inrb-sitrep-050-2026-07-03; inrb-sitrep-051-2026-07-04; inrb-sitrep-052-2026-07-05; inrb-sitrep-053-2026-07-06; inrb-sitrep-054-2026-07-07; inrb-sitrep-055-2026-07-08; inrb-sitrep-056-2026-07-09; inrb-sitrep-057-2026-07-10; inrb-sitrep-058-2026-07-11; inrb-sitrep-059-2026-07-12; inrb-sitrep-060-2026-07-13; inrb-sitrep-061-2026-07-14; inrb-sitrep-062-2026-07-15; inrb-sitrep-063-2026-07-16; inrb-sitrep-064-2026-07-17; inrb-sitrep-065-2026-07-18; inrb-sitrep-066-2026-07-19; inrb-sitrep-067-2026-07-20; inrb-sitrep-068-2026-07-21; inrb-sitrep-069-2026-07-22; inrb-sitrep-070-2026-07-23; inrb-sitrep-071-2026-07-24; inrb-sitrep-072-2026-07-25; inrb-sitrep-073-2026-07-26; inrb-sitrep-074-2026-07-27; inrb-sitrep-077-2026-07-30; inrb-sitrep-078-2026-07-31; inrb-sitrep-079-2026-08-01; inrb-sitrep-080-2026-08-02; inrb-sitrep-081-2026-08-03; inrb-sitrep-082-2026-08-04; inrb-sitrep-083-2026-08-05; inrb-sitrep-084-2026-08-06; inrb-sitrep-085-2026-08-07; inrb-sitrep-088-2026-08-10; inrb-sitrep-089-2026-08-11; inrb-sitrep-090-2026-08-12; inrb-sitrep-091-2026-08-13; inrb-sitrep-092-2026-08-14; inrb-sitrep-093-2026-08-15; inrb-sitrep-094-2026-08-16; inrb-sitrep-095-2026-08-17; inrb-sitrep-096-2026-08-18; inrb-sitrep-097-2026-08-19; inrb-sitrep-098-2026-08-20; inrb-sitrep-099-2026-08-21; inrb-sitrep-100-2026-08-22; inrb-sitrep-101-2026-08-23; inrb-sitrep-102-2026-08-24; inrb-sitrep-103-2026-08-25; inrb-sitrep-104-2026-08-26; inrb-sitrep-105-2026-08-27; inrb-sitrep-106-2026-08-28; inrb-sitrep-107-2026-08-29; inrb-sitrep-108-2026-08-30; inrb-sitrep-109-2026-08-31; inrb-umie-ebola-drc-2026-build-2026-05-28-bb8b7d5; inrb-umie-ebola-drc-2026-build-2026-06-01-b4cafc9; insp-linkedin-sitrep-086-2026-08-09; insp-linkedin-sitrep-087-2026-08-10; uganda-moh-ebola-update-2026-06-06; uganda-moh-ebola-update-2026-06-20; uganda-moh-ebola-update-2026-06-21; who-daily-epi-bdbv-2026-06-08; who-dg-remarks-bdbv-2026-05-20; who-dg-remarks-bdbv-2026-05-22; who-don602-2026-05-15-live; who-don603-2026-05-21-live; who-don606-bdbv-2026-06-08; who-ihr-ec-bdbv-temporary-recommendations-2026-05-22; who-pheic-2026-05-17-live; wikipedia-2026-ituri-epidemic-2026-05-20-live,Generated from checked-in snapshot output; exporter does not rerun model.
model:visibility:confirmation_backlog_50,visibility,confirmation_backlog_50,,0,0,days_or_count,BDBV-CLAIM-041,corrected_derived_model_output,pinned_snapshot_model_output,africa-cdc-phecs-2026-05-18-live; afro-sitrep-01-2026-05-18-live; afro-sitrep-01-pdf-2026-05-18-live; cdc-current-situation-2026-05-21; cdc-current-situation-2026-05-23; cdc-current-situation-2026-05-24; cdc-current-situation-2026-05-25; drc-moh-epidemie-dashboard-sitrep-009-graphql-2026-05-24; drc-moh-epidemie-dashboard-sitrep-mve-n-007-mvb-17-2026-pdf-2026-05-22; ecdc-bdbv-drc-uga-2026-05-19-live; ecdc-bdbv-drc-uga-2026-05-21-live; ecdc-bdbv-drc-uga-2026-05-25-live; ecdc-bdbv-drc-uga-2026-05-26-live; ecdc-bdbv-drc-uga-2026-05-27-live; inrb-sitrep-015-2026-05-29; inrb-sitrep-016-2026-05-30; inrb-sitrep-017-2026-05-31; inrb-sitrep-018-2026-06-01; inrb-sitrep-019-2026-06-02; inrb-sitrep-020-2026-06-03; inrb-sitrep-021-2026-06-04; inrb-sitrep-022-2026-06-05; inrb-sitrep-023-2026-06-06; inrb-sitrep-024-2026-06-07; inrb-sitrep-025-2026-06-08; inrb-sitrep-026-2026-06-09; inrb-sitrep-027-2026-06-10; inrb-sitrep-028-2026-06-11; inrb-sitrep-030-2026-06-13; inrb-sitrep-031-2026-06-14; inrb-sitrep-032-2026-06-15; inrb-sitrep-033-2026-06-16; inrb-sitrep-034-2026-06-17; inrb-sitrep-035-2026-06-18; inrb-sitrep-036-2026-06-19; inrb-sitrep-037-2026-06-20; inrb-sitrep-038-2026-06-21; inrb-sitrep-039-2026-06-22; inrb-sitrep-040-2026-06-23; inrb-sitrep-041-2026-06-24; inrb-sitrep-042-2026-06-25; inrb-sitrep-044-2026-06-27; inrb-sitrep-046-2026-06-29; inrb-sitrep-047-2026-06-30; inrb-sitrep-048-2026-07-01; inrb-sitrep-049-2026-07-02; inrb-sitrep-050-2026-07-03; inrb-sitrep-051-2026-07-04; inrb-sitrep-052-2026-07-05; inrb-sitrep-053-2026-07-06; inrb-sitrep-054-2026-07-07; inrb-sitrep-055-2026-07-08; inrb-sitrep-056-2026-07-09; inrb-sitrep-057-2026-07-10; inrb-sitrep-058-2026-07-11; inrb-sitrep-059-2026-07-12; inrb-sitrep-060-2026-07-13; inrb-sitrep-061-2026-07-14; inrb-sitrep-062-2026-07-15; inrb-sitrep-063-2026-07-16; inrb-sitrep-064-2026-07-17; inrb-sitrep-065-2026-07-18; inrb-sitrep-066-2026-07-19; inrb-sitrep-067-2026-07-20; inrb-sitrep-068-2026-07-21; inrb-sitrep-069-2026-07-22; inrb-sitrep-070-2026-07-23; inrb-sitrep-071-2026-07-24; inrb-sitrep-072-2026-07-25; inrb-sitrep-073-2026-07-26; inrb-sitrep-074-2026-07-27; inrb-sitrep-077-2026-07-30; inrb-sitrep-078-2026-07-31; inrb-sitrep-079-2026-08-01; inrb-sitrep-080-2026-08-02; inrb-sitrep-081-2026-08-03; inrb-sitrep-082-2026-08-04; inrb-sitrep-083-2026-08-05; inrb-sitrep-084-2026-08-06; inrb-sitrep-085-2026-08-07; inrb-sitrep-088-2026-08-10; inrb-sitrep-089-2026-08-11; inrb-sitrep-090-2026-08-12; inrb-sitrep-091-2026-08-13; inrb-sitrep-092-2026-08-14; inrb-sitrep-093-2026-08-15; inrb-sitrep-094-2026-08-16; inrb-sitrep-095-2026-08-17; inrb-sitrep-096-2026-08-18; inrb-sitrep-097-2026-08-19; inrb-sitrep-098-2026-08-20; inrb-sitrep-099-2026-08-21; inrb-sitrep-100-2026-08-22; inrb-sitrep-101-2026-08-23; inrb-sitrep-102-2026-08-24; inrb-sitrep-103-2026-08-25; inrb-sitrep-104-2026-08-26; inrb-sitrep-105-2026-08-27; inrb-sitrep-106-2026-08-28; inrb-sitrep-107-2026-08-29; inrb-sitrep-108-2026-08-30; inrb-sitrep-109-2026-08-31; inrb-umie-ebola-drc-2026-build-2026-05-28-bb8b7d5; inrb-umie-ebola-drc-2026-build-2026-06-01-b4cafc9; insp-linkedin-sitrep-086-2026-08-09; insp-linkedin-sitrep-087-2026-08-10; uganda-moh-ebola-update-2026-06-06; uganda-moh-ebola-update-2026-06-20; uganda-moh-ebola-update-2026-06-21; who-daily-epi-bdbv-2026-06-08; who-dg-remarks-bdbv-2026-05-20; who-dg-remarks-bdbv-2026-05-22; who-don602-2026-05-15-live; who-don603-2026-05-21-live; who-don606-bdbv-2026-06-08; who-ihr-ec-bdbv-temporary-recommendations-2026-05-22; who-pheic-2026-05-17-live; wikipedia-2026-ituri-epidemic-2026-05-20-live,Generated from checked-in snapshot output; exporter does not rerun model.
model:active_queue_lab_yield:recent_lab_positivity_50,active_queue_lab_yield,recent_lab_positivity_50,,0.2715,0.3421,proportion,BDBV-CLAIM-020,derived_model_output_sibling_to_visibility,pinned_snapshot_model_output,africa-cdc-phecs-2026-05-18-live; afro-sitrep-01-2026-05-18-live; afro-sitrep-01-pdf-2026-05-18-live; cdc-current-situation-2026-05-21; cdc-current-situation-2026-05-23; cdc-current-situation-2026-05-24; cdc-current-situation-2026-05-25; drc-moh-epidemie-dashboard-sitrep-009-graphql-2026-05-24; drc-moh-epidemie-dashboard-sitrep-mve-n-007-mvb-17-2026-pdf-2026-05-22; ecdc-bdbv-drc-uga-2026-05-19-live; ecdc-bdbv-drc-uga-2026-05-21-live; ecdc-bdbv-drc-uga-2026-05-25-live; ecdc-bdbv-drc-uga-2026-05-26-live; ecdc-bdbv-drc-uga-2026-05-27-live; inrb-sitrep-015-2026-05-29; inrb-sitrep-016-2026-05-30; inrb-sitrep-017-2026-05-31; inrb-sitrep-018-2026-06-01; inrb-sitrep-019-2026-06-02; inrb-sitrep-020-2026-06-03; inrb-sitrep-021-2026-06-04; inrb-sitrep-022-2026-06-05; inrb-sitrep-023-2026-06-06; inrb-sitrep-024-2026-06-07; inrb-sitrep-025-2026-06-08; inrb-sitrep-026-2026-06-09; inrb-sitrep-027-2026-06-10; inrb-sitrep-028-2026-06-11; inrb-sitrep-030-2026-06-13; inrb-sitrep-031-2026-06-14; inrb-sitrep-032-2026-06-15; inrb-sitrep-033-2026-06-16; inrb-sitrep-034-2026-06-17; inrb-sitrep-035-2026-06-18; inrb-sitrep-036-2026-06-19; inrb-sitrep-037-2026-06-20; inrb-sitrep-038-2026-06-21; inrb-sitrep-039-2026-06-22; inrb-sitrep-040-2026-06-23; inrb-sitrep-041-2026-06-24; inrb-sitrep-042-2026-06-25; inrb-sitrep-044-2026-06-27; inrb-sitrep-046-2026-06-29; inrb-sitrep-047-2026-06-30; inrb-sitrep-048-2026-07-01; inrb-sitrep-049-2026-07-02; inrb-sitrep-050-2026-07-03; inrb-sitrep-051-2026-07-04; inrb-sitrep-052-2026-07-05; inrb-sitrep-053-2026-07-06; inrb-sitrep-054-2026-07-07; inrb-sitrep-055-2026-07-08; inrb-sitrep-056-2026-07-09; inrb-sitrep-057-2026-07-10; inrb-sitrep-058-2026-07-11; inrb-sitrep-059-2026-07-12; inrb-sitrep-060-2026-07-13; inrb-sitrep-061-2026-07-14; inrb-sitrep-062-2026-07-15; inrb-sitrep-063-2026-07-16; inrb-sitrep-064-2026-07-17; inrb-sitrep-065-2026-07-18; inrb-sitrep-066-2026-07-19; inrb-sitrep-067-2026-07-20; inrb-sitrep-068-2026-07-21; inrb-sitrep-069-2026-07-22; inrb-sitrep-070-2026-07-23; inrb-sitrep-071-2026-07-24; inrb-sitrep-072-2026-07-25; inrb-sitrep-073-2026-07-26; inrb-sitrep-074-2026-07-27; inrb-sitrep-077-2026-07-30; inrb-sitrep-078-2026-07-31; inrb-sitrep-079-2026-08-01; inrb-sitrep-080-2026-08-02; inrb-sitrep-081-2026-08-03; inrb-sitrep-082-2026-08-04; inrb-sitrep-083-2026-08-05; inrb-sitrep-084-2026-08-06; inrb-sitrep-085-2026-08-07; inrb-sitrep-088-2026-08-10; inrb-sitrep-089-2026-08-11; inrb-sitrep-090-2026-08-12; inrb-sitrep-091-2026-08-13; inrb-sitrep-092-2026-08-14; inrb-sitrep-093-2026-08-15; inrb-sitrep-094-2026-08-16; inrb-sitrep-095-2026-08-17; inrb-sitrep-096-2026-08-18; inrb-sitrep-097-2026-08-19; inrb-sitrep-098-2026-08-20; inrb-sitrep-099-2026-08-21; inrb-sitrep-100-2026-08-22; inrb-sitrep-101-2026-08-23; inrb-sitrep-102-2026-08-24; inrb-sitrep-103-2026-08-25; inrb-sitrep-104-2026-08-26; inrb-sitrep-105-2026-08-27; inrb-sitrep-106-2026-08-28; inrb-sitrep-107-2026-08-29; inrb-sitrep-108-2026-08-30; inrb-sitrep-109-2026-08-31; inrb-umie-ebola-drc-2026-build-2026-05-28-bb8b7d5; inrb-umie-ebola-drc-2026-build-2026-06-01-b4cafc9; insp-linkedin-sitrep-086-2026-08-09; insp-linkedin-sitrep-087-2026-08-10; uganda-moh-ebola-update-2026-06-06; uganda-moh-ebola-update-2026-06-20; uganda-moh-ebola-update-2026-06-21; who-daily-epi-bdbv-2026-06-08; who-dg-remarks-bdbv-2026-05-20; who-dg-remarks-bdbv-2026-05-22; who-don602-2026-05-15-live; who-don603-2026-05-21-live; who-don606-bdbv-2026-06-08; who-ihr-ec-bdbv-temporary-recommendations-2026-05-22; who-pheic-2026-05-17-live; wikipedia-2026-ituri-epidemic-2026-05-20-live,"Recent reviewed-SitRep lab positivity, flat Beta(1,1) posterior; 50% interval."
model:active_queue_lab_yield:expected_active_queue_confirmations_50,active_queue_lab_yield,expected_active_queue_confirmations_50,,,,count,BDBV-CLAIM-020,derived_model_output_sibling_to_visibility,pinned_snapshot_model_output,africa-cdc-phecs-2026-05-18-live; afro-sitrep-01-2026-05-18-live; afro-sitrep-01-pdf-2026-05-18-live; cdc-current-situation-2026-05-21; cdc-current-situation-2026-05-23; cdc-current-situation-2026-05-24; cdc-current-situation-2026-05-25; drc-moh-epidemie-dashboard-sitrep-009-graphql-2026-05-24; drc-moh-epidemie-dashboard-sitrep-mve-n-007-mvb-17-2026-pdf-2026-05-22; ecdc-bdbv-drc-uga-2026-05-19-live; ecdc-bdbv-drc-uga-2026-05-21-live; ecdc-bdbv-drc-uga-2026-05-25-live; ecdc-bdbv-drc-uga-2026-05-26-live; ecdc-bdbv-drc-uga-2026-05-27-live; inrb-sitrep-015-2026-05-29; inrb-sitrep-016-2026-05-30; inrb-sitrep-017-2026-05-31; inrb-sitrep-018-2026-06-01; inrb-sitrep-019-2026-06-02; inrb-sitrep-020-2026-06-03; inrb-sitrep-021-2026-06-04; inrb-sitrep-022-2026-06-05; inrb-sitrep-023-2026-06-06; inrb-sitrep-024-2026-06-07; inrb-sitrep-025-2026-06-08; inrb-sitrep-026-2026-06-09; inrb-sitrep-027-2026-06-10; inrb-sitrep-028-2026-06-11; inrb-sitrep-030-2026-06-13; inrb-sitrep-031-2026-06-14; inrb-sitrep-032-2026-06-15; inrb-sitrep-033-2026-06-16; inrb-sitrep-034-2026-06-17; inrb-sitrep-035-2026-06-18; inrb-sitrep-036-2026-06-19; inrb-sitrep-037-2026-06-20; inrb-sitrep-038-2026-06-21; inrb-sitrep-039-2026-06-22; inrb-sitrep-040-2026-06-23; inrb-sitrep-041-2026-06-24; inrb-sitrep-042-2026-06-25; inrb-sitrep-044-2026-06-27; inrb-sitrep-046-2026-06-29; inrb-sitrep-047-2026-06-30; inrb-sitrep-048-2026-07-01; inrb-sitrep-049-2026-07-02; inrb-sitrep-050-2026-07-03; inrb-sitrep-051-2026-07-04; inrb-sitrep-052-2026-07-05; inrb-sitrep-053-2026-07-06; inrb-sitrep-054-2026-07-07; inrb-sitrep-055-2026-07-08; inrb-sitrep-056-2026-07-09; inrb-sitrep-057-2026-07-10; inrb-sitrep-058-2026-07-11; inrb-sitrep-059-2026-07-12; inrb-sitrep-060-2026-07-13; inrb-sitrep-061-2026-07-14; inrb-sitrep-062-2026-07-15; inrb-sitrep-063-2026-07-16; inrb-sitrep-064-2026-07-17; inrb-sitrep-065-2026-07-18; inrb-sitrep-066-2026-07-19; inrb-sitrep-067-2026-07-20; inrb-sitrep-068-2026-07-21; inrb-sitrep-069-2026-07-22; inrb-sitrep-070-2026-07-23; inrb-sitrep-071-2026-07-24; inrb-sitrep-072-2026-07-25; inrb-sitrep-073-2026-07-26; inrb-sitrep-074-2026-07-27; inrb-sitrep-077-2026-07-30; inrb-sitrep-078-2026-07-31; inrb-sitrep-079-2026-08-01; inrb-sitrep-080-2026-08-02; inrb-sitrep-081-2026-08-03; inrb-sitrep-082-2026-08-04; inrb-sitrep-083-2026-08-05; inrb-sitrep-084-2026-08-06; inrb-sitrep-085-2026-08-07; inrb-sitrep-088-2026-08-10; inrb-sitrep-089-2026-08-11; inrb-sitrep-090-2026-08-12; inrb-sitrep-091-2026-08-13; inrb-sitrep-092-2026-08-14; inrb-sitrep-093-2026-08-15; inrb-sitrep-094-2026-08-16; inrb-sitrep-095-2026-08-17; inrb-sitrep-096-2026-08-18; inrb-sitrep-097-2026-08-19; inrb-sitrep-098-2026-08-20; inrb-sitrep-099-2026-08-21; inrb-sitrep-100-2026-08-22; inrb-sitrep-101-2026-08-23; inrb-sitrep-102-2026-08-24; inrb-sitrep-103-2026-08-25; inrb-sitrep-104-2026-08-26; inrb-sitrep-105-2026-08-27; inrb-sitrep-106-2026-08-28; inrb-sitrep-107-2026-08-29; inrb-sitrep-108-2026-08-30; inrb-sitrep-109-2026-08-31; inrb-umie-ebola-drc-2026-build-2026-05-28-bb8b7d5; inrb-umie-ebola-drc-2026-build-2026-06-01-b4cafc9; insp-linkedin-sitrep-086-2026-08-09; insp-linkedin-sitrep-087-2026-08-10; uganda-moh-ebola-update-2026-06-06; uganda-moh-ebola-update-2026-06-20; uganda-moh-ebola-update-2026-06-21; who-daily-epi-bdbv-2026-06-08; who-dg-remarks-bdbv-2026-05-20; who-dg-remarks-bdbv-2026-05-22; who-don602-2026-05-15-live; who-don603-2026-05-21-live; who-don606-bdbv-2026-06-08; who-ihr-ec-bdbv-temporary-recommendations-2026-05-22; who-pheic-2026-05-17-live; wikipedia-2026-ituri-epidemic-2026-05-20-live,Expected lab-confirmations within the known active suspected queue; 50% interval.
model:active_queue_lab_yield:confirmable_active_queue_50,active_queue_lab_yield,confirmable_active_queue_50,,,,count,BDBV-CLAIM-020,derived_model_output_sibling_to_visibility,pinned_snapshot_model_output,africa-cdc-phecs-2026-05-18-live; afro-sitrep-01-2026-05-18-live; afro-sitrep-01-pdf-2026-05-18-live; cdc-current-situation-2026-05-21; cdc-current-situation-2026-05-23; cdc-current-situation-2026-05-24; cdc-current-situation-2026-05-25; drc-moh-epidemie-dashboard-sitrep-009-graphql-2026-05-24; drc-moh-epidemie-dashboard-sitrep-mve-n-007-mvb-17-2026-pdf-2026-05-22; ecdc-bdbv-drc-uga-2026-05-19-live; ecdc-bdbv-drc-uga-2026-05-21-live; ecdc-bdbv-drc-uga-2026-05-25-live; ecdc-bdbv-drc-uga-2026-05-26-live; ecdc-bdbv-drc-uga-2026-05-27-live; inrb-sitrep-015-2026-05-29; inrb-sitrep-016-2026-05-30; inrb-sitrep-017-2026-05-31; inrb-sitrep-018-2026-06-01; inrb-sitrep-019-2026-06-02; inrb-sitrep-020-2026-06-03; inrb-sitrep-021-2026-06-04; inrb-sitrep-022-2026-06-05; inrb-sitrep-023-2026-06-06; inrb-sitrep-024-2026-06-07; inrb-sitrep-025-2026-06-08; inrb-sitrep-026-2026-06-09; inrb-sitrep-027-2026-06-10; inrb-sitrep-028-2026-06-11; inrb-sitrep-030-2026-06-13; inrb-sitrep-031-2026-06-14; inrb-sitrep-032-2026-06-15; inrb-sitrep-033-2026-06-16; inrb-sitrep-034-2026-06-17; inrb-sitrep-035-2026-06-18; inrb-sitrep-036-2026-06-19; inrb-sitrep-037-2026-06-20; inrb-sitrep-038-2026-06-21; inrb-sitrep-039-2026-06-22; inrb-sitrep-040-2026-06-23; inrb-sitrep-041-2026-06-24; inrb-sitrep-042-2026-06-25; inrb-sitrep-044-2026-06-27; inrb-sitrep-046-2026-06-29; inrb-sitrep-047-2026-06-30; inrb-sitrep-048-2026-07-01; inrb-sitrep-049-2026-07-02; inrb-sitrep-050-2026-07-03; inrb-sitrep-051-2026-07-04; inrb-sitrep-052-2026-07-05; inrb-sitrep-053-2026-07-06; inrb-sitrep-054-2026-07-07; inrb-sitrep-055-2026-07-08; inrb-sitrep-056-2026-07-09; inrb-sitrep-057-2026-07-10; inrb-sitrep-058-2026-07-11; inrb-sitrep-059-2026-07-12; inrb-sitrep-060-2026-07-13; inrb-sitrep-061-2026-07-14; inrb-sitrep-062-2026-07-15; inrb-sitrep-063-2026-07-16; inrb-sitrep-064-2026-07-17; inrb-sitrep-065-2026-07-18; inrb-sitrep-066-2026-07-19; inrb-sitrep-067-2026-07-20; inrb-sitrep-068-2026-07-21; inrb-sitrep-069-2026-07-22; inrb-sitrep-070-2026-07-23; inrb-sitrep-071-2026-07-24; inrb-sitrep-072-2026-07-25; inrb-sitrep-073-2026-07-26; inrb-sitrep-074-2026-07-27; inrb-sitrep-077-2026-07-30; inrb-sitrep-078-2026-07-31; inrb-sitrep-079-2026-08-01; inrb-sitrep-080-2026-08-02; inrb-sitrep-081-2026-08-03; inrb-sitrep-082-2026-08-04; inrb-sitrep-083-2026-08-05; inrb-sitrep-084-2026-08-06; inrb-sitrep-085-2026-08-07; inrb-sitrep-088-2026-08-10; inrb-sitrep-089-2026-08-11; inrb-sitrep-090-2026-08-12; inrb-sitrep-091-2026-08-13; inrb-sitrep-092-2026-08-14; inrb-sitrep-093-2026-08-15; inrb-sitrep-094-2026-08-16; inrb-sitrep-095-2026-08-17; inrb-sitrep-096-2026-08-18; inrb-sitrep-097-2026-08-19; inrb-sitrep-098-2026-08-20; inrb-sitrep-099-2026-08-21; inrb-sitrep-100-2026-08-22; inrb-sitrep-101-2026-08-23; inrb-sitrep-102-2026-08-24; inrb-sitrep-103-2026-08-25; inrb-sitrep-104-2026-08-26; inrb-sitrep-105-2026-08-27; inrb-sitrep-106-2026-08-28; inrb-sitrep-107-2026-08-29; inrb-sitrep-108-2026-08-30; inrb-sitrep-109-2026-08-31; inrb-umie-ebola-drc-2026-build-2026-05-28-bb8b7d5; inrb-umie-ebola-drc-2026-build-2026-06-01-b4cafc9; insp-linkedin-sitrep-086-2026-08-09; insp-linkedin-sitrep-087-2026-08-10; uganda-moh-ebola-update-2026-06-06; uganda-moh-ebola-update-2026-06-20; uganda-moh-ebola-update-2026-06-21; who-daily-epi-bdbv-2026-06-08; who-dg-remarks-bdbv-2026-05-20; who-dg-remarks-bdbv-2026-05-22; who-don602-2026-05-15-live; who-don603-2026-05-21-live; who-don606-bdbv-2026-06-08; who-ihr-ec-bdbv-temporary-recommendations-2026-05-22; who-pheic-2026-05-17-live; wikipedia-2026-ituri-epidemic-2026-05-20-live,"Confirmed cases plus expected active-queue confirmations; 50% interval. Known-queue yield, not reporting completeness or hidden community incidence."
model:active_queue_lab_yield:active_suspected_queue_total,active_queue_lab_yield,active_suspected_queue_total,289,,,count,BDBV-CLAIM-020,derived_model_output_sibling_to_visibility,pinned_snapshot_model_output,africa-cdc-phecs-2026-05-18-live; afro-sitrep-01-2026-05-18-live; afro-sitrep-01-pdf-2026-05-18-live; cdc-current-situation-2026-05-21; cdc-current-situation-2026-05-23; cdc-current-situation-2026-05-24; cdc-current-situation-2026-05-25; drc-moh-epidemie-dashboard-sitrep-009-graphql-2026-05-24; drc-moh-epidemie-dashboard-sitrep-mve-n-007-mvb-17-2026-pdf-2026-05-22; ecdc-bdbv-drc-uga-2026-05-19-live; ecdc-bdbv-drc-uga-2026-05-21-live; ecdc-bdbv-drc-uga-2026-05-25-live; ecdc-bdbv-drc-uga-2026-05-26-live; ecdc-bdbv-drc-uga-2026-05-27-live; inrb-sitrep-015-2026-05-29; inrb-sitrep-016-2026-05-30; inrb-sitrep-017-2026-05-31; inrb-sitrep-018-2026-06-01; inrb-sitrep-019-2026-06-02; inrb-sitrep-020-2026-06-03; inrb-sitrep-021-2026-06-04; inrb-sitrep-022-2026-06-05; inrb-sitrep-023-2026-06-06; inrb-sitrep-024-2026-06-07; inrb-sitrep-025-2026-06-08; inrb-sitrep-026-2026-06-09; inrb-sitrep-027-2026-06-10; inrb-sitrep-028-2026-06-11; inrb-sitrep-030-2026-06-13; inrb-sitrep-031-2026-06-14; inrb-sitrep-032-2026-06-15; inrb-sitrep-033-2026-06-16; inrb-sitrep-034-2026-06-17; inrb-sitrep-035-2026-06-18; inrb-sitrep-036-2026-06-19; inrb-sitrep-037-2026-06-20; inrb-sitrep-038-2026-06-21; inrb-sitrep-039-2026-06-22; inrb-sitrep-040-2026-06-23; inrb-sitrep-041-2026-06-24; inrb-sitrep-042-2026-06-25; inrb-sitrep-044-2026-06-27; inrb-sitrep-046-2026-06-29; inrb-sitrep-047-2026-06-30; inrb-sitrep-048-2026-07-01; inrb-sitrep-049-2026-07-02; inrb-sitrep-050-2026-07-03; inrb-sitrep-051-2026-07-04; inrb-sitrep-052-2026-07-05; inrb-sitrep-053-2026-07-06; inrb-sitrep-054-2026-07-07; inrb-sitrep-055-2026-07-08; inrb-sitrep-056-2026-07-09; inrb-sitrep-057-2026-07-10; inrb-sitrep-058-2026-07-11; inrb-sitrep-059-2026-07-12; inrb-sitrep-060-2026-07-13; inrb-sitrep-061-2026-07-14; inrb-sitrep-062-2026-07-15; inrb-sitrep-063-2026-07-16; inrb-sitrep-064-2026-07-17; inrb-sitrep-065-2026-07-18; inrb-sitrep-066-2026-07-19; inrb-sitrep-067-2026-07-20; inrb-sitrep-068-2026-07-21; inrb-sitrep-069-2026-07-22; inrb-sitrep-070-2026-07-23; inrb-sitrep-071-2026-07-24; inrb-sitrep-072-2026-07-25; inrb-sitrep-073-2026-07-26; inrb-sitrep-074-2026-07-27; inrb-sitrep-077-2026-07-30; inrb-sitrep-078-2026-07-31; inrb-sitrep-079-2026-08-01; inrb-sitrep-080-2026-08-02; inrb-sitrep-081-2026-08-03; inrb-sitrep-082-2026-08-04; inrb-sitrep-083-2026-08-05; inrb-sitrep-084-2026-08-06; inrb-sitrep-085-2026-08-07; inrb-sitrep-088-2026-08-10; inrb-sitrep-089-2026-08-11; inrb-sitrep-090-2026-08-12; inrb-sitrep-091-2026-08-13; inrb-sitrep-092-2026-08-14; inrb-sitrep-093-2026-08-15; inrb-sitrep-094-2026-08-16; inrb-sitrep-095-2026-08-17; inrb-sitrep-096-2026-08-18; inrb-sitrep-097-2026-08-19; inrb-sitrep-098-2026-08-20; inrb-sitrep-099-2026-08-21; inrb-sitrep-100-2026-08-22; inrb-sitrep-101-2026-08-23; inrb-sitrep-102-2026-08-24; inrb-sitrep-103-2026-08-25; inrb-sitrep-104-2026-08-26; inrb-sitrep-105-2026-08-27; inrb-sitrep-106-2026-08-28; inrb-sitrep-107-2026-08-29; inrb-sitrep-108-2026-08-30; inrb-sitrep-109-2026-08-31; inrb-umie-ebola-drc-2026-build-2026-05-28-bb8b7d5; inrb-umie-ebola-drc-2026-build-2026-06-01-b4cafc9; insp-linkedin-sitrep-086-2026-08-09; insp-linkedin-sitrep-087-2026-08-10; uganda-moh-ebola-update-2026-06-06; uganda-moh-ebola-update-2026-06-20; uganda-moh-ebola-update-2026-06-21; who-daily-epi-bdbv-2026-06-08; who-dg-remarks-bdbv-2026-05-20; who-dg-remarks-bdbv-2026-05-22; who-don602-2026-05-15-live; who-don603-2026-05-21-live; who-don606-bdbv-2026-06-08; who-ihr-ec-bdbv-temporary-recommendations-2026-05-22; who-pheic-2026-05-17-live; wikipedia-2026-ituri-epidemic-2026-05-20-live,"Cases under investigation plus cases in isolation (national, point-in-time)."
model:active_queue_lab_yield:lab_samples_analyzed_recent,active_queue_lab_yield,lab_samples_analyzed_recent,76,,,count,BDBV-CLAIM-020,derived_model_output_sibling_to_visibility,pinned_snapshot_model_output,africa-cdc-phecs-2026-05-18-live; afro-sitrep-01-2026-05-18-live; afro-sitrep-01-pdf-2026-05-18-live; cdc-current-situation-2026-05-21; cdc-current-situation-2026-05-23; cdc-current-situation-2026-05-24; cdc-current-situation-2026-05-25; drc-moh-epidemie-dashboard-sitrep-009-graphql-2026-05-24; drc-moh-epidemie-dashboard-sitrep-mve-n-007-mvb-17-2026-pdf-2026-05-22; ecdc-bdbv-drc-uga-2026-05-19-live; ecdc-bdbv-drc-uga-2026-05-21-live; ecdc-bdbv-drc-uga-2026-05-25-live; ecdc-bdbv-drc-uga-2026-05-26-live; ecdc-bdbv-drc-uga-2026-05-27-live; inrb-sitrep-015-2026-05-29; inrb-sitrep-016-2026-05-30; inrb-sitrep-017-2026-05-31; inrb-sitrep-018-2026-06-01; inrb-sitrep-019-2026-06-02; inrb-sitrep-020-2026-06-03; inrb-sitrep-021-2026-06-04; inrb-sitrep-022-2026-06-05; inrb-sitrep-023-2026-06-06; inrb-sitrep-024-2026-06-07; inrb-sitrep-025-2026-06-08; inrb-sitrep-026-2026-06-09; inrb-sitrep-027-2026-06-10; inrb-sitrep-028-2026-06-11; inrb-sitrep-030-2026-06-13; inrb-sitrep-031-2026-06-14; inrb-sitrep-032-2026-06-15; inrb-sitrep-033-2026-06-16; inrb-sitrep-034-2026-06-17; inrb-sitrep-035-2026-06-18; inrb-sitrep-036-2026-06-19; inrb-sitrep-037-2026-06-20; inrb-sitrep-038-2026-06-21; inrb-sitrep-039-2026-06-22; inrb-sitrep-040-2026-06-23; inrb-sitrep-041-2026-06-24; inrb-sitrep-042-2026-06-25; inrb-sitrep-044-2026-06-27; inrb-sitrep-046-2026-06-29; inrb-sitrep-047-2026-06-30; inrb-sitrep-048-2026-07-01; inrb-sitrep-049-2026-07-02; inrb-sitrep-050-2026-07-03; inrb-sitrep-051-2026-07-04; inrb-sitrep-052-2026-07-05; inrb-sitrep-053-2026-07-06; inrb-sitrep-054-2026-07-07; inrb-sitrep-055-2026-07-08; inrb-sitrep-056-2026-07-09; inrb-sitrep-057-2026-07-10; inrb-sitrep-058-2026-07-11; inrb-sitrep-059-2026-07-12; inrb-sitrep-060-2026-07-13; inrb-sitrep-061-2026-07-14; inrb-sitrep-062-2026-07-15; inrb-sitrep-063-2026-07-16; inrb-sitrep-064-2026-07-17; inrb-sitrep-065-2026-07-18; inrb-sitrep-066-2026-07-19; inrb-sitrep-067-2026-07-20; inrb-sitrep-068-2026-07-21; inrb-sitrep-069-2026-07-22; inrb-sitrep-070-2026-07-23; inrb-sitrep-071-2026-07-24; inrb-sitrep-072-2026-07-25; inrb-sitrep-073-2026-07-26; inrb-sitrep-074-2026-07-27; inrb-sitrep-077-2026-07-30; inrb-sitrep-078-2026-07-31; inrb-sitrep-079-2026-08-01; inrb-sitrep-080-2026-08-02; inrb-sitrep-081-2026-08-03; inrb-sitrep-082-2026-08-04; inrb-sitrep-083-2026-08-05; inrb-sitrep-084-2026-08-06; inrb-sitrep-085-2026-08-07; inrb-sitrep-088-2026-08-10; inrb-sitrep-089-2026-08-11; inrb-sitrep-090-2026-08-12; inrb-sitrep-091-2026-08-13; inrb-sitrep-092-2026-08-14; inrb-sitrep-093-2026-08-15; inrb-sitrep-094-2026-08-16; inrb-sitrep-095-2026-08-17; inrb-sitrep-096-2026-08-18; inrb-sitrep-097-2026-08-19; inrb-sitrep-098-2026-08-20; inrb-sitrep-099-2026-08-21; inrb-sitrep-100-2026-08-22; inrb-sitrep-101-2026-08-23; inrb-sitrep-102-2026-08-24; inrb-sitrep-103-2026-08-25; inrb-sitrep-104-2026-08-26; inrb-sitrep-105-2026-08-27; inrb-sitrep-106-2026-08-28; inrb-sitrep-107-2026-08-29; inrb-sitrep-108-2026-08-30; inrb-sitrep-109-2026-08-31; inrb-umie-ebola-drc-2026-build-2026-05-28-bb8b7d5; inrb-umie-ebola-drc-2026-build-2026-06-01-b4cafc9; insp-linkedin-sitrep-086-2026-08-09; insp-linkedin-sitrep-087-2026-08-10; uganda-moh-ebola-update-2026-06-06; uganda-moh-ebola-update-2026-06-20; uganda-moh-ebola-update-2026-06-21; who-daily-epi-bdbv-2026-06-08; who-dg-remarks-bdbv-2026-05-20; who-dg-remarks-bdbv-2026-05-22; who-don602-2026-05-15-live; who-don603-2026-05-21-live; who-don606-bdbv-2026-06-08; who-ihr-ec-bdbv-temporary-recommendations-2026-05-22; who-pheic-2026-05-17-live; wikipedia-2026-ituri-epidemic-2026-05-20-live,
model:active_queue_lab_yield:lab_samples_positive_recent,active_queue_lab_yield,lab_samples_positive_recent,23,,,count,BDBV-CLAIM-020,derived_model_output_sibling_to_visibility,pinned_snapshot_model_output,africa-cdc-phecs-2026-05-18-live; afro-sitrep-01-2026-05-18-live; afro-sitrep-01-pdf-2026-05-18-live; cdc-current-situation-2026-05-21; cdc-current-situation-2026-05-23; cdc-current-situation-2026-05-24; cdc-current-situation-2026-05-25; drc-moh-epidemie-dashboard-sitrep-009-graphql-2026-05-24; drc-moh-epidemie-dashboard-sitrep-mve-n-007-mvb-17-2026-pdf-2026-05-22; ecdc-bdbv-drc-uga-2026-05-19-live; ecdc-bdbv-drc-uga-2026-05-21-live; ecdc-bdbv-drc-uga-2026-05-25-live; ecdc-bdbv-drc-uga-2026-05-26-live; ecdc-bdbv-drc-uga-2026-05-27-live; inrb-sitrep-015-2026-05-29; inrb-sitrep-016-2026-05-30; inrb-sitrep-017-2026-05-31; inrb-sitrep-018-2026-06-01; inrb-sitrep-019-2026-06-02; inrb-sitrep-020-2026-06-03; inrb-sitrep-021-2026-06-04; inrb-sitrep-022-2026-06-05; inrb-sitrep-023-2026-06-06; inrb-sitrep-024-2026-06-07; inrb-sitrep-025-2026-06-08; inrb-sitrep-026-2026-06-09; inrb-sitrep-027-2026-06-10; inrb-sitrep-028-2026-06-11; inrb-sitrep-030-2026-06-13; inrb-sitrep-031-2026-06-14; inrb-sitrep-032-2026-06-15; inrb-sitrep-033-2026-06-16; inrb-sitrep-034-2026-06-17; inrb-sitrep-035-2026-06-18; inrb-sitrep-036-2026-06-19; inrb-sitrep-037-2026-06-20; inrb-sitrep-038-2026-06-21; inrb-sitrep-039-2026-06-22; inrb-sitrep-040-2026-06-23; inrb-sitrep-041-2026-06-24; inrb-sitrep-042-2026-06-25; inrb-sitrep-044-2026-06-27; inrb-sitrep-046-2026-06-29; inrb-sitrep-047-2026-06-30; inrb-sitrep-048-2026-07-01; inrb-sitrep-049-2026-07-02; inrb-sitrep-050-2026-07-03; inrb-sitrep-051-2026-07-04; inrb-sitrep-052-2026-07-05; inrb-sitrep-053-2026-07-06; inrb-sitrep-054-2026-07-07; inrb-sitrep-055-2026-07-08; inrb-sitrep-056-2026-07-09; inrb-sitrep-057-2026-07-10; inrb-sitrep-058-2026-07-11; inrb-sitrep-059-2026-07-12; inrb-sitrep-060-2026-07-13; inrb-sitrep-061-2026-07-14; inrb-sitrep-062-2026-07-15; inrb-sitrep-063-2026-07-16; inrb-sitrep-064-2026-07-17; inrb-sitrep-065-2026-07-18; inrb-sitrep-066-2026-07-19; inrb-sitrep-067-2026-07-20; inrb-sitrep-068-2026-07-21; inrb-sitrep-069-2026-07-22; inrb-sitrep-070-2026-07-23; inrb-sitrep-071-2026-07-24; inrb-sitrep-072-2026-07-25; inrb-sitrep-073-2026-07-26; inrb-sitrep-074-2026-07-27; inrb-sitrep-077-2026-07-30; inrb-sitrep-078-2026-07-31; inrb-sitrep-079-2026-08-01; inrb-sitrep-080-2026-08-02; inrb-sitrep-081-2026-08-03; inrb-sitrep-082-2026-08-04; inrb-sitrep-083-2026-08-05; inrb-sitrep-084-2026-08-06; inrb-sitrep-085-2026-08-07; inrb-sitrep-088-2026-08-10; inrb-sitrep-089-2026-08-11; inrb-sitrep-090-2026-08-12; inrb-sitrep-091-2026-08-13; inrb-sitrep-092-2026-08-14; inrb-sitrep-093-2026-08-15; inrb-sitrep-094-2026-08-16; inrb-sitrep-095-2026-08-17; inrb-sitrep-096-2026-08-18; inrb-sitrep-097-2026-08-19; inrb-sitrep-098-2026-08-20; inrb-sitrep-099-2026-08-21; inrb-sitrep-100-2026-08-22; inrb-sitrep-101-2026-08-23; inrb-sitrep-102-2026-08-24; inrb-sitrep-103-2026-08-25; inrb-sitrep-104-2026-08-26; inrb-sitrep-105-2026-08-27; inrb-sitrep-106-2026-08-28; inrb-sitrep-107-2026-08-29; inrb-sitrep-108-2026-08-30; inrb-sitrep-109-2026-08-31; inrb-umie-ebola-drc-2026-build-2026-05-28-bb8b7d5; inrb-umie-ebola-drc-2026-build-2026-06-01-b4cafc9; insp-linkedin-sitrep-086-2026-08-09; insp-linkedin-sitrep-087-2026-08-10; uganda-moh-ebola-update-2026-06-06; uganda-moh-ebola-update-2026-06-20; uganda-moh-ebola-update-2026-06-21; who-daily-epi-bdbv-2026-06-08; who-dg-remarks-bdbv-2026-05-20; who-dg-remarks-bdbv-2026-05-22; who-don602-2026-05-15-live; who-don603-2026-05-21-live; who-don606-bdbv-2026-06-08; who-ihr-ec-bdbv-temporary-recommendations-2026-05-22; who-pheic-2026-05-17-live; wikipedia-2026-ituri-epidemic-2026-05-20-live,
model:active_queue_lab_yield:lab_window,active_queue_lab_yield,lab_window,2026-06-01/2026-06-01,,,date_range,BDBV-CLAIM-020,derived_model_output_sibling_to_visibility,pinned_snapshot_model_output,africa-cdc-phecs-2026-05-18-live; afro-sitrep-01-2026-05-18-live; afro-sitrep-01-pdf-2026-05-18-live; cdc-current-situation-2026-05-21; cdc-current-situation-2026-05-23; cdc-current-situation-2026-05-24; cdc-current-situation-2026-05-25; drc-moh-epidemie-dashboard-sitrep-009-graphql-2026-05-24; drc-moh-epidemie-dashboard-sitrep-mve-n-007-mvb-17-2026-pdf-2026-05-22; ecdc-bdbv-drc-uga-2026-05-19-live; ecdc-bdbv-drc-uga-2026-05-21-live; ecdc-bdbv-drc-uga-2026-05-25-live; ecdc-bdbv-drc-uga-2026-05-26-live; ecdc-bdbv-drc-uga-2026-05-27-live; inrb-sitrep-015-2026-05-29; inrb-sitrep-016-2026-05-30; inrb-sitrep-017-2026-05-31; inrb-sitrep-018-2026-06-01; inrb-sitrep-019-2026-06-02; inrb-sitrep-020-2026-06-03; inrb-sitrep-021-2026-06-04; inrb-sitrep-022-2026-06-05; inrb-sitrep-023-2026-06-06; inrb-sitrep-024-2026-06-07; inrb-sitrep-025-2026-06-08; inrb-sitrep-026-2026-06-09; inrb-sitrep-027-2026-06-10; inrb-sitrep-028-2026-06-11; inrb-sitrep-030-2026-06-13; inrb-sitrep-031-2026-06-14; inrb-sitrep-032-2026-06-15; inrb-sitrep-033-2026-06-16; inrb-sitrep-034-2026-06-17; inrb-sitrep-035-2026-06-18; inrb-sitrep-036-2026-06-19; inrb-sitrep-037-2026-06-20; inrb-sitrep-038-2026-06-21; inrb-sitrep-039-2026-06-22; inrb-sitrep-040-2026-06-23; inrb-sitrep-041-2026-06-24; inrb-sitrep-042-2026-06-25; inrb-sitrep-044-2026-06-27; inrb-sitrep-046-2026-06-29; inrb-sitrep-047-2026-06-30; inrb-sitrep-048-2026-07-01; inrb-sitrep-049-2026-07-02; inrb-sitrep-050-2026-07-03; inrb-sitrep-051-2026-07-04; inrb-sitrep-052-2026-07-05; inrb-sitrep-053-2026-07-06; inrb-sitrep-054-2026-07-07; inrb-sitrep-055-2026-07-08; inrb-sitrep-056-2026-07-09; inrb-sitrep-057-2026-07-10; inrb-sitrep-058-2026-07-11; inrb-sitrep-059-2026-07-12; inrb-sitrep-060-2026-07-13; inrb-sitrep-061-2026-07-14; inrb-sitrep-062-2026-07-15; inrb-sitrep-063-2026-07-16; inrb-sitrep-064-2026-07-17; inrb-sitrep-065-2026-07-18; inrb-sitrep-066-2026-07-19; inrb-sitrep-067-2026-07-20; inrb-sitrep-068-2026-07-21; inrb-sitrep-069-2026-07-22; inrb-sitrep-070-2026-07-23; inrb-sitrep-071-2026-07-24; inrb-sitrep-072-2026-07-25; inrb-sitrep-073-2026-07-26; inrb-sitrep-074-2026-07-27; inrb-sitrep-077-2026-07-30; inrb-sitrep-078-2026-07-31; inrb-sitrep-079-2026-08-01; inrb-sitrep-080-2026-08-02; inrb-sitrep-081-2026-08-03; inrb-sitrep-082-2026-08-04; inrb-sitrep-083-2026-08-05; inrb-sitrep-084-2026-08-06; inrb-sitrep-085-2026-08-07; inrb-sitrep-088-2026-08-10; inrb-sitrep-089-2026-08-11; inrb-sitrep-090-2026-08-12; inrb-sitrep-091-2026-08-13; inrb-sitrep-092-2026-08-14; inrb-sitrep-093-2026-08-15; inrb-sitrep-094-2026-08-16; inrb-sitrep-095-2026-08-17; inrb-sitrep-096-2026-08-18; inrb-sitrep-097-2026-08-19; inrb-sitrep-098-2026-08-20; inrb-sitrep-099-2026-08-21; inrb-sitrep-100-2026-08-22; inrb-sitrep-101-2026-08-23; inrb-sitrep-102-2026-08-24; inrb-sitrep-103-2026-08-25; inrb-sitrep-104-2026-08-26; inrb-sitrep-105-2026-08-27; inrb-sitrep-106-2026-08-28; inrb-sitrep-107-2026-08-29; inrb-sitrep-108-2026-08-30; inrb-sitrep-109-2026-08-31; inrb-umie-ebola-drc-2026-build-2026-05-28-bb8b7d5; inrb-umie-ebola-drc-2026-build-2026-06-01-b4cafc9; insp-linkedin-sitrep-086-2026-08-09; insp-linkedin-sitrep-087-2026-08-10; uganda-moh-ebola-update-2026-06-06; uganda-moh-ebola-update-2026-06-20; uganda-moh-ebola-update-2026-06-21; who-daily-epi-bdbv-2026-06-08; who-dg-remarks-bdbv-2026-05-20; who-dg-remarks-bdbv-2026-05-22; who-don602-2026-05-15-live; who-don603-2026-05-21-live; who-don606-bdbv-2026-06-08; who-ihr-ec-bdbv-temporary-recommendations-2026-05-22; who-pheic-2026-05-17-live; wikipedia-2026-ituri-epidemic-2026-05-20-live,
model:active_queue_lab_yield:review_status,active_queue_lab_yield,review_status,,,,label,BDBV-CLAIM-020,derived_model_output_sibling_to_visibility,pinned_snapshot_model_output,africa-cdc-phecs-2026-05-18-live; afro-sitrep-01-2026-05-18-live; afro-sitrep-01-pdf-2026-05-18-live; cdc-current-situation-2026-05-21; cdc-current-situation-2026-05-23; cdc-current-situation-2026-05-24; cdc-current-situation-2026-05-25; drc-moh-epidemie-dashboard-sitrep-009-graphql-2026-05-24; drc-moh-epidemie-dashboard-sitrep-mve-n-007-mvb-17-2026-pdf-2026-05-22; ecdc-bdbv-drc-uga-2026-05-19-live; ecdc-bdbv-drc-uga-2026-05-21-live; ecdc-bdbv-drc-uga-2026-05-25-live; ecdc-bdbv-drc-uga-2026-05-26-live; ecdc-bdbv-drc-uga-2026-05-27-live; inrb-sitrep-015-2026-05-29; inrb-sitrep-016-2026-05-30; inrb-sitrep-017-2026-05-31; inrb-sitrep-018-2026-06-01; inrb-sitrep-019-2026-06-02; inrb-sitrep-020-2026-06-03; inrb-sitrep-021-2026-06-04; inrb-sitrep-022-2026-06-05; inrb-sitrep-023-2026-06-06; inrb-sitrep-024-2026-06-07; inrb-sitrep-025-2026-06-08; inrb-sitrep-026-2026-06-09; inrb-sitrep-027-2026-06-10; inrb-sitrep-028-2026-06-11; inrb-sitrep-030-2026-06-13; inrb-sitrep-031-2026-06-14; inrb-sitrep-032-2026-06-15; inrb-sitrep-033-2026-06-16; inrb-sitrep-034-2026-06-17; inrb-sitrep-035-2026-06-18; inrb-sitrep-036-2026-06-19; inrb-sitrep-037-2026-06-20; inrb-sitrep-038-2026-06-21; inrb-sitrep-039-2026-06-22; inrb-sitrep-040-2026-06-23; inrb-sitrep-041-2026-06-24; inrb-sitrep-042-2026-06-25; inrb-sitrep-044-2026-06-27; inrb-sitrep-046-2026-06-29; inrb-sitrep-047-2026-06-30; inrb-sitrep-048-2026-07-01; inrb-sitrep-049-2026-07-02; inrb-sitrep-050-2026-07-03; inrb-sitrep-051-2026-07-04; inrb-sitrep-052-2026-07-05; inrb-sitrep-053-2026-07-06; inrb-sitrep-054-2026-07-07; inrb-sitrep-055-2026-07-08; inrb-sitrep-056-2026-07-09; inrb-sitrep-057-2026-07-10; inrb-sitrep-058-2026-07-11; inrb-sitrep-059-2026-07-12; inrb-sitrep-060-2026-07-13; inrb-sitrep-061-2026-07-14; inrb-sitrep-062-2026-07-15; inrb-sitrep-063-2026-07-16; inrb-sitrep-064-2026-07-17; inrb-sitrep-065-2026-07-18; inrb-sitrep-066-2026-07-19; inrb-sitrep-067-2026-07-20; inrb-sitrep-068-2026-07-21; inrb-sitrep-069-2026-07-22; inrb-sitrep-070-2026-07-23; inrb-sitrep-071-2026-07-24; inrb-sitrep-072-2026-07-25; inrb-sitrep-073-2026-07-26; inrb-sitrep-074-2026-07-27; inrb-sitrep-077-2026-07-30; inrb-sitrep-078-2026-07-31; inrb-sitrep-079-2026-08-01; inrb-sitrep-080-2026-08-02; inrb-sitrep-081-2026-08-03; inrb-sitrep-082-2026-08-04; inrb-sitrep-083-2026-08-05; inrb-sitrep-084-2026-08-06; inrb-sitrep-085-2026-08-07; inrb-sitrep-088-2026-08-10; inrb-sitrep-089-2026-08-11; inrb-sitrep-090-2026-08-12; inrb-sitrep-091-2026-08-13; inrb-sitrep-092-2026-08-14; inrb-sitrep-093-2026-08-15; inrb-sitrep-094-2026-08-16; inrb-sitrep-095-2026-08-17; inrb-sitrep-096-2026-08-18; inrb-sitrep-097-2026-08-19; inrb-sitrep-098-2026-08-20; inrb-sitrep-099-2026-08-21; inrb-sitrep-100-2026-08-22; inrb-sitrep-101-2026-08-23; inrb-sitrep-102-2026-08-24; inrb-sitrep-103-2026-08-25; inrb-sitrep-104-2026-08-26; inrb-sitrep-105-2026-08-27; inrb-sitrep-106-2026-08-28; inrb-sitrep-107-2026-08-29; inrb-sitrep-108-2026-08-30; inrb-sitrep-109-2026-08-31; inrb-umie-ebola-drc-2026-build-2026-05-28-bb8b7d5; inrb-umie-ebola-drc-2026-build-2026-06-01-b4cafc9; insp-linkedin-sitrep-086-2026-08-09; insp-linkedin-sitrep-087-2026-08-10; uganda-moh-ebola-update-2026-06-06; uganda-moh-ebola-update-2026-06-20; uganda-moh-ebola-update-2026-06-21; who-daily-epi-bdbv-2026-06-08; who-dg-remarks-bdbv-2026-05-20; who-dg-remarks-bdbv-2026-05-22; who-don602-2026-05-15-live; who-don603-2026-05-21-live; who-don606-bdbv-2026-06-08; who-ihr-ec-bdbv-temporary-recommendations-2026-05-22; who-pheic-2026-05-17-live; wikipedia-2026-ituri-epidemic-2026-05-20-live,
model:active_queue_lab_yield:method_basis,active_queue_lab_yield,method_basis,reviewed SitRep lab indicators applied to the operational active-suspected queue; not issued this cycle,,,label,BDBV-CLAIM-020,derived_model_output_sibling_to_visibility,pinned_snapshot_model_output,africa-cdc-phecs-2026-05-18-live; afro-sitrep-01-2026-05-18-live; afro-sitrep-01-pdf-2026-05-18-live; cdc-current-situation-2026-05-21; cdc-current-situation-2026-05-23; cdc-current-situation-2026-05-24; cdc-current-situation-2026-05-25; drc-moh-epidemie-dashboard-sitrep-009-graphql-2026-05-24; drc-moh-epidemie-dashboard-sitrep-mve-n-007-mvb-17-2026-pdf-2026-05-22; ecdc-bdbv-drc-uga-2026-05-19-live; ecdc-bdbv-drc-uga-2026-05-21-live; ecdc-bdbv-drc-uga-2026-05-25-live; ecdc-bdbv-drc-uga-2026-05-26-live; ecdc-bdbv-drc-uga-2026-05-27-live; inrb-sitrep-015-2026-05-29; inrb-sitrep-016-2026-05-30; inrb-sitrep-017-2026-05-31; inrb-sitrep-018-2026-06-01; inrb-sitrep-019-2026-06-02; inrb-sitrep-020-2026-06-03; inrb-sitrep-021-2026-06-04; inrb-sitrep-022-2026-06-05; inrb-sitrep-023-2026-06-06; inrb-sitrep-024-2026-06-07; inrb-sitrep-025-2026-06-08; inrb-sitrep-026-2026-06-09; inrb-sitrep-027-2026-06-10; inrb-sitrep-028-2026-06-11; inrb-sitrep-030-2026-06-13; inrb-sitrep-031-2026-06-14; inrb-sitrep-032-2026-06-15; inrb-sitrep-033-2026-06-16; inrb-sitrep-034-2026-06-17; inrb-sitrep-035-2026-06-18; inrb-sitrep-036-2026-06-19; inrb-sitrep-037-2026-06-20; inrb-sitrep-038-2026-06-21; inrb-sitrep-039-2026-06-22; inrb-sitrep-040-2026-06-23; inrb-sitrep-041-2026-06-24; inrb-sitrep-042-2026-06-25; inrb-sitrep-044-2026-06-27; inrb-sitrep-046-2026-06-29; inrb-sitrep-047-2026-06-30; inrb-sitrep-048-2026-07-01; inrb-sitrep-049-2026-07-02; inrb-sitrep-050-2026-07-03; inrb-sitrep-051-2026-07-04; inrb-sitrep-052-2026-07-05; inrb-sitrep-053-2026-07-06; inrb-sitrep-054-2026-07-07; inrb-sitrep-055-2026-07-08; inrb-sitrep-056-2026-07-09; inrb-sitrep-057-2026-07-10; inrb-sitrep-058-2026-07-11; inrb-sitrep-059-2026-07-12; inrb-sitrep-060-2026-07-13; inrb-sitrep-061-2026-07-14; inrb-sitrep-062-2026-07-15; inrb-sitrep-063-2026-07-16; inrb-sitrep-064-2026-07-17; inrb-sitrep-065-2026-07-18; inrb-sitrep-066-2026-07-19; inrb-sitrep-067-2026-07-20; inrb-sitrep-068-2026-07-21; inrb-sitrep-069-2026-07-22; inrb-sitrep-070-2026-07-23; inrb-sitrep-071-2026-07-24; inrb-sitrep-072-2026-07-25; inrb-sitrep-073-2026-07-26; inrb-sitrep-074-2026-07-27; inrb-sitrep-077-2026-07-30; inrb-sitrep-078-2026-07-31; inrb-sitrep-079-2026-08-01; inrb-sitrep-080-2026-08-02; inrb-sitrep-081-2026-08-03; inrb-sitrep-082-2026-08-04; inrb-sitrep-083-2026-08-05; inrb-sitrep-084-2026-08-06; inrb-sitrep-085-2026-08-07; inrb-sitrep-088-2026-08-10; inrb-sitrep-089-2026-08-11; inrb-sitrep-090-2026-08-12; inrb-sitrep-091-2026-08-13; inrb-sitrep-092-2026-08-14; inrb-sitrep-093-2026-08-15; inrb-sitrep-094-2026-08-16; inrb-sitrep-095-2026-08-17; inrb-sitrep-096-2026-08-18; inrb-sitrep-097-2026-08-19; inrb-sitrep-098-2026-08-20; inrb-sitrep-099-2026-08-21; inrb-sitrep-100-2026-08-22; inrb-sitrep-101-2026-08-23; inrb-sitrep-102-2026-08-24; inrb-sitrep-103-2026-08-25; inrb-sitrep-104-2026-08-26; inrb-sitrep-105-2026-08-27; inrb-sitrep-106-2026-08-28; inrb-sitrep-107-2026-08-29; inrb-sitrep-108-2026-08-30; inrb-sitrep-109-2026-08-31; inrb-umie-ebola-drc-2026-build-2026-05-28-bb8b7d5; inrb-umie-ebola-drc-2026-build-2026-06-01-b4cafc9; insp-linkedin-sitrep-086-2026-08-09; insp-linkedin-sitrep-087-2026-08-10; uganda-moh-ebola-update-2026-06-06; uganda-moh-ebola-update-2026-06-20; uganda-moh-ebola-update-2026-06-21; who-daily-epi-bdbv-2026-06-08; who-dg-remarks-bdbv-2026-05-20; who-dg-remarks-bdbv-2026-05-22; who-don602-2026-05-15-live; who-don603-2026-05-21-live; who-don606-bdbv-2026-06-08; who-ihr-ec-bdbv-temporary-recommendations-2026-05-22; who-pheic-2026-05-17-live; wikipedia-2026-ituri-epidemic-2026-05-20-live,
model:active_queue_lab_yield:evidence_chain_references,active_queue_lab_yield,evidence_chain_references,1 internal chain reference (withheld),,,count,BDBV-CLAIM-020,derived_model_output_sibling_to_visibility,pinned_snapshot_model_output,africa-cdc-phecs-2026-05-18-live; afro-sitrep-01-2026-05-18-live; afro-sitrep-01-pdf-2026-05-18-live; cdc-current-situation-2026-05-21; cdc-current-situation-2026-05-23; cdc-current-situation-2026-05-24; cdc-current-situation-2026-05-25; drc-moh-epidemie-dashboard-sitrep-009-graphql-2026-05-24; drc-moh-epidemie-dashboard-sitrep-mve-n-007-mvb-17-2026-pdf-2026-05-22; ecdc-bdbv-drc-uga-2026-05-19-live; ecdc-bdbv-drc-uga-2026-05-21-live; ecdc-bdbv-drc-uga-2026-05-25-live; ecdc-bdbv-drc-uga-2026-05-26-live; ecdc-bdbv-drc-uga-2026-05-27-live; inrb-sitrep-015-2026-05-29; inrb-sitrep-016-2026-05-30; inrb-sitrep-017-2026-05-31; inrb-sitrep-018-2026-06-01; inrb-sitrep-019-2026-06-02; inrb-sitrep-020-2026-06-03; inrb-sitrep-021-2026-06-04; inrb-sitrep-022-2026-06-05; inrb-sitrep-023-2026-06-06; inrb-sitrep-024-2026-06-07; inrb-sitrep-025-2026-06-08; inrb-sitrep-026-2026-06-09; inrb-sitrep-027-2026-06-10; inrb-sitrep-028-2026-06-11; inrb-sitrep-030-2026-06-13; inrb-sitrep-031-2026-06-14; inrb-sitrep-032-2026-06-15; inrb-sitrep-033-2026-06-16; inrb-sitrep-034-2026-06-17; inrb-sitrep-035-2026-06-18; inrb-sitrep-036-2026-06-19; inrb-sitrep-037-2026-06-20; inrb-sitrep-038-2026-06-21; inrb-sitrep-039-2026-06-22; inrb-sitrep-040-2026-06-23; inrb-sitrep-041-2026-06-24; inrb-sitrep-042-2026-06-25; inrb-sitrep-044-2026-06-27; inrb-sitrep-046-2026-06-29; inrb-sitrep-047-2026-06-30; inrb-sitrep-048-2026-07-01; inrb-sitrep-049-2026-07-02; inrb-sitrep-050-2026-07-03; inrb-sitrep-051-2026-07-04; inrb-sitrep-052-2026-07-05; inrb-sitrep-053-2026-07-06; inrb-sitrep-054-2026-07-07; inrb-sitrep-055-2026-07-08; inrb-sitrep-056-2026-07-09; inrb-sitrep-057-2026-07-10; inrb-sitrep-058-2026-07-11; inrb-sitrep-059-2026-07-12; inrb-sitrep-060-2026-07-13; inrb-sitrep-061-2026-07-14; inrb-sitrep-062-2026-07-15; inrb-sitrep-063-2026-07-16; inrb-sitrep-064-2026-07-17; inrb-sitrep-065-2026-07-18; inrb-sitrep-066-2026-07-19; inrb-sitrep-067-2026-07-20; inrb-sitrep-068-2026-07-21; inrb-sitrep-069-2026-07-22; inrb-sitrep-070-2026-07-23; inrb-sitrep-071-2026-07-24; inrb-sitrep-072-2026-07-25; inrb-sitrep-073-2026-07-26; inrb-sitrep-074-2026-07-27; inrb-sitrep-077-2026-07-30; inrb-sitrep-078-2026-07-31; inrb-sitrep-079-2026-08-01; inrb-sitrep-080-2026-08-02; inrb-sitrep-081-2026-08-03; inrb-sitrep-082-2026-08-04; inrb-sitrep-083-2026-08-05; inrb-sitrep-084-2026-08-06; inrb-sitrep-085-2026-08-07; inrb-sitrep-088-2026-08-10; inrb-sitrep-089-2026-08-11; inrb-sitrep-090-2026-08-12; inrb-sitrep-091-2026-08-13; inrb-sitrep-092-2026-08-14; inrb-sitrep-093-2026-08-15; inrb-sitrep-094-2026-08-16; inrb-sitrep-095-2026-08-17; inrb-sitrep-096-2026-08-18; inrb-sitrep-097-2026-08-19; inrb-sitrep-098-2026-08-20; inrb-sitrep-099-2026-08-21; inrb-sitrep-100-2026-08-22; inrb-sitrep-101-2026-08-23; inrb-sitrep-102-2026-08-24; inrb-sitrep-103-2026-08-25; inrb-sitrep-104-2026-08-26; inrb-sitrep-105-2026-08-27; inrb-sitrep-106-2026-08-28; inrb-sitrep-107-2026-08-29; inrb-sitrep-108-2026-08-30; inrb-sitrep-109-2026-08-31; inrb-umie-ebola-drc-2026-build-2026-05-28-bb8b7d5; inrb-umie-ebola-drc-2026-build-2026-06-01-b4cafc9; insp-linkedin-sitrep-086-2026-08-09; insp-linkedin-sitrep-087-2026-08-10; uganda-moh-ebola-update-2026-06-06; uganda-moh-ebola-update-2026-06-20; uganda-moh-ebola-update-2026-06-21; who-daily-epi-bdbv-2026-06-08; who-dg-remarks-bdbv-2026-05-20; who-dg-remarks-bdbv-2026-05-22; who-don602-2026-05-15-live; who-don603-2026-05-21-live; who-don606-bdbv-2026-06-08; who-ihr-ec-bdbv-temporary-recommendations-2026-05-22; who-pheic-2026-05-17-live; wikipedia-2026-ituri-epidemic-2026-05-20-live,Detailed audit chain ids intentionally withheld in the public workbook.
model:transmission:latent_active_chains_95,transmission,latent_active_chains_95,,0,3,count_or_flag,BDBV-CLAIM-047,derived_supported,pinned_snapshot_model_output,africa-cdc-phecs-2026-05-18-live; afro-sitrep-01-2026-05-18-live; afro-sitrep-01-pdf-2026-05-18-live; cdc-current-situation-2026-05-21; cdc-current-situation-2026-05-23; cdc-current-situation-2026-05-24; cdc-current-situation-2026-05-25; drc-moh-epidemie-dashboard-sitrep-009-graphql-2026-05-24; drc-moh-epidemie-dashboard-sitrep-mve-n-007-mvb-17-2026-pdf-2026-05-22; ecdc-bdbv-drc-uga-2026-05-19-live; ecdc-bdbv-drc-uga-2026-05-21-live; ecdc-bdbv-drc-uga-2026-05-25-live; ecdc-bdbv-drc-uga-2026-05-26-live; ecdc-bdbv-drc-uga-2026-05-27-live; inrb-sitrep-015-2026-05-29; inrb-sitrep-016-2026-05-30; inrb-sitrep-017-2026-05-31; inrb-sitrep-018-2026-06-01; inrb-sitrep-019-2026-06-02; inrb-sitrep-020-2026-06-03; inrb-sitrep-021-2026-06-04; inrb-sitrep-022-2026-06-05; inrb-sitrep-023-2026-06-06; inrb-sitrep-024-2026-06-07; inrb-sitrep-025-2026-06-08; inrb-sitrep-026-2026-06-09; inrb-sitrep-027-2026-06-10; inrb-sitrep-028-2026-06-11; inrb-sitrep-030-2026-06-13; inrb-sitrep-031-2026-06-14; inrb-sitrep-032-2026-06-15; inrb-sitrep-033-2026-06-16; inrb-sitrep-034-2026-06-17; inrb-sitrep-035-2026-06-18; inrb-sitrep-036-2026-06-19; inrb-sitrep-037-2026-06-20; inrb-sitrep-038-2026-06-21; inrb-sitrep-039-2026-06-22; inrb-sitrep-040-2026-06-23; inrb-sitrep-041-2026-06-24; inrb-sitrep-042-2026-06-25; inrb-sitrep-044-2026-06-27; inrb-sitrep-046-2026-06-29; inrb-sitrep-047-2026-06-30; inrb-sitrep-048-2026-07-01; inrb-sitrep-049-2026-07-02; inrb-sitrep-050-2026-07-03; inrb-sitrep-051-2026-07-04; inrb-sitrep-052-2026-07-05; inrb-sitrep-053-2026-07-06; inrb-sitrep-054-2026-07-07; inrb-sitrep-055-2026-07-08; inrb-sitrep-056-2026-07-09; inrb-sitrep-057-2026-07-10; inrb-sitrep-058-2026-07-11; inrb-sitrep-059-2026-07-12; inrb-sitrep-060-2026-07-13; inrb-sitrep-061-2026-07-14; inrb-sitrep-062-2026-07-15; inrb-sitrep-063-2026-07-16; inrb-sitrep-064-2026-07-17; inrb-sitrep-065-2026-07-18; inrb-sitrep-066-2026-07-19; inrb-sitrep-067-2026-07-20; inrb-sitrep-068-2026-07-21; inrb-sitrep-069-2026-07-22; inrb-sitrep-070-2026-07-23; inrb-sitrep-071-2026-07-24; inrb-sitrep-072-2026-07-25; inrb-sitrep-073-2026-07-26; inrb-sitrep-074-2026-07-27; inrb-sitrep-077-2026-07-30; inrb-sitrep-078-2026-07-31; inrb-sitrep-079-2026-08-01; inrb-sitrep-080-2026-08-02; inrb-sitrep-081-2026-08-03; inrb-sitrep-082-2026-08-04; inrb-sitrep-083-2026-08-05; inrb-sitrep-084-2026-08-06; inrb-sitrep-085-2026-08-07; inrb-sitrep-088-2026-08-10; inrb-sitrep-089-2026-08-11; inrb-sitrep-090-2026-08-12; inrb-sitrep-091-2026-08-13; inrb-sitrep-092-2026-08-14; inrb-sitrep-093-2026-08-15; inrb-sitrep-094-2026-08-16; inrb-sitrep-095-2026-08-17; inrb-sitrep-096-2026-08-18; inrb-sitrep-097-2026-08-19; inrb-sitrep-098-2026-08-20; inrb-sitrep-099-2026-08-21; inrb-sitrep-100-2026-08-22; inrb-sitrep-101-2026-08-23; inrb-sitrep-102-2026-08-24; inrb-sitrep-103-2026-08-25; inrb-sitrep-104-2026-08-26; inrb-sitrep-105-2026-08-27; inrb-sitrep-106-2026-08-28; inrb-sitrep-107-2026-08-29; inrb-sitrep-108-2026-08-30; inrb-sitrep-109-2026-08-31; inrb-umie-ebola-drc-2026-build-2026-05-28-bb8b7d5; inrb-umie-ebola-drc-2026-build-2026-06-01-b4cafc9; insp-linkedin-sitrep-086-2026-08-09; insp-linkedin-sitrep-087-2026-08-10; uganda-moh-ebola-update-2026-06-06; uganda-moh-ebola-update-2026-06-20; uganda-moh-ebola-update-2026-06-21; who-daily-epi-bdbv-2026-06-08; who-dg-remarks-bdbv-2026-05-20; who-dg-remarks-bdbv-2026-05-22; who-don602-2026-05-15-live; who-don603-2026-05-21-live; who-don606-bdbv-2026-06-08; who-ihr-ec-bdbv-temporary-recommendations-2026-05-22; who-pheic-2026-05-17-live; wikipedia-2026-ituri-epidemic-2026-05-20-live,
model:transmission:generation:1,transmission,generation_1_probability,0.0,,,probability,BDBV-CLAIM-047,derived_supported,pinned_snapshot_model_output,africa-cdc-phecs-2026-05-18-live; afro-sitrep-01-2026-05-18-live; afro-sitrep-01-pdf-2026-05-18-live; cdc-current-situation-2026-05-21; cdc-current-situation-2026-05-23; cdc-current-situation-2026-05-24; cdc-current-situation-2026-05-25; drc-moh-epidemie-dashboard-sitrep-009-graphql-2026-05-24; drc-moh-epidemie-dashboard-sitrep-mve-n-007-mvb-17-2026-pdf-2026-05-22; ecdc-bdbv-drc-uga-2026-05-19-live; ecdc-bdbv-drc-uga-2026-05-21-live; ecdc-bdbv-drc-uga-2026-05-25-live; ecdc-bdbv-drc-uga-2026-05-26-live; ecdc-bdbv-drc-uga-2026-05-27-live; inrb-sitrep-015-2026-05-29; inrb-sitrep-016-2026-05-30; inrb-sitrep-017-2026-05-31; inrb-sitrep-018-2026-06-01; inrb-sitrep-019-2026-06-02; inrb-sitrep-020-2026-06-03; inrb-sitrep-021-2026-06-04; inrb-sitrep-022-2026-06-05; inrb-sitrep-023-2026-06-06; inrb-sitrep-024-2026-06-07; inrb-sitrep-025-2026-06-08; inrb-sitrep-026-2026-06-09; inrb-sitrep-027-2026-06-10; inrb-sitrep-028-2026-06-11; inrb-sitrep-030-2026-06-13; inrb-sitrep-031-2026-06-14; inrb-sitrep-032-2026-06-15; inrb-sitrep-033-2026-06-16; inrb-sitrep-034-2026-06-17; inrb-sitrep-035-2026-06-18; inrb-sitrep-036-2026-06-19; inrb-sitrep-037-2026-06-20; inrb-sitrep-038-2026-06-21; inrb-sitrep-039-2026-06-22; inrb-sitrep-040-2026-06-23; inrb-sitrep-041-2026-06-24; inrb-sitrep-042-2026-06-25; inrb-sitrep-044-2026-06-27; inrb-sitrep-046-2026-06-29; inrb-sitrep-047-2026-06-30; inrb-sitrep-048-2026-07-01; inrb-sitrep-049-2026-07-02; inrb-sitrep-050-2026-07-03; inrb-sitrep-051-2026-07-04; inrb-sitrep-052-2026-07-05; inrb-sitrep-053-2026-07-06; inrb-sitrep-054-2026-07-07; inrb-sitrep-055-2026-07-08; inrb-sitrep-056-2026-07-09; inrb-sitrep-057-2026-07-10; inrb-sitrep-058-2026-07-11; inrb-sitrep-059-2026-07-12; inrb-sitrep-060-2026-07-13; inrb-sitrep-061-2026-07-14; inrb-sitrep-062-2026-07-15; inrb-sitrep-063-2026-07-16; inrb-sitrep-064-2026-07-17; inrb-sitrep-065-2026-07-18; inrb-sitrep-066-2026-07-19; inrb-sitrep-067-2026-07-20; inrb-sitrep-068-2026-07-21; inrb-sitrep-069-2026-07-22; inrb-sitrep-070-2026-07-23; inrb-sitrep-071-2026-07-24; inrb-sitrep-072-2026-07-25; inrb-sitrep-073-2026-07-26; inrb-sitrep-074-2026-07-27; inrb-sitrep-077-2026-07-30; inrb-sitrep-078-2026-07-31; inrb-sitrep-079-2026-08-01; inrb-sitrep-080-2026-08-02; inrb-sitrep-081-2026-08-03; inrb-sitrep-082-2026-08-04; inrb-sitrep-083-2026-08-05; inrb-sitrep-084-2026-08-06; inrb-sitrep-085-2026-08-07; inrb-sitrep-088-2026-08-10; inrb-sitrep-089-2026-08-11; inrb-sitrep-090-2026-08-12; inrb-sitrep-091-2026-08-13; inrb-sitrep-092-2026-08-14; inrb-sitrep-093-2026-08-15; inrb-sitrep-094-2026-08-16; inrb-sitrep-095-2026-08-17; inrb-sitrep-096-2026-08-18; inrb-sitrep-097-2026-08-19; inrb-sitrep-098-2026-08-20; inrb-sitrep-099-2026-08-21; inrb-sitrep-100-2026-08-22; inrb-sitrep-101-2026-08-23; inrb-sitrep-102-2026-08-24; inrb-sitrep-103-2026-08-25; inrb-sitrep-104-2026-08-26; inrb-sitrep-105-2026-08-27; inrb-sitrep-106-2026-08-28; inrb-sitrep-107-2026-08-29; inrb-sitrep-108-2026-08-30; inrb-sitrep-109-2026-08-31; inrb-umie-ebola-drc-2026-build-2026-05-28-bb8b7d5; inrb-umie-ebola-drc-2026-build-2026-06-01-b4cafc9; insp-linkedin-sitrep-086-2026-08-09; insp-linkedin-sitrep-087-2026-08-10; uganda-moh-ebola-update-2026-06-06; uganda-moh-ebola-update-2026-06-20; uganda-moh-ebola-update-2026-06-21; who-daily-epi-bdbv-2026-06-08; who-dg-remarks-bdbv-2026-05-20; who-dg-remarks-bdbv-2026-05-22; who-don602-2026-05-15-live; who-don603-2026-05-21-live; who-don606-bdbv-2026-06-08; who-ihr-ec-bdbv-temporary-recommendations-2026-05-22; who-pheic-2026-05-17-live; wikipedia-2026-ituri-epidemic-2026-05-20-live,Generation max bin may be censored; see generations_max_bin_is_censored row.
model:transmission:generation:2,transmission,generation_2_probability,0.0,,,probability,BDBV-CLAIM-047,derived_supported,pinned_snapshot_model_output,africa-cdc-phecs-2026-05-18-live; afro-sitrep-01-2026-05-18-live; afro-sitrep-01-pdf-2026-05-18-live; cdc-current-situation-2026-05-21; cdc-current-situation-2026-05-23; cdc-current-situation-2026-05-24; cdc-current-situation-2026-05-25; drc-moh-epidemie-dashboard-sitrep-009-graphql-2026-05-24; drc-moh-epidemie-dashboard-sitrep-mve-n-007-mvb-17-2026-pdf-2026-05-22; ecdc-bdbv-drc-uga-2026-05-19-live; ecdc-bdbv-drc-uga-2026-05-21-live; ecdc-bdbv-drc-uga-2026-05-25-live; ecdc-bdbv-drc-uga-2026-05-26-live; ecdc-bdbv-drc-uga-2026-05-27-live; inrb-sitrep-015-2026-05-29; inrb-sitrep-016-2026-05-30; inrb-sitrep-017-2026-05-31; inrb-sitrep-018-2026-06-01; inrb-sitrep-019-2026-06-02; inrb-sitrep-020-2026-06-03; inrb-sitrep-021-2026-06-04; inrb-sitrep-022-2026-06-05; inrb-sitrep-023-2026-06-06; inrb-sitrep-024-2026-06-07; inrb-sitrep-025-2026-06-08; inrb-sitrep-026-2026-06-09; inrb-sitrep-027-2026-06-10; inrb-sitrep-028-2026-06-11; inrb-sitrep-030-2026-06-13; inrb-sitrep-031-2026-06-14; inrb-sitrep-032-2026-06-15; inrb-sitrep-033-2026-06-16; inrb-sitrep-034-2026-06-17; inrb-sitrep-035-2026-06-18; inrb-sitrep-036-2026-06-19; inrb-sitrep-037-2026-06-20; inrb-sitrep-038-2026-06-21; inrb-sitrep-039-2026-06-22; inrb-sitrep-040-2026-06-23; inrb-sitrep-041-2026-06-24; inrb-sitrep-042-2026-06-25; inrb-sitrep-044-2026-06-27; inrb-sitrep-046-2026-06-29; inrb-sitrep-047-2026-06-30; inrb-sitrep-048-2026-07-01; inrb-sitrep-049-2026-07-02; inrb-sitrep-050-2026-07-03; inrb-sitrep-051-2026-07-04; inrb-sitrep-052-2026-07-05; inrb-sitrep-053-2026-07-06; inrb-sitrep-054-2026-07-07; inrb-sitrep-055-2026-07-08; inrb-sitrep-056-2026-07-09; inrb-sitrep-057-2026-07-10; inrb-sitrep-058-2026-07-11; inrb-sitrep-059-2026-07-12; inrb-sitrep-060-2026-07-13; inrb-sitrep-061-2026-07-14; inrb-sitrep-062-2026-07-15; inrb-sitrep-063-2026-07-16; inrb-sitrep-064-2026-07-17; inrb-sitrep-065-2026-07-18; inrb-sitrep-066-2026-07-19; inrb-sitrep-067-2026-07-20; inrb-sitrep-068-2026-07-21; inrb-sitrep-069-2026-07-22; inrb-sitrep-070-2026-07-23; inrb-sitrep-071-2026-07-24; inrb-sitrep-072-2026-07-25; inrb-sitrep-073-2026-07-26; inrb-sitrep-074-2026-07-27; inrb-sitrep-077-2026-07-30; inrb-sitrep-078-2026-07-31; inrb-sitrep-079-2026-08-01; inrb-sitrep-080-2026-08-02; inrb-sitrep-081-2026-08-03; inrb-sitrep-082-2026-08-04; inrb-sitrep-083-2026-08-05; inrb-sitrep-084-2026-08-06; inrb-sitrep-085-2026-08-07; inrb-sitrep-088-2026-08-10; inrb-sitrep-089-2026-08-11; inrb-sitrep-090-2026-08-12; inrb-sitrep-091-2026-08-13; inrb-sitrep-092-2026-08-14; inrb-sitrep-093-2026-08-15; inrb-sitrep-094-2026-08-16; inrb-sitrep-095-2026-08-17; inrb-sitrep-096-2026-08-18; inrb-sitrep-097-2026-08-19; inrb-sitrep-098-2026-08-20; inrb-sitrep-099-2026-08-21; inrb-sitrep-100-2026-08-22; inrb-sitrep-101-2026-08-23; inrb-sitrep-102-2026-08-24; inrb-sitrep-103-2026-08-25; inrb-sitrep-104-2026-08-26; inrb-sitrep-105-2026-08-27; inrb-sitrep-106-2026-08-28; inrb-sitrep-107-2026-08-29; inrb-sitrep-108-2026-08-30; inrb-sitrep-109-2026-08-31; inrb-umie-ebola-drc-2026-build-2026-05-28-bb8b7d5; inrb-umie-ebola-drc-2026-build-2026-06-01-b4cafc9; insp-linkedin-sitrep-086-2026-08-09; insp-linkedin-sitrep-087-2026-08-10; uganda-moh-ebola-update-2026-06-06; uganda-moh-ebola-update-2026-06-20; uganda-moh-ebola-update-2026-06-21; who-daily-epi-bdbv-2026-06-08; who-dg-remarks-bdbv-2026-05-20; who-dg-remarks-bdbv-2026-05-22; who-don602-2026-05-15-live; who-don603-2026-05-21-live; who-don606-bdbv-2026-06-08; who-ihr-ec-bdbv-temporary-recommendations-2026-05-22; who-pheic-2026-05-17-live; wikipedia-2026-ituri-epidemic-2026-05-20-live,Generation max bin may be censored; see generations_max_bin_is_censored row.
model:transmission:generation:3,transmission,generation_3_probability,0.0,,,probability,BDBV-CLAIM-047,derived_supported,pinned_snapshot_model_output,africa-cdc-phecs-2026-05-18-live; afro-sitrep-01-2026-05-18-live; afro-sitrep-01-pdf-2026-05-18-live; cdc-current-situation-2026-05-21; cdc-current-situation-2026-05-23; cdc-current-situation-2026-05-24; cdc-current-situation-2026-05-25; drc-moh-epidemie-dashboard-sitrep-009-graphql-2026-05-24; drc-moh-epidemie-dashboard-sitrep-mve-n-007-mvb-17-2026-pdf-2026-05-22; ecdc-bdbv-drc-uga-2026-05-19-live; ecdc-bdbv-drc-uga-2026-05-21-live; ecdc-bdbv-drc-uga-2026-05-25-live; ecdc-bdbv-drc-uga-2026-05-26-live; ecdc-bdbv-drc-uga-2026-05-27-live; inrb-sitrep-015-2026-05-29; inrb-sitrep-016-2026-05-30; inrb-sitrep-017-2026-05-31; inrb-sitrep-018-2026-06-01; inrb-sitrep-019-2026-06-02; inrb-sitrep-020-2026-06-03; inrb-sitrep-021-2026-06-04; inrb-sitrep-022-2026-06-05; inrb-sitrep-023-2026-06-06; inrb-sitrep-024-2026-06-07; inrb-sitrep-025-2026-06-08; inrb-sitrep-026-2026-06-09; inrb-sitrep-027-2026-06-10; inrb-sitrep-028-2026-06-11; inrb-sitrep-030-2026-06-13; inrb-sitrep-031-2026-06-14; inrb-sitrep-032-2026-06-15; inrb-sitrep-033-2026-06-16; inrb-sitrep-034-2026-06-17; inrb-sitrep-035-2026-06-18; inrb-sitrep-036-2026-06-19; inrb-sitrep-037-2026-06-20; inrb-sitrep-038-2026-06-21; inrb-sitrep-039-2026-06-22; inrb-sitrep-040-2026-06-23; inrb-sitrep-041-2026-06-24; inrb-sitrep-042-2026-06-25; inrb-sitrep-044-2026-06-27; inrb-sitrep-046-2026-06-29; inrb-sitrep-047-2026-06-30; inrb-sitrep-048-2026-07-01; inrb-sitrep-049-2026-07-02; inrb-sitrep-050-2026-07-03; inrb-sitrep-051-2026-07-04; inrb-sitrep-052-2026-07-05; inrb-sitrep-053-2026-07-06; inrb-sitrep-054-2026-07-07; inrb-sitrep-055-2026-07-08; inrb-sitrep-056-2026-07-09; inrb-sitrep-057-2026-07-10; inrb-sitrep-058-2026-07-11; inrb-sitrep-059-2026-07-12; inrb-sitrep-060-2026-07-13; inrb-sitrep-061-2026-07-14; inrb-sitrep-062-2026-07-15; inrb-sitrep-063-2026-07-16; inrb-sitrep-064-2026-07-17; inrb-sitrep-065-2026-07-18; inrb-sitrep-066-2026-07-19; inrb-sitrep-067-2026-07-20; inrb-sitrep-068-2026-07-21; inrb-sitrep-069-2026-07-22; inrb-sitrep-070-2026-07-23; inrb-sitrep-071-2026-07-24; inrb-sitrep-072-2026-07-25; inrb-sitrep-073-2026-07-26; inrb-sitrep-074-2026-07-27; inrb-sitrep-077-2026-07-30; inrb-sitrep-078-2026-07-31; inrb-sitrep-079-2026-08-01; inrb-sitrep-080-2026-08-02; inrb-sitrep-081-2026-08-03; inrb-sitrep-082-2026-08-04; inrb-sitrep-083-2026-08-05; inrb-sitrep-084-2026-08-06; inrb-sitrep-085-2026-08-07; inrb-sitrep-088-2026-08-10; inrb-sitrep-089-2026-08-11; inrb-sitrep-090-2026-08-12; inrb-sitrep-091-2026-08-13; inrb-sitrep-092-2026-08-14; inrb-sitrep-093-2026-08-15; inrb-sitrep-094-2026-08-16; inrb-sitrep-095-2026-08-17; inrb-sitrep-096-2026-08-18; inrb-sitrep-097-2026-08-19; inrb-sitrep-098-2026-08-20; inrb-sitrep-099-2026-08-21; inrb-sitrep-100-2026-08-22; inrb-sitrep-101-2026-08-23; inrb-sitrep-102-2026-08-24; inrb-sitrep-103-2026-08-25; inrb-sitrep-104-2026-08-26; inrb-sitrep-105-2026-08-27; inrb-sitrep-106-2026-08-28; inrb-sitrep-107-2026-08-29; inrb-sitrep-108-2026-08-30; inrb-sitrep-109-2026-08-31; inrb-umie-ebola-drc-2026-build-2026-05-28-bb8b7d5; inrb-umie-ebola-drc-2026-build-2026-06-01-b4cafc9; insp-linkedin-sitrep-086-2026-08-09; insp-linkedin-sitrep-087-2026-08-10; uganda-moh-ebola-update-2026-06-06; uganda-moh-ebola-update-2026-06-20; uganda-moh-ebola-update-2026-06-21; who-daily-epi-bdbv-2026-06-08; who-dg-remarks-bdbv-2026-05-20; who-dg-remarks-bdbv-2026-05-22; who-don602-2026-05-15-live; who-don603-2026-05-21-live; who-don606-bdbv-2026-06-08; who-ihr-ec-bdbv-temporary-recommendations-2026-05-22; who-pheic-2026-05-17-live; wikipedia-2026-ituri-epidemic-2026-05-20-live,Generation max bin may be censored; see generations_max_bin_is_censored row.
model:transmission:generation:4,transmission,generation_4_probability,0.0,,,probability,BDBV-CLAIM-047,derived_supported,pinned_snapshot_model_output,africa-cdc-phecs-2026-05-18-live; afro-sitrep-01-2026-05-18-live; afro-sitrep-01-pdf-2026-05-18-live; cdc-current-situation-2026-05-21; cdc-current-situation-2026-05-23; cdc-current-situation-2026-05-24; cdc-current-situation-2026-05-25; drc-moh-epidemie-dashboard-sitrep-009-graphql-2026-05-24; drc-moh-epidemie-dashboard-sitrep-mve-n-007-mvb-17-2026-pdf-2026-05-22; ecdc-bdbv-drc-uga-2026-05-19-live; ecdc-bdbv-drc-uga-2026-05-21-live; ecdc-bdbv-drc-uga-2026-05-25-live; ecdc-bdbv-drc-uga-2026-05-26-live; ecdc-bdbv-drc-uga-2026-05-27-live; inrb-sitrep-015-2026-05-29; inrb-sitrep-016-2026-05-30; inrb-sitrep-017-2026-05-31; inrb-sitrep-018-2026-06-01; inrb-sitrep-019-2026-06-02; inrb-sitrep-020-2026-06-03; inrb-sitrep-021-2026-06-04; inrb-sitrep-022-2026-06-05; inrb-sitrep-023-2026-06-06; inrb-sitrep-024-2026-06-07; inrb-sitrep-025-2026-06-08; inrb-sitrep-026-2026-06-09; inrb-sitrep-027-2026-06-10; inrb-sitrep-028-2026-06-11; inrb-sitrep-030-2026-06-13; inrb-sitrep-031-2026-06-14; inrb-sitrep-032-2026-06-15; inrb-sitrep-033-2026-06-16; inrb-sitrep-034-2026-06-17; inrb-sitrep-035-2026-06-18; inrb-sitrep-036-2026-06-19; inrb-sitrep-037-2026-06-20; inrb-sitrep-038-2026-06-21; inrb-sitrep-039-2026-06-22; inrb-sitrep-040-2026-06-23; inrb-sitrep-041-2026-06-24; inrb-sitrep-042-2026-06-25; inrb-sitrep-044-2026-06-27; inrb-sitrep-046-2026-06-29; inrb-sitrep-047-2026-06-30; inrb-sitrep-048-2026-07-01; inrb-sitrep-049-2026-07-02; inrb-sitrep-050-2026-07-03; inrb-sitrep-051-2026-07-04; inrb-sitrep-052-2026-07-05; inrb-sitrep-053-2026-07-06; inrb-sitrep-054-2026-07-07; inrb-sitrep-055-2026-07-08; inrb-sitrep-056-2026-07-09; inrb-sitrep-057-2026-07-10; inrb-sitrep-058-2026-07-11; inrb-sitrep-059-2026-07-12; inrb-sitrep-060-2026-07-13; inrb-sitrep-061-2026-07-14; inrb-sitrep-062-2026-07-15; inrb-sitrep-063-2026-07-16; inrb-sitrep-064-2026-07-17; inrb-sitrep-065-2026-07-18; inrb-sitrep-066-2026-07-19; inrb-sitrep-067-2026-07-20; inrb-sitrep-068-2026-07-21; inrb-sitrep-069-2026-07-22; inrb-sitrep-070-2026-07-23; inrb-sitrep-071-2026-07-24; inrb-sitrep-072-2026-07-25; inrb-sitrep-073-2026-07-26; inrb-sitrep-074-2026-07-27; inrb-sitrep-077-2026-07-30; inrb-sitrep-078-2026-07-31; inrb-sitrep-079-2026-08-01; inrb-sitrep-080-2026-08-02; inrb-sitrep-081-2026-08-03; inrb-sitrep-082-2026-08-04; inrb-sitrep-083-2026-08-05; inrb-sitrep-084-2026-08-06; inrb-sitrep-085-2026-08-07; inrb-sitrep-088-2026-08-10; inrb-sitrep-089-2026-08-11; inrb-sitrep-090-2026-08-12; inrb-sitrep-091-2026-08-13; inrb-sitrep-092-2026-08-14; inrb-sitrep-093-2026-08-15; inrb-sitrep-094-2026-08-16; inrb-sitrep-095-2026-08-17; inrb-sitrep-096-2026-08-18; inrb-sitrep-097-2026-08-19; inrb-sitrep-098-2026-08-20; inrb-sitrep-099-2026-08-21; inrb-sitrep-100-2026-08-22; inrb-sitrep-101-2026-08-23; inrb-sitrep-102-2026-08-24; inrb-sitrep-103-2026-08-25; inrb-sitrep-104-2026-08-26; inrb-sitrep-105-2026-08-27; inrb-sitrep-106-2026-08-28; inrb-sitrep-107-2026-08-29; inrb-sitrep-108-2026-08-30; inrb-sitrep-109-2026-08-31; inrb-umie-ebola-drc-2026-build-2026-05-28-bb8b7d5; inrb-umie-ebola-drc-2026-build-2026-06-01-b4cafc9; insp-linkedin-sitrep-086-2026-08-09; insp-linkedin-sitrep-087-2026-08-10; uganda-moh-ebola-update-2026-06-06; uganda-moh-ebola-update-2026-06-20; uganda-moh-ebola-update-2026-06-21; who-daily-epi-bdbv-2026-06-08; who-dg-remarks-bdbv-2026-05-20; who-dg-remarks-bdbv-2026-05-22; who-don602-2026-05-15-live; who-don603-2026-05-21-live; who-don606-bdbv-2026-06-08; who-ihr-ec-bdbv-temporary-recommendations-2026-05-22; who-pheic-2026-05-17-live; wikipedia-2026-ituri-epidemic-2026-05-20-live,Generation max bin may be censored; see generations_max_bin_is_censored row.
model:transmission:generation:5,transmission,generation_5_probability,0.005,,,probability,BDBV-CLAIM-047,derived_supported,pinned_snapshot_model_output,africa-cdc-phecs-2026-05-18-live; afro-sitrep-01-2026-05-18-live; afro-sitrep-01-pdf-2026-05-18-live; cdc-current-situation-2026-05-21; cdc-current-situation-2026-05-23; cdc-current-situation-2026-05-24; cdc-current-situation-2026-05-25; drc-moh-epidemie-dashboard-sitrep-009-graphql-2026-05-24; drc-moh-epidemie-dashboard-sitrep-mve-n-007-mvb-17-2026-pdf-2026-05-22; ecdc-bdbv-drc-uga-2026-05-19-live; ecdc-bdbv-drc-uga-2026-05-21-live; ecdc-bdbv-drc-uga-2026-05-25-live; ecdc-bdbv-drc-uga-2026-05-26-live; ecdc-bdbv-drc-uga-2026-05-27-live; inrb-sitrep-015-2026-05-29; inrb-sitrep-016-2026-05-30; inrb-sitrep-017-2026-05-31; inrb-sitrep-018-2026-06-01; inrb-sitrep-019-2026-06-02; inrb-sitrep-020-2026-06-03; inrb-sitrep-021-2026-06-04; inrb-sitrep-022-2026-06-05; inrb-sitrep-023-2026-06-06; inrb-sitrep-024-2026-06-07; inrb-sitrep-025-2026-06-08; inrb-sitrep-026-2026-06-09; inrb-sitrep-027-2026-06-10; inrb-sitrep-028-2026-06-11; inrb-sitrep-030-2026-06-13; inrb-sitrep-031-2026-06-14; inrb-sitrep-032-2026-06-15; inrb-sitrep-033-2026-06-16; inrb-sitrep-034-2026-06-17; inrb-sitrep-035-2026-06-18; inrb-sitrep-036-2026-06-19; inrb-sitrep-037-2026-06-20; inrb-sitrep-038-2026-06-21; inrb-sitrep-039-2026-06-22; inrb-sitrep-040-2026-06-23; inrb-sitrep-041-2026-06-24; inrb-sitrep-042-2026-06-25; inrb-sitrep-044-2026-06-27; inrb-sitrep-046-2026-06-29; inrb-sitrep-047-2026-06-30; inrb-sitrep-048-2026-07-01; inrb-sitrep-049-2026-07-02; inrb-sitrep-050-2026-07-03; inrb-sitrep-051-2026-07-04; inrb-sitrep-052-2026-07-05; inrb-sitrep-053-2026-07-06; inrb-sitrep-054-2026-07-07; inrb-sitrep-055-2026-07-08; inrb-sitrep-056-2026-07-09; inrb-sitrep-057-2026-07-10; inrb-sitrep-058-2026-07-11; inrb-sitrep-059-2026-07-12; inrb-sitrep-060-2026-07-13; inrb-sitrep-061-2026-07-14; inrb-sitrep-062-2026-07-15; inrb-sitrep-063-2026-07-16; inrb-sitrep-064-2026-07-17; inrb-sitrep-065-2026-07-18; inrb-sitrep-066-2026-07-19; inrb-sitrep-067-2026-07-20; inrb-sitrep-068-2026-07-21; inrb-sitrep-069-2026-07-22; inrb-sitrep-070-2026-07-23; inrb-sitrep-071-2026-07-24; inrb-sitrep-072-2026-07-25; inrb-sitrep-073-2026-07-26; inrb-sitrep-074-2026-07-27; inrb-sitrep-077-2026-07-30; inrb-sitrep-078-2026-07-31; inrb-sitrep-079-2026-08-01; inrb-sitrep-080-2026-08-02; inrb-sitrep-081-2026-08-03; inrb-sitrep-082-2026-08-04; inrb-sitrep-083-2026-08-05; inrb-sitrep-084-2026-08-06; inrb-sitrep-085-2026-08-07; inrb-sitrep-088-2026-08-10; inrb-sitrep-089-2026-08-11; inrb-sitrep-090-2026-08-12; inrb-sitrep-091-2026-08-13; inrb-sitrep-092-2026-08-14; inrb-sitrep-093-2026-08-15; inrb-sitrep-094-2026-08-16; inrb-sitrep-095-2026-08-17; inrb-sitrep-096-2026-08-18; inrb-sitrep-097-2026-08-19; inrb-sitrep-098-2026-08-20; inrb-sitrep-099-2026-08-21; inrb-sitrep-100-2026-08-22; inrb-sitrep-101-2026-08-23; inrb-sitrep-102-2026-08-24; inrb-sitrep-103-2026-08-25; inrb-sitrep-104-2026-08-26; inrb-sitrep-105-2026-08-27; inrb-sitrep-106-2026-08-28; inrb-sitrep-107-2026-08-29; inrb-sitrep-108-2026-08-30; inrb-sitrep-109-2026-08-31; inrb-umie-ebola-drc-2026-build-2026-05-28-bb8b7d5; inrb-umie-ebola-drc-2026-build-2026-06-01-b4cafc9; insp-linkedin-sitrep-086-2026-08-09; insp-linkedin-sitrep-087-2026-08-10; uganda-moh-ebola-update-2026-06-06; uganda-moh-ebola-update-2026-06-20; uganda-moh-ebola-update-2026-06-21; who-daily-epi-bdbv-2026-06-08; who-dg-remarks-bdbv-2026-05-20; who-dg-remarks-bdbv-2026-05-22; who-don602-2026-05-15-live; who-don603-2026-05-21-live; who-don606-bdbv-2026-06-08; who-ihr-ec-bdbv-temporary-recommendations-2026-05-22; who-pheic-2026-05-17-live; wikipedia-2026-ituri-epidemic-2026-05-20-live,Generation max bin may be censored; see generations_max_bin_is_censored row.
model:transmission:generation:6,transmission,generation_6_probability,0.025,,,probability,BDBV-CLAIM-047,derived_supported,pinned_snapshot_model_output,africa-cdc-phecs-2026-05-18-live; afro-sitrep-01-2026-05-18-live; afro-sitrep-01-pdf-2026-05-18-live; cdc-current-situation-2026-05-21; cdc-current-situation-2026-05-23; cdc-current-situation-2026-05-24; cdc-current-situation-2026-05-25; drc-moh-epidemie-dashboard-sitrep-009-graphql-2026-05-24; drc-moh-epidemie-dashboard-sitrep-mve-n-007-mvb-17-2026-pdf-2026-05-22; ecdc-bdbv-drc-uga-2026-05-19-live; ecdc-bdbv-drc-uga-2026-05-21-live; ecdc-bdbv-drc-uga-2026-05-25-live; ecdc-bdbv-drc-uga-2026-05-26-live; ecdc-bdbv-drc-uga-2026-05-27-live; inrb-sitrep-015-2026-05-29; inrb-sitrep-016-2026-05-30; inrb-sitrep-017-2026-05-31; inrb-sitrep-018-2026-06-01; inrb-sitrep-019-2026-06-02; inrb-sitrep-020-2026-06-03; inrb-sitrep-021-2026-06-04; inrb-sitrep-022-2026-06-05; inrb-sitrep-023-2026-06-06; inrb-sitrep-024-2026-06-07; inrb-sitrep-025-2026-06-08; inrb-sitrep-026-2026-06-09; inrb-sitrep-027-2026-06-10; inrb-sitrep-028-2026-06-11; inrb-sitrep-030-2026-06-13; inrb-sitrep-031-2026-06-14; inrb-sitrep-032-2026-06-15; inrb-sitrep-033-2026-06-16; inrb-sitrep-034-2026-06-17; inrb-sitrep-035-2026-06-18; inrb-sitrep-036-2026-06-19; inrb-sitrep-037-2026-06-20; inrb-sitrep-038-2026-06-21; inrb-sitrep-039-2026-06-22; inrb-sitrep-040-2026-06-23; inrb-sitrep-041-2026-06-24; inrb-sitrep-042-2026-06-25; inrb-sitrep-044-2026-06-27; inrb-sitrep-046-2026-06-29; inrb-sitrep-047-2026-06-30; inrb-sitrep-048-2026-07-01; inrb-sitrep-049-2026-07-02; inrb-sitrep-050-2026-07-03; inrb-sitrep-051-2026-07-04; inrb-sitrep-052-2026-07-05; inrb-sitrep-053-2026-07-06; inrb-sitrep-054-2026-07-07; inrb-sitrep-055-2026-07-08; inrb-sitrep-056-2026-07-09; inrb-sitrep-057-2026-07-10; inrb-sitrep-058-2026-07-11; inrb-sitrep-059-2026-07-12; inrb-sitrep-060-2026-07-13; inrb-sitrep-061-2026-07-14; inrb-sitrep-062-2026-07-15; inrb-sitrep-063-2026-07-16; inrb-sitrep-064-2026-07-17; inrb-sitrep-065-2026-07-18; inrb-sitrep-066-2026-07-19; inrb-sitrep-067-2026-07-20; inrb-sitrep-068-2026-07-21; inrb-sitrep-069-2026-07-22; inrb-sitrep-070-2026-07-23; inrb-sitrep-071-2026-07-24; inrb-sitrep-072-2026-07-25; inrb-sitrep-073-2026-07-26; inrb-sitrep-074-2026-07-27; inrb-sitrep-077-2026-07-30; inrb-sitrep-078-2026-07-31; inrb-sitrep-079-2026-08-01; inrb-sitrep-080-2026-08-02; inrb-sitrep-081-2026-08-03; inrb-sitrep-082-2026-08-04; inrb-sitrep-083-2026-08-05; inrb-sitrep-084-2026-08-06; inrb-sitrep-085-2026-08-07; inrb-sitrep-088-2026-08-10; inrb-sitrep-089-2026-08-11; inrb-sitrep-090-2026-08-12; inrb-sitrep-091-2026-08-13; inrb-sitrep-092-2026-08-14; inrb-sitrep-093-2026-08-15; inrb-sitrep-094-2026-08-16; inrb-sitrep-095-2026-08-17; inrb-sitrep-096-2026-08-18; inrb-sitrep-097-2026-08-19; inrb-sitrep-098-2026-08-20; inrb-sitrep-099-2026-08-21; inrb-sitrep-100-2026-08-22; inrb-sitrep-101-2026-08-23; inrb-sitrep-102-2026-08-24; inrb-sitrep-103-2026-08-25; inrb-sitrep-104-2026-08-26; inrb-sitrep-105-2026-08-27; inrb-sitrep-106-2026-08-28; inrb-sitrep-107-2026-08-29; inrb-sitrep-108-2026-08-30; inrb-sitrep-109-2026-08-31; inrb-umie-ebola-drc-2026-build-2026-05-28-bb8b7d5; inrb-umie-ebola-drc-2026-build-2026-06-01-b4cafc9; insp-linkedin-sitrep-086-2026-08-09; insp-linkedin-sitrep-087-2026-08-10; uganda-moh-ebola-update-2026-06-06; uganda-moh-ebola-update-2026-06-20; uganda-moh-ebola-update-2026-06-21; who-daily-epi-bdbv-2026-06-08; who-dg-remarks-bdbv-2026-05-20; who-dg-remarks-bdbv-2026-05-22; who-don602-2026-05-15-live; who-don603-2026-05-21-live; who-don606-bdbv-2026-06-08; who-ihr-ec-bdbv-temporary-recommendations-2026-05-22; who-pheic-2026-05-17-live; wikipedia-2026-ituri-epidemic-2026-05-20-live,Generation max bin may be censored; see generations_max_bin_is_censored row.
model:transmission:generation:7,transmission,generation_7_probability,0.047,,,probability,BDBV-CLAIM-047,derived_supported,pinned_snapshot_model_output,africa-cdc-phecs-2026-05-18-live; afro-sitrep-01-2026-05-18-live; afro-sitrep-01-pdf-2026-05-18-live; cdc-current-situation-2026-05-21; cdc-current-situation-2026-05-23; cdc-current-situation-2026-05-24; cdc-current-situation-2026-05-25; drc-moh-epidemie-dashboard-sitrep-009-graphql-2026-05-24; drc-moh-epidemie-dashboard-sitrep-mve-n-007-mvb-17-2026-pdf-2026-05-22; ecdc-bdbv-drc-uga-2026-05-19-live; ecdc-bdbv-drc-uga-2026-05-21-live; ecdc-bdbv-drc-uga-2026-05-25-live; ecdc-bdbv-drc-uga-2026-05-26-live; ecdc-bdbv-drc-uga-2026-05-27-live; inrb-sitrep-015-2026-05-29; inrb-sitrep-016-2026-05-30; inrb-sitrep-017-2026-05-31; inrb-sitrep-018-2026-06-01; inrb-sitrep-019-2026-06-02; inrb-sitrep-020-2026-06-03; inrb-sitrep-021-2026-06-04; inrb-sitrep-022-2026-06-05; inrb-sitrep-023-2026-06-06; inrb-sitrep-024-2026-06-07; inrb-sitrep-025-2026-06-08; inrb-sitrep-026-2026-06-09; inrb-sitrep-027-2026-06-10; inrb-sitrep-028-2026-06-11; inrb-sitrep-030-2026-06-13; inrb-sitrep-031-2026-06-14; inrb-sitrep-032-2026-06-15; inrb-sitrep-033-2026-06-16; inrb-sitrep-034-2026-06-17; inrb-sitrep-035-2026-06-18; inrb-sitrep-036-2026-06-19; inrb-sitrep-037-2026-06-20; inrb-sitrep-038-2026-06-21; inrb-sitrep-039-2026-06-22; inrb-sitrep-040-2026-06-23; inrb-sitrep-041-2026-06-24; inrb-sitrep-042-2026-06-25; inrb-sitrep-044-2026-06-27; inrb-sitrep-046-2026-06-29; inrb-sitrep-047-2026-06-30; inrb-sitrep-048-2026-07-01; inrb-sitrep-049-2026-07-02; inrb-sitrep-050-2026-07-03; inrb-sitrep-051-2026-07-04; inrb-sitrep-052-2026-07-05; inrb-sitrep-053-2026-07-06; inrb-sitrep-054-2026-07-07; inrb-sitrep-055-2026-07-08; inrb-sitrep-056-2026-07-09; inrb-sitrep-057-2026-07-10; inrb-sitrep-058-2026-07-11; inrb-sitrep-059-2026-07-12; inrb-sitrep-060-2026-07-13; inrb-sitrep-061-2026-07-14; inrb-sitrep-062-2026-07-15; inrb-sitrep-063-2026-07-16; inrb-sitrep-064-2026-07-17; inrb-sitrep-065-2026-07-18; inrb-sitrep-066-2026-07-19; inrb-sitrep-067-2026-07-20; inrb-sitrep-068-2026-07-21; inrb-sitrep-069-2026-07-22; inrb-sitrep-070-2026-07-23; inrb-sitrep-071-2026-07-24; inrb-sitrep-072-2026-07-25; inrb-sitrep-073-2026-07-26; inrb-sitrep-074-2026-07-27; inrb-sitrep-077-2026-07-30; inrb-sitrep-078-2026-07-31; inrb-sitrep-079-2026-08-01; inrb-sitrep-080-2026-08-02; inrb-sitrep-081-2026-08-03; inrb-sitrep-082-2026-08-04; inrb-sitrep-083-2026-08-05; inrb-sitrep-084-2026-08-06; inrb-sitrep-085-2026-08-07; inrb-sitrep-088-2026-08-10; inrb-sitrep-089-2026-08-11; inrb-sitrep-090-2026-08-12; inrb-sitrep-091-2026-08-13; inrb-sitrep-092-2026-08-14; inrb-sitrep-093-2026-08-15; inrb-sitrep-094-2026-08-16; inrb-sitrep-095-2026-08-17; inrb-sitrep-096-2026-08-18; inrb-sitrep-097-2026-08-19; inrb-sitrep-098-2026-08-20; inrb-sitrep-099-2026-08-21; inrb-sitrep-100-2026-08-22; inrb-sitrep-101-2026-08-23; inrb-sitrep-102-2026-08-24; inrb-sitrep-103-2026-08-25; inrb-sitrep-104-2026-08-26; inrb-sitrep-105-2026-08-27; inrb-sitrep-106-2026-08-28; inrb-sitrep-107-2026-08-29; inrb-sitrep-108-2026-08-30; inrb-sitrep-109-2026-08-31; inrb-umie-ebola-drc-2026-build-2026-05-28-bb8b7d5; inrb-umie-ebola-drc-2026-build-2026-06-01-b4cafc9; insp-linkedin-sitrep-086-2026-08-09; insp-linkedin-sitrep-087-2026-08-10; uganda-moh-ebola-update-2026-06-06; uganda-moh-ebola-update-2026-06-20; uganda-moh-ebola-update-2026-06-21; who-daily-epi-bdbv-2026-06-08; who-dg-remarks-bdbv-2026-05-20; who-dg-remarks-bdbv-2026-05-22; who-don602-2026-05-15-live; who-don603-2026-05-21-live; who-don606-bdbv-2026-06-08; who-ihr-ec-bdbv-temporary-recommendations-2026-05-22; who-pheic-2026-05-17-live; wikipedia-2026-ituri-epidemic-2026-05-20-live,Generation max bin may be censored; see generations_max_bin_is_censored row.
model:transmission:generation:8,transmission,generation_8_probability,0.074,,,probability,BDBV-CLAIM-047,derived_supported,pinned_snapshot_model_output,africa-cdc-phecs-2026-05-18-live; afro-sitrep-01-2026-05-18-live; afro-sitrep-01-pdf-2026-05-18-live; cdc-current-situation-2026-05-21; cdc-current-situation-2026-05-23; cdc-current-situation-2026-05-24; cdc-current-situation-2026-05-25; drc-moh-epidemie-dashboard-sitrep-009-graphql-2026-05-24; drc-moh-epidemie-dashboard-sitrep-mve-n-007-mvb-17-2026-pdf-2026-05-22; ecdc-bdbv-drc-uga-2026-05-19-live; ecdc-bdbv-drc-uga-2026-05-21-live; ecdc-bdbv-drc-uga-2026-05-25-live; ecdc-bdbv-drc-uga-2026-05-26-live; ecdc-bdbv-drc-uga-2026-05-27-live; inrb-sitrep-015-2026-05-29; inrb-sitrep-016-2026-05-30; inrb-sitrep-017-2026-05-31; inrb-sitrep-018-2026-06-01; inrb-sitrep-019-2026-06-02; inrb-sitrep-020-2026-06-03; inrb-sitrep-021-2026-06-04; inrb-sitrep-022-2026-06-05; inrb-sitrep-023-2026-06-06; inrb-sitrep-024-2026-06-07; inrb-sitrep-025-2026-06-08; inrb-sitrep-026-2026-06-09; inrb-sitrep-027-2026-06-10; inrb-sitrep-028-2026-06-11; inrb-sitrep-030-2026-06-13; inrb-sitrep-031-2026-06-14; inrb-sitrep-032-2026-06-15; inrb-sitrep-033-2026-06-16; inrb-sitrep-034-2026-06-17; inrb-sitrep-035-2026-06-18; inrb-sitrep-036-2026-06-19; inrb-sitrep-037-2026-06-20; inrb-sitrep-038-2026-06-21; inrb-sitrep-039-2026-06-22; inrb-sitrep-040-2026-06-23; inrb-sitrep-041-2026-06-24; inrb-sitrep-042-2026-06-25; inrb-sitrep-044-2026-06-27; inrb-sitrep-046-2026-06-29; inrb-sitrep-047-2026-06-30; inrb-sitrep-048-2026-07-01; inrb-sitrep-049-2026-07-02; inrb-sitrep-050-2026-07-03; inrb-sitrep-051-2026-07-04; inrb-sitrep-052-2026-07-05; inrb-sitrep-053-2026-07-06; inrb-sitrep-054-2026-07-07; inrb-sitrep-055-2026-07-08; inrb-sitrep-056-2026-07-09; inrb-sitrep-057-2026-07-10; inrb-sitrep-058-2026-07-11; inrb-sitrep-059-2026-07-12; inrb-sitrep-060-2026-07-13; inrb-sitrep-061-2026-07-14; inrb-sitrep-062-2026-07-15; inrb-sitrep-063-2026-07-16; inrb-sitrep-064-2026-07-17; inrb-sitrep-065-2026-07-18; inrb-sitrep-066-2026-07-19; inrb-sitrep-067-2026-07-20; inrb-sitrep-068-2026-07-21; inrb-sitrep-069-2026-07-22; inrb-sitrep-070-2026-07-23; inrb-sitrep-071-2026-07-24; inrb-sitrep-072-2026-07-25; inrb-sitrep-073-2026-07-26; inrb-sitrep-074-2026-07-27; inrb-sitrep-077-2026-07-30; inrb-sitrep-078-2026-07-31; inrb-sitrep-079-2026-08-01; inrb-sitrep-080-2026-08-02; inrb-sitrep-081-2026-08-03; inrb-sitrep-082-2026-08-04; inrb-sitrep-083-2026-08-05; inrb-sitrep-084-2026-08-06; inrb-sitrep-085-2026-08-07; inrb-sitrep-088-2026-08-10; inrb-sitrep-089-2026-08-11; inrb-sitrep-090-2026-08-12; inrb-sitrep-091-2026-08-13; inrb-sitrep-092-2026-08-14; inrb-sitrep-093-2026-08-15; inrb-sitrep-094-2026-08-16; inrb-sitrep-095-2026-08-17; inrb-sitrep-096-2026-08-18; inrb-sitrep-097-2026-08-19; inrb-sitrep-098-2026-08-20; inrb-sitrep-099-2026-08-21; inrb-sitrep-100-2026-08-22; inrb-sitrep-101-2026-08-23; inrb-sitrep-102-2026-08-24; inrb-sitrep-103-2026-08-25; inrb-sitrep-104-2026-08-26; inrb-sitrep-105-2026-08-27; inrb-sitrep-106-2026-08-28; inrb-sitrep-107-2026-08-29; inrb-sitrep-108-2026-08-30; inrb-sitrep-109-2026-08-31; inrb-umie-ebola-drc-2026-build-2026-05-28-bb8b7d5; inrb-umie-ebola-drc-2026-build-2026-06-01-b4cafc9; insp-linkedin-sitrep-086-2026-08-09; insp-linkedin-sitrep-087-2026-08-10; uganda-moh-ebola-update-2026-06-06; uganda-moh-ebola-update-2026-06-20; uganda-moh-ebola-update-2026-06-21; who-daily-epi-bdbv-2026-06-08; who-dg-remarks-bdbv-2026-05-20; who-dg-remarks-bdbv-2026-05-22; who-don602-2026-05-15-live; who-don603-2026-05-21-live; who-don606-bdbv-2026-06-08; who-ihr-ec-bdbv-temporary-recommendations-2026-05-22; who-pheic-2026-05-17-live; wikipedia-2026-ituri-epidemic-2026-05-20-live,Generation max bin may be censored; see generations_max_bin_is_censored row.
model:transmission:generation:9,transmission,generation_9_probability,0.085,,,probability,BDBV-CLAIM-047,derived_supported,pinned_snapshot_model_output,africa-cdc-phecs-2026-05-18-live; afro-sitrep-01-2026-05-18-live; afro-sitrep-01-pdf-2026-05-18-live; cdc-current-situation-2026-05-21; cdc-current-situation-2026-05-23; cdc-current-situation-2026-05-24; cdc-current-situation-2026-05-25; drc-moh-epidemie-dashboard-sitrep-009-graphql-2026-05-24; drc-moh-epidemie-dashboard-sitrep-mve-n-007-mvb-17-2026-pdf-2026-05-22; ecdc-bdbv-drc-uga-2026-05-19-live; ecdc-bdbv-drc-uga-2026-05-21-live; ecdc-bdbv-drc-uga-2026-05-25-live; ecdc-bdbv-drc-uga-2026-05-26-live; ecdc-bdbv-drc-uga-2026-05-27-live; inrb-sitrep-015-2026-05-29; inrb-sitrep-016-2026-05-30; inrb-sitrep-017-2026-05-31; inrb-sitrep-018-2026-06-01; inrb-sitrep-019-2026-06-02; inrb-sitrep-020-2026-06-03; inrb-sitrep-021-2026-06-04; inrb-sitrep-022-2026-06-05; inrb-sitrep-023-2026-06-06; inrb-sitrep-024-2026-06-07; inrb-sitrep-025-2026-06-08; inrb-sitrep-026-2026-06-09; inrb-sitrep-027-2026-06-10; inrb-sitrep-028-2026-06-11; inrb-sitrep-030-2026-06-13; inrb-sitrep-031-2026-06-14; inrb-sitrep-032-2026-06-15; inrb-sitrep-033-2026-06-16; inrb-sitrep-034-2026-06-17; inrb-sitrep-035-2026-06-18; inrb-sitrep-036-2026-06-19; inrb-sitrep-037-2026-06-20; inrb-sitrep-038-2026-06-21; inrb-sitrep-039-2026-06-22; inrb-sitrep-040-2026-06-23; inrb-sitrep-041-2026-06-24; inrb-sitrep-042-2026-06-25; inrb-sitrep-044-2026-06-27; inrb-sitrep-046-2026-06-29; inrb-sitrep-047-2026-06-30; inrb-sitrep-048-2026-07-01; inrb-sitrep-049-2026-07-02; inrb-sitrep-050-2026-07-03; inrb-sitrep-051-2026-07-04; inrb-sitrep-052-2026-07-05; inrb-sitrep-053-2026-07-06; inrb-sitrep-054-2026-07-07; inrb-sitrep-055-2026-07-08; inrb-sitrep-056-2026-07-09; inrb-sitrep-057-2026-07-10; inrb-sitrep-058-2026-07-11; inrb-sitrep-059-2026-07-12; inrb-sitrep-060-2026-07-13; inrb-sitrep-061-2026-07-14; inrb-sitrep-062-2026-07-15; inrb-sitrep-063-2026-07-16; inrb-sitrep-064-2026-07-17; inrb-sitrep-065-2026-07-18; inrb-sitrep-066-2026-07-19; inrb-sitrep-067-2026-07-20; inrb-sitrep-068-2026-07-21; inrb-sitrep-069-2026-07-22; inrb-sitrep-070-2026-07-23; inrb-sitrep-071-2026-07-24; inrb-sitrep-072-2026-07-25; inrb-sitrep-073-2026-07-26; inrb-sitrep-074-2026-07-27; inrb-sitrep-077-2026-07-30; inrb-sitrep-078-2026-07-31; inrb-sitrep-079-2026-08-01; inrb-sitrep-080-2026-08-02; inrb-sitrep-081-2026-08-03; inrb-sitrep-082-2026-08-04; inrb-sitrep-083-2026-08-05; inrb-sitrep-084-2026-08-06; inrb-sitrep-085-2026-08-07; inrb-sitrep-088-2026-08-10; inrb-sitrep-089-2026-08-11; inrb-sitrep-090-2026-08-12; inrb-sitrep-091-2026-08-13; inrb-sitrep-092-2026-08-14; inrb-sitrep-093-2026-08-15; inrb-sitrep-094-2026-08-16; inrb-sitrep-095-2026-08-17; inrb-sitrep-096-2026-08-18; inrb-sitrep-097-2026-08-19; inrb-sitrep-098-2026-08-20; inrb-sitrep-099-2026-08-21; inrb-sitrep-100-2026-08-22; inrb-sitrep-101-2026-08-23; inrb-sitrep-102-2026-08-24; inrb-sitrep-103-2026-08-25; inrb-sitrep-104-2026-08-26; inrb-sitrep-105-2026-08-27; inrb-sitrep-106-2026-08-28; inrb-sitrep-107-2026-08-29; inrb-sitrep-108-2026-08-30; inrb-sitrep-109-2026-08-31; inrb-umie-ebola-drc-2026-build-2026-05-28-bb8b7d5; inrb-umie-ebola-drc-2026-build-2026-06-01-b4cafc9; insp-linkedin-sitrep-086-2026-08-09; insp-linkedin-sitrep-087-2026-08-10; uganda-moh-ebola-update-2026-06-06; uganda-moh-ebola-update-2026-06-20; uganda-moh-ebola-update-2026-06-21; who-daily-epi-bdbv-2026-06-08; who-dg-remarks-bdbv-2026-05-20; who-dg-remarks-bdbv-2026-05-22; who-don602-2026-05-15-live; who-don603-2026-05-21-live; who-don606-bdbv-2026-06-08; who-ihr-ec-bdbv-temporary-recommendations-2026-05-22; who-pheic-2026-05-17-live; wikipedia-2026-ituri-epidemic-2026-05-20-live,Generation max bin may be censored; see generations_max_bin_is_censored row.
model:transmission:generation:10,transmission,generation_10_probability,0.071,,,probability,BDBV-CLAIM-047,derived_supported,pinned_snapshot_model_output,africa-cdc-phecs-2026-05-18-live; afro-sitrep-01-2026-05-18-live; afro-sitrep-01-pdf-2026-05-18-live; cdc-current-situation-2026-05-21; cdc-current-situation-2026-05-23; cdc-current-situation-2026-05-24; cdc-current-situation-2026-05-25; drc-moh-epidemie-dashboard-sitrep-009-graphql-2026-05-24; drc-moh-epidemie-dashboard-sitrep-mve-n-007-mvb-17-2026-pdf-2026-05-22; ecdc-bdbv-drc-uga-2026-05-19-live; ecdc-bdbv-drc-uga-2026-05-21-live; ecdc-bdbv-drc-uga-2026-05-25-live; ecdc-bdbv-drc-uga-2026-05-26-live; ecdc-bdbv-drc-uga-2026-05-27-live; inrb-sitrep-015-2026-05-29; inrb-sitrep-016-2026-05-30; inrb-sitrep-017-2026-05-31; inrb-sitrep-018-2026-06-01; inrb-sitrep-019-2026-06-02; inrb-sitrep-020-2026-06-03; inrb-sitrep-021-2026-06-04; inrb-sitrep-022-2026-06-05; inrb-sitrep-023-2026-06-06; inrb-sitrep-024-2026-06-07; inrb-sitrep-025-2026-06-08; inrb-sitrep-026-2026-06-09; inrb-sitrep-027-2026-06-10; inrb-sitrep-028-2026-06-11; inrb-sitrep-030-2026-06-13; inrb-sitrep-031-2026-06-14; inrb-sitrep-032-2026-06-15; inrb-sitrep-033-2026-06-16; inrb-sitrep-034-2026-06-17; inrb-sitrep-035-2026-06-18; inrb-sitrep-036-2026-06-19; inrb-sitrep-037-2026-06-20; inrb-sitrep-038-2026-06-21; inrb-sitrep-039-2026-06-22; inrb-sitrep-040-2026-06-23; inrb-sitrep-041-2026-06-24; inrb-sitrep-042-2026-06-25; inrb-sitrep-044-2026-06-27; inrb-sitrep-046-2026-06-29; inrb-sitrep-047-2026-06-30; inrb-sitrep-048-2026-07-01; inrb-sitrep-049-2026-07-02; inrb-sitrep-050-2026-07-03; inrb-sitrep-051-2026-07-04; inrb-sitrep-052-2026-07-05; inrb-sitrep-053-2026-07-06; inrb-sitrep-054-2026-07-07; inrb-sitrep-055-2026-07-08; inrb-sitrep-056-2026-07-09; inrb-sitrep-057-2026-07-10; inrb-sitrep-058-2026-07-11; inrb-sitrep-059-2026-07-12; inrb-sitrep-060-2026-07-13; inrb-sitrep-061-2026-07-14; inrb-sitrep-062-2026-07-15; inrb-sitrep-063-2026-07-16; inrb-sitrep-064-2026-07-17; inrb-sitrep-065-2026-07-18; inrb-sitrep-066-2026-07-19; inrb-sitrep-067-2026-07-20; inrb-sitrep-068-2026-07-21; inrb-sitrep-069-2026-07-22; inrb-sitrep-070-2026-07-23; inrb-sitrep-071-2026-07-24; inrb-sitrep-072-2026-07-25; inrb-sitrep-073-2026-07-26; inrb-sitrep-074-2026-07-27; inrb-sitrep-077-2026-07-30; inrb-sitrep-078-2026-07-31; inrb-sitrep-079-2026-08-01; inrb-sitrep-080-2026-08-02; inrb-sitrep-081-2026-08-03; inrb-sitrep-082-2026-08-04; inrb-sitrep-083-2026-08-05; inrb-sitrep-084-2026-08-06; inrb-sitrep-085-2026-08-07; inrb-sitrep-088-2026-08-10; inrb-sitrep-089-2026-08-11; inrb-sitrep-090-2026-08-12; inrb-sitrep-091-2026-08-13; inrb-sitrep-092-2026-08-14; inrb-sitrep-093-2026-08-15; inrb-sitrep-094-2026-08-16; inrb-sitrep-095-2026-08-17; inrb-sitrep-096-2026-08-18; inrb-sitrep-097-2026-08-19; inrb-sitrep-098-2026-08-20; inrb-sitrep-099-2026-08-21; inrb-sitrep-100-2026-08-22; inrb-sitrep-101-2026-08-23; inrb-sitrep-102-2026-08-24; inrb-sitrep-103-2026-08-25; inrb-sitrep-104-2026-08-26; inrb-sitrep-105-2026-08-27; inrb-sitrep-106-2026-08-28; inrb-sitrep-107-2026-08-29; inrb-sitrep-108-2026-08-30; inrb-sitrep-109-2026-08-31; inrb-umie-ebola-drc-2026-build-2026-05-28-bb8b7d5; inrb-umie-ebola-drc-2026-build-2026-06-01-b4cafc9; insp-linkedin-sitrep-086-2026-08-09; insp-linkedin-sitrep-087-2026-08-10; uganda-moh-ebola-update-2026-06-06; uganda-moh-ebola-update-2026-06-20; uganda-moh-ebola-update-2026-06-21; who-daily-epi-bdbv-2026-06-08; who-dg-remarks-bdbv-2026-05-20; who-dg-remarks-bdbv-2026-05-22; who-don602-2026-05-15-live; who-don603-2026-05-21-live; who-don606-bdbv-2026-06-08; who-ihr-ec-bdbv-temporary-recommendations-2026-05-22; who-pheic-2026-05-17-live; wikipedia-2026-ituri-epidemic-2026-05-20-live,Generation max bin may be censored; see generations_max_bin_is_censored row.
model:transmission:generation:11,transmission,generation_11_probability,0.055,,,probability,BDBV-CLAIM-047,derived_supported,pinned_snapshot_model_output,africa-cdc-phecs-2026-05-18-live; afro-sitrep-01-2026-05-18-live; afro-sitrep-01-pdf-2026-05-18-live; cdc-current-situation-2026-05-21; cdc-current-situation-2026-05-23; cdc-current-situation-2026-05-24; cdc-current-situation-2026-05-25; drc-moh-epidemie-dashboard-sitrep-009-graphql-2026-05-24; drc-moh-epidemie-dashboard-sitrep-mve-n-007-mvb-17-2026-pdf-2026-05-22; ecdc-bdbv-drc-uga-2026-05-19-live; ecdc-bdbv-drc-uga-2026-05-21-live; ecdc-bdbv-drc-uga-2026-05-25-live; ecdc-bdbv-drc-uga-2026-05-26-live; ecdc-bdbv-drc-uga-2026-05-27-live; inrb-sitrep-015-2026-05-29; inrb-sitrep-016-2026-05-30; inrb-sitrep-017-2026-05-31; inrb-sitrep-018-2026-06-01; inrb-sitrep-019-2026-06-02; inrb-sitrep-020-2026-06-03; inrb-sitrep-021-2026-06-04; inrb-sitrep-022-2026-06-05; inrb-sitrep-023-2026-06-06; inrb-sitrep-024-2026-06-07; inrb-sitrep-025-2026-06-08; inrb-sitrep-026-2026-06-09; inrb-sitrep-027-2026-06-10; inrb-sitrep-028-2026-06-11; inrb-sitrep-030-2026-06-13; inrb-sitrep-031-2026-06-14; inrb-sitrep-032-2026-06-15; inrb-sitrep-033-2026-06-16; inrb-sitrep-034-2026-06-17; inrb-sitrep-035-2026-06-18; inrb-sitrep-036-2026-06-19; inrb-sitrep-037-2026-06-20; inrb-sitrep-038-2026-06-21; inrb-sitrep-039-2026-06-22; inrb-sitrep-040-2026-06-23; inrb-sitrep-041-2026-06-24; inrb-sitrep-042-2026-06-25; inrb-sitrep-044-2026-06-27; inrb-sitrep-046-2026-06-29; inrb-sitrep-047-2026-06-30; inrb-sitrep-048-2026-07-01; inrb-sitrep-049-2026-07-02; inrb-sitrep-050-2026-07-03; inrb-sitrep-051-2026-07-04; inrb-sitrep-052-2026-07-05; inrb-sitrep-053-2026-07-06; inrb-sitrep-054-2026-07-07; inrb-sitrep-055-2026-07-08; inrb-sitrep-056-2026-07-09; inrb-sitrep-057-2026-07-10; inrb-sitrep-058-2026-07-11; inrb-sitrep-059-2026-07-12; inrb-sitrep-060-2026-07-13; inrb-sitrep-061-2026-07-14; inrb-sitrep-062-2026-07-15; inrb-sitrep-063-2026-07-16; inrb-sitrep-064-2026-07-17; inrb-sitrep-065-2026-07-18; inrb-sitrep-066-2026-07-19; inrb-sitrep-067-2026-07-20; inrb-sitrep-068-2026-07-21; inrb-sitrep-069-2026-07-22; inrb-sitrep-070-2026-07-23; inrb-sitrep-071-2026-07-24; inrb-sitrep-072-2026-07-25; inrb-sitrep-073-2026-07-26; inrb-sitrep-074-2026-07-27; inrb-sitrep-077-2026-07-30; inrb-sitrep-078-2026-07-31; inrb-sitrep-079-2026-08-01; inrb-sitrep-080-2026-08-02; inrb-sitrep-081-2026-08-03; inrb-sitrep-082-2026-08-04; inrb-sitrep-083-2026-08-05; inrb-sitrep-084-2026-08-06; inrb-sitrep-085-2026-08-07; inrb-sitrep-088-2026-08-10; inrb-sitrep-089-2026-08-11; inrb-sitrep-090-2026-08-12; inrb-sitrep-091-2026-08-13; inrb-sitrep-092-2026-08-14; inrb-sitrep-093-2026-08-15; inrb-sitrep-094-2026-08-16; inrb-sitrep-095-2026-08-17; inrb-sitrep-096-2026-08-18; inrb-sitrep-097-2026-08-19; inrb-sitrep-098-2026-08-20; inrb-sitrep-099-2026-08-21; inrb-sitrep-100-2026-08-22; inrb-sitrep-101-2026-08-23; inrb-sitrep-102-2026-08-24; inrb-sitrep-103-2026-08-25; inrb-sitrep-104-2026-08-26; inrb-sitrep-105-2026-08-27; inrb-sitrep-106-2026-08-28; inrb-sitrep-107-2026-08-29; inrb-sitrep-108-2026-08-30; inrb-sitrep-109-2026-08-31; inrb-umie-ebola-drc-2026-build-2026-05-28-bb8b7d5; inrb-umie-ebola-drc-2026-build-2026-06-01-b4cafc9; insp-linkedin-sitrep-086-2026-08-09; insp-linkedin-sitrep-087-2026-08-10; uganda-moh-ebola-update-2026-06-06; uganda-moh-ebola-update-2026-06-20; uganda-moh-ebola-update-2026-06-21; who-daily-epi-bdbv-2026-06-08; who-dg-remarks-bdbv-2026-05-20; who-dg-remarks-bdbv-2026-05-22; who-don602-2026-05-15-live; who-don603-2026-05-21-live; who-don606-bdbv-2026-06-08; who-ihr-ec-bdbv-temporary-recommendations-2026-05-22; who-pheic-2026-05-17-live; wikipedia-2026-ituri-epidemic-2026-05-20-live,Generation max bin may be censored; see generations_max_bin_is_censored row.
model:transmission:generation:12,transmission,generation_12_probability,0.08,,,probability,BDBV-CLAIM-047,derived_supported,pinned_snapshot_model_output,africa-cdc-phecs-2026-05-18-live; afro-sitrep-01-2026-05-18-live; afro-sitrep-01-pdf-2026-05-18-live; cdc-current-situation-2026-05-21; cdc-current-situation-2026-05-23; cdc-current-situation-2026-05-24; cdc-current-situation-2026-05-25; drc-moh-epidemie-dashboard-sitrep-009-graphql-2026-05-24; drc-moh-epidemie-dashboard-sitrep-mve-n-007-mvb-17-2026-pdf-2026-05-22; ecdc-bdbv-drc-uga-2026-05-19-live; ecdc-bdbv-drc-uga-2026-05-21-live; ecdc-bdbv-drc-uga-2026-05-25-live; ecdc-bdbv-drc-uga-2026-05-26-live; ecdc-bdbv-drc-uga-2026-05-27-live; inrb-sitrep-015-2026-05-29; inrb-sitrep-016-2026-05-30; inrb-sitrep-017-2026-05-31; inrb-sitrep-018-2026-06-01; inrb-sitrep-019-2026-06-02; inrb-sitrep-020-2026-06-03; inrb-sitrep-021-2026-06-04; inrb-sitrep-022-2026-06-05; inrb-sitrep-023-2026-06-06; inrb-sitrep-024-2026-06-07; inrb-sitrep-025-2026-06-08; inrb-sitrep-026-2026-06-09; inrb-sitrep-027-2026-06-10; inrb-sitrep-028-2026-06-11; inrb-sitrep-030-2026-06-13; inrb-sitrep-031-2026-06-14; inrb-sitrep-032-2026-06-15; inrb-sitrep-033-2026-06-16; inrb-sitrep-034-2026-06-17; inrb-sitrep-035-2026-06-18; inrb-sitrep-036-2026-06-19; inrb-sitrep-037-2026-06-20; inrb-sitrep-038-2026-06-21; inrb-sitrep-039-2026-06-22; inrb-sitrep-040-2026-06-23; inrb-sitrep-041-2026-06-24; inrb-sitrep-042-2026-06-25; inrb-sitrep-044-2026-06-27; inrb-sitrep-046-2026-06-29; inrb-sitrep-047-2026-06-30; inrb-sitrep-048-2026-07-01; inrb-sitrep-049-2026-07-02; inrb-sitrep-050-2026-07-03; inrb-sitrep-051-2026-07-04; inrb-sitrep-052-2026-07-05; inrb-sitrep-053-2026-07-06; inrb-sitrep-054-2026-07-07; inrb-sitrep-055-2026-07-08; inrb-sitrep-056-2026-07-09; inrb-sitrep-057-2026-07-10; inrb-sitrep-058-2026-07-11; inrb-sitrep-059-2026-07-12; inrb-sitrep-060-2026-07-13; inrb-sitrep-061-2026-07-14; inrb-sitrep-062-2026-07-15; inrb-sitrep-063-2026-07-16; inrb-sitrep-064-2026-07-17; inrb-sitrep-065-2026-07-18; inrb-sitrep-066-2026-07-19; inrb-sitrep-067-2026-07-20; inrb-sitrep-068-2026-07-21; inrb-sitrep-069-2026-07-22; inrb-sitrep-070-2026-07-23; inrb-sitrep-071-2026-07-24; inrb-sitrep-072-2026-07-25; inrb-sitrep-073-2026-07-26; inrb-sitrep-074-2026-07-27; inrb-sitrep-077-2026-07-30; inrb-sitrep-078-2026-07-31; inrb-sitrep-079-2026-08-01; inrb-sitrep-080-2026-08-02; inrb-sitrep-081-2026-08-03; inrb-sitrep-082-2026-08-04; inrb-sitrep-083-2026-08-05; inrb-sitrep-084-2026-08-06; inrb-sitrep-085-2026-08-07; inrb-sitrep-088-2026-08-10; inrb-sitrep-089-2026-08-11; inrb-sitrep-090-2026-08-12; inrb-sitrep-091-2026-08-13; inrb-sitrep-092-2026-08-14; inrb-sitrep-093-2026-08-15; inrb-sitrep-094-2026-08-16; inrb-sitrep-095-2026-08-17; inrb-sitrep-096-2026-08-18; inrb-sitrep-097-2026-08-19; inrb-sitrep-098-2026-08-20; inrb-sitrep-099-2026-08-21; inrb-sitrep-100-2026-08-22; inrb-sitrep-101-2026-08-23; inrb-sitrep-102-2026-08-24; inrb-sitrep-103-2026-08-25; inrb-sitrep-104-2026-08-26; inrb-sitrep-105-2026-08-27; inrb-sitrep-106-2026-08-28; inrb-sitrep-107-2026-08-29; inrb-sitrep-108-2026-08-30; inrb-sitrep-109-2026-08-31; inrb-umie-ebola-drc-2026-build-2026-05-28-bb8b7d5; inrb-umie-ebola-drc-2026-build-2026-06-01-b4cafc9; insp-linkedin-sitrep-086-2026-08-09; insp-linkedin-sitrep-087-2026-08-10; uganda-moh-ebola-update-2026-06-06; uganda-moh-ebola-update-2026-06-20; uganda-moh-ebola-update-2026-06-21; who-daily-epi-bdbv-2026-06-08; who-dg-remarks-bdbv-2026-05-20; who-dg-remarks-bdbv-2026-05-22; who-don602-2026-05-15-live; who-don603-2026-05-21-live; who-don606-bdbv-2026-06-08; who-ihr-ec-bdbv-temporary-recommendations-2026-05-22; who-pheic-2026-05-17-live; wikipedia-2026-ituri-epidemic-2026-05-20-live,Generation max bin may be censored; see generations_max_bin_is_censored row.
model:transmission:generation:13,transmission,generation_13_probability,0.057,,,probability,BDBV-CLAIM-047,derived_supported,pinned_snapshot_model_output,africa-cdc-phecs-2026-05-18-live; afro-sitrep-01-2026-05-18-live; afro-sitrep-01-pdf-2026-05-18-live; cdc-current-situation-2026-05-21; cdc-current-situation-2026-05-23; cdc-current-situation-2026-05-24; cdc-current-situation-2026-05-25; drc-moh-epidemie-dashboard-sitrep-009-graphql-2026-05-24; drc-moh-epidemie-dashboard-sitrep-mve-n-007-mvb-17-2026-pdf-2026-05-22; ecdc-bdbv-drc-uga-2026-05-19-live; ecdc-bdbv-drc-uga-2026-05-21-live; ecdc-bdbv-drc-uga-2026-05-25-live; ecdc-bdbv-drc-uga-2026-05-26-live; ecdc-bdbv-drc-uga-2026-05-27-live; inrb-sitrep-015-2026-05-29; inrb-sitrep-016-2026-05-30; inrb-sitrep-017-2026-05-31; inrb-sitrep-018-2026-06-01; inrb-sitrep-019-2026-06-02; inrb-sitrep-020-2026-06-03; inrb-sitrep-021-2026-06-04; inrb-sitrep-022-2026-06-05; inrb-sitrep-023-2026-06-06; inrb-sitrep-024-2026-06-07; inrb-sitrep-025-2026-06-08; inrb-sitrep-026-2026-06-09; inrb-sitrep-027-2026-06-10; inrb-sitrep-028-2026-06-11; inrb-sitrep-030-2026-06-13; inrb-sitrep-031-2026-06-14; inrb-sitrep-032-2026-06-15; inrb-sitrep-033-2026-06-16; inrb-sitrep-034-2026-06-17; inrb-sitrep-035-2026-06-18; inrb-sitrep-036-2026-06-19; inrb-sitrep-037-2026-06-20; inrb-sitrep-038-2026-06-21; inrb-sitrep-039-2026-06-22; inrb-sitrep-040-2026-06-23; inrb-sitrep-041-2026-06-24; inrb-sitrep-042-2026-06-25; inrb-sitrep-044-2026-06-27; inrb-sitrep-046-2026-06-29; inrb-sitrep-047-2026-06-30; inrb-sitrep-048-2026-07-01; inrb-sitrep-049-2026-07-02; inrb-sitrep-050-2026-07-03; inrb-sitrep-051-2026-07-04; inrb-sitrep-052-2026-07-05; inrb-sitrep-053-2026-07-06; inrb-sitrep-054-2026-07-07; inrb-sitrep-055-2026-07-08; inrb-sitrep-056-2026-07-09; inrb-sitrep-057-2026-07-10; inrb-sitrep-058-2026-07-11; inrb-sitrep-059-2026-07-12; inrb-sitrep-060-2026-07-13; inrb-sitrep-061-2026-07-14; inrb-sitrep-062-2026-07-15; inrb-sitrep-063-2026-07-16; inrb-sitrep-064-2026-07-17; inrb-sitrep-065-2026-07-18; inrb-sitrep-066-2026-07-19; inrb-sitrep-067-2026-07-20; inrb-sitrep-068-2026-07-21; inrb-sitrep-069-2026-07-22; inrb-sitrep-070-2026-07-23; inrb-sitrep-071-2026-07-24; inrb-sitrep-072-2026-07-25; inrb-sitrep-073-2026-07-26; inrb-sitrep-074-2026-07-27; inrb-sitrep-077-2026-07-30; inrb-sitrep-078-2026-07-31; inrb-sitrep-079-2026-08-01; inrb-sitrep-080-2026-08-02; inrb-sitrep-081-2026-08-03; inrb-sitrep-082-2026-08-04; inrb-sitrep-083-2026-08-05; inrb-sitrep-084-2026-08-06; inrb-sitrep-085-2026-08-07; inrb-sitrep-088-2026-08-10; inrb-sitrep-089-2026-08-11; inrb-sitrep-090-2026-08-12; inrb-sitrep-091-2026-08-13; inrb-sitrep-092-2026-08-14; inrb-sitrep-093-2026-08-15; inrb-sitrep-094-2026-08-16; inrb-sitrep-095-2026-08-17; inrb-sitrep-096-2026-08-18; inrb-sitrep-097-2026-08-19; inrb-sitrep-098-2026-08-20; inrb-sitrep-099-2026-08-21; inrb-sitrep-100-2026-08-22; inrb-sitrep-101-2026-08-23; inrb-sitrep-102-2026-08-24; inrb-sitrep-103-2026-08-25; inrb-sitrep-104-2026-08-26; inrb-sitrep-105-2026-08-27; inrb-sitrep-106-2026-08-28; inrb-sitrep-107-2026-08-29; inrb-sitrep-108-2026-08-30; inrb-sitrep-109-2026-08-31; inrb-umie-ebola-drc-2026-build-2026-05-28-bb8b7d5; inrb-umie-ebola-drc-2026-build-2026-06-01-b4cafc9; insp-linkedin-sitrep-086-2026-08-09; insp-linkedin-sitrep-087-2026-08-10; uganda-moh-ebola-update-2026-06-06; uganda-moh-ebola-update-2026-06-20; uganda-moh-ebola-update-2026-06-21; who-daily-epi-bdbv-2026-06-08; who-dg-remarks-bdbv-2026-05-20; who-dg-remarks-bdbv-2026-05-22; who-don602-2026-05-15-live; who-don603-2026-05-21-live; who-don606-bdbv-2026-06-08; who-ihr-ec-bdbv-temporary-recommendations-2026-05-22; who-pheic-2026-05-17-live; wikipedia-2026-ituri-epidemic-2026-05-20-live,Generation max bin may be censored; see generations_max_bin_is_censored row.
model:transmission:generation:14,transmission,generation_14_probability,0.038,,,probability,BDBV-CLAIM-047,derived_supported,pinned_snapshot_model_output,africa-cdc-phecs-2026-05-18-live; afro-sitrep-01-2026-05-18-live; afro-sitrep-01-pdf-2026-05-18-live; cdc-current-situation-2026-05-21; cdc-current-situation-2026-05-23; cdc-current-situation-2026-05-24; cdc-current-situation-2026-05-25; drc-moh-epidemie-dashboard-sitrep-009-graphql-2026-05-24; drc-moh-epidemie-dashboard-sitrep-mve-n-007-mvb-17-2026-pdf-2026-05-22; ecdc-bdbv-drc-uga-2026-05-19-live; ecdc-bdbv-drc-uga-2026-05-21-live; ecdc-bdbv-drc-uga-2026-05-25-live; ecdc-bdbv-drc-uga-2026-05-26-live; ecdc-bdbv-drc-uga-2026-05-27-live; inrb-sitrep-015-2026-05-29; inrb-sitrep-016-2026-05-30; inrb-sitrep-017-2026-05-31; inrb-sitrep-018-2026-06-01; inrb-sitrep-019-2026-06-02; inrb-sitrep-020-2026-06-03; inrb-sitrep-021-2026-06-04; inrb-sitrep-022-2026-06-05; inrb-sitrep-023-2026-06-06; inrb-sitrep-024-2026-06-07; inrb-sitrep-025-2026-06-08; inrb-sitrep-026-2026-06-09; inrb-sitrep-027-2026-06-10; inrb-sitrep-028-2026-06-11; inrb-sitrep-030-2026-06-13; inrb-sitrep-031-2026-06-14; inrb-sitrep-032-2026-06-15; inrb-sitrep-033-2026-06-16; inrb-sitrep-034-2026-06-17; inrb-sitrep-035-2026-06-18; inrb-sitrep-036-2026-06-19; inrb-sitrep-037-2026-06-20; inrb-sitrep-038-2026-06-21; inrb-sitrep-039-2026-06-22; inrb-sitrep-040-2026-06-23; inrb-sitrep-041-2026-06-24; inrb-sitrep-042-2026-06-25; inrb-sitrep-044-2026-06-27; inrb-sitrep-046-2026-06-29; inrb-sitrep-047-2026-06-30; inrb-sitrep-048-2026-07-01; inrb-sitrep-049-2026-07-02; inrb-sitrep-050-2026-07-03; inrb-sitrep-051-2026-07-04; inrb-sitrep-052-2026-07-05; inrb-sitrep-053-2026-07-06; inrb-sitrep-054-2026-07-07; inrb-sitrep-055-2026-07-08; inrb-sitrep-056-2026-07-09; inrb-sitrep-057-2026-07-10; inrb-sitrep-058-2026-07-11; inrb-sitrep-059-2026-07-12; inrb-sitrep-060-2026-07-13; inrb-sitrep-061-2026-07-14; inrb-sitrep-062-2026-07-15; inrb-sitrep-063-2026-07-16; inrb-sitrep-064-2026-07-17; inrb-sitrep-065-2026-07-18; inrb-sitrep-066-2026-07-19; inrb-sitrep-067-2026-07-20; inrb-sitrep-068-2026-07-21; inrb-sitrep-069-2026-07-22; inrb-sitrep-070-2026-07-23; inrb-sitrep-071-2026-07-24; inrb-sitrep-072-2026-07-25; inrb-sitrep-073-2026-07-26; inrb-sitrep-074-2026-07-27; inrb-sitrep-077-2026-07-30; inrb-sitrep-078-2026-07-31; inrb-sitrep-079-2026-08-01; inrb-sitrep-080-2026-08-02; inrb-sitrep-081-2026-08-03; inrb-sitrep-082-2026-08-04; inrb-sitrep-083-2026-08-05; inrb-sitrep-084-2026-08-06; inrb-sitrep-085-2026-08-07; inrb-sitrep-088-2026-08-10; inrb-sitrep-089-2026-08-11; inrb-sitrep-090-2026-08-12; inrb-sitrep-091-2026-08-13; inrb-sitrep-092-2026-08-14; inrb-sitrep-093-2026-08-15; inrb-sitrep-094-2026-08-16; inrb-sitrep-095-2026-08-17; inrb-sitrep-096-2026-08-18; inrb-sitrep-097-2026-08-19; inrb-sitrep-098-2026-08-20; inrb-sitrep-099-2026-08-21; inrb-sitrep-100-2026-08-22; inrb-sitrep-101-2026-08-23; inrb-sitrep-102-2026-08-24; inrb-sitrep-103-2026-08-25; inrb-sitrep-104-2026-08-26; inrb-sitrep-105-2026-08-27; inrb-sitrep-106-2026-08-28; inrb-sitrep-107-2026-08-29; inrb-sitrep-108-2026-08-30; inrb-sitrep-109-2026-08-31; inrb-umie-ebola-drc-2026-build-2026-05-28-bb8b7d5; inrb-umie-ebola-drc-2026-build-2026-06-01-b4cafc9; insp-linkedin-sitrep-086-2026-08-09; insp-linkedin-sitrep-087-2026-08-10; uganda-moh-ebola-update-2026-06-06; uganda-moh-ebola-update-2026-06-20; uganda-moh-ebola-update-2026-06-21; who-daily-epi-bdbv-2026-06-08; who-dg-remarks-bdbv-2026-05-20; who-dg-remarks-bdbv-2026-05-22; who-don602-2026-05-15-live; who-don603-2026-05-21-live; who-don606-bdbv-2026-06-08; who-ihr-ec-bdbv-temporary-recommendations-2026-05-22; who-pheic-2026-05-17-live; wikipedia-2026-ituri-epidemic-2026-05-20-live,Generation max bin may be censored; see generations_max_bin_is_censored row.
model:transmission:generation:15,transmission,generation_15_probability,0.039,,,probability,BDBV-CLAIM-047,derived_supported,pinned_snapshot_model_output,africa-cdc-phecs-2026-05-18-live; afro-sitrep-01-2026-05-18-live; afro-sitrep-01-pdf-2026-05-18-live; cdc-current-situation-2026-05-21; cdc-current-situation-2026-05-23; cdc-current-situation-2026-05-24; cdc-current-situation-2026-05-25; drc-moh-epidemie-dashboard-sitrep-009-graphql-2026-05-24; drc-moh-epidemie-dashboard-sitrep-mve-n-007-mvb-17-2026-pdf-2026-05-22; ecdc-bdbv-drc-uga-2026-05-19-live; ecdc-bdbv-drc-uga-2026-05-21-live; ecdc-bdbv-drc-uga-2026-05-25-live; ecdc-bdbv-drc-uga-2026-05-26-live; ecdc-bdbv-drc-uga-2026-05-27-live; inrb-sitrep-015-2026-05-29; inrb-sitrep-016-2026-05-30; inrb-sitrep-017-2026-05-31; inrb-sitrep-018-2026-06-01; inrb-sitrep-019-2026-06-02; inrb-sitrep-020-2026-06-03; inrb-sitrep-021-2026-06-04; inrb-sitrep-022-2026-06-05; inrb-sitrep-023-2026-06-06; inrb-sitrep-024-2026-06-07; inrb-sitrep-025-2026-06-08; inrb-sitrep-026-2026-06-09; inrb-sitrep-027-2026-06-10; inrb-sitrep-028-2026-06-11; inrb-sitrep-030-2026-06-13; inrb-sitrep-031-2026-06-14; inrb-sitrep-032-2026-06-15; inrb-sitrep-033-2026-06-16; inrb-sitrep-034-2026-06-17; inrb-sitrep-035-2026-06-18; inrb-sitrep-036-2026-06-19; inrb-sitrep-037-2026-06-20; inrb-sitrep-038-2026-06-21; inrb-sitrep-039-2026-06-22; inrb-sitrep-040-2026-06-23; inrb-sitrep-041-2026-06-24; inrb-sitrep-042-2026-06-25; inrb-sitrep-044-2026-06-27; inrb-sitrep-046-2026-06-29; inrb-sitrep-047-2026-06-30; inrb-sitrep-048-2026-07-01; inrb-sitrep-049-2026-07-02; inrb-sitrep-050-2026-07-03; inrb-sitrep-051-2026-07-04; inrb-sitrep-052-2026-07-05; inrb-sitrep-053-2026-07-06; inrb-sitrep-054-2026-07-07; inrb-sitrep-055-2026-07-08; inrb-sitrep-056-2026-07-09; inrb-sitrep-057-2026-07-10; inrb-sitrep-058-2026-07-11; inrb-sitrep-059-2026-07-12; inrb-sitrep-060-2026-07-13; inrb-sitrep-061-2026-07-14; inrb-sitrep-062-2026-07-15; inrb-sitrep-063-2026-07-16; inrb-sitrep-064-2026-07-17; inrb-sitrep-065-2026-07-18; inrb-sitrep-066-2026-07-19; inrb-sitrep-067-2026-07-20; inrb-sitrep-068-2026-07-21; inrb-sitrep-069-2026-07-22; inrb-sitrep-070-2026-07-23; inrb-sitrep-071-2026-07-24; inrb-sitrep-072-2026-07-25; inrb-sitrep-073-2026-07-26; inrb-sitrep-074-2026-07-27; inrb-sitrep-077-2026-07-30; inrb-sitrep-078-2026-07-31; inrb-sitrep-079-2026-08-01; inrb-sitrep-080-2026-08-02; inrb-sitrep-081-2026-08-03; inrb-sitrep-082-2026-08-04; inrb-sitrep-083-2026-08-05; inrb-sitrep-084-2026-08-06; inrb-sitrep-085-2026-08-07; inrb-sitrep-088-2026-08-10; inrb-sitrep-089-2026-08-11; inrb-sitrep-090-2026-08-12; inrb-sitrep-091-2026-08-13; inrb-sitrep-092-2026-08-14; inrb-sitrep-093-2026-08-15; inrb-sitrep-094-2026-08-16; inrb-sitrep-095-2026-08-17; inrb-sitrep-096-2026-08-18; inrb-sitrep-097-2026-08-19; inrb-sitrep-098-2026-08-20; inrb-sitrep-099-2026-08-21; inrb-sitrep-100-2026-08-22; inrb-sitrep-101-2026-08-23; inrb-sitrep-102-2026-08-24; inrb-sitrep-103-2026-08-25; inrb-sitrep-104-2026-08-26; inrb-sitrep-105-2026-08-27; inrb-sitrep-106-2026-08-28; inrb-sitrep-107-2026-08-29; inrb-sitrep-108-2026-08-30; inrb-sitrep-109-2026-08-31; inrb-umie-ebola-drc-2026-build-2026-05-28-bb8b7d5; inrb-umie-ebola-drc-2026-build-2026-06-01-b4cafc9; insp-linkedin-sitrep-086-2026-08-09; insp-linkedin-sitrep-087-2026-08-10; uganda-moh-ebola-update-2026-06-06; uganda-moh-ebola-update-2026-06-20; uganda-moh-ebola-update-2026-06-21; who-daily-epi-bdbv-2026-06-08; who-dg-remarks-bdbv-2026-05-20; who-dg-remarks-bdbv-2026-05-22; who-don602-2026-05-15-live; who-don603-2026-05-21-live; who-don606-bdbv-2026-06-08; who-ihr-ec-bdbv-temporary-recommendations-2026-05-22; who-pheic-2026-05-17-live; wikipedia-2026-ituri-epidemic-2026-05-20-live,Generation max bin may be censored; see generations_max_bin_is_censored row.
model:transmission:generation:16,transmission,generation_16_probability,0.044,,,probability,BDBV-CLAIM-047,derived_supported,pinned_snapshot_model_output,africa-cdc-phecs-2026-05-18-live; afro-sitrep-01-2026-05-18-live; afro-sitrep-01-pdf-2026-05-18-live; cdc-current-situation-2026-05-21; cdc-current-situation-2026-05-23; cdc-current-situation-2026-05-24; cdc-current-situation-2026-05-25; drc-moh-epidemie-dashboard-sitrep-009-graphql-2026-05-24; drc-moh-epidemie-dashboard-sitrep-mve-n-007-mvb-17-2026-pdf-2026-05-22; ecdc-bdbv-drc-uga-2026-05-19-live; ecdc-bdbv-drc-uga-2026-05-21-live; ecdc-bdbv-drc-uga-2026-05-25-live; ecdc-bdbv-drc-uga-2026-05-26-live; ecdc-bdbv-drc-uga-2026-05-27-live; inrb-sitrep-015-2026-05-29; inrb-sitrep-016-2026-05-30; inrb-sitrep-017-2026-05-31; inrb-sitrep-018-2026-06-01; inrb-sitrep-019-2026-06-02; inrb-sitrep-020-2026-06-03; inrb-sitrep-021-2026-06-04; inrb-sitrep-022-2026-06-05; inrb-sitrep-023-2026-06-06; inrb-sitrep-024-2026-06-07; inrb-sitrep-025-2026-06-08; inrb-sitrep-026-2026-06-09; inrb-sitrep-027-2026-06-10; inrb-sitrep-028-2026-06-11; inrb-sitrep-030-2026-06-13; inrb-sitrep-031-2026-06-14; inrb-sitrep-032-2026-06-15; inrb-sitrep-033-2026-06-16; inrb-sitrep-034-2026-06-17; inrb-sitrep-035-2026-06-18; inrb-sitrep-036-2026-06-19; inrb-sitrep-037-2026-06-20; inrb-sitrep-038-2026-06-21; inrb-sitrep-039-2026-06-22; inrb-sitrep-040-2026-06-23; inrb-sitrep-041-2026-06-24; inrb-sitrep-042-2026-06-25; inrb-sitrep-044-2026-06-27; inrb-sitrep-046-2026-06-29; inrb-sitrep-047-2026-06-30; inrb-sitrep-048-2026-07-01; inrb-sitrep-049-2026-07-02; inrb-sitrep-050-2026-07-03; inrb-sitrep-051-2026-07-04; inrb-sitrep-052-2026-07-05; inrb-sitrep-053-2026-07-06; inrb-sitrep-054-2026-07-07; inrb-sitrep-055-2026-07-08; inrb-sitrep-056-2026-07-09; inrb-sitrep-057-2026-07-10; inrb-sitrep-058-2026-07-11; inrb-sitrep-059-2026-07-12; inrb-sitrep-060-2026-07-13; inrb-sitrep-061-2026-07-14; inrb-sitrep-062-2026-07-15; inrb-sitrep-063-2026-07-16; inrb-sitrep-064-2026-07-17; inrb-sitrep-065-2026-07-18; inrb-sitrep-066-2026-07-19; inrb-sitrep-067-2026-07-20; inrb-sitrep-068-2026-07-21; inrb-sitrep-069-2026-07-22; inrb-sitrep-070-2026-07-23; inrb-sitrep-071-2026-07-24; inrb-sitrep-072-2026-07-25; inrb-sitrep-073-2026-07-26; inrb-sitrep-074-2026-07-27; inrb-sitrep-077-2026-07-30; inrb-sitrep-078-2026-07-31; inrb-sitrep-079-2026-08-01; inrb-sitrep-080-2026-08-02; inrb-sitrep-081-2026-08-03; inrb-sitrep-082-2026-08-04; inrb-sitrep-083-2026-08-05; inrb-sitrep-084-2026-08-06; inrb-sitrep-085-2026-08-07; inrb-sitrep-088-2026-08-10; inrb-sitrep-089-2026-08-11; inrb-sitrep-090-2026-08-12; inrb-sitrep-091-2026-08-13; inrb-sitrep-092-2026-08-14; inrb-sitrep-093-2026-08-15; inrb-sitrep-094-2026-08-16; inrb-sitrep-095-2026-08-17; inrb-sitrep-096-2026-08-18; inrb-sitrep-097-2026-08-19; inrb-sitrep-098-2026-08-20; inrb-sitrep-099-2026-08-21; inrb-sitrep-100-2026-08-22; inrb-sitrep-101-2026-08-23; inrb-sitrep-102-2026-08-24; inrb-sitrep-103-2026-08-25; inrb-sitrep-104-2026-08-26; inrb-sitrep-105-2026-08-27; inrb-sitrep-106-2026-08-28; inrb-sitrep-107-2026-08-29; inrb-sitrep-108-2026-08-30; inrb-sitrep-109-2026-08-31; inrb-umie-ebola-drc-2026-build-2026-05-28-bb8b7d5; inrb-umie-ebola-drc-2026-build-2026-06-01-b4cafc9; insp-linkedin-sitrep-086-2026-08-09; insp-linkedin-sitrep-087-2026-08-10; uganda-moh-ebola-update-2026-06-06; uganda-moh-ebola-update-2026-06-20; uganda-moh-ebola-update-2026-06-21; who-daily-epi-bdbv-2026-06-08; who-dg-remarks-bdbv-2026-05-20; who-dg-remarks-bdbv-2026-05-22; who-don602-2026-05-15-live; who-don603-2026-05-21-live; who-don606-bdbv-2026-06-08; who-ihr-ec-bdbv-temporary-recommendations-2026-05-22; who-pheic-2026-05-17-live; wikipedia-2026-ituri-epidemic-2026-05-20-live,Generation max bin may be censored; see generations_max_bin_is_censored row.
model:transmission:generation:17,transmission,generation_17_probability,0.031,,,probability,BDBV-CLAIM-047,derived_supported,pinned_snapshot_model_output,africa-cdc-phecs-2026-05-18-live; afro-sitrep-01-2026-05-18-live; afro-sitrep-01-pdf-2026-05-18-live; cdc-current-situation-2026-05-21; cdc-current-situation-2026-05-23; cdc-current-situation-2026-05-24; cdc-current-situation-2026-05-25; drc-moh-epidemie-dashboard-sitrep-009-graphql-2026-05-24; drc-moh-epidemie-dashboard-sitrep-mve-n-007-mvb-17-2026-pdf-2026-05-22; ecdc-bdbv-drc-uga-2026-05-19-live; ecdc-bdbv-drc-uga-2026-05-21-live; ecdc-bdbv-drc-uga-2026-05-25-live; ecdc-bdbv-drc-uga-2026-05-26-live; ecdc-bdbv-drc-uga-2026-05-27-live; inrb-sitrep-015-2026-05-29; inrb-sitrep-016-2026-05-30; inrb-sitrep-017-2026-05-31; inrb-sitrep-018-2026-06-01; inrb-sitrep-019-2026-06-02; inrb-sitrep-020-2026-06-03; inrb-sitrep-021-2026-06-04; inrb-sitrep-022-2026-06-05; inrb-sitrep-023-2026-06-06; inrb-sitrep-024-2026-06-07; inrb-sitrep-025-2026-06-08; inrb-sitrep-026-2026-06-09; inrb-sitrep-027-2026-06-10; inrb-sitrep-028-2026-06-11; inrb-sitrep-030-2026-06-13; inrb-sitrep-031-2026-06-14; inrb-sitrep-032-2026-06-15; inrb-sitrep-033-2026-06-16; inrb-sitrep-034-2026-06-17; inrb-sitrep-035-2026-06-18; inrb-sitrep-036-2026-06-19; inrb-sitrep-037-2026-06-20; inrb-sitrep-038-2026-06-21; inrb-sitrep-039-2026-06-22; inrb-sitrep-040-2026-06-23; inrb-sitrep-041-2026-06-24; inrb-sitrep-042-2026-06-25; inrb-sitrep-044-2026-06-27; inrb-sitrep-046-2026-06-29; inrb-sitrep-047-2026-06-30; inrb-sitrep-048-2026-07-01; inrb-sitrep-049-2026-07-02; inrb-sitrep-050-2026-07-03; inrb-sitrep-051-2026-07-04; inrb-sitrep-052-2026-07-05; inrb-sitrep-053-2026-07-06; inrb-sitrep-054-2026-07-07; inrb-sitrep-055-2026-07-08; inrb-sitrep-056-2026-07-09; inrb-sitrep-057-2026-07-10; inrb-sitrep-058-2026-07-11; inrb-sitrep-059-2026-07-12; inrb-sitrep-060-2026-07-13; inrb-sitrep-061-2026-07-14; inrb-sitrep-062-2026-07-15; inrb-sitrep-063-2026-07-16; inrb-sitrep-064-2026-07-17; inrb-sitrep-065-2026-07-18; inrb-sitrep-066-2026-07-19; inrb-sitrep-067-2026-07-20; inrb-sitrep-068-2026-07-21; inrb-sitrep-069-2026-07-22; inrb-sitrep-070-2026-07-23; inrb-sitrep-071-2026-07-24; inrb-sitrep-072-2026-07-25; inrb-sitrep-073-2026-07-26; inrb-sitrep-074-2026-07-27; inrb-sitrep-077-2026-07-30; inrb-sitrep-078-2026-07-31; inrb-sitrep-079-2026-08-01; inrb-sitrep-080-2026-08-02; inrb-sitrep-081-2026-08-03; inrb-sitrep-082-2026-08-04; inrb-sitrep-083-2026-08-05; inrb-sitrep-084-2026-08-06; inrb-sitrep-085-2026-08-07; inrb-sitrep-088-2026-08-10; inrb-sitrep-089-2026-08-11; inrb-sitrep-090-2026-08-12; inrb-sitrep-091-2026-08-13; inrb-sitrep-092-2026-08-14; inrb-sitrep-093-2026-08-15; inrb-sitrep-094-2026-08-16; inrb-sitrep-095-2026-08-17; inrb-sitrep-096-2026-08-18; inrb-sitrep-097-2026-08-19; inrb-sitrep-098-2026-08-20; inrb-sitrep-099-2026-08-21; inrb-sitrep-100-2026-08-22; inrb-sitrep-101-2026-08-23; inrb-sitrep-102-2026-08-24; inrb-sitrep-103-2026-08-25; inrb-sitrep-104-2026-08-26; inrb-sitrep-105-2026-08-27; inrb-sitrep-106-2026-08-28; inrb-sitrep-107-2026-08-29; inrb-sitrep-108-2026-08-30; inrb-sitrep-109-2026-08-31; inrb-umie-ebola-drc-2026-build-2026-05-28-bb8b7d5; inrb-umie-ebola-drc-2026-build-2026-06-01-b4cafc9; insp-linkedin-sitrep-086-2026-08-09; insp-linkedin-sitrep-087-2026-08-10; uganda-moh-ebola-update-2026-06-06; uganda-moh-ebola-update-2026-06-20; uganda-moh-ebola-update-2026-06-21; who-daily-epi-bdbv-2026-06-08; who-dg-remarks-bdbv-2026-05-20; who-dg-remarks-bdbv-2026-05-22; who-don602-2026-05-15-live; who-don603-2026-05-21-live; who-don606-bdbv-2026-06-08; who-ihr-ec-bdbv-temporary-recommendations-2026-05-22; who-pheic-2026-05-17-live; wikipedia-2026-ituri-epidemic-2026-05-20-live,Generation max bin may be censored; see generations_max_bin_is_censored row.
model:transmission:generation:18,transmission,generation_18_probability,0.024,,,probability,BDBV-CLAIM-047,derived_supported,pinned_snapshot_model_output,africa-cdc-phecs-2026-05-18-live; afro-sitrep-01-2026-05-18-live; afro-sitrep-01-pdf-2026-05-18-live; cdc-current-situation-2026-05-21; cdc-current-situation-2026-05-23; cdc-current-situation-2026-05-24; cdc-current-situation-2026-05-25; drc-moh-epidemie-dashboard-sitrep-009-graphql-2026-05-24; drc-moh-epidemie-dashboard-sitrep-mve-n-007-mvb-17-2026-pdf-2026-05-22; ecdc-bdbv-drc-uga-2026-05-19-live; ecdc-bdbv-drc-uga-2026-05-21-live; ecdc-bdbv-drc-uga-2026-05-25-live; ecdc-bdbv-drc-uga-2026-05-26-live; ecdc-bdbv-drc-uga-2026-05-27-live; inrb-sitrep-015-2026-05-29; inrb-sitrep-016-2026-05-30; inrb-sitrep-017-2026-05-31; inrb-sitrep-018-2026-06-01; inrb-sitrep-019-2026-06-02; inrb-sitrep-020-2026-06-03; inrb-sitrep-021-2026-06-04; inrb-sitrep-022-2026-06-05; inrb-sitrep-023-2026-06-06; inrb-sitrep-024-2026-06-07; inrb-sitrep-025-2026-06-08; inrb-sitrep-026-2026-06-09; inrb-sitrep-027-2026-06-10; inrb-sitrep-028-2026-06-11; inrb-sitrep-030-2026-06-13; inrb-sitrep-031-2026-06-14; inrb-sitrep-032-2026-06-15; inrb-sitrep-033-2026-06-16; inrb-sitrep-034-2026-06-17; inrb-sitrep-035-2026-06-18; inrb-sitrep-036-2026-06-19; inrb-sitrep-037-2026-06-20; inrb-sitrep-038-2026-06-21; inrb-sitrep-039-2026-06-22; inrb-sitrep-040-2026-06-23; inrb-sitrep-041-2026-06-24; inrb-sitrep-042-2026-06-25; inrb-sitrep-044-2026-06-27; inrb-sitrep-046-2026-06-29; inrb-sitrep-047-2026-06-30; inrb-sitrep-048-2026-07-01; inrb-sitrep-049-2026-07-02; inrb-sitrep-050-2026-07-03; inrb-sitrep-051-2026-07-04; inrb-sitrep-052-2026-07-05; inrb-sitrep-053-2026-07-06; inrb-sitrep-054-2026-07-07; inrb-sitrep-055-2026-07-08; inrb-sitrep-056-2026-07-09; inrb-sitrep-057-2026-07-10; inrb-sitrep-058-2026-07-11; inrb-sitrep-059-2026-07-12; inrb-sitrep-060-2026-07-13; inrb-sitrep-061-2026-07-14; inrb-sitrep-062-2026-07-15; inrb-sitrep-063-2026-07-16; inrb-sitrep-064-2026-07-17; inrb-sitrep-065-2026-07-18; inrb-sitrep-066-2026-07-19; inrb-sitrep-067-2026-07-20; inrb-sitrep-068-2026-07-21; inrb-sitrep-069-2026-07-22; inrb-sitrep-070-2026-07-23; inrb-sitrep-071-2026-07-24; inrb-sitrep-072-2026-07-25; inrb-sitrep-073-2026-07-26; inrb-sitrep-074-2026-07-27; inrb-sitrep-077-2026-07-30; inrb-sitrep-078-2026-07-31; inrb-sitrep-079-2026-08-01; inrb-sitrep-080-2026-08-02; inrb-sitrep-081-2026-08-03; inrb-sitrep-082-2026-08-04; inrb-sitrep-083-2026-08-05; inrb-sitrep-084-2026-08-06; inrb-sitrep-085-2026-08-07; inrb-sitrep-088-2026-08-10; inrb-sitrep-089-2026-08-11; inrb-sitrep-090-2026-08-12; inrb-sitrep-091-2026-08-13; inrb-sitrep-092-2026-08-14; inrb-sitrep-093-2026-08-15; inrb-sitrep-094-2026-08-16; inrb-sitrep-095-2026-08-17; inrb-sitrep-096-2026-08-18; inrb-sitrep-097-2026-08-19; inrb-sitrep-098-2026-08-20; inrb-sitrep-099-2026-08-21; inrb-sitrep-100-2026-08-22; inrb-sitrep-101-2026-08-23; inrb-sitrep-102-2026-08-24; inrb-sitrep-103-2026-08-25; inrb-sitrep-104-2026-08-26; inrb-sitrep-105-2026-08-27; inrb-sitrep-106-2026-08-28; inrb-sitrep-107-2026-08-29; inrb-sitrep-108-2026-08-30; inrb-sitrep-109-2026-08-31; inrb-umie-ebola-drc-2026-build-2026-05-28-bb8b7d5; inrb-umie-ebola-drc-2026-build-2026-06-01-b4cafc9; insp-linkedin-sitrep-086-2026-08-09; insp-linkedin-sitrep-087-2026-08-10; uganda-moh-ebola-update-2026-06-06; uganda-moh-ebola-update-2026-06-20; uganda-moh-ebola-update-2026-06-21; who-daily-epi-bdbv-2026-06-08; who-dg-remarks-bdbv-2026-05-20; who-dg-remarks-bdbv-2026-05-22; who-don602-2026-05-15-live; who-don603-2026-05-21-live; who-don606-bdbv-2026-06-08; who-ihr-ec-bdbv-temporary-recommendations-2026-05-22; who-pheic-2026-05-17-live; wikipedia-2026-ituri-epidemic-2026-05-20-live,Generation max bin may be censored; see generations_max_bin_is_censored row.
model:transmission:generation:19,transmission,generation_19_probability,0.03,,,probability,BDBV-CLAIM-047,derived_supported,pinned_snapshot_model_output,africa-cdc-phecs-2026-05-18-live; afro-sitrep-01-2026-05-18-live; afro-sitrep-01-pdf-2026-05-18-live; cdc-current-situation-2026-05-21; cdc-current-situation-2026-05-23; cdc-current-situation-2026-05-24; cdc-current-situation-2026-05-25; drc-moh-epidemie-dashboard-sitrep-009-graphql-2026-05-24; drc-moh-epidemie-dashboard-sitrep-mve-n-007-mvb-17-2026-pdf-2026-05-22; ecdc-bdbv-drc-uga-2026-05-19-live; ecdc-bdbv-drc-uga-2026-05-21-live; ecdc-bdbv-drc-uga-2026-05-25-live; ecdc-bdbv-drc-uga-2026-05-26-live; ecdc-bdbv-drc-uga-2026-05-27-live; inrb-sitrep-015-2026-05-29; inrb-sitrep-016-2026-05-30; inrb-sitrep-017-2026-05-31; inrb-sitrep-018-2026-06-01; inrb-sitrep-019-2026-06-02; inrb-sitrep-020-2026-06-03; inrb-sitrep-021-2026-06-04; inrb-sitrep-022-2026-06-05; inrb-sitrep-023-2026-06-06; inrb-sitrep-024-2026-06-07; inrb-sitrep-025-2026-06-08; inrb-sitrep-026-2026-06-09; inrb-sitrep-027-2026-06-10; inrb-sitrep-028-2026-06-11; inrb-sitrep-030-2026-06-13; inrb-sitrep-031-2026-06-14; inrb-sitrep-032-2026-06-15; inrb-sitrep-033-2026-06-16; inrb-sitrep-034-2026-06-17; inrb-sitrep-035-2026-06-18; inrb-sitrep-036-2026-06-19; inrb-sitrep-037-2026-06-20; inrb-sitrep-038-2026-06-21; inrb-sitrep-039-2026-06-22; inrb-sitrep-040-2026-06-23; inrb-sitrep-041-2026-06-24; inrb-sitrep-042-2026-06-25; inrb-sitrep-044-2026-06-27; inrb-sitrep-046-2026-06-29; inrb-sitrep-047-2026-06-30; inrb-sitrep-048-2026-07-01; inrb-sitrep-049-2026-07-02; inrb-sitrep-050-2026-07-03; inrb-sitrep-051-2026-07-04; inrb-sitrep-052-2026-07-05; inrb-sitrep-053-2026-07-06; inrb-sitrep-054-2026-07-07; inrb-sitrep-055-2026-07-08; inrb-sitrep-056-2026-07-09; inrb-sitrep-057-2026-07-10; inrb-sitrep-058-2026-07-11; inrb-sitrep-059-2026-07-12; inrb-sitrep-060-2026-07-13; inrb-sitrep-061-2026-07-14; inrb-sitrep-062-2026-07-15; inrb-sitrep-063-2026-07-16; inrb-sitrep-064-2026-07-17; inrb-sitrep-065-2026-07-18; inrb-sitrep-066-2026-07-19; inrb-sitrep-067-2026-07-20; inrb-sitrep-068-2026-07-21; inrb-sitrep-069-2026-07-22; inrb-sitrep-070-2026-07-23; inrb-sitrep-071-2026-07-24; inrb-sitrep-072-2026-07-25; inrb-sitrep-073-2026-07-26; inrb-sitrep-074-2026-07-27; inrb-sitrep-077-2026-07-30; inrb-sitrep-078-2026-07-31; inrb-sitrep-079-2026-08-01; inrb-sitrep-080-2026-08-02; inrb-sitrep-081-2026-08-03; inrb-sitrep-082-2026-08-04; inrb-sitrep-083-2026-08-05; inrb-sitrep-084-2026-08-06; inrb-sitrep-085-2026-08-07; inrb-sitrep-088-2026-08-10; inrb-sitrep-089-2026-08-11; inrb-sitrep-090-2026-08-12; inrb-sitrep-091-2026-08-13; inrb-sitrep-092-2026-08-14; inrb-sitrep-093-2026-08-15; inrb-sitrep-094-2026-08-16; inrb-sitrep-095-2026-08-17; inrb-sitrep-096-2026-08-18; inrb-sitrep-097-2026-08-19; inrb-sitrep-098-2026-08-20; inrb-sitrep-099-2026-08-21; inrb-sitrep-100-2026-08-22; inrb-sitrep-101-2026-08-23; inrb-sitrep-102-2026-08-24; inrb-sitrep-103-2026-08-25; inrb-sitrep-104-2026-08-26; inrb-sitrep-105-2026-08-27; inrb-sitrep-106-2026-08-28; inrb-sitrep-107-2026-08-29; inrb-sitrep-108-2026-08-30; inrb-sitrep-109-2026-08-31; inrb-umie-ebola-drc-2026-build-2026-05-28-bb8b7d5; inrb-umie-ebola-drc-2026-build-2026-06-01-b4cafc9; insp-linkedin-sitrep-086-2026-08-09; insp-linkedin-sitrep-087-2026-08-10; uganda-moh-ebola-update-2026-06-06; uganda-moh-ebola-update-2026-06-20; uganda-moh-ebola-update-2026-06-21; who-daily-epi-bdbv-2026-06-08; who-dg-remarks-bdbv-2026-05-20; who-dg-remarks-bdbv-2026-05-22; who-don602-2026-05-15-live; who-don603-2026-05-21-live; who-don606-bdbv-2026-06-08; who-ihr-ec-bdbv-temporary-recommendations-2026-05-22; who-pheic-2026-05-17-live; wikipedia-2026-ituri-epidemic-2026-05-20-live,Generation max bin may be censored; see generations_max_bin_is_censored row.
model:transmission:generation:20,transmission,generation_20_probability,0.02,,,probability,BDBV-CLAIM-047,derived_supported,pinned_snapshot_model_output,africa-cdc-phecs-2026-05-18-live; afro-sitrep-01-2026-05-18-live; afro-sitrep-01-pdf-2026-05-18-live; cdc-current-situation-2026-05-21; cdc-current-situation-2026-05-23; cdc-current-situation-2026-05-24; cdc-current-situation-2026-05-25; drc-moh-epidemie-dashboard-sitrep-009-graphql-2026-05-24; drc-moh-epidemie-dashboard-sitrep-mve-n-007-mvb-17-2026-pdf-2026-05-22; ecdc-bdbv-drc-uga-2026-05-19-live; ecdc-bdbv-drc-uga-2026-05-21-live; ecdc-bdbv-drc-uga-2026-05-25-live; ecdc-bdbv-drc-uga-2026-05-26-live; ecdc-bdbv-drc-uga-2026-05-27-live; inrb-sitrep-015-2026-05-29; inrb-sitrep-016-2026-05-30; inrb-sitrep-017-2026-05-31; inrb-sitrep-018-2026-06-01; inrb-sitrep-019-2026-06-02; inrb-sitrep-020-2026-06-03; inrb-sitrep-021-2026-06-04; inrb-sitrep-022-2026-06-05; inrb-sitrep-023-2026-06-06; inrb-sitrep-024-2026-06-07; inrb-sitrep-025-2026-06-08; inrb-sitrep-026-2026-06-09; inrb-sitrep-027-2026-06-10; inrb-sitrep-028-2026-06-11; inrb-sitrep-030-2026-06-13; inrb-sitrep-031-2026-06-14; inrb-sitrep-032-2026-06-15; inrb-sitrep-033-2026-06-16; inrb-sitrep-034-2026-06-17; inrb-sitrep-035-2026-06-18; inrb-sitrep-036-2026-06-19; inrb-sitrep-037-2026-06-20; inrb-sitrep-038-2026-06-21; inrb-sitrep-039-2026-06-22; inrb-sitrep-040-2026-06-23; inrb-sitrep-041-2026-06-24; inrb-sitrep-042-2026-06-25; inrb-sitrep-044-2026-06-27; inrb-sitrep-046-2026-06-29; inrb-sitrep-047-2026-06-30; inrb-sitrep-048-2026-07-01; inrb-sitrep-049-2026-07-02; inrb-sitrep-050-2026-07-03; inrb-sitrep-051-2026-07-04; inrb-sitrep-052-2026-07-05; inrb-sitrep-053-2026-07-06; inrb-sitrep-054-2026-07-07; inrb-sitrep-055-2026-07-08; inrb-sitrep-056-2026-07-09; inrb-sitrep-057-2026-07-10; inrb-sitrep-058-2026-07-11; inrb-sitrep-059-2026-07-12; inrb-sitrep-060-2026-07-13; inrb-sitrep-061-2026-07-14; inrb-sitrep-062-2026-07-15; inrb-sitrep-063-2026-07-16; inrb-sitrep-064-2026-07-17; inrb-sitrep-065-2026-07-18; inrb-sitrep-066-2026-07-19; inrb-sitrep-067-2026-07-20; inrb-sitrep-068-2026-07-21; inrb-sitrep-069-2026-07-22; inrb-sitrep-070-2026-07-23; inrb-sitrep-071-2026-07-24; inrb-sitrep-072-2026-07-25; inrb-sitrep-073-2026-07-26; inrb-sitrep-074-2026-07-27; inrb-sitrep-077-2026-07-30; inrb-sitrep-078-2026-07-31; inrb-sitrep-079-2026-08-01; inrb-sitrep-080-2026-08-02; inrb-sitrep-081-2026-08-03; inrb-sitrep-082-2026-08-04; inrb-sitrep-083-2026-08-05; inrb-sitrep-084-2026-08-06; inrb-sitrep-085-2026-08-07; inrb-sitrep-088-2026-08-10; inrb-sitrep-089-2026-08-11; inrb-sitrep-090-2026-08-12; inrb-sitrep-091-2026-08-13; inrb-sitrep-092-2026-08-14; inrb-sitrep-093-2026-08-15; inrb-sitrep-094-2026-08-16; inrb-sitrep-095-2026-08-17; inrb-sitrep-096-2026-08-18; inrb-sitrep-097-2026-08-19; inrb-sitrep-098-2026-08-20; inrb-sitrep-099-2026-08-21; inrb-sitrep-100-2026-08-22; inrb-sitrep-101-2026-08-23; inrb-sitrep-102-2026-08-24; inrb-sitrep-103-2026-08-25; inrb-sitrep-104-2026-08-26; inrb-sitrep-105-2026-08-27; inrb-sitrep-106-2026-08-28; inrb-sitrep-107-2026-08-29; inrb-sitrep-108-2026-08-30; inrb-sitrep-109-2026-08-31; inrb-umie-ebola-drc-2026-build-2026-05-28-bb8b7d5; inrb-umie-ebola-drc-2026-build-2026-06-01-b4cafc9; insp-linkedin-sitrep-086-2026-08-09; insp-linkedin-sitrep-087-2026-08-10; uganda-moh-ebola-update-2026-06-06; uganda-moh-ebola-update-2026-06-20; uganda-moh-ebola-update-2026-06-21; who-daily-epi-bdbv-2026-06-08; who-dg-remarks-bdbv-2026-05-20; who-dg-remarks-bdbv-2026-05-22; who-don602-2026-05-15-live; who-don603-2026-05-21-live; who-don606-bdbv-2026-06-08; who-ihr-ec-bdbv-temporary-recommendations-2026-05-22; who-pheic-2026-05-17-live; wikipedia-2026-ituri-epidemic-2026-05-20-live,Generation max bin may be censored; see generations_max_bin_is_censored row.
model:transmission:generation:21,transmission,generation_21_probability,0.017,,,probability,BDBV-CLAIM-047,derived_supported,pinned_snapshot_model_output,africa-cdc-phecs-2026-05-18-live; afro-sitrep-01-2026-05-18-live; afro-sitrep-01-pdf-2026-05-18-live; cdc-current-situation-2026-05-21; cdc-current-situation-2026-05-23; cdc-current-situation-2026-05-24; cdc-current-situation-2026-05-25; drc-moh-epidemie-dashboard-sitrep-009-graphql-2026-05-24; drc-moh-epidemie-dashboard-sitrep-mve-n-007-mvb-17-2026-pdf-2026-05-22; ecdc-bdbv-drc-uga-2026-05-19-live; ecdc-bdbv-drc-uga-2026-05-21-live; ecdc-bdbv-drc-uga-2026-05-25-live; ecdc-bdbv-drc-uga-2026-05-26-live; ecdc-bdbv-drc-uga-2026-05-27-live; inrb-sitrep-015-2026-05-29; inrb-sitrep-016-2026-05-30; inrb-sitrep-017-2026-05-31; inrb-sitrep-018-2026-06-01; inrb-sitrep-019-2026-06-02; inrb-sitrep-020-2026-06-03; inrb-sitrep-021-2026-06-04; inrb-sitrep-022-2026-06-05; inrb-sitrep-023-2026-06-06; inrb-sitrep-024-2026-06-07; inrb-sitrep-025-2026-06-08; inrb-sitrep-026-2026-06-09; inrb-sitrep-027-2026-06-10; inrb-sitrep-028-2026-06-11; inrb-sitrep-030-2026-06-13; inrb-sitrep-031-2026-06-14; inrb-sitrep-032-2026-06-15; inrb-sitrep-033-2026-06-16; inrb-sitrep-034-2026-06-17; inrb-sitrep-035-2026-06-18; inrb-sitrep-036-2026-06-19; inrb-sitrep-037-2026-06-20; inrb-sitrep-038-2026-06-21; inrb-sitrep-039-2026-06-22; inrb-sitrep-040-2026-06-23; inrb-sitrep-041-2026-06-24; inrb-sitrep-042-2026-06-25; inrb-sitrep-044-2026-06-27; inrb-sitrep-046-2026-06-29; inrb-sitrep-047-2026-06-30; inrb-sitrep-048-2026-07-01; inrb-sitrep-049-2026-07-02; inrb-sitrep-050-2026-07-03; inrb-sitrep-051-2026-07-04; inrb-sitrep-052-2026-07-05; inrb-sitrep-053-2026-07-06; inrb-sitrep-054-2026-07-07; inrb-sitrep-055-2026-07-08; inrb-sitrep-056-2026-07-09; inrb-sitrep-057-2026-07-10; inrb-sitrep-058-2026-07-11; inrb-sitrep-059-2026-07-12; inrb-sitrep-060-2026-07-13; inrb-sitrep-061-2026-07-14; inrb-sitrep-062-2026-07-15; inrb-sitrep-063-2026-07-16; inrb-sitrep-064-2026-07-17; inrb-sitrep-065-2026-07-18; inrb-sitrep-066-2026-07-19; inrb-sitrep-067-2026-07-20; inrb-sitrep-068-2026-07-21; inrb-sitrep-069-2026-07-22; inrb-sitrep-070-2026-07-23; inrb-sitrep-071-2026-07-24; inrb-sitrep-072-2026-07-25; inrb-sitrep-073-2026-07-26; inrb-sitrep-074-2026-07-27; inrb-sitrep-077-2026-07-30; inrb-sitrep-078-2026-07-31; inrb-sitrep-079-2026-08-01; inrb-sitrep-080-2026-08-02; inrb-sitrep-081-2026-08-03; inrb-sitrep-082-2026-08-04; inrb-sitrep-083-2026-08-05; inrb-sitrep-084-2026-08-06; inrb-sitrep-085-2026-08-07; inrb-sitrep-088-2026-08-10; inrb-sitrep-089-2026-08-11; inrb-sitrep-090-2026-08-12; inrb-sitrep-091-2026-08-13; inrb-sitrep-092-2026-08-14; inrb-sitrep-093-2026-08-15; inrb-sitrep-094-2026-08-16; inrb-sitrep-095-2026-08-17; inrb-sitrep-096-2026-08-18; inrb-sitrep-097-2026-08-19; inrb-sitrep-098-2026-08-20; inrb-sitrep-099-2026-08-21; inrb-sitrep-100-2026-08-22; inrb-sitrep-101-2026-08-23; inrb-sitrep-102-2026-08-24; inrb-sitrep-103-2026-08-25; inrb-sitrep-104-2026-08-26; inrb-sitrep-105-2026-08-27; inrb-sitrep-106-2026-08-28; inrb-sitrep-107-2026-08-29; inrb-sitrep-108-2026-08-30; inrb-sitrep-109-2026-08-31; inrb-umie-ebola-drc-2026-build-2026-05-28-bb8b7d5; inrb-umie-ebola-drc-2026-build-2026-06-01-b4cafc9; insp-linkedin-sitrep-086-2026-08-09; insp-linkedin-sitrep-087-2026-08-10; uganda-moh-ebola-update-2026-06-06; uganda-moh-ebola-update-2026-06-20; uganda-moh-ebola-update-2026-06-21; who-daily-epi-bdbv-2026-06-08; who-dg-remarks-bdbv-2026-05-20; who-dg-remarks-bdbv-2026-05-22; who-don602-2026-05-15-live; who-don603-2026-05-21-live; who-don606-bdbv-2026-06-08; who-ihr-ec-bdbv-temporary-recommendations-2026-05-22; who-pheic-2026-05-17-live; wikipedia-2026-ituri-epidemic-2026-05-20-live,Generation max bin may be censored; see generations_max_bin_is_censored row.
model:transmission:generation:22,transmission,generation_22_probability,0.016,,,probability,BDBV-CLAIM-047,derived_supported,pinned_snapshot_model_output,africa-cdc-phecs-2026-05-18-live; afro-sitrep-01-2026-05-18-live; afro-sitrep-01-pdf-2026-05-18-live; cdc-current-situation-2026-05-21; cdc-current-situation-2026-05-23; cdc-current-situation-2026-05-24; cdc-current-situation-2026-05-25; drc-moh-epidemie-dashboard-sitrep-009-graphql-2026-05-24; drc-moh-epidemie-dashboard-sitrep-mve-n-007-mvb-17-2026-pdf-2026-05-22; ecdc-bdbv-drc-uga-2026-05-19-live; ecdc-bdbv-drc-uga-2026-05-21-live; ecdc-bdbv-drc-uga-2026-05-25-live; ecdc-bdbv-drc-uga-2026-05-26-live; ecdc-bdbv-drc-uga-2026-05-27-live; inrb-sitrep-015-2026-05-29; inrb-sitrep-016-2026-05-30; inrb-sitrep-017-2026-05-31; inrb-sitrep-018-2026-06-01; inrb-sitrep-019-2026-06-02; inrb-sitrep-020-2026-06-03; inrb-sitrep-021-2026-06-04; inrb-sitrep-022-2026-06-05; inrb-sitrep-023-2026-06-06; inrb-sitrep-024-2026-06-07; inrb-sitrep-025-2026-06-08; inrb-sitrep-026-2026-06-09; inrb-sitrep-027-2026-06-10; inrb-sitrep-028-2026-06-11; inrb-sitrep-030-2026-06-13; inrb-sitrep-031-2026-06-14; inrb-sitrep-032-2026-06-15; inrb-sitrep-033-2026-06-16; inrb-sitrep-034-2026-06-17; inrb-sitrep-035-2026-06-18; inrb-sitrep-036-2026-06-19; inrb-sitrep-037-2026-06-20; inrb-sitrep-038-2026-06-21; inrb-sitrep-039-2026-06-22; inrb-sitrep-040-2026-06-23; inrb-sitrep-041-2026-06-24; inrb-sitrep-042-2026-06-25; inrb-sitrep-044-2026-06-27; inrb-sitrep-046-2026-06-29; inrb-sitrep-047-2026-06-30; inrb-sitrep-048-2026-07-01; inrb-sitrep-049-2026-07-02; inrb-sitrep-050-2026-07-03; inrb-sitrep-051-2026-07-04; inrb-sitrep-052-2026-07-05; inrb-sitrep-053-2026-07-06; inrb-sitrep-054-2026-07-07; inrb-sitrep-055-2026-07-08; inrb-sitrep-056-2026-07-09; inrb-sitrep-057-2026-07-10; inrb-sitrep-058-2026-07-11; inrb-sitrep-059-2026-07-12; inrb-sitrep-060-2026-07-13; inrb-sitrep-061-2026-07-14; inrb-sitrep-062-2026-07-15; inrb-sitrep-063-2026-07-16; inrb-sitrep-064-2026-07-17; inrb-sitrep-065-2026-07-18; inrb-sitrep-066-2026-07-19; inrb-sitrep-067-2026-07-20; inrb-sitrep-068-2026-07-21; inrb-sitrep-069-2026-07-22; inrb-sitrep-070-2026-07-23; inrb-sitrep-071-2026-07-24; inrb-sitrep-072-2026-07-25; inrb-sitrep-073-2026-07-26; inrb-sitrep-074-2026-07-27; inrb-sitrep-077-2026-07-30; inrb-sitrep-078-2026-07-31; inrb-sitrep-079-2026-08-01; inrb-sitrep-080-2026-08-02; inrb-sitrep-081-2026-08-03; inrb-sitrep-082-2026-08-04; inrb-sitrep-083-2026-08-05; inrb-sitrep-084-2026-08-06; inrb-sitrep-085-2026-08-07; inrb-sitrep-088-2026-08-10; inrb-sitrep-089-2026-08-11; inrb-sitrep-090-2026-08-12; inrb-sitrep-091-2026-08-13; inrb-sitrep-092-2026-08-14; inrb-sitrep-093-2026-08-15; inrb-sitrep-094-2026-08-16; inrb-sitrep-095-2026-08-17; inrb-sitrep-096-2026-08-18; inrb-sitrep-097-2026-08-19; inrb-sitrep-098-2026-08-20; inrb-sitrep-099-2026-08-21; inrb-sitrep-100-2026-08-22; inrb-sitrep-101-2026-08-23; inrb-sitrep-102-2026-08-24; inrb-sitrep-103-2026-08-25; inrb-sitrep-104-2026-08-26; inrb-sitrep-105-2026-08-27; inrb-sitrep-106-2026-08-28; inrb-sitrep-107-2026-08-29; inrb-sitrep-108-2026-08-30; inrb-sitrep-109-2026-08-31; inrb-umie-ebola-drc-2026-build-2026-05-28-bb8b7d5; inrb-umie-ebola-drc-2026-build-2026-06-01-b4cafc9; insp-linkedin-sitrep-086-2026-08-09; insp-linkedin-sitrep-087-2026-08-10; uganda-moh-ebola-update-2026-06-06; uganda-moh-ebola-update-2026-06-20; uganda-moh-ebola-update-2026-06-21; who-daily-epi-bdbv-2026-06-08; who-dg-remarks-bdbv-2026-05-20; who-dg-remarks-bdbv-2026-05-22; who-don602-2026-05-15-live; who-don603-2026-05-21-live; who-don606-bdbv-2026-06-08; who-ihr-ec-bdbv-temporary-recommendations-2026-05-22; who-pheic-2026-05-17-live; wikipedia-2026-ituri-epidemic-2026-05-20-live,Generation max bin may be censored; see generations_max_bin_is_censored row.
model:transmission:generation:23,transmission,generation_23_probability,0.013,,,probability,BDBV-CLAIM-047,derived_supported,pinned_snapshot_model_output,africa-cdc-phecs-2026-05-18-live; afro-sitrep-01-2026-05-18-live; afro-sitrep-01-pdf-2026-05-18-live; cdc-current-situation-2026-05-21; cdc-current-situation-2026-05-23; cdc-current-situation-2026-05-24; cdc-current-situation-2026-05-25; drc-moh-epidemie-dashboard-sitrep-009-graphql-2026-05-24; drc-moh-epidemie-dashboard-sitrep-mve-n-007-mvb-17-2026-pdf-2026-05-22; ecdc-bdbv-drc-uga-2026-05-19-live; ecdc-bdbv-drc-uga-2026-05-21-live; ecdc-bdbv-drc-uga-2026-05-25-live; ecdc-bdbv-drc-uga-2026-05-26-live; ecdc-bdbv-drc-uga-2026-05-27-live; inrb-sitrep-015-2026-05-29; inrb-sitrep-016-2026-05-30; inrb-sitrep-017-2026-05-31; inrb-sitrep-018-2026-06-01; inrb-sitrep-019-2026-06-02; inrb-sitrep-020-2026-06-03; inrb-sitrep-021-2026-06-04; inrb-sitrep-022-2026-06-05; inrb-sitrep-023-2026-06-06; inrb-sitrep-024-2026-06-07; inrb-sitrep-025-2026-06-08; inrb-sitrep-026-2026-06-09; inrb-sitrep-027-2026-06-10; inrb-sitrep-028-2026-06-11; inrb-sitrep-030-2026-06-13; inrb-sitrep-031-2026-06-14; inrb-sitrep-032-2026-06-15; inrb-sitrep-033-2026-06-16; inrb-sitrep-034-2026-06-17; inrb-sitrep-035-2026-06-18; inrb-sitrep-036-2026-06-19; inrb-sitrep-037-2026-06-20; inrb-sitrep-038-2026-06-21; inrb-sitrep-039-2026-06-22; inrb-sitrep-040-2026-06-23; inrb-sitrep-041-2026-06-24; inrb-sitrep-042-2026-06-25; inrb-sitrep-044-2026-06-27; inrb-sitrep-046-2026-06-29; inrb-sitrep-047-2026-06-30; inrb-sitrep-048-2026-07-01; inrb-sitrep-049-2026-07-02; inrb-sitrep-050-2026-07-03; inrb-sitrep-051-2026-07-04; inrb-sitrep-052-2026-07-05; inrb-sitrep-053-2026-07-06; inrb-sitrep-054-2026-07-07; inrb-sitrep-055-2026-07-08; inrb-sitrep-056-2026-07-09; inrb-sitrep-057-2026-07-10; inrb-sitrep-058-2026-07-11; inrb-sitrep-059-2026-07-12; inrb-sitrep-060-2026-07-13; inrb-sitrep-061-2026-07-14; inrb-sitrep-062-2026-07-15; inrb-sitrep-063-2026-07-16; inrb-sitrep-064-2026-07-17; inrb-sitrep-065-2026-07-18; inrb-sitrep-066-2026-07-19; inrb-sitrep-067-2026-07-20; inrb-sitrep-068-2026-07-21; inrb-sitrep-069-2026-07-22; inrb-sitrep-070-2026-07-23; inrb-sitrep-071-2026-07-24; inrb-sitrep-072-2026-07-25; inrb-sitrep-073-2026-07-26; inrb-sitrep-074-2026-07-27; inrb-sitrep-077-2026-07-30; inrb-sitrep-078-2026-07-31; inrb-sitrep-079-2026-08-01; inrb-sitrep-080-2026-08-02; inrb-sitrep-081-2026-08-03; inrb-sitrep-082-2026-08-04; inrb-sitrep-083-2026-08-05; inrb-sitrep-084-2026-08-06; inrb-sitrep-085-2026-08-07; inrb-sitrep-088-2026-08-10; inrb-sitrep-089-2026-08-11; inrb-sitrep-090-2026-08-12; inrb-sitrep-091-2026-08-13; inrb-sitrep-092-2026-08-14; inrb-sitrep-093-2026-08-15; inrb-sitrep-094-2026-08-16; inrb-sitrep-095-2026-08-17; inrb-sitrep-096-2026-08-18; inrb-sitrep-097-2026-08-19; inrb-sitrep-098-2026-08-20; inrb-sitrep-099-2026-08-21; inrb-sitrep-100-2026-08-22; inrb-sitrep-101-2026-08-23; inrb-sitrep-102-2026-08-24; inrb-sitrep-103-2026-08-25; inrb-sitrep-104-2026-08-26; inrb-sitrep-105-2026-08-27; inrb-sitrep-106-2026-08-28; inrb-sitrep-107-2026-08-29; inrb-sitrep-108-2026-08-30; inrb-sitrep-109-2026-08-31; inrb-umie-ebola-drc-2026-build-2026-05-28-bb8b7d5; inrb-umie-ebola-drc-2026-build-2026-06-01-b4cafc9; insp-linkedin-sitrep-086-2026-08-09; insp-linkedin-sitrep-087-2026-08-10; uganda-moh-ebola-update-2026-06-06; uganda-moh-ebola-update-2026-06-20; uganda-moh-ebola-update-2026-06-21; who-daily-epi-bdbv-2026-06-08; who-dg-remarks-bdbv-2026-05-20; who-dg-remarks-bdbv-2026-05-22; who-don602-2026-05-15-live; who-don603-2026-05-21-live; who-don606-bdbv-2026-06-08; who-ihr-ec-bdbv-temporary-recommendations-2026-05-22; who-pheic-2026-05-17-live; wikipedia-2026-ituri-epidemic-2026-05-20-live,Generation max bin may be censored; see generations_max_bin_is_censored row.
model:transmission:generation:24,transmission,generation_24_probability,0.229,,,probability,BDBV-CLAIM-047,derived_supported,pinned_snapshot_model_output,africa-cdc-phecs-2026-05-18-live; afro-sitrep-01-2026-05-18-live; afro-sitrep-01-pdf-2026-05-18-live; cdc-current-situation-2026-05-21; cdc-current-situation-2026-05-23; cdc-current-situation-2026-05-24; cdc-current-situation-2026-05-25; drc-moh-epidemie-dashboard-sitrep-009-graphql-2026-05-24; drc-moh-epidemie-dashboard-sitrep-mve-n-007-mvb-17-2026-pdf-2026-05-22; ecdc-bdbv-drc-uga-2026-05-19-live; ecdc-bdbv-drc-uga-2026-05-21-live; ecdc-bdbv-drc-uga-2026-05-25-live; ecdc-bdbv-drc-uga-2026-05-26-live; ecdc-bdbv-drc-uga-2026-05-27-live; inrb-sitrep-015-2026-05-29; inrb-sitrep-016-2026-05-30; inrb-sitrep-017-2026-05-31; inrb-sitrep-018-2026-06-01; inrb-sitrep-019-2026-06-02; inrb-sitrep-020-2026-06-03; inrb-sitrep-021-2026-06-04; inrb-sitrep-022-2026-06-05; inrb-sitrep-023-2026-06-06; inrb-sitrep-024-2026-06-07; inrb-sitrep-025-2026-06-08; inrb-sitrep-026-2026-06-09; inrb-sitrep-027-2026-06-10; inrb-sitrep-028-2026-06-11; inrb-sitrep-030-2026-06-13; inrb-sitrep-031-2026-06-14; inrb-sitrep-032-2026-06-15; inrb-sitrep-033-2026-06-16; inrb-sitrep-034-2026-06-17; inrb-sitrep-035-2026-06-18; inrb-sitrep-036-2026-06-19; inrb-sitrep-037-2026-06-20; inrb-sitrep-038-2026-06-21; inrb-sitrep-039-2026-06-22; inrb-sitrep-040-2026-06-23; inrb-sitrep-041-2026-06-24; inrb-sitrep-042-2026-06-25; inrb-sitrep-044-2026-06-27; inrb-sitrep-046-2026-06-29; inrb-sitrep-047-2026-06-30; inrb-sitrep-048-2026-07-01; inrb-sitrep-049-2026-07-02; inrb-sitrep-050-2026-07-03; inrb-sitrep-051-2026-07-04; inrb-sitrep-052-2026-07-05; inrb-sitrep-053-2026-07-06; inrb-sitrep-054-2026-07-07; inrb-sitrep-055-2026-07-08; inrb-sitrep-056-2026-07-09; inrb-sitrep-057-2026-07-10; inrb-sitrep-058-2026-07-11; inrb-sitrep-059-2026-07-12; inrb-sitrep-060-2026-07-13; inrb-sitrep-061-2026-07-14; inrb-sitrep-062-2026-07-15; inrb-sitrep-063-2026-07-16; inrb-sitrep-064-2026-07-17; inrb-sitrep-065-2026-07-18; inrb-sitrep-066-2026-07-19; inrb-sitrep-067-2026-07-20; inrb-sitrep-068-2026-07-21; inrb-sitrep-069-2026-07-22; inrb-sitrep-070-2026-07-23; inrb-sitrep-071-2026-07-24; inrb-sitrep-072-2026-07-25; inrb-sitrep-073-2026-07-26; inrb-sitrep-074-2026-07-27; inrb-sitrep-077-2026-07-30; inrb-sitrep-078-2026-07-31; inrb-sitrep-079-2026-08-01; inrb-sitrep-080-2026-08-02; inrb-sitrep-081-2026-08-03; inrb-sitrep-082-2026-08-04; inrb-sitrep-083-2026-08-05; inrb-sitrep-084-2026-08-06; inrb-sitrep-085-2026-08-07; inrb-sitrep-088-2026-08-10; inrb-sitrep-089-2026-08-11; inrb-sitrep-090-2026-08-12; inrb-sitrep-091-2026-08-13; inrb-sitrep-092-2026-08-14; inrb-sitrep-093-2026-08-15; inrb-sitrep-094-2026-08-16; inrb-sitrep-095-2026-08-17; inrb-sitrep-096-2026-08-18; inrb-sitrep-097-2026-08-19; inrb-sitrep-098-2026-08-20; inrb-sitrep-099-2026-08-21; inrb-sitrep-100-2026-08-22; inrb-sitrep-101-2026-08-23; inrb-sitrep-102-2026-08-24; inrb-sitrep-103-2026-08-25; inrb-sitrep-104-2026-08-26; inrb-sitrep-105-2026-08-27; inrb-sitrep-106-2026-08-28; inrb-sitrep-107-2026-08-29; inrb-sitrep-108-2026-08-30; inrb-sitrep-109-2026-08-31; inrb-umie-ebola-drc-2026-build-2026-05-28-bb8b7d5; inrb-umie-ebola-drc-2026-build-2026-06-01-b4cafc9; insp-linkedin-sitrep-086-2026-08-09; insp-linkedin-sitrep-087-2026-08-10; uganda-moh-ebola-update-2026-06-06; uganda-moh-ebola-update-2026-06-20; uganda-moh-ebola-update-2026-06-21; who-daily-epi-bdbv-2026-06-08; who-dg-remarks-bdbv-2026-05-20; who-dg-remarks-bdbv-2026-05-22; who-don602-2026-05-15-live; who-don603-2026-05-21-live; who-don606-bdbv-2026-06-08; who-ihr-ec-bdbv-temporary-recommendations-2026-05-22; who-pheic-2026-05-17-live; wikipedia-2026-ituri-epidemic-2026-05-20-live,Generation max bin may be censored; see generations_max_bin_is_censored row.
model:transmission:generations_max_bin_is_censored,transmission,generations_max_bin_is_censored,true,,,count_or_flag,BDBV-CLAIM-047,derived_supported,pinned_snapshot_model_output,africa-cdc-phecs-2026-05-18-live; afro-sitrep-01-2026-05-18-live; afro-sitrep-01-pdf-2026-05-18-live; cdc-current-situation-2026-05-21; cdc-current-situation-2026-05-23; cdc-current-situation-2026-05-24; cdc-current-situation-2026-05-25; drc-moh-epidemie-dashboard-sitrep-009-graphql-2026-05-24; drc-moh-epidemie-dashboard-sitrep-mve-n-007-mvb-17-2026-pdf-2026-05-22; ecdc-bdbv-drc-uga-2026-05-19-live; ecdc-bdbv-drc-uga-2026-05-21-live; ecdc-bdbv-drc-uga-2026-05-25-live; ecdc-bdbv-drc-uga-2026-05-26-live; ecdc-bdbv-drc-uga-2026-05-27-live; inrb-sitrep-015-2026-05-29; inrb-sitrep-016-2026-05-30; inrb-sitrep-017-2026-05-31; inrb-sitrep-018-2026-06-01; inrb-sitrep-019-2026-06-02; inrb-sitrep-020-2026-06-03; inrb-sitrep-021-2026-06-04; inrb-sitrep-022-2026-06-05; inrb-sitrep-023-2026-06-06; inrb-sitrep-024-2026-06-07; inrb-sitrep-025-2026-06-08; inrb-sitrep-026-2026-06-09; inrb-sitrep-027-2026-06-10; inrb-sitrep-028-2026-06-11; inrb-sitrep-030-2026-06-13; inrb-sitrep-031-2026-06-14; inrb-sitrep-032-2026-06-15; inrb-sitrep-033-2026-06-16; inrb-sitrep-034-2026-06-17; inrb-sitrep-035-2026-06-18; inrb-sitrep-036-2026-06-19; inrb-sitrep-037-2026-06-20; inrb-sitrep-038-2026-06-21; inrb-sitrep-039-2026-06-22; inrb-sitrep-040-2026-06-23; inrb-sitrep-041-2026-06-24; inrb-sitrep-042-2026-06-25; inrb-sitrep-044-2026-06-27; inrb-sitrep-046-2026-06-29; inrb-sitrep-047-2026-06-30; inrb-sitrep-048-2026-07-01; inrb-sitrep-049-2026-07-02; inrb-sitrep-050-2026-07-03; inrb-sitrep-051-2026-07-04; inrb-sitrep-052-2026-07-05; inrb-sitrep-053-2026-07-06; inrb-sitrep-054-2026-07-07; inrb-sitrep-055-2026-07-08; inrb-sitrep-056-2026-07-09; inrb-sitrep-057-2026-07-10; inrb-sitrep-058-2026-07-11; inrb-sitrep-059-2026-07-12; inrb-sitrep-060-2026-07-13; inrb-sitrep-061-2026-07-14; inrb-sitrep-062-2026-07-15; inrb-sitrep-063-2026-07-16; inrb-sitrep-064-2026-07-17; inrb-sitrep-065-2026-07-18; inrb-sitrep-066-2026-07-19; inrb-sitrep-067-2026-07-20; inrb-sitrep-068-2026-07-21; inrb-sitrep-069-2026-07-22; inrb-sitrep-070-2026-07-23; inrb-sitrep-071-2026-07-24; inrb-sitrep-072-2026-07-25; inrb-sitrep-073-2026-07-26; inrb-sitrep-074-2026-07-27; inrb-sitrep-077-2026-07-30; inrb-sitrep-078-2026-07-31; inrb-sitrep-079-2026-08-01; inrb-sitrep-080-2026-08-02; inrb-sitrep-081-2026-08-03; inrb-sitrep-082-2026-08-04; inrb-sitrep-083-2026-08-05; inrb-sitrep-084-2026-08-06; inrb-sitrep-085-2026-08-07; inrb-sitrep-088-2026-08-10; inrb-sitrep-089-2026-08-11; inrb-sitrep-090-2026-08-12; inrb-sitrep-091-2026-08-13; inrb-sitrep-092-2026-08-14; inrb-sitrep-093-2026-08-15; inrb-sitrep-094-2026-08-16; inrb-sitrep-095-2026-08-17; inrb-sitrep-096-2026-08-18; inrb-sitrep-097-2026-08-19; inrb-sitrep-098-2026-08-20; inrb-sitrep-099-2026-08-21; inrb-sitrep-100-2026-08-22; inrb-sitrep-101-2026-08-23; inrb-sitrep-102-2026-08-24; inrb-sitrep-103-2026-08-25; inrb-sitrep-104-2026-08-26; inrb-sitrep-105-2026-08-27; inrb-sitrep-106-2026-08-28; inrb-sitrep-107-2026-08-29; inrb-sitrep-108-2026-08-30; inrb-sitrep-109-2026-08-31; inrb-umie-ebola-drc-2026-build-2026-05-28-bb8b7d5; inrb-umie-ebola-drc-2026-build-2026-06-01-b4cafc9; insp-linkedin-sitrep-086-2026-08-09; insp-linkedin-sitrep-087-2026-08-10; uganda-moh-ebola-update-2026-06-06; uganda-moh-ebola-update-2026-06-20; uganda-moh-ebola-update-2026-06-21; who-daily-epi-bdbv-2026-06-08; who-dg-remarks-bdbv-2026-05-20; who-dg-remarks-bdbv-2026-05-22; who-don602-2026-05-15-live; who-don603-2026-05-21-live; who-don606-bdbv-2026-06-08; who-ihr-ec-bdbv-temporary-recommendations-2026-05-22; who-pheic-2026-05-17-live; wikipedia-2026-ituri-epidemic-2026-05-20-live,
model:transmission:generations_max_bin_key,transmission,generations_max_bin_key,24,,,count_or_flag,BDBV-CLAIM-047,derived_supported,pinned_snapshot_model_output,africa-cdc-phecs-2026-05-18-live; afro-sitrep-01-2026-05-18-live; afro-sitrep-01-pdf-2026-05-18-live; cdc-current-situation-2026-05-21; cdc-current-situation-2026-05-23; cdc-current-situation-2026-05-24; cdc-current-situation-2026-05-25; drc-moh-epidemie-dashboard-sitrep-009-graphql-2026-05-24; drc-moh-epidemie-dashboard-sitrep-mve-n-007-mvb-17-2026-pdf-2026-05-22; ecdc-bdbv-drc-uga-2026-05-19-live; ecdc-bdbv-drc-uga-2026-05-21-live; ecdc-bdbv-drc-uga-2026-05-25-live; ecdc-bdbv-drc-uga-2026-05-26-live; ecdc-bdbv-drc-uga-2026-05-27-live; inrb-sitrep-015-2026-05-29; inrb-sitrep-016-2026-05-30; inrb-sitrep-017-2026-05-31; inrb-sitrep-018-2026-06-01; inrb-sitrep-019-2026-06-02; inrb-sitrep-020-2026-06-03; inrb-sitrep-021-2026-06-04; inrb-sitrep-022-2026-06-05; inrb-sitrep-023-2026-06-06; inrb-sitrep-024-2026-06-07; inrb-sitrep-025-2026-06-08; inrb-sitrep-026-2026-06-09; inrb-sitrep-027-2026-06-10; inrb-sitrep-028-2026-06-11; inrb-sitrep-030-2026-06-13; inrb-sitrep-031-2026-06-14; inrb-sitrep-032-2026-06-15; inrb-sitrep-033-2026-06-16; inrb-sitrep-034-2026-06-17; inrb-sitrep-035-2026-06-18; inrb-sitrep-036-2026-06-19; inrb-sitrep-037-2026-06-20; inrb-sitrep-038-2026-06-21; inrb-sitrep-039-2026-06-22; inrb-sitrep-040-2026-06-23; inrb-sitrep-041-2026-06-24; inrb-sitrep-042-2026-06-25; inrb-sitrep-044-2026-06-27; inrb-sitrep-046-2026-06-29; inrb-sitrep-047-2026-06-30; inrb-sitrep-048-2026-07-01; inrb-sitrep-049-2026-07-02; inrb-sitrep-050-2026-07-03; inrb-sitrep-051-2026-07-04; inrb-sitrep-052-2026-07-05; inrb-sitrep-053-2026-07-06; inrb-sitrep-054-2026-07-07; inrb-sitrep-055-2026-07-08; inrb-sitrep-056-2026-07-09; inrb-sitrep-057-2026-07-10; inrb-sitrep-058-2026-07-11; inrb-sitrep-059-2026-07-12; inrb-sitrep-060-2026-07-13; inrb-sitrep-061-2026-07-14; inrb-sitrep-062-2026-07-15; inrb-sitrep-063-2026-07-16; inrb-sitrep-064-2026-07-17; inrb-sitrep-065-2026-07-18; inrb-sitrep-066-2026-07-19; inrb-sitrep-067-2026-07-20; inrb-sitrep-068-2026-07-21; inrb-sitrep-069-2026-07-22; inrb-sitrep-070-2026-07-23; inrb-sitrep-071-2026-07-24; inrb-sitrep-072-2026-07-25; inrb-sitrep-073-2026-07-26; inrb-sitrep-074-2026-07-27; inrb-sitrep-077-2026-07-30; inrb-sitrep-078-2026-07-31; inrb-sitrep-079-2026-08-01; inrb-sitrep-080-2026-08-02; inrb-sitrep-081-2026-08-03; inrb-sitrep-082-2026-08-04; inrb-sitrep-083-2026-08-05; inrb-sitrep-084-2026-08-06; inrb-sitrep-085-2026-08-07; inrb-sitrep-088-2026-08-10; inrb-sitrep-089-2026-08-11; inrb-sitrep-090-2026-08-12; inrb-sitrep-091-2026-08-13; inrb-sitrep-092-2026-08-14; inrb-sitrep-093-2026-08-15; inrb-sitrep-094-2026-08-16; inrb-sitrep-095-2026-08-17; inrb-sitrep-096-2026-08-18; inrb-sitrep-097-2026-08-19; inrb-sitrep-098-2026-08-20; inrb-sitrep-099-2026-08-21; inrb-sitrep-100-2026-08-22; inrb-sitrep-101-2026-08-23; inrb-sitrep-102-2026-08-24; inrb-sitrep-103-2026-08-25; inrb-sitrep-104-2026-08-26; inrb-sitrep-105-2026-08-27; inrb-sitrep-106-2026-08-28; inrb-sitrep-107-2026-08-29; inrb-sitrep-108-2026-08-30; inrb-sitrep-109-2026-08-31; inrb-umie-ebola-drc-2026-build-2026-05-28-bb8b7d5; inrb-umie-ebola-drc-2026-build-2026-06-01-b4cafc9; insp-linkedin-sitrep-086-2026-08-09; insp-linkedin-sitrep-087-2026-08-10; uganda-moh-ebola-update-2026-06-06; uganda-moh-ebola-update-2026-06-20; uganda-moh-ebola-update-2026-06-21; who-daily-epi-bdbv-2026-06-08; who-dg-remarks-bdbv-2026-05-20; who-dg-remarks-bdbv-2026-05-22; who-don602-2026-05-15-live; who-don603-2026-05-21-live; who-don606-bdbv-2026-06-08; who-ihr-ec-bdbv-temporary-recommendations-2026-05-22; who-pheic-2026-05-17-live; wikipedia-2026-ituri-epidemic-2026-05-20-live,
model:transmission:silent_generations,transmission,silent_generations,"{""anchor_confirmed"": 10, ""censored_fraction"": 0.055, ""ci_50"": [3, 7], ""ci_95"": [2, 24], ""median"": 5.0}",,,count_or_flag,BDBV-CLAIM-047,derived_supported,pinned_snapshot_model_output,africa-cdc-phecs-2026-05-18-live; afro-sitrep-01-2026-05-18-live; afro-sitrep-01-pdf-2026-05-18-live; cdc-current-situation-2026-05-21; cdc-current-situation-2026-05-23; cdc-current-situation-2026-05-24; cdc-current-situation-2026-05-25; drc-moh-epidemie-dashboard-sitrep-009-graphql-2026-05-24; drc-moh-epidemie-dashboard-sitrep-mve-n-007-mvb-17-2026-pdf-2026-05-22; ecdc-bdbv-drc-uga-2026-05-19-live; ecdc-bdbv-drc-uga-2026-05-21-live; ecdc-bdbv-drc-uga-2026-05-25-live; ecdc-bdbv-drc-uga-2026-05-26-live; ecdc-bdbv-drc-uga-2026-05-27-live; inrb-sitrep-015-2026-05-29; inrb-sitrep-016-2026-05-30; inrb-sitrep-017-2026-05-31; inrb-sitrep-018-2026-06-01; inrb-sitrep-019-2026-06-02; inrb-sitrep-020-2026-06-03; inrb-sitrep-021-2026-06-04; inrb-sitrep-022-2026-06-05; inrb-sitrep-023-2026-06-06; inrb-sitrep-024-2026-06-07; inrb-sitrep-025-2026-06-08; inrb-sitrep-026-2026-06-09; inrb-sitrep-027-2026-06-10; inrb-sitrep-028-2026-06-11; inrb-sitrep-030-2026-06-13; inrb-sitrep-031-2026-06-14; inrb-sitrep-032-2026-06-15; inrb-sitrep-033-2026-06-16; inrb-sitrep-034-2026-06-17; inrb-sitrep-035-2026-06-18; inrb-sitrep-036-2026-06-19; inrb-sitrep-037-2026-06-20; inrb-sitrep-038-2026-06-21; inrb-sitrep-039-2026-06-22; inrb-sitrep-040-2026-06-23; inrb-sitrep-041-2026-06-24; inrb-sitrep-042-2026-06-25; inrb-sitrep-044-2026-06-27; inrb-sitrep-046-2026-06-29; inrb-sitrep-047-2026-06-30; inrb-sitrep-048-2026-07-01; inrb-sitrep-049-2026-07-02; inrb-sitrep-050-2026-07-03; inrb-sitrep-051-2026-07-04; inrb-sitrep-052-2026-07-05; inrb-sitrep-053-2026-07-06; inrb-sitrep-054-2026-07-07; inrb-sitrep-055-2026-07-08; inrb-sitrep-056-2026-07-09; inrb-sitrep-057-2026-07-10; inrb-sitrep-058-2026-07-11; inrb-sitrep-059-2026-07-12; inrb-sitrep-060-2026-07-13; inrb-sitrep-061-2026-07-14; inrb-sitrep-062-2026-07-15; inrb-sitrep-063-2026-07-16; inrb-sitrep-064-2026-07-17; inrb-sitrep-065-2026-07-18; inrb-sitrep-066-2026-07-19; inrb-sitrep-067-2026-07-20; inrb-sitrep-068-2026-07-21; inrb-sitrep-069-2026-07-22; inrb-sitrep-070-2026-07-23; inrb-sitrep-071-2026-07-24; inrb-sitrep-072-2026-07-25; inrb-sitrep-073-2026-07-26; inrb-sitrep-074-2026-07-27; inrb-sitrep-077-2026-07-30; inrb-sitrep-078-2026-07-31; inrb-sitrep-079-2026-08-01; inrb-sitrep-080-2026-08-02; inrb-sitrep-081-2026-08-03; inrb-sitrep-082-2026-08-04; inrb-sitrep-083-2026-08-05; inrb-sitrep-084-2026-08-06; inrb-sitrep-085-2026-08-07; inrb-sitrep-088-2026-08-10; inrb-sitrep-089-2026-08-11; inrb-sitrep-090-2026-08-12; inrb-sitrep-091-2026-08-13; inrb-sitrep-092-2026-08-14; inrb-sitrep-093-2026-08-15; inrb-sitrep-094-2026-08-16; inrb-sitrep-095-2026-08-17; inrb-sitrep-096-2026-08-18; inrb-sitrep-097-2026-08-19; inrb-sitrep-098-2026-08-20; inrb-sitrep-099-2026-08-21; inrb-sitrep-100-2026-08-22; inrb-sitrep-101-2026-08-23; inrb-sitrep-102-2026-08-24; inrb-sitrep-103-2026-08-25; inrb-sitrep-104-2026-08-26; inrb-sitrep-105-2026-08-27; inrb-sitrep-106-2026-08-28; inrb-sitrep-107-2026-08-29; inrb-sitrep-108-2026-08-30; inrb-sitrep-109-2026-08-31; inrb-umie-ebola-drc-2026-build-2026-05-28-bb8b7d5; inrb-umie-ebola-drc-2026-build-2026-06-01-b4cafc9; insp-linkedin-sitrep-086-2026-08-09; insp-linkedin-sitrep-087-2026-08-10; uganda-moh-ebola-update-2026-06-06; uganda-moh-ebola-update-2026-06-20; uganda-moh-ebola-update-2026-06-21; who-daily-epi-bdbv-2026-06-08; who-dg-remarks-bdbv-2026-05-20; who-dg-remarks-bdbv-2026-05-22; who-don602-2026-05-15-live; who-don603-2026-05-21-live; who-don606-bdbv-2026-06-08; who-ihr-ec-bdbv-temporary-recommendations-2026-05-22; who-pheic-2026-05-17-live; wikipedia-2026-ituri-epidemic-2026-05-20-live,
model:transmission:elapsed_generations,transmission,elapsed_generations,"{""anchor_confirmed"": 6206, ""censored_fraction"": 0.229, ""ci_50"": [10, 22], ""ci_95"": [6, 24], ""median"": 14.0}",,,count_or_flag,BDBV-CLAIM-047,derived_supported,pinned_snapshot_model_output,africa-cdc-phecs-2026-05-18-live; afro-sitrep-01-2026-05-18-live; afro-sitrep-01-pdf-2026-05-18-live; cdc-current-situation-2026-05-21; cdc-current-situation-2026-05-23; cdc-current-situation-2026-05-24; cdc-current-situation-2026-05-25; drc-moh-epidemie-dashboard-sitrep-009-graphql-2026-05-24; drc-moh-epidemie-dashboard-sitrep-mve-n-007-mvb-17-2026-pdf-2026-05-22; ecdc-bdbv-drc-uga-2026-05-19-live; ecdc-bdbv-drc-uga-2026-05-21-live; ecdc-bdbv-drc-uga-2026-05-25-live; ecdc-bdbv-drc-uga-2026-05-26-live; ecdc-bdbv-drc-uga-2026-05-27-live; inrb-sitrep-015-2026-05-29; inrb-sitrep-016-2026-05-30; inrb-sitrep-017-2026-05-31; inrb-sitrep-018-2026-06-01; inrb-sitrep-019-2026-06-02; inrb-sitrep-020-2026-06-03; inrb-sitrep-021-2026-06-04; inrb-sitrep-022-2026-06-05; inrb-sitrep-023-2026-06-06; inrb-sitrep-024-2026-06-07; inrb-sitrep-025-2026-06-08; inrb-sitrep-026-2026-06-09; inrb-sitrep-027-2026-06-10; inrb-sitrep-028-2026-06-11; inrb-sitrep-030-2026-06-13; inrb-sitrep-031-2026-06-14; inrb-sitrep-032-2026-06-15; inrb-sitrep-033-2026-06-16; inrb-sitrep-034-2026-06-17; inrb-sitrep-035-2026-06-18; inrb-sitrep-036-2026-06-19; inrb-sitrep-037-2026-06-20; inrb-sitrep-038-2026-06-21; inrb-sitrep-039-2026-06-22; inrb-sitrep-040-2026-06-23; inrb-sitrep-041-2026-06-24; inrb-sitrep-042-2026-06-25; inrb-sitrep-044-2026-06-27; inrb-sitrep-046-2026-06-29; inrb-sitrep-047-2026-06-30; inrb-sitrep-048-2026-07-01; inrb-sitrep-049-2026-07-02; inrb-sitrep-050-2026-07-03; inrb-sitrep-051-2026-07-04; inrb-sitrep-052-2026-07-05; inrb-sitrep-053-2026-07-06; inrb-sitrep-054-2026-07-07; inrb-sitrep-055-2026-07-08; inrb-sitrep-056-2026-07-09; inrb-sitrep-057-2026-07-10; inrb-sitrep-058-2026-07-11; inrb-sitrep-059-2026-07-12; inrb-sitrep-060-2026-07-13; inrb-sitrep-061-2026-07-14; inrb-sitrep-062-2026-07-15; inrb-sitrep-063-2026-07-16; inrb-sitrep-064-2026-07-17; inrb-sitrep-065-2026-07-18; inrb-sitrep-066-2026-07-19; inrb-sitrep-067-2026-07-20; inrb-sitrep-068-2026-07-21; inrb-sitrep-069-2026-07-22; inrb-sitrep-070-2026-07-23; inrb-sitrep-071-2026-07-24; inrb-sitrep-072-2026-07-25; inrb-sitrep-073-2026-07-26; inrb-sitrep-074-2026-07-27; inrb-sitrep-077-2026-07-30; inrb-sitrep-078-2026-07-31; inrb-sitrep-079-2026-08-01; inrb-sitrep-080-2026-08-02; inrb-sitrep-081-2026-08-03; inrb-sitrep-082-2026-08-04; inrb-sitrep-083-2026-08-05; inrb-sitrep-084-2026-08-06; inrb-sitrep-085-2026-08-07; inrb-sitrep-088-2026-08-10; inrb-sitrep-089-2026-08-11; inrb-sitrep-090-2026-08-12; inrb-sitrep-091-2026-08-13; inrb-sitrep-092-2026-08-14; inrb-sitrep-093-2026-08-15; inrb-sitrep-094-2026-08-16; inrb-sitrep-095-2026-08-17; inrb-sitrep-096-2026-08-18; inrb-sitrep-097-2026-08-19; inrb-sitrep-098-2026-08-20; inrb-sitrep-099-2026-08-21; inrb-sitrep-100-2026-08-22; inrb-sitrep-101-2026-08-23; inrb-sitrep-102-2026-08-24; inrb-sitrep-103-2026-08-25; inrb-sitrep-104-2026-08-26; inrb-sitrep-105-2026-08-27; inrb-sitrep-106-2026-08-28; inrb-sitrep-107-2026-08-29; inrb-sitrep-108-2026-08-30; inrb-sitrep-109-2026-08-31; inrb-umie-ebola-drc-2026-build-2026-05-28-bb8b7d5; inrb-umie-ebola-drc-2026-build-2026-06-01-b4cafc9; insp-linkedin-sitrep-086-2026-08-09; insp-linkedin-sitrep-087-2026-08-10; uganda-moh-ebola-update-2026-06-06; uganda-moh-ebola-update-2026-06-20; uganda-moh-ebola-update-2026-06-21; who-daily-epi-bdbv-2026-06-08; who-dg-remarks-bdbv-2026-05-20; who-dg-remarks-bdbv-2026-05-22; who-don602-2026-05-15-live; who-don603-2026-05-21-live; who-don606-bdbv-2026-06-08; who-ihr-ec-bdbv-temporary-recommendations-2026-05-22; who-pheic-2026-05-17-live; wikipedia-2026-ituri-epidemic-2026-05-20-live,
model:true_burden:primary_sensitivity_total_cases,true_burden,primary_sensitivity_total_cases,22555,,,count,BDBV-CLAIM-043,derived_model_output,pinned_snapshot_model_output,africa-cdc-phecs-2026-05-18-live; afro-sitrep-01-2026-05-18-live; afro-sitrep-01-pdf-2026-05-18-live; cdc-current-situation-2026-05-21; cdc-current-situation-2026-05-23; cdc-current-situation-2026-05-24; cdc-current-situation-2026-05-25; drc-moh-epidemie-dashboard-sitrep-009-graphql-2026-05-24; drc-moh-epidemie-dashboard-sitrep-mve-n-007-mvb-17-2026-pdf-2026-05-22; ecdc-bdbv-drc-uga-2026-05-19-live; ecdc-bdbv-drc-uga-2026-05-21-live; ecdc-bdbv-drc-uga-2026-05-25-live; ecdc-bdbv-drc-uga-2026-05-26-live; ecdc-bdbv-drc-uga-2026-05-27-live; inrb-sitrep-015-2026-05-29; inrb-sitrep-016-2026-05-30; inrb-sitrep-017-2026-05-31; inrb-sitrep-018-2026-06-01; inrb-sitrep-019-2026-06-02; inrb-sitrep-020-2026-06-03; inrb-sitrep-021-2026-06-04; inrb-sitrep-022-2026-06-05; inrb-sitrep-023-2026-06-06; inrb-sitrep-024-2026-06-07; inrb-sitrep-025-2026-06-08; inrb-sitrep-026-2026-06-09; inrb-sitrep-027-2026-06-10; inrb-sitrep-028-2026-06-11; inrb-sitrep-030-2026-06-13; inrb-sitrep-031-2026-06-14; inrb-sitrep-032-2026-06-15; inrb-sitrep-033-2026-06-16; inrb-sitrep-034-2026-06-17; inrb-sitrep-035-2026-06-18; inrb-sitrep-036-2026-06-19; inrb-sitrep-037-2026-06-20; inrb-sitrep-038-2026-06-21; inrb-sitrep-039-2026-06-22; inrb-sitrep-040-2026-06-23; inrb-sitrep-041-2026-06-24; inrb-sitrep-042-2026-06-25; inrb-sitrep-044-2026-06-27; inrb-sitrep-046-2026-06-29; inrb-sitrep-047-2026-06-30; inrb-sitrep-048-2026-07-01; inrb-sitrep-049-2026-07-02; inrb-sitrep-050-2026-07-03; inrb-sitrep-051-2026-07-04; inrb-sitrep-052-2026-07-05; inrb-sitrep-053-2026-07-06; inrb-sitrep-054-2026-07-07; inrb-sitrep-055-2026-07-08; inrb-sitrep-056-2026-07-09; inrb-sitrep-057-2026-07-10; inrb-sitrep-058-2026-07-11; inrb-sitrep-059-2026-07-12; inrb-sitrep-060-2026-07-13; inrb-sitrep-061-2026-07-14; inrb-sitrep-062-2026-07-15; inrb-sitrep-063-2026-07-16; inrb-sitrep-064-2026-07-17; inrb-sitrep-065-2026-07-18; inrb-sitrep-066-2026-07-19; inrb-sitrep-067-2026-07-20; inrb-sitrep-068-2026-07-21; inrb-sitrep-069-2026-07-22; inrb-sitrep-070-2026-07-23; inrb-sitrep-071-2026-07-24; inrb-sitrep-072-2026-07-25; inrb-sitrep-073-2026-07-26; inrb-sitrep-074-2026-07-27; inrb-sitrep-077-2026-07-30; inrb-sitrep-078-2026-07-31; inrb-sitrep-079-2026-08-01; inrb-sitrep-080-2026-08-02; inrb-sitrep-081-2026-08-03; inrb-sitrep-082-2026-08-04; inrb-sitrep-083-2026-08-05; inrb-sitrep-084-2026-08-06; inrb-sitrep-085-2026-08-07; inrb-sitrep-088-2026-08-10; inrb-sitrep-089-2026-08-11; inrb-sitrep-090-2026-08-12; inrb-sitrep-091-2026-08-13; inrb-sitrep-092-2026-08-14; inrb-sitrep-093-2026-08-15; inrb-sitrep-094-2026-08-16; inrb-sitrep-095-2026-08-17; inrb-sitrep-096-2026-08-18; inrb-sitrep-097-2026-08-19; inrb-sitrep-098-2026-08-20; inrb-sitrep-099-2026-08-21; inrb-sitrep-100-2026-08-22; inrb-sitrep-101-2026-08-23; inrb-sitrep-102-2026-08-24; inrb-sitrep-103-2026-08-25; inrb-sitrep-104-2026-08-26; inrb-sitrep-105-2026-08-27; inrb-sitrep-106-2026-08-28; inrb-sitrep-107-2026-08-29; inrb-sitrep-108-2026-08-30; inrb-sitrep-109-2026-08-31; inrb-umie-ebola-drc-2026-build-2026-05-28-bb8b7d5; inrb-umie-ebola-drc-2026-build-2026-06-01-b4cafc9; insp-linkedin-sitrep-086-2026-08-09; insp-linkedin-sitrep-087-2026-08-10; uganda-moh-ebola-update-2026-06-06; uganda-moh-ebola-update-2026-06-20; uganda-moh-ebola-update-2026-06-21; who-daily-epi-bdbv-2026-06-08; who-dg-remarks-bdbv-2026-05-20; who-dg-remarks-bdbv-2026-05-22; who-don602-2026-05-15-live; who-don603-2026-05-21-live; who-don606-bdbv-2026-06-08; who-ihr-ec-bdbv-temporary-recommendations-2026-05-22; who-pheic-2026-05-17-live; wikipedia-2026-ituri-epidemic-2026-05-20-live,"Primary sensitivity scenario; estimate_id=care-vs-ascertainment-sensitivity/v1; uncertainty=sensitivity_scenario; validation=heuristic_not_independently_calibrated; method=scenario downside: if above-historical lethality (delay-adjusted cCFR over the historical BDBV CFR 95% high) is care-driven, effective IFR rises and hidden infections fall; primary sensitivity scenario when available; NOT a measured care correction or calibrated statistical interval; modeled sensitivity, not an observed count"
model:true_burden:primary_sensitivity_unreported_cases,true_burden,primary_sensitivity_unreported_cases,16349,,,count,BDBV-CLAIM-043,derived_model_output,pinned_snapshot_model_output,africa-cdc-phecs-2026-05-18-live; afro-sitrep-01-2026-05-18-live; afro-sitrep-01-pdf-2026-05-18-live; cdc-current-situation-2026-05-21; cdc-current-situation-2026-05-23; cdc-current-situation-2026-05-24; cdc-current-situation-2026-05-25; drc-moh-epidemie-dashboard-sitrep-009-graphql-2026-05-24; drc-moh-epidemie-dashboard-sitrep-mve-n-007-mvb-17-2026-pdf-2026-05-22; ecdc-bdbv-drc-uga-2026-05-19-live; ecdc-bdbv-drc-uga-2026-05-21-live; ecdc-bdbv-drc-uga-2026-05-25-live; ecdc-bdbv-drc-uga-2026-05-26-live; ecdc-bdbv-drc-uga-2026-05-27-live; inrb-sitrep-015-2026-05-29; inrb-sitrep-016-2026-05-30; inrb-sitrep-017-2026-05-31; inrb-sitrep-018-2026-06-01; inrb-sitrep-019-2026-06-02; inrb-sitrep-020-2026-06-03; inrb-sitrep-021-2026-06-04; inrb-sitrep-022-2026-06-05; inrb-sitrep-023-2026-06-06; inrb-sitrep-024-2026-06-07; inrb-sitrep-025-2026-06-08; inrb-sitrep-026-2026-06-09; inrb-sitrep-027-2026-06-10; inrb-sitrep-028-2026-06-11; inrb-sitrep-030-2026-06-13; inrb-sitrep-031-2026-06-14; inrb-sitrep-032-2026-06-15; inrb-sitrep-033-2026-06-16; inrb-sitrep-034-2026-06-17; inrb-sitrep-035-2026-06-18; inrb-sitrep-036-2026-06-19; inrb-sitrep-037-2026-06-20; inrb-sitrep-038-2026-06-21; inrb-sitrep-039-2026-06-22; inrb-sitrep-040-2026-06-23; inrb-sitrep-041-2026-06-24; inrb-sitrep-042-2026-06-25; inrb-sitrep-044-2026-06-27; inrb-sitrep-046-2026-06-29; inrb-sitrep-047-2026-06-30; inrb-sitrep-048-2026-07-01; inrb-sitrep-049-2026-07-02; inrb-sitrep-050-2026-07-03; inrb-sitrep-051-2026-07-04; inrb-sitrep-052-2026-07-05; inrb-sitrep-053-2026-07-06; inrb-sitrep-054-2026-07-07; inrb-sitrep-055-2026-07-08; inrb-sitrep-056-2026-07-09; inrb-sitrep-057-2026-07-10; inrb-sitrep-058-2026-07-11; inrb-sitrep-059-2026-07-12; inrb-sitrep-060-2026-07-13; inrb-sitrep-061-2026-07-14; inrb-sitrep-062-2026-07-15; inrb-sitrep-063-2026-07-16; inrb-sitrep-064-2026-07-17; inrb-sitrep-065-2026-07-18; inrb-sitrep-066-2026-07-19; inrb-sitrep-067-2026-07-20; inrb-sitrep-068-2026-07-21; inrb-sitrep-069-2026-07-22; inrb-sitrep-070-2026-07-23; inrb-sitrep-071-2026-07-24; inrb-sitrep-072-2026-07-25; inrb-sitrep-073-2026-07-26; inrb-sitrep-074-2026-07-27; inrb-sitrep-077-2026-07-30; inrb-sitrep-078-2026-07-31; inrb-sitrep-079-2026-08-01; inrb-sitrep-080-2026-08-02; inrb-sitrep-081-2026-08-03; inrb-sitrep-082-2026-08-04; inrb-sitrep-083-2026-08-05; inrb-sitrep-084-2026-08-06; inrb-sitrep-085-2026-08-07; inrb-sitrep-088-2026-08-10; inrb-sitrep-089-2026-08-11; inrb-sitrep-090-2026-08-12; inrb-sitrep-091-2026-08-13; inrb-sitrep-092-2026-08-14; inrb-sitrep-093-2026-08-15; inrb-sitrep-094-2026-08-16; inrb-sitrep-095-2026-08-17; inrb-sitrep-096-2026-08-18; inrb-sitrep-097-2026-08-19; inrb-sitrep-098-2026-08-20; inrb-sitrep-099-2026-08-21; inrb-sitrep-100-2026-08-22; inrb-sitrep-101-2026-08-23; inrb-sitrep-102-2026-08-24; inrb-sitrep-103-2026-08-25; inrb-sitrep-104-2026-08-26; inrb-sitrep-105-2026-08-27; inrb-sitrep-106-2026-08-28; inrb-sitrep-107-2026-08-29; inrb-sitrep-108-2026-08-30; inrb-sitrep-109-2026-08-31; inrb-umie-ebola-drc-2026-build-2026-05-28-bb8b7d5; inrb-umie-ebola-drc-2026-build-2026-06-01-b4cafc9; insp-linkedin-sitrep-086-2026-08-09; insp-linkedin-sitrep-087-2026-08-10; uganda-moh-ebola-update-2026-06-06; uganda-moh-ebola-update-2026-06-20; uganda-moh-ebola-update-2026-06-21; who-daily-epi-bdbv-2026-06-08; who-dg-remarks-bdbv-2026-05-20; who-dg-remarks-bdbv-2026-05-22; who-don602-2026-05-15-live; who-don603-2026-05-21-live; who-don606-bdbv-2026-06-08; who-ihr-ec-bdbv-temporary-recommendations-2026-05-22; who-pheic-2026-05-17-live; wikipedia-2026-ituri-epidemic-2026-05-20-live,"Primary sensitivity scenario; estimate_id=care-vs-ascertainment-sensitivity/v1; uncertainty=sensitivity_scenario; validation=heuristic_not_independently_calibrated; method=scenario downside: if above-historical lethality (delay-adjusted cCFR over the historical BDBV CFR 95% high) is care-driven, effective IFR rises and hidden infections fall; primary sensitivity scenario when available; NOT a measured care correction or calibrated statistical interval; modeled sensitivity, not an observed count"
model:true_burden:primary_sensitivity_case_ascertainment_pct,true_burden,primary_sensitivity_case_ascertainment_pct,27.5,,,percent,BDBV-CLAIM-043,derived_model_output,pinned_snapshot_model_output,africa-cdc-phecs-2026-05-18-live; afro-sitrep-01-2026-05-18-live; afro-sitrep-01-pdf-2026-05-18-live; cdc-current-situation-2026-05-21; cdc-current-situation-2026-05-23; cdc-current-situation-2026-05-24; cdc-current-situation-2026-05-25; drc-moh-epidemie-dashboard-sitrep-009-graphql-2026-05-24; drc-moh-epidemie-dashboard-sitrep-mve-n-007-mvb-17-2026-pdf-2026-05-22; ecdc-bdbv-drc-uga-2026-05-19-live; ecdc-bdbv-drc-uga-2026-05-21-live; ecdc-bdbv-drc-uga-2026-05-25-live; ecdc-bdbv-drc-uga-2026-05-26-live; ecdc-bdbv-drc-uga-2026-05-27-live; inrb-sitrep-015-2026-05-29; inrb-sitrep-016-2026-05-30; inrb-sitrep-017-2026-05-31; inrb-sitrep-018-2026-06-01; inrb-sitrep-019-2026-06-02; inrb-sitrep-020-2026-06-03; inrb-sitrep-021-2026-06-04; inrb-sitrep-022-2026-06-05; inrb-sitrep-023-2026-06-06; inrb-sitrep-024-2026-06-07; inrb-sitrep-025-2026-06-08; inrb-sitrep-026-2026-06-09; inrb-sitrep-027-2026-06-10; inrb-sitrep-028-2026-06-11; inrb-sitrep-030-2026-06-13; inrb-sitrep-031-2026-06-14; inrb-sitrep-032-2026-06-15; inrb-sitrep-033-2026-06-16; inrb-sitrep-034-2026-06-17; inrb-sitrep-035-2026-06-18; inrb-sitrep-036-2026-06-19; inrb-sitrep-037-2026-06-20; inrb-sitrep-038-2026-06-21; inrb-sitrep-039-2026-06-22; inrb-sitrep-040-2026-06-23; inrb-sitrep-041-2026-06-24; inrb-sitrep-042-2026-06-25; inrb-sitrep-044-2026-06-27; inrb-sitrep-046-2026-06-29; inrb-sitrep-047-2026-06-30; inrb-sitrep-048-2026-07-01; inrb-sitrep-049-2026-07-02; inrb-sitrep-050-2026-07-03; inrb-sitrep-051-2026-07-04; inrb-sitrep-052-2026-07-05; inrb-sitrep-053-2026-07-06; inrb-sitrep-054-2026-07-07; inrb-sitrep-055-2026-07-08; inrb-sitrep-056-2026-07-09; inrb-sitrep-057-2026-07-10; inrb-sitrep-058-2026-07-11; inrb-sitrep-059-2026-07-12; inrb-sitrep-060-2026-07-13; inrb-sitrep-061-2026-07-14; inrb-sitrep-062-2026-07-15; inrb-sitrep-063-2026-07-16; inrb-sitrep-064-2026-07-17; inrb-sitrep-065-2026-07-18; inrb-sitrep-066-2026-07-19; inrb-sitrep-067-2026-07-20; inrb-sitrep-068-2026-07-21; inrb-sitrep-069-2026-07-22; inrb-sitrep-070-2026-07-23; inrb-sitrep-071-2026-07-24; inrb-sitrep-072-2026-07-25; inrb-sitrep-073-2026-07-26; inrb-sitrep-074-2026-07-27; inrb-sitrep-077-2026-07-30; inrb-sitrep-078-2026-07-31; inrb-sitrep-079-2026-08-01; inrb-sitrep-080-2026-08-02; inrb-sitrep-081-2026-08-03; inrb-sitrep-082-2026-08-04; inrb-sitrep-083-2026-08-05; inrb-sitrep-084-2026-08-06; inrb-sitrep-085-2026-08-07; inrb-sitrep-088-2026-08-10; inrb-sitrep-089-2026-08-11; inrb-sitrep-090-2026-08-12; inrb-sitrep-091-2026-08-13; inrb-sitrep-092-2026-08-14; inrb-sitrep-093-2026-08-15; inrb-sitrep-094-2026-08-16; inrb-sitrep-095-2026-08-17; inrb-sitrep-096-2026-08-18; inrb-sitrep-097-2026-08-19; inrb-sitrep-098-2026-08-20; inrb-sitrep-099-2026-08-21; inrb-sitrep-100-2026-08-22; inrb-sitrep-101-2026-08-23; inrb-sitrep-102-2026-08-24; inrb-sitrep-103-2026-08-25; inrb-sitrep-104-2026-08-26; inrb-sitrep-105-2026-08-27; inrb-sitrep-106-2026-08-28; inrb-sitrep-107-2026-08-29; inrb-sitrep-108-2026-08-30; inrb-sitrep-109-2026-08-31; inrb-umie-ebola-drc-2026-build-2026-05-28-bb8b7d5; inrb-umie-ebola-drc-2026-build-2026-06-01-b4cafc9; insp-linkedin-sitrep-086-2026-08-09; insp-linkedin-sitrep-087-2026-08-10; uganda-moh-ebola-update-2026-06-06; uganda-moh-ebola-update-2026-06-20; uganda-moh-ebola-update-2026-06-21; who-daily-epi-bdbv-2026-06-08; who-dg-remarks-bdbv-2026-05-20; who-dg-remarks-bdbv-2026-05-22; who-don602-2026-05-15-live; who-don603-2026-05-21-live; who-don606-bdbv-2026-06-08; who-ihr-ec-bdbv-temporary-recommendations-2026-05-22; who-pheic-2026-05-17-live; wikipedia-2026-ituri-epidemic-2026-05-20-live,"Primary sensitivity scenario; estimate_id=care-vs-ascertainment-sensitivity/v1; uncertainty=sensitivity_scenario; validation=heuristic_not_independently_calibrated; method=scenario downside: if above-historical lethality (delay-adjusted cCFR over the historical BDBV CFR 95% high) is care-driven, effective IFR rises and hidden infections fall; primary sensitivity scenario when available; NOT a measured care correction or calibrated statistical interval; modeled sensitivity, not an observed count"
model:true_burden:primary_sensitivity_multiplier,true_burden,primary_sensitivity_multiplier,3.63,,,ratio,BDBV-CLAIM-043,derived_model_output,pinned_snapshot_model_output,africa-cdc-phecs-2026-05-18-live; afro-sitrep-01-2026-05-18-live; afro-sitrep-01-pdf-2026-05-18-live; cdc-current-situation-2026-05-21; cdc-current-situation-2026-05-23; cdc-current-situation-2026-05-24; cdc-current-situation-2026-05-25; drc-moh-epidemie-dashboard-sitrep-009-graphql-2026-05-24; drc-moh-epidemie-dashboard-sitrep-mve-n-007-mvb-17-2026-pdf-2026-05-22; ecdc-bdbv-drc-uga-2026-05-19-live; ecdc-bdbv-drc-uga-2026-05-21-live; ecdc-bdbv-drc-uga-2026-05-25-live; ecdc-bdbv-drc-uga-2026-05-26-live; ecdc-bdbv-drc-uga-2026-05-27-live; inrb-sitrep-015-2026-05-29; inrb-sitrep-016-2026-05-30; inrb-sitrep-017-2026-05-31; inrb-sitrep-018-2026-06-01; inrb-sitrep-019-2026-06-02; inrb-sitrep-020-2026-06-03; inrb-sitrep-021-2026-06-04; inrb-sitrep-022-2026-06-05; inrb-sitrep-023-2026-06-06; inrb-sitrep-024-2026-06-07; inrb-sitrep-025-2026-06-08; inrb-sitrep-026-2026-06-09; inrb-sitrep-027-2026-06-10; inrb-sitrep-028-2026-06-11; inrb-sitrep-030-2026-06-13; inrb-sitrep-031-2026-06-14; inrb-sitrep-032-2026-06-15; inrb-sitrep-033-2026-06-16; inrb-sitrep-034-2026-06-17; inrb-sitrep-035-2026-06-18; inrb-sitrep-036-2026-06-19; inrb-sitrep-037-2026-06-20; inrb-sitrep-038-2026-06-21; inrb-sitrep-039-2026-06-22; inrb-sitrep-040-2026-06-23; inrb-sitrep-041-2026-06-24; inrb-sitrep-042-2026-06-25; inrb-sitrep-044-2026-06-27; inrb-sitrep-046-2026-06-29; inrb-sitrep-047-2026-06-30; inrb-sitrep-048-2026-07-01; inrb-sitrep-049-2026-07-02; inrb-sitrep-050-2026-07-03; inrb-sitrep-051-2026-07-04; inrb-sitrep-052-2026-07-05; inrb-sitrep-053-2026-07-06; inrb-sitrep-054-2026-07-07; inrb-sitrep-055-2026-07-08; inrb-sitrep-056-2026-07-09; inrb-sitrep-057-2026-07-10; inrb-sitrep-058-2026-07-11; inrb-sitrep-059-2026-07-12; inrb-sitrep-060-2026-07-13; inrb-sitrep-061-2026-07-14; inrb-sitrep-062-2026-07-15; inrb-sitrep-063-2026-07-16; inrb-sitrep-064-2026-07-17; inrb-sitrep-065-2026-07-18; inrb-sitrep-066-2026-07-19; inrb-sitrep-067-2026-07-20; inrb-sitrep-068-2026-07-21; inrb-sitrep-069-2026-07-22; inrb-sitrep-070-2026-07-23; inrb-sitrep-071-2026-07-24; inrb-sitrep-072-2026-07-25; inrb-sitrep-073-2026-07-26; inrb-sitrep-074-2026-07-27; inrb-sitrep-077-2026-07-30; inrb-sitrep-078-2026-07-31; inrb-sitrep-079-2026-08-01; inrb-sitrep-080-2026-08-02; inrb-sitrep-081-2026-08-03; inrb-sitrep-082-2026-08-04; inrb-sitrep-083-2026-08-05; inrb-sitrep-084-2026-08-06; inrb-sitrep-085-2026-08-07; inrb-sitrep-088-2026-08-10; inrb-sitrep-089-2026-08-11; inrb-sitrep-090-2026-08-12; inrb-sitrep-091-2026-08-13; inrb-sitrep-092-2026-08-14; inrb-sitrep-093-2026-08-15; inrb-sitrep-094-2026-08-16; inrb-sitrep-095-2026-08-17; inrb-sitrep-096-2026-08-18; inrb-sitrep-097-2026-08-19; inrb-sitrep-098-2026-08-20; inrb-sitrep-099-2026-08-21; inrb-sitrep-100-2026-08-22; inrb-sitrep-101-2026-08-23; inrb-sitrep-102-2026-08-24; inrb-sitrep-103-2026-08-25; inrb-sitrep-104-2026-08-26; inrb-sitrep-105-2026-08-27; inrb-sitrep-106-2026-08-28; inrb-sitrep-107-2026-08-29; inrb-sitrep-108-2026-08-30; inrb-sitrep-109-2026-08-31; inrb-umie-ebola-drc-2026-build-2026-05-28-bb8b7d5; inrb-umie-ebola-drc-2026-build-2026-06-01-b4cafc9; insp-linkedin-sitrep-086-2026-08-09; insp-linkedin-sitrep-087-2026-08-10; uganda-moh-ebola-update-2026-06-06; uganda-moh-ebola-update-2026-06-20; uganda-moh-ebola-update-2026-06-21; who-daily-epi-bdbv-2026-06-08; who-dg-remarks-bdbv-2026-05-20; who-dg-remarks-bdbv-2026-05-22; who-don602-2026-05-15-live; who-don603-2026-05-21-live; who-don606-bdbv-2026-06-08; who-ihr-ec-bdbv-temporary-recommendations-2026-05-22; who-pheic-2026-05-17-live; wikipedia-2026-ituri-epidemic-2026-05-20-live,"Primary sensitivity scenario; estimate_id=care-vs-ascertainment-sensitivity/v1; uncertainty=sensitivity_scenario; validation=heuristic_not_independently_calibrated; method=scenario downside: if above-historical lethality (delay-adjusted cCFR over the historical BDBV CFR 95% high) is care-driven, effective IFR rises and hidden infections fall; primary sensitivity scenario when available; NOT a measured care correction or calibrated statistical interval; modeled sensitivity, not an observed count"
model:true_burden:stress_sensitivity_total_cases,true_burden,stress_sensitivity_total_cases,32579,30073,35293,count,BDBV-CLAIM-043,derived_model_output,pinned_snapshot_model_output,africa-cdc-phecs-2026-05-18-live; afro-sitrep-01-2026-05-18-live; afro-sitrep-01-pdf-2026-05-18-live; cdc-current-situation-2026-05-21; cdc-current-situation-2026-05-23; cdc-current-situation-2026-05-24; cdc-current-situation-2026-05-25; drc-moh-epidemie-dashboard-sitrep-009-graphql-2026-05-24; drc-moh-epidemie-dashboard-sitrep-mve-n-007-mvb-17-2026-pdf-2026-05-22; ecdc-bdbv-drc-uga-2026-05-19-live; ecdc-bdbv-drc-uga-2026-05-21-live; ecdc-bdbv-drc-uga-2026-05-25-live; ecdc-bdbv-drc-uga-2026-05-26-live; ecdc-bdbv-drc-uga-2026-05-27-live; inrb-sitrep-015-2026-05-29; inrb-sitrep-016-2026-05-30; inrb-sitrep-017-2026-05-31; inrb-sitrep-018-2026-06-01; inrb-sitrep-019-2026-06-02; inrb-sitrep-020-2026-06-03; inrb-sitrep-021-2026-06-04; inrb-sitrep-022-2026-06-05; inrb-sitrep-023-2026-06-06; inrb-sitrep-024-2026-06-07; inrb-sitrep-025-2026-06-08; inrb-sitrep-026-2026-06-09; inrb-sitrep-027-2026-06-10; inrb-sitrep-028-2026-06-11; inrb-sitrep-030-2026-06-13; inrb-sitrep-031-2026-06-14; inrb-sitrep-032-2026-06-15; inrb-sitrep-033-2026-06-16; inrb-sitrep-034-2026-06-17; inrb-sitrep-035-2026-06-18; inrb-sitrep-036-2026-06-19; inrb-sitrep-037-2026-06-20; inrb-sitrep-038-2026-06-21; inrb-sitrep-039-2026-06-22; inrb-sitrep-040-2026-06-23; inrb-sitrep-041-2026-06-24; inrb-sitrep-042-2026-06-25; inrb-sitrep-044-2026-06-27; inrb-sitrep-046-2026-06-29; inrb-sitrep-047-2026-06-30; inrb-sitrep-048-2026-07-01; inrb-sitrep-049-2026-07-02; inrb-sitrep-050-2026-07-03; inrb-sitrep-051-2026-07-04; inrb-sitrep-052-2026-07-05; inrb-sitrep-053-2026-07-06; inrb-sitrep-054-2026-07-07; inrb-sitrep-055-2026-07-08; inrb-sitrep-056-2026-07-09; inrb-sitrep-057-2026-07-10; inrb-sitrep-058-2026-07-11; inrb-sitrep-059-2026-07-12; inrb-sitrep-060-2026-07-13; inrb-sitrep-061-2026-07-14; inrb-sitrep-062-2026-07-15; inrb-sitrep-063-2026-07-16; inrb-sitrep-064-2026-07-17; inrb-sitrep-065-2026-07-18; inrb-sitrep-066-2026-07-19; inrb-sitrep-067-2026-07-20; inrb-sitrep-068-2026-07-21; inrb-sitrep-069-2026-07-22; inrb-sitrep-070-2026-07-23; inrb-sitrep-071-2026-07-24; inrb-sitrep-072-2026-07-25; inrb-sitrep-073-2026-07-26; inrb-sitrep-074-2026-07-27; inrb-sitrep-077-2026-07-30; inrb-sitrep-078-2026-07-31; inrb-sitrep-079-2026-08-01; inrb-sitrep-080-2026-08-02; inrb-sitrep-081-2026-08-03; inrb-sitrep-082-2026-08-04; inrb-sitrep-083-2026-08-05; inrb-sitrep-084-2026-08-06; inrb-sitrep-085-2026-08-07; inrb-sitrep-088-2026-08-10; inrb-sitrep-089-2026-08-11; inrb-sitrep-090-2026-08-12; inrb-sitrep-091-2026-08-13; inrb-sitrep-092-2026-08-14; inrb-sitrep-093-2026-08-15; inrb-sitrep-094-2026-08-16; inrb-sitrep-095-2026-08-17; inrb-sitrep-096-2026-08-18; inrb-sitrep-097-2026-08-19; inrb-sitrep-098-2026-08-20; inrb-sitrep-099-2026-08-21; inrb-sitrep-100-2026-08-22; inrb-sitrep-101-2026-08-23; inrb-sitrep-102-2026-08-24; inrb-sitrep-103-2026-08-25; inrb-sitrep-104-2026-08-26; inrb-sitrep-105-2026-08-27; inrb-sitrep-106-2026-08-28; inrb-sitrep-107-2026-08-29; inrb-sitrep-108-2026-08-30; inrb-sitrep-109-2026-08-31; inrb-umie-ebola-drc-2026-build-2026-05-28-bb8b7d5; inrb-umie-ebola-drc-2026-build-2026-06-01-b4cafc9; insp-linkedin-sitrep-086-2026-08-09; insp-linkedin-sitrep-087-2026-08-10; uganda-moh-ebola-update-2026-06-06; uganda-moh-ebola-update-2026-06-20; uganda-moh-ebola-update-2026-06-21; who-daily-epi-bdbv-2026-06-08; who-dg-remarks-bdbv-2026-05-20; who-dg-remarks-bdbv-2026-05-22; who-don602-2026-05-15-live; who-don603-2026-05-21-live; who-don606-bdbv-2026-06-08; who-ihr-ec-bdbv-temporary-recommendations-2026-05-22; who-pheic-2026-05-17-live; wikipedia-2026-ituri-epidemic-2026-05-20-live,"Death-anchored stress sensitivity; estimate_id=death-anchored-sensitivity/v1; uncertainty=sensitivity_scenario; validation=parameter_sensitivity_not_independently_calibrated; method=death-anchored IFR and death-ascertainment parameter sensitivity; modeled sensitivity, not an observed count"
model:true_burden:stress_sensitivity_unreported_cases,true_burden,stress_sensitivity_unreported_cases,26373,,,count,BDBV-CLAIM-043,derived_model_output,pinned_snapshot_model_output,africa-cdc-phecs-2026-05-18-live; afro-sitrep-01-2026-05-18-live; afro-sitrep-01-pdf-2026-05-18-live; cdc-current-situation-2026-05-21; cdc-current-situation-2026-05-23; cdc-current-situation-2026-05-24; cdc-current-situation-2026-05-25; drc-moh-epidemie-dashboard-sitrep-009-graphql-2026-05-24; drc-moh-epidemie-dashboard-sitrep-mve-n-007-mvb-17-2026-pdf-2026-05-22; ecdc-bdbv-drc-uga-2026-05-19-live; ecdc-bdbv-drc-uga-2026-05-21-live; ecdc-bdbv-drc-uga-2026-05-25-live; ecdc-bdbv-drc-uga-2026-05-26-live; ecdc-bdbv-drc-uga-2026-05-27-live; inrb-sitrep-015-2026-05-29; inrb-sitrep-016-2026-05-30; inrb-sitrep-017-2026-05-31; inrb-sitrep-018-2026-06-01; inrb-sitrep-019-2026-06-02; inrb-sitrep-020-2026-06-03; inrb-sitrep-021-2026-06-04; inrb-sitrep-022-2026-06-05; inrb-sitrep-023-2026-06-06; inrb-sitrep-024-2026-06-07; inrb-sitrep-025-2026-06-08; inrb-sitrep-026-2026-06-09; inrb-sitrep-027-2026-06-10; inrb-sitrep-028-2026-06-11; inrb-sitrep-030-2026-06-13; inrb-sitrep-031-2026-06-14; inrb-sitrep-032-2026-06-15; inrb-sitrep-033-2026-06-16; inrb-sitrep-034-2026-06-17; inrb-sitrep-035-2026-06-18; inrb-sitrep-036-2026-06-19; inrb-sitrep-037-2026-06-20; inrb-sitrep-038-2026-06-21; inrb-sitrep-039-2026-06-22; inrb-sitrep-040-2026-06-23; inrb-sitrep-041-2026-06-24; inrb-sitrep-042-2026-06-25; inrb-sitrep-044-2026-06-27; inrb-sitrep-046-2026-06-29; inrb-sitrep-047-2026-06-30; inrb-sitrep-048-2026-07-01; inrb-sitrep-049-2026-07-02; inrb-sitrep-050-2026-07-03; inrb-sitrep-051-2026-07-04; inrb-sitrep-052-2026-07-05; inrb-sitrep-053-2026-07-06; inrb-sitrep-054-2026-07-07; inrb-sitrep-055-2026-07-08; inrb-sitrep-056-2026-07-09; inrb-sitrep-057-2026-07-10; inrb-sitrep-058-2026-07-11; inrb-sitrep-059-2026-07-12; inrb-sitrep-060-2026-07-13; inrb-sitrep-061-2026-07-14; inrb-sitrep-062-2026-07-15; inrb-sitrep-063-2026-07-16; inrb-sitrep-064-2026-07-17; inrb-sitrep-065-2026-07-18; inrb-sitrep-066-2026-07-19; inrb-sitrep-067-2026-07-20; inrb-sitrep-068-2026-07-21; inrb-sitrep-069-2026-07-22; inrb-sitrep-070-2026-07-23; inrb-sitrep-071-2026-07-24; inrb-sitrep-072-2026-07-25; inrb-sitrep-073-2026-07-26; inrb-sitrep-074-2026-07-27; inrb-sitrep-077-2026-07-30; inrb-sitrep-078-2026-07-31; inrb-sitrep-079-2026-08-01; inrb-sitrep-080-2026-08-02; inrb-sitrep-081-2026-08-03; inrb-sitrep-082-2026-08-04; inrb-sitrep-083-2026-08-05; inrb-sitrep-084-2026-08-06; inrb-sitrep-085-2026-08-07; inrb-sitrep-088-2026-08-10; inrb-sitrep-089-2026-08-11; inrb-sitrep-090-2026-08-12; inrb-sitrep-091-2026-08-13; inrb-sitrep-092-2026-08-14; inrb-sitrep-093-2026-08-15; inrb-sitrep-094-2026-08-16; inrb-sitrep-095-2026-08-17; inrb-sitrep-096-2026-08-18; inrb-sitrep-097-2026-08-19; inrb-sitrep-098-2026-08-20; inrb-sitrep-099-2026-08-21; inrb-sitrep-100-2026-08-22; inrb-sitrep-101-2026-08-23; inrb-sitrep-102-2026-08-24; inrb-sitrep-103-2026-08-25; inrb-sitrep-104-2026-08-26; inrb-sitrep-105-2026-08-27; inrb-sitrep-106-2026-08-28; inrb-sitrep-107-2026-08-29; inrb-sitrep-108-2026-08-30; inrb-sitrep-109-2026-08-31; inrb-umie-ebola-drc-2026-build-2026-05-28-bb8b7d5; inrb-umie-ebola-drc-2026-build-2026-06-01-b4cafc9; insp-linkedin-sitrep-086-2026-08-09; insp-linkedin-sitrep-087-2026-08-10; uganda-moh-ebola-update-2026-06-06; uganda-moh-ebola-update-2026-06-20; uganda-moh-ebola-update-2026-06-21; who-daily-epi-bdbv-2026-06-08; who-dg-remarks-bdbv-2026-05-20; who-dg-remarks-bdbv-2026-05-22; who-don602-2026-05-15-live; who-don603-2026-05-21-live; who-don606-bdbv-2026-06-08; who-ihr-ec-bdbv-temporary-recommendations-2026-05-22; who-pheic-2026-05-17-live; wikipedia-2026-ituri-epidemic-2026-05-20-live,"Death-anchored stress sensitivity; estimate_id=death-anchored-sensitivity/v1; uncertainty=sensitivity_scenario; validation=parameter_sensitivity_not_independently_calibrated; method=death-anchored IFR and death-ascertainment parameter sensitivity; modeled sensitivity, not an observed count"
model:true_burden:stress_sensitivity_case_ascertainment_pct,true_burden,stress_sensitivity_case_ascertainment_pct,19.1,,,percent,BDBV-CLAIM-043,derived_model_output,pinned_snapshot_model_output,africa-cdc-phecs-2026-05-18-live; afro-sitrep-01-2026-05-18-live; afro-sitrep-01-pdf-2026-05-18-live; cdc-current-situation-2026-05-21; cdc-current-situation-2026-05-23; cdc-current-situation-2026-05-24; cdc-current-situation-2026-05-25; drc-moh-epidemie-dashboard-sitrep-009-graphql-2026-05-24; drc-moh-epidemie-dashboard-sitrep-mve-n-007-mvb-17-2026-pdf-2026-05-22; ecdc-bdbv-drc-uga-2026-05-19-live; ecdc-bdbv-drc-uga-2026-05-21-live; ecdc-bdbv-drc-uga-2026-05-25-live; ecdc-bdbv-drc-uga-2026-05-26-live; ecdc-bdbv-drc-uga-2026-05-27-live; inrb-sitrep-015-2026-05-29; inrb-sitrep-016-2026-05-30; inrb-sitrep-017-2026-05-31; inrb-sitrep-018-2026-06-01; inrb-sitrep-019-2026-06-02; inrb-sitrep-020-2026-06-03; inrb-sitrep-021-2026-06-04; inrb-sitrep-022-2026-06-05; inrb-sitrep-023-2026-06-06; inrb-sitrep-024-2026-06-07; inrb-sitrep-025-2026-06-08; inrb-sitrep-026-2026-06-09; inrb-sitrep-027-2026-06-10; inrb-sitrep-028-2026-06-11; inrb-sitrep-030-2026-06-13; inrb-sitrep-031-2026-06-14; inrb-sitrep-032-2026-06-15; inrb-sitrep-033-2026-06-16; inrb-sitrep-034-2026-06-17; inrb-sitrep-035-2026-06-18; inrb-sitrep-036-2026-06-19; inrb-sitrep-037-2026-06-20; inrb-sitrep-038-2026-06-21; inrb-sitrep-039-2026-06-22; inrb-sitrep-040-2026-06-23; inrb-sitrep-041-2026-06-24; inrb-sitrep-042-2026-06-25; inrb-sitrep-044-2026-06-27; inrb-sitrep-046-2026-06-29; inrb-sitrep-047-2026-06-30; inrb-sitrep-048-2026-07-01; inrb-sitrep-049-2026-07-02; inrb-sitrep-050-2026-07-03; inrb-sitrep-051-2026-07-04; inrb-sitrep-052-2026-07-05; inrb-sitrep-053-2026-07-06; inrb-sitrep-054-2026-07-07; inrb-sitrep-055-2026-07-08; inrb-sitrep-056-2026-07-09; inrb-sitrep-057-2026-07-10; inrb-sitrep-058-2026-07-11; inrb-sitrep-059-2026-07-12; inrb-sitrep-060-2026-07-13; inrb-sitrep-061-2026-07-14; inrb-sitrep-062-2026-07-15; inrb-sitrep-063-2026-07-16; inrb-sitrep-064-2026-07-17; inrb-sitrep-065-2026-07-18; inrb-sitrep-066-2026-07-19; inrb-sitrep-067-2026-07-20; inrb-sitrep-068-2026-07-21; inrb-sitrep-069-2026-07-22; inrb-sitrep-070-2026-07-23; inrb-sitrep-071-2026-07-24; inrb-sitrep-072-2026-07-25; inrb-sitrep-073-2026-07-26; inrb-sitrep-074-2026-07-27; inrb-sitrep-077-2026-07-30; inrb-sitrep-078-2026-07-31; inrb-sitrep-079-2026-08-01; inrb-sitrep-080-2026-08-02; inrb-sitrep-081-2026-08-03; inrb-sitrep-082-2026-08-04; inrb-sitrep-083-2026-08-05; inrb-sitrep-084-2026-08-06; inrb-sitrep-085-2026-08-07; inrb-sitrep-088-2026-08-10; inrb-sitrep-089-2026-08-11; inrb-sitrep-090-2026-08-12; inrb-sitrep-091-2026-08-13; inrb-sitrep-092-2026-08-14; inrb-sitrep-093-2026-08-15; inrb-sitrep-094-2026-08-16; inrb-sitrep-095-2026-08-17; inrb-sitrep-096-2026-08-18; inrb-sitrep-097-2026-08-19; inrb-sitrep-098-2026-08-20; inrb-sitrep-099-2026-08-21; inrb-sitrep-100-2026-08-22; inrb-sitrep-101-2026-08-23; inrb-sitrep-102-2026-08-24; inrb-sitrep-103-2026-08-25; inrb-sitrep-104-2026-08-26; inrb-sitrep-105-2026-08-27; inrb-sitrep-106-2026-08-28; inrb-sitrep-107-2026-08-29; inrb-sitrep-108-2026-08-30; inrb-sitrep-109-2026-08-31; inrb-umie-ebola-drc-2026-build-2026-05-28-bb8b7d5; inrb-umie-ebola-drc-2026-build-2026-06-01-b4cafc9; insp-linkedin-sitrep-086-2026-08-09; insp-linkedin-sitrep-087-2026-08-10; uganda-moh-ebola-update-2026-06-06; uganda-moh-ebola-update-2026-06-20; uganda-moh-ebola-update-2026-06-21; who-daily-epi-bdbv-2026-06-08; who-dg-remarks-bdbv-2026-05-20; who-dg-remarks-bdbv-2026-05-22; who-don602-2026-05-15-live; who-don603-2026-05-21-live; who-don606-bdbv-2026-06-08; who-ihr-ec-bdbv-temporary-recommendations-2026-05-22; who-pheic-2026-05-17-live; wikipedia-2026-ituri-epidemic-2026-05-20-live,"Death-anchored stress sensitivity; estimate_id=death-anchored-sensitivity/v1; uncertainty=sensitivity_scenario; validation=parameter_sensitivity_not_independently_calibrated; method=death-anchored IFR and death-ascertainment parameter sensitivity; modeled sensitivity, not an observed count"
model:true_burden:stress_sensitivity_multiplier,true_burden,stress_sensitivity_multiplier,5.25,,,ratio,BDBV-CLAIM-043,derived_model_output,pinned_snapshot_model_output,africa-cdc-phecs-2026-05-18-live; afro-sitrep-01-2026-05-18-live; afro-sitrep-01-pdf-2026-05-18-live; cdc-current-situation-2026-05-21; cdc-current-situation-2026-05-23; cdc-current-situation-2026-05-24; cdc-current-situation-2026-05-25; drc-moh-epidemie-dashboard-sitrep-009-graphql-2026-05-24; drc-moh-epidemie-dashboard-sitrep-mve-n-007-mvb-17-2026-pdf-2026-05-22; ecdc-bdbv-drc-uga-2026-05-19-live; ecdc-bdbv-drc-uga-2026-05-21-live; ecdc-bdbv-drc-uga-2026-05-25-live; ecdc-bdbv-drc-uga-2026-05-26-live; ecdc-bdbv-drc-uga-2026-05-27-live; inrb-sitrep-015-2026-05-29; inrb-sitrep-016-2026-05-30; inrb-sitrep-017-2026-05-31; inrb-sitrep-018-2026-06-01; inrb-sitrep-019-2026-06-02; inrb-sitrep-020-2026-06-03; inrb-sitrep-021-2026-06-04; inrb-sitrep-022-2026-06-05; inrb-sitrep-023-2026-06-06; inrb-sitrep-024-2026-06-07; inrb-sitrep-025-2026-06-08; inrb-sitrep-026-2026-06-09; inrb-sitrep-027-2026-06-10; inrb-sitrep-028-2026-06-11; inrb-sitrep-030-2026-06-13; inrb-sitrep-031-2026-06-14; inrb-sitrep-032-2026-06-15; inrb-sitrep-033-2026-06-16; inrb-sitrep-034-2026-06-17; inrb-sitrep-035-2026-06-18; inrb-sitrep-036-2026-06-19; inrb-sitrep-037-2026-06-20; inrb-sitrep-038-2026-06-21; inrb-sitrep-039-2026-06-22; inrb-sitrep-040-2026-06-23; inrb-sitrep-041-2026-06-24; inrb-sitrep-042-2026-06-25; inrb-sitrep-044-2026-06-27; inrb-sitrep-046-2026-06-29; inrb-sitrep-047-2026-06-30; inrb-sitrep-048-2026-07-01; inrb-sitrep-049-2026-07-02; inrb-sitrep-050-2026-07-03; inrb-sitrep-051-2026-07-04; inrb-sitrep-052-2026-07-05; inrb-sitrep-053-2026-07-06; inrb-sitrep-054-2026-07-07; inrb-sitrep-055-2026-07-08; inrb-sitrep-056-2026-07-09; inrb-sitrep-057-2026-07-10; inrb-sitrep-058-2026-07-11; inrb-sitrep-059-2026-07-12; inrb-sitrep-060-2026-07-13; inrb-sitrep-061-2026-07-14; inrb-sitrep-062-2026-07-15; inrb-sitrep-063-2026-07-16; inrb-sitrep-064-2026-07-17; inrb-sitrep-065-2026-07-18; inrb-sitrep-066-2026-07-19; inrb-sitrep-067-2026-07-20; inrb-sitrep-068-2026-07-21; inrb-sitrep-069-2026-07-22; inrb-sitrep-070-2026-07-23; inrb-sitrep-071-2026-07-24; inrb-sitrep-072-2026-07-25; inrb-sitrep-073-2026-07-26; inrb-sitrep-074-2026-07-27; inrb-sitrep-077-2026-07-30; inrb-sitrep-078-2026-07-31; inrb-sitrep-079-2026-08-01; inrb-sitrep-080-2026-08-02; inrb-sitrep-081-2026-08-03; inrb-sitrep-082-2026-08-04; inrb-sitrep-083-2026-08-05; inrb-sitrep-084-2026-08-06; inrb-sitrep-085-2026-08-07; inrb-sitrep-088-2026-08-10; inrb-sitrep-089-2026-08-11; inrb-sitrep-090-2026-08-12; inrb-sitrep-091-2026-08-13; inrb-sitrep-092-2026-08-14; inrb-sitrep-093-2026-08-15; inrb-sitrep-094-2026-08-16; inrb-sitrep-095-2026-08-17; inrb-sitrep-096-2026-08-18; inrb-sitrep-097-2026-08-19; inrb-sitrep-098-2026-08-20; inrb-sitrep-099-2026-08-21; inrb-sitrep-100-2026-08-22; inrb-sitrep-101-2026-08-23; inrb-sitrep-102-2026-08-24; inrb-sitrep-103-2026-08-25; inrb-sitrep-104-2026-08-26; inrb-sitrep-105-2026-08-27; inrb-sitrep-106-2026-08-28; inrb-sitrep-107-2026-08-29; inrb-sitrep-108-2026-08-30; inrb-sitrep-109-2026-08-31; inrb-umie-ebola-drc-2026-build-2026-05-28-bb8b7d5; inrb-umie-ebola-drc-2026-build-2026-06-01-b4cafc9; insp-linkedin-sitrep-086-2026-08-09; insp-linkedin-sitrep-087-2026-08-10; uganda-moh-ebola-update-2026-06-06; uganda-moh-ebola-update-2026-06-20; uganda-moh-ebola-update-2026-06-21; who-daily-epi-bdbv-2026-06-08; who-dg-remarks-bdbv-2026-05-20; who-dg-remarks-bdbv-2026-05-22; who-don602-2026-05-15-live; who-don603-2026-05-21-live; who-don606-bdbv-2026-06-08; who-ihr-ec-bdbv-temporary-recommendations-2026-05-22; who-pheic-2026-05-17-live; wikipedia-2026-ituri-epidemic-2026-05-20-live,"Death-anchored stress sensitivity; estimate_id=death-anchored-sensitivity/v1; uncertainty=sensitivity_scenario; validation=parameter_sensitivity_not_independently_calibrated; method=death-anchored IFR and death-ascertainment parameter sensitivity; modeled sensitivity, not an observed count"
model:true_burden:external_cross_check_total_cases,true_burden,external_cross_check_total_cases,9118,7522,11573,count,BDBV-CLAIM-043,derived_model_output,pinned_snapshot_model_output,africa-cdc-phecs-2026-05-18-live; afro-sitrep-01-2026-05-18-live; afro-sitrep-01-pdf-2026-05-18-live; cdc-current-situation-2026-05-21; cdc-current-situation-2026-05-23; cdc-current-situation-2026-05-24; cdc-current-situation-2026-05-25; drc-moh-epidemie-dashboard-sitrep-009-graphql-2026-05-24; drc-moh-epidemie-dashboard-sitrep-mve-n-007-mvb-17-2026-pdf-2026-05-22; ecdc-bdbv-drc-uga-2026-05-19-live; ecdc-bdbv-drc-uga-2026-05-21-live; ecdc-bdbv-drc-uga-2026-05-25-live; ecdc-bdbv-drc-uga-2026-05-26-live; ecdc-bdbv-drc-uga-2026-05-27-live; inrb-sitrep-015-2026-05-29; inrb-sitrep-016-2026-05-30; inrb-sitrep-017-2026-05-31; inrb-sitrep-018-2026-06-01; inrb-sitrep-019-2026-06-02; inrb-sitrep-020-2026-06-03; inrb-sitrep-021-2026-06-04; inrb-sitrep-022-2026-06-05; inrb-sitrep-023-2026-06-06; inrb-sitrep-024-2026-06-07; inrb-sitrep-025-2026-06-08; inrb-sitrep-026-2026-06-09; inrb-sitrep-027-2026-06-10; inrb-sitrep-028-2026-06-11; inrb-sitrep-030-2026-06-13; inrb-sitrep-031-2026-06-14; inrb-sitrep-032-2026-06-15; inrb-sitrep-033-2026-06-16; inrb-sitrep-034-2026-06-17; inrb-sitrep-035-2026-06-18; inrb-sitrep-036-2026-06-19; inrb-sitrep-037-2026-06-20; inrb-sitrep-038-2026-06-21; inrb-sitrep-039-2026-06-22; inrb-sitrep-040-2026-06-23; inrb-sitrep-041-2026-06-24; inrb-sitrep-042-2026-06-25; inrb-sitrep-044-2026-06-27; inrb-sitrep-046-2026-06-29; inrb-sitrep-047-2026-06-30; inrb-sitrep-048-2026-07-01; inrb-sitrep-049-2026-07-02; inrb-sitrep-050-2026-07-03; inrb-sitrep-051-2026-07-04; inrb-sitrep-052-2026-07-05; inrb-sitrep-053-2026-07-06; inrb-sitrep-054-2026-07-07; inrb-sitrep-055-2026-07-08; inrb-sitrep-056-2026-07-09; inrb-sitrep-057-2026-07-10; inrb-sitrep-058-2026-07-11; inrb-sitrep-059-2026-07-12; inrb-sitrep-060-2026-07-13; inrb-sitrep-061-2026-07-14; inrb-sitrep-062-2026-07-15; inrb-sitrep-063-2026-07-16; inrb-sitrep-064-2026-07-17; inrb-sitrep-065-2026-07-18; inrb-sitrep-066-2026-07-19; inrb-sitrep-067-2026-07-20; inrb-sitrep-068-2026-07-21; inrb-sitrep-069-2026-07-22; inrb-sitrep-070-2026-07-23; inrb-sitrep-071-2026-07-24; inrb-sitrep-072-2026-07-25; inrb-sitrep-073-2026-07-26; inrb-sitrep-074-2026-07-27; inrb-sitrep-077-2026-07-30; inrb-sitrep-078-2026-07-31; inrb-sitrep-079-2026-08-01; inrb-sitrep-080-2026-08-02; inrb-sitrep-081-2026-08-03; inrb-sitrep-082-2026-08-04; inrb-sitrep-083-2026-08-05; inrb-sitrep-084-2026-08-06; inrb-sitrep-085-2026-08-07; inrb-sitrep-088-2026-08-10; inrb-sitrep-089-2026-08-11; inrb-sitrep-090-2026-08-12; inrb-sitrep-091-2026-08-13; inrb-sitrep-092-2026-08-14; inrb-sitrep-093-2026-08-15; inrb-sitrep-094-2026-08-16; inrb-sitrep-095-2026-08-17; inrb-sitrep-096-2026-08-18; inrb-sitrep-097-2026-08-19; inrb-sitrep-098-2026-08-20; inrb-sitrep-099-2026-08-21; inrb-sitrep-100-2026-08-22; inrb-sitrep-101-2026-08-23; inrb-sitrep-102-2026-08-24; inrb-sitrep-103-2026-08-25; inrb-sitrep-104-2026-08-26; inrb-sitrep-105-2026-08-27; inrb-sitrep-106-2026-08-28; inrb-sitrep-107-2026-08-29; inrb-sitrep-108-2026-08-30; inrb-sitrep-109-2026-08-31; inrb-umie-ebola-drc-2026-build-2026-05-28-bb8b7d5; inrb-umie-ebola-drc-2026-build-2026-06-01-b4cafc9; insp-linkedin-sitrep-086-2026-08-09; insp-linkedin-sitrep-087-2026-08-10; uganda-moh-ebola-update-2026-06-06; uganda-moh-ebola-update-2026-06-20; uganda-moh-ebola-update-2026-06-21; who-daily-epi-bdbv-2026-06-08; who-dg-remarks-bdbv-2026-05-20; who-dg-remarks-bdbv-2026-05-22; who-don602-2026-05-15-live; who-don603-2026-05-21-live; who-don606-bdbv-2026-06-08; who-ihr-ec-bdbv-temporary-recommendations-2026-05-22; who-pheic-2026-05-17-live; wikipedia-2026-ituri-epidemic-2026-05-20-live,"Imperial Method 2 external cross-check; estimate_id=imperial-method-2-cross-check/v1; uncertainty=method_sensitivity; validation=adapted_external_method_cross_check; method=Imperial Method 2 deaths back-projection adapted to confirmed deaths; modeled sensitivity, not an observed count"
model:true_burden:confirmed_observed_floor,true_burden,confirmed_observed_floor,6206,,,count,BDBV-CLAIM-043,derived_model_output,pinned_snapshot_model_output,africa-cdc-phecs-2026-05-18-live; afro-sitrep-01-2026-05-18-live; afro-sitrep-01-pdf-2026-05-18-live; cdc-current-situation-2026-05-21; cdc-current-situation-2026-05-23; cdc-current-situation-2026-05-24; cdc-current-situation-2026-05-25; drc-moh-epidemie-dashboard-sitrep-009-graphql-2026-05-24; drc-moh-epidemie-dashboard-sitrep-mve-n-007-mvb-17-2026-pdf-2026-05-22; ecdc-bdbv-drc-uga-2026-05-19-live; ecdc-bdbv-drc-uga-2026-05-21-live; ecdc-bdbv-drc-uga-2026-05-25-live; ecdc-bdbv-drc-uga-2026-05-26-live; ecdc-bdbv-drc-uga-2026-05-27-live; inrb-sitrep-015-2026-05-29; inrb-sitrep-016-2026-05-30; inrb-sitrep-017-2026-05-31; inrb-sitrep-018-2026-06-01; inrb-sitrep-019-2026-06-02; inrb-sitrep-020-2026-06-03; inrb-sitrep-021-2026-06-04; inrb-sitrep-022-2026-06-05; inrb-sitrep-023-2026-06-06; inrb-sitrep-024-2026-06-07; inrb-sitrep-025-2026-06-08; inrb-sitrep-026-2026-06-09; inrb-sitrep-027-2026-06-10; inrb-sitrep-028-2026-06-11; inrb-sitrep-030-2026-06-13; inrb-sitrep-031-2026-06-14; inrb-sitrep-032-2026-06-15; inrb-sitrep-033-2026-06-16; inrb-sitrep-034-2026-06-17; inrb-sitrep-035-2026-06-18; inrb-sitrep-036-2026-06-19; inrb-sitrep-037-2026-06-20; inrb-sitrep-038-2026-06-21; inrb-sitrep-039-2026-06-22; inrb-sitrep-040-2026-06-23; inrb-sitrep-041-2026-06-24; inrb-sitrep-042-2026-06-25; inrb-sitrep-044-2026-06-27; inrb-sitrep-046-2026-06-29; inrb-sitrep-047-2026-06-30; inrb-sitrep-048-2026-07-01; inrb-sitrep-049-2026-07-02; inrb-sitrep-050-2026-07-03; inrb-sitrep-051-2026-07-04; inrb-sitrep-052-2026-07-05; inrb-sitrep-053-2026-07-06; inrb-sitrep-054-2026-07-07; inrb-sitrep-055-2026-07-08; inrb-sitrep-056-2026-07-09; inrb-sitrep-057-2026-07-10; inrb-sitrep-058-2026-07-11; inrb-sitrep-059-2026-07-12; inrb-sitrep-060-2026-07-13; inrb-sitrep-061-2026-07-14; inrb-sitrep-062-2026-07-15; inrb-sitrep-063-2026-07-16; inrb-sitrep-064-2026-07-17; inrb-sitrep-065-2026-07-18; inrb-sitrep-066-2026-07-19; inrb-sitrep-067-2026-07-20; inrb-sitrep-068-2026-07-21; inrb-sitrep-069-2026-07-22; inrb-sitrep-070-2026-07-23; inrb-sitrep-071-2026-07-24; inrb-sitrep-072-2026-07-25; inrb-sitrep-073-2026-07-26; inrb-sitrep-074-2026-07-27; inrb-sitrep-077-2026-07-30; inrb-sitrep-078-2026-07-31; inrb-sitrep-079-2026-08-01; inrb-sitrep-080-2026-08-02; inrb-sitrep-081-2026-08-03; inrb-sitrep-082-2026-08-04; inrb-sitrep-083-2026-08-05; inrb-sitrep-084-2026-08-06; inrb-sitrep-085-2026-08-07; inrb-sitrep-088-2026-08-10; inrb-sitrep-089-2026-08-11; inrb-sitrep-090-2026-08-12; inrb-sitrep-091-2026-08-13; inrb-sitrep-092-2026-08-14; inrb-sitrep-093-2026-08-15; inrb-sitrep-094-2026-08-16; inrb-sitrep-095-2026-08-17; inrb-sitrep-096-2026-08-18; inrb-sitrep-097-2026-08-19; inrb-sitrep-098-2026-08-20; inrb-sitrep-099-2026-08-21; inrb-sitrep-100-2026-08-22; inrb-sitrep-101-2026-08-23; inrb-sitrep-102-2026-08-24; inrb-sitrep-103-2026-08-25; inrb-sitrep-104-2026-08-26; inrb-sitrep-105-2026-08-27; inrb-sitrep-106-2026-08-28; inrb-sitrep-107-2026-08-29; inrb-sitrep-108-2026-08-30; inrb-sitrep-109-2026-08-31; inrb-umie-ebola-drc-2026-build-2026-05-28-bb8b7d5; inrb-umie-ebola-drc-2026-build-2026-06-01-b4cafc9; insp-linkedin-sitrep-086-2026-08-09; insp-linkedin-sitrep-087-2026-08-10; uganda-moh-ebola-update-2026-06-06; uganda-moh-ebola-update-2026-06-20; uganda-moh-ebola-update-2026-06-21; who-daily-epi-bdbv-2026-06-08; who-dg-remarks-bdbv-2026-05-20; who-dg-remarks-bdbv-2026-05-22; who-don602-2026-05-15-live; who-don603-2026-05-21-live; who-don606-bdbv-2026-06-08; who-ihr-ec-bdbv-temporary-recommendations-2026-05-22; who-pheic-2026-05-17-live; wikipedia-2026-ituri-epidemic-2026-05-20-live,Observed country-scope confirmed floor carried by the primary registry entry.
