public_claim_id,topic,claim,value,audit_status,source_refs,source_urls,public_action,public_note
BDBV-CLAIM-001,Imperial report license,The archived Imperial College MRC GIDA 18 May 2026 report is recorded under a restricted-use CC BY-NC-ND 4.0 assumption pending the primary license footer.,CC-BY-NC-ND-4.0,needs primary source,"Archived Imperial MRC GIDA report landing page; local archive content hash SHA-256 647610bf3450407ec3313e2a17642b0ee9cbec7f14c72665318993f06acaf8b4.; Imperial College MRC Centre for Global Infectious Disease Analysis, main site, checked 2026-05-20.",https://www.imperial.ac.uk/mrc-global-infectious-disease-analysis/research-themes/preparedness-and-response-to-emerging-threats/report-ebola-18-05-2026/; https://www.imperial.ac.uk/mrc-global-infectious-disease-analysis/,"Byte-archive the Imperial report PDF (or its license footer) to confirm CC BY-NC-ND 4.0 directly. Until then the value is the conservative assumption, not a byte-verified quote.",Detailed audit IDs and review locators are withheld from this public export.
BDBV-CLAIM-002,Who content license,WHO Disease Outbreak News and situation-report content archived in this repo is licensed CC BY-NC-SA 3.0 IGO.,CC-BY-NC-SA-3.0-IGO,corrected,"World Health Organization. Copyright and permissions policy. who.int/about/policies/publishing/copyright.; WHO Disease Outbreak News item 2026-DON602, archived 2026-05-20 (SHA-256 8b7fb1e1c8403b7a6015c804a3cd818c04b649ca23d791fe957e59119818218f).",https://www.who.int/about/policies/publishing/copyright; https://www.who.int/emergencies/disease-outbreak-news/item/2026-DON602,Reconciled. Reopen only if WHO publishes a page-level CC notice for Disease Outbreak News that differs from the standard CC BY-NC-SA 3.0 IGO publications license.,Detailed audit IDs and review locators are withheld from this public export.
BDBV-CLAIM-003,Clock semantics,"BDBV calibration commitments are block-scoped: a later snapshot can carry older blocks and append new blocks, while each block preserves its own pin date, original horizon, resolution timestamp, elapsed-days clock, and remaining-days clock.",per block: horizon_days = date(resolves_at) - date(pinned_at); remaining_days = date(resolves_at) - date(snapshot_as_of),derived from cited sources,data/calibration-ledger.json calibration-block:bdbv-uga-cod-2026:2026-05-20.; refresh_pipeline.py calibration_clock.,restricted-local-review-not-redistributed; restricted-local-review-not-redistributed,"Keep calibration_blocks as the public structure for future rolling calibration. If a later snapshot pins a new block, append it with a new block_id and show it alongside carried-forward blocks; never rewrite the May 20 block.",Detailed audit IDs and review locators are withheld from this public export.
BDBV-CLAIM-004,Open hdx source boundary,"Flowminder and HOT OSM are admissible open covariate/context sources for future LOVS sensitivity analyses, but they are not case-count sources and do not mutate the released May 22 snapshot.","Flowminder: CC BY, DRC health-zone population/mobility through March 2026; HOT OSM: ODbL outbreak-response geospatial package dated 21-22 May 2026; both remain covariate/context inputs only.",supported,"Flowminder Foundation via HDX. Democratic Republic of Congo: Population and Mobility Estimates. HDX package bd5781f3-9c6a-427a-955b-ce2b59def8c3.; Humanitarian OpenStreetMap Team via HDX. DRC & Uganda - Ebola Outbreak - May 2026 - OpenStreetMap Data. HDX package 8533ecce-8f2c-4f40-ba6f-34ffbf9c0d66.; LOVS open-covariate source metadata file, 23 May 2026.; LOVS recurring source registry, 23 May 2026.",https://data.humdata.org/dataset/democratic-republic-of-congo-population-and-mobility-estimates; https://data.humdata.org/dataset/drc-uganda-ebola-outbreak-may-2026-openstreetmap-data; restricted-local-review-not-redistributed; restricted-local-review-not-redistributed,"When a future snapshot is data-ready, derive health-zone population/mobility and map/access covariates from cached raw resources, run sensitivity analyses against the current hand-curated T3 covariates, and promote only if the effect is documented as a covariate sensitivity rather than a case-count update.",Detailed audit IDs and review locators are withheld from this public export.
BDBV-CLAIM-005,Bdbv denominator reconciliation,"The May 2026 BDBV staged count observations preserve separate confirmed, probable, suspected, suspected-death, and approximate-media denominators instead of treating CDC, WHO speech, ECDC, and aggregator values as interchangeable.",CDC 2026-05-21 exact tuple; ECDC 2026-05-21 WHO-derived regional cross-check; CDC 2026-05-20/data-as-of 2026-05-19 exact tuple; WHO DG 2026-05-20 confirmed endpoint and approximate suspected burden; aggregator values cross-check only.,derived from cited sources,"US CDC. Ebola Disease: Current Situation. 21 May 2026.; US CDC. Ebola Disease: Current Situation. 20 May 2026.; WHO Director-General's opening remarks at the media briefing on Ebola outbreak in DRC and Uganda, 20 May 2026.; WHO Disease Outbreak News DON602, Ebola disease caused by Bundibugyo virus, DRC and Uganda, 16 May 2026.; ECDC. Ebola virus disease outbreak in the Democratic Republic of the Congo and Uganda, 19 May 2026.; ECDC. Ebola virus disease outbreak in the Democratic Republic of the Congo and Uganda, updated 21 May 2026 18:00.",https://www.cdc.gov/ebola/situation-summary/index.html; https://www.cdc.gov/ebola/situation-summary/index.html; https://www.who.int/news-room/speeches/item/who-director-general-s-opening-remarks-at-the-media-briefing-on-ebola-outbreak-in-drc-and-uganda-20-may-2026; https://www.who.int/emergencies/disease-outbreak-news/item/2026-DON602; https://www.ecdc.europa.eu/en/ebola-virus-disease-outbreak-democratic-republic-congo-and-uganda-19-may-2026; https://www.ecdc.europa.eu/en/ebola-virus-disease-outbreak-democratic-republic-congo-and-uganda,"May 21 CDC source is archived and model-eligible after release. Keep denominator-specific staged observations, and hold any May 22 snapshot until an official source with published_at 2026-05-22 or later is archived.",Detailed audit IDs and review locators are withheld from this public export.
BDBV-CLAIM-006,Bdbv may21 source sweep,"The May 21 BDBV evidence sweep is separated into model-eligible official count evidence, cross-check count evidence, and context-only guidance/operational signals; non-count sources are not promoted into model inputs.",Archived/chained: CDC Current Situation May 21; ECDC outbreak page and threat assessment May 21; CDC traveler-management guidance and traveler page May 21; PAHO/WHO epidemiological alert May 21; WHO AFRO Zambia readiness May 21; UK GOV/UKHSA support and traveler-monitoring May 21; IFRC May 21 operational signal URL-cited with bytes blocked by HTTP 403.,derived from cited sources,"US CDC. Ebola Disease: Current Situation. 21 May 2026.; ECDC. Ebola virus disease outbreak in DRC and Uganda, updated 21 May 2026 18:00.; ECDC. Threat assessment brief: Ebola disease outbreak caused by Bundibugyo virus, DRC and Uganda, 21 May 2026.; US CDC. Interim Guidance: Public Health Assessment and Management of Travelers Arriving from Affected Countries During the 2026 Ebola Outbreak, 21 May 2026.; US CDC. What Travelers Need to Know About Returning to the United States from DRC, Uganda, and South Sudan, 21 May 2026.; PAHO/WHO. Epidemiological Alert: Ebola Disease due to Bundibugyo virus in DRC and Uganda, 21 May 2026.; WHO AFRO. Strengthening Zambia’s Readiness for Health Emergencies: From Surveillance to Pandemic Preparedness, 21 May 2026.; UK Government. UK steps up support to stop spread of Ebola in eastern DRC, 21 May 2026.; IFRC. Ebola: IFRC scales up response in eastern DRC as regional risks grow, 21 May 2026.; data/external_sources/freshness/bdbv-2026-2026-05-21.json generated by source_ingest.py --live-check.",https://www.cdc.gov/ebola/situation-summary/index.html; https://www.ecdc.europa.eu/en/ebola-virus-disease-outbreak-democratic-republic-congo-and-uganda; https://www.ecdc.europa.eu/en/publications-data/threat-assessment-brief-ebola-disease-outbreak-caused-bundibugyo-virus-democratic; https://www.cdc.gov/viral-hemorrhagic-fevers/php/php/public-health-strategy/ebola-outbreak-interim-guidance.html; https://www.cdc.gov/viral-hemorrhagic-fevers/travel-to-us/index.html; https://www.paho.org/en/documents/epidemiological-alert-ebola-disease-due-bundibugyo-virus-democratic-republic-congo-and; https://www.afro.who.int/countries/zambia/news/strengthening-zambias-readiness-health-emergencies-surveillance-pandemic-preparedness; https://www.gov.uk/government/news/uk-steps-up-support-to-stop-spread-of-ebola-in-eastern-drc; https://www.ifrc.org/press-release/ebola-ifrc-scales-response-eastern-drc-regional-risks-grow; restricted-local-review-not-redistributed,"Before publishing the May 21 snapshot, review the new manifest entries, staged ECDC cross-check observations, and context-only watch signals. Promote no context signal into model inputs without explicit official count/geography content.",Detailed audit IDs and review locators are withheld from this public export.
BDBV-CLAIM-007,Bdbv may22 cross check source sweep,"CDC and ECDC May 22 public updates have been archived as official/regional cross-check evidence, while WHO May 22 remains the May 22 scored snapshot endpoint.","CDC cross-check: 83 confirmed, 744 suspected, 176 suspected deaths. ECDC cross-check: 60 confirmed, 650 suspected, 160 deaths. CDC travel pages updated May 22 are context-only. No May 23 scored snapshot is triggered by these sources.",supported,"US CDC. Ebola Disease: Current Situation. 22 May 2026.; ECDC. Ebola virus disease outbreak in DRC and Uganda. 22 May 2026 update.; US CDC. Interim Guidance: Public Health Assessment and Management of Travelers Arriving from Affected Countries During the 2026 Ebola Outbreak. 22 May 2026 page update.; US CDC. What Travelers Need to Know About Returning to the United States from DRC, Uganda, and South Sudan. 22 May 2026 page update.; data/external_sources/freshness/bdbv-2026-2026-05-23.json generated by source_ingest.py --live-check.",https://www.cdc.gov/ebola/situation-summary/index.html; https://www.ecdc.europa.eu/en/ebola-virus-disease-outbreak-democratic-republic-congo-and-uganda-19-may-2026; https://www.cdc.gov/viral-hemorrhagic-fevers/php/php/public-health-strategy/ebola-outbreak-interim-guidance.html; https://www.cdc.gov/viral-hemorrhagic-fevers/travel-to-us/index.html; restricted-local-review-not-redistributed,Keep these May 22 sources in the manifest/export as provenance-complete cross-checks. Do not create a May 23 scored snapshot until a newer official primary count/geography source appears and passes the usual source-ingest/public-claim-audit gates.,Detailed audit IDs and review locators are withheld from this public export.
BDBV-CLAIM-008,Bdbv may22 official release,The May 22 public snapshot uses WHO 22 May official sources as the current headline endpoint while retaining CDC/ECDC May 21 and earlier sources as dated conflict/cross-check evidence.,"confirmed total 84 (82 DRC + 2 Uganda), suspected approximately 750, suspected deaths 177; DRC risk very high, regional risk high, global risk low; Uganda imported cases 2 with no documented onward transmission among contacts.",supported,"World Health Organization. WHO Director-General's opening remarks at the Member State information session on outbreaks of Ebola and hantavirus, 22 May 2026.; World Health Organization. First meeting of the IHR Emergency Committee regarding the BDBV epidemic in DRC and Uganda 2026 - Temporary recommendations, 22 May 2026.; US CDC. Ebola Disease: Current Situation, 21 May 2026.; data/bundibugyo-2026/manifest.json entries who-dg-remarks-bdbv-2026-05-22 and who-ihr-ec-bdbv-temporary-recommendations-2026-05-22.",https://www.who.int/news-room/speeches/item/who-director-general-s-opening-remarks-at-the-member-state-information-session-on-outbreaks-of-ebola-and-hantavirus-22-may-2026; https://www.who.int/news/item/22-05-2026-first-meeting-of-the-ihr-emergency-committee-regarding-the-epidemic-of-ebola-bundibugyo-virus-disease-in-the-democratic-republic-of-the-congo-and-uganda-2026-temporary-recommendations; https://www.cdc.gov/ebola/situation-summary/index.html; restricted-local-review-not-redistributed,"Treat the May 22 WHO DG source as the headline count endpoint only. Do not allocate the 51 confirmed cases that are not covered by the latest official health-zone table until WHO AFRO, DRC MoH, Uganda MoH, WHO, or Africa CDC publishes an updated zone-attributed line-list/table.",Detailed audit IDs and review locators are withheld from this public export.
BDBV-CLAIM-009,Bdbv may23 cdc official release,"The May 23 public snapshot uses the CDC Current Situation page as the current official exact endpoint for confirmed cases, while the higher WHO 22 May suspected and suspected-deaths figures are the reconciled primaries under the higher-of-valid-primaries rule, and CDC's lower suspected/deaths plus earlier values are retained as dated conflict/cross-check evidence.","CDC reports confirmed total 88 (83 DRC + 5 Uganda), 746 suspected DRC cases, and 176 suspected DRC deaths, plus nine confirmed DRC deaths and one confirmed Uganda death. The reconciled endpoint takes CDC's 88 confirmed (the higher confirmed primary) and defers suspected and deaths to WHO 22 May (750 and 177, the higher valid primaries); CDC's 746 and 176 are retained as conflict anchors.",supported,"US CDC. Ebola Disease: Current Situation, 23 May 2026.; World Health Organization. WHO Director-General Member State information session remarks, 22 May 2026.; data/bundibugyo-2026/manifest.json entry cdc-current-situation-2026-05-23.",https://www.cdc.gov/ebola/situation-summary/index.html; https://www.who.int/news-room/speeches/item/who-director-general-s-opening-remarks-at-the-member-state-information-session-on-outbreaks-of-ebola-and-hantavirus-22-may-2026; restricted-local-review-not-redistributed,Keep CDC May 23 as the publication-state endpoint until a newer accepted primary/regional source is archived and reviewed; keep 216-death media/aggregator signals watch-only pending official confirmation.,Detailed audit IDs and review locators are withheld from this public export.
BDBV-CLAIM-011,Bdbv may25 official release,"The May 25 public snapshot supersedes the May 24 snapshot by fix-forward (a new dated snapshot, not an in-place re-cut) and uses the US CDC Current Situation page (25 May) as the highest valid primary on the latest date for suspected, confirmed, and deaths. ECDC (25 May), the DRC MoH all-published-bulletins dashboard aggregate (24 May), and WHO DG (22 May) are retained as dated conflict anchors. The endpoint takes the higher valid primary and does not average across sources or down-revise to a lower peer.","US CDC 25 May reports 906 suspected DRC cases, 112 confirmed (105 DRC + 7 Uganda), 223 suspected DRC deaths, ten confirmed DRC deaths, and one Uganda death. ECDC 25 May reports 101 confirmed, 904 suspected, and 119 suspected deaths. The DRC MoH 24 May dashboard aggregate reports 854 reported cases, 112 confirmed DRC cases, and 179 registered deaths. The reconciled endpoint takes CDC's 906 suspected, 112 confirmed, and 223 deaths; the lower or source-review figures 179, 119, and 177 are dated conflict anchors.",supported,"US CDC. Ebola Disease: Current Situation, 25 May 2026.; European Centre for Disease Prevention and Control. Ebola virus disease outbreak in the DRC and Uganda, outbreak page, 25 May 2026.; data/bundibugyo-2026/manifest.json entries cdc-current-situation-2026-05-25 and ecdc-bdbv-drc-uga-2026-05-25-live.",https://www.cdc.gov/ebola/situation-summary/index.html; https://www.ecdc.europa.eu/en/ebola-virus-disease; restricted-local-review-not-redistributed,Keep the May 25 snapshot as review-ready evidence-backed state. Hold public release for the founder go-signal. Revisit the deaths endpoint if a later official PDF or table reconciles the CDC-versus-ECDC suspected-death spread.,Detailed audit IDs and review locators are withheld from this public export.
BDBV-CLAIM-012,Bdbv may25 source review boundary,May 25 source-review evidence can be archived for audit and partner context without creating a May 25 public snapshot route or promoting non-primary/watch claims into scored counts.,ECDC 25 May is accepted as regional cross-check only (snapshot_trigger=false); WHO AFRO hub is official context/readiness only (snapshot_trigger=false); IFRC requires browser/AIR capture when plain HTTP is challenged; Wikipedia remains watch-only unless confirmed by public-health authority.,supported,"ECDC. Ebola virus disease outbreak in the Democratic Republic of the Congo and Uganda. Page last updated 25 May 2026 16:30.; WHO Regional Office for Africa. Ongoing outbreak in the Democratic Republic of the Congo / Bundibugyo virus disease outbreak hub. Updated 24 May 2026.; IFRC. Ebola: IFRC scales up response in eastern DRC as regional risks grow. 21 May 2026.; Wikipedia contributors. 2026 Ituri Province Ebola epidemic, live page observed by 25 May 2026 freshness check.; data/external_sources/freshness/bdbv-2026-2026-05-25.json generated by source_ingest.py --live-check --as-of 2026-05-25.",https://www.ecdc.europa.eu/en/ebola-virus-disease-outbreak-democratic-republic-congo-and-uganda-19-may-2026; https://www.afro.who.int/health-topics/ebola-disease/outbreak-drc-26; https://www.ifrc.org/press-release/ebola-ifrc-scales-response-eastern-drc-regional-risks-grow; https://en.wikipedia.org/wiki/2026_Ituri_Province_Ebola_epidemic; restricted-local-review-not-redistributed,"Keep May 24 as the current publication-state route. Continue source review for DRC MoH table semantics, CDC traveler context, and future primary WHO/DRC/Uganda/CDC updates before any May 25 snapshot promotion.",Detailed audit IDs and review locators are withheld from this public export.
BDBV-CLAIM-013,Bdbv may26 source review boundary,"The 26 May sweep found one count-bearing official source update that should be archived for audit: ECDC 26 May. Its count tuple corroborates the CDC 25 May endpoint but carries separate page, count-source, and retrieval clocks, so it must not be treated as a new data-date-only trajectory point or as a generic deaths replacement.","ECDC page publication/as-of date=2026-05-26; ECDC count source label=DRC Ministry of Health on 2026-05-25; DRC confirmed=105, DRC suspected=906, DRC confirmed deaths=10, DRC suspected deaths=223, Uganda confirmed=7, Uganda deaths=1; computed country-pair confirmed=112.",supported,"ECDC. Ebola virus disease outbreak in the Democratic Republic of the Congo and Uganda. Live page captured 26 May 2026.; WHO Regional Office for Africa. Ongoing outbreak in the Democratic Republic of the Congo / Bundibugyo virus disease outbreak hub. Movement detected by the 26 May freshness check.; US CDC returning-travelers public information page. Context update detected by the 26 May freshness check.; Wikipedia contributors. 2026 Ituri Province Ebola epidemic, live page observed by 26 May 2026 freshness check.; data/external_sources/freshness/bdbv-2026-2026-05-26.json generated by source_ingest.py --live-check --as-of 2026-05-26.; data/bundibugyo-2026/manifest.json entry ecdc-bdbv-drc-uga-2026-05-26-live.",https://www.ecdc.europa.eu/en/ebola-virus-disease-outbreak-democratic-republic-congo-and-uganda-19-may-2026; https://www.afro.who.int/health-topics/ebola-disease/outbreak-drc-26; https://www.cdc.gov/viral-hemorrhagic-fevers/travel-to-us/index.html; https://en.wikipedia.org/wiki/2026_Ituri_Province_Ebola_epidemic; restricted-local-review-not-redistributed; restricted-local-review-not-redistributed,"Keep the May 26 ECDC archive as evidence-backed cross-check input. Do not publish, promote preview, or alter the public endpoint until the May 26 snapshot/release gate resolves date semantics and the DRC MoH/CDC/ECDC death-metric concepts are reviewed.",Detailed audit IDs and review locators are withheld from this public export.
BDBV-CLAIM-016,Imperial table 3 row summary discrepancy,Imperial Table 3's Nord Kivu summary total can be adjudicated against the underlying WHO epiweek 10/11/15/18 sitreps.,Imperial's published Nord Kivu PoE summary total does not reconcile with the sum of its own Table 3 per-PoE rows (off by 18 daily travellers); absolute counts are restricted and not redistributed here,needs primary source,"Imperial College MRC GIDA and WHO. Estimation of the size of the outbreak of Ebola disease caused by Bundibugyo virus in DRC. 18 May 2026.; WHO AFRO Weekly External Situation Report 01, data as of 18 May 2026.; Restricted local review notes for Imperial Table 3; not redistributed in the public repository.",restricted-local-review-not-redistributed; https://www.afro.who.int/countries/democratic-republic-of-congo/publication/ebola-bundibugyo-virus-disease-outbreak-democratic-republic-congo-uganda-weekly-external-situation; restricted-local-review-not-redistributed,"Do not redistribute the extracted Table 3 PoE dataset. Reopen only if WHO publishes the underlying epiweek 10/11/15/18 PoE passenger-count sitreps, Imperial grants permission, or Imperial issues an erratum.",Detailed audit IDs and review locators are withheld from this public export.
BDBV-CLAIM-017,Inrb sitrep 015 headline promotion,"Promote INRB SitRep #015 (data cutoff 2026-05-29, published 2026-05-30) to the headline-count endpoint for the May-29 publication-state snapshot. The SitRep is DRC-only; Uganda figures are composed from the ECDC 27 May anchor. SitRep #015 introduces a refined cumul-cas-suspects value of 349 (post-INRB-investigation revision from a pre-revision 1077; SitRep #014 carried the footnote 'Revised downward; number of suspect cases was revised down after investigation and sampling confirmed some and ruled out others'). The cumul-cas-suspects PDF tile renders '349' with a superscript '1' footnote marker; the marker is not part of the numeric value. The cumul-deces-suspects headline tile is not included; the May-26 value of 246 DRC suspected deaths carries forward with reason source_schema_evolved.","Country-scope confirmed = 263 DRC + 7 UGA = 270. Country-scope confirmed deaths = 42 DRC + 1 UGA = 43. Suspected cumulative (post-revision) = 349. Recovered (gueris) = 2. 22 health zones affected (six new vs the May-28 INSP base: Aungba, Gety, Lita, Mangala, Kalunguta, Kyondo). Zones added to affected_zones; NOT added to the locked May-28 corridor watchlist.",supported,"Centre d'Operations d'Urgence de Sante Publique (COUSP RDC), INSP, INRB, MoH DRC. Rapport de Situation de la 17eme Epidemie de la Maladie a Virus EBOLA / RDC, SitRep N°015/MVB_29/2026 (data cutoff 29 May 2026, published 30 May 2026).; ECDC. BDBV-2026 outbreak page, retrieved 27 May 2026 (Uganda anchor).",https://www.insp.gouv.cd/; https://www.ecdc.europa.eu/en/ebola-virus-disease-outbreak-democratic-republic-congo-and-uganda-19-may-2026,"On the next INRB SitRep, refresh the headline tiles and re-run the country-scope composition. If Uganda republishes, replace the ECDC 27 May anchor with the newer figure.",Detailed audit IDs and review locators are withheld from this public export.
BDBV-CLAIM-018,Inrb sitrep 016 schema bifurcation,"Promote INRB SitRep #016 (data cutoff 2026-05-30, published 2026-05-31) to the headline-count endpoint for the May-30 publication-state snapshot. SitRep #016 introduces a refined schema that bifurcates confirmed cases into cumulative (282) and active (238 = 282 - 42 deaths - 2 cured), and alongside the cumulative tiles reports an operational point-prevalence split: cas suspects en cours d'investigation (220) + cas suspects en isolement (101) = an active operational caseload of 321 at the 2026-05-30 cutoff. This operational caseload sits on a separate operational-status axis: it is a point-in-time stock, national-only, not a cumulative case count, and is never summed into the confirmed cumulative count. The cumul-cas-confirmes 282 tile carries an asterisk footnote 'donnees en cours d'harmonisation'. The cumul-cas-suspects (cumulative) and cumul-deces-suspects tiles are NOT included; their May-26 values are retained only as dated archival conflict anchors, never summed into confirmed. Country-scope composition continues to add the ECDC 27 May Uganda anchor (7 confirmed, 1 confirmed death).","Country-scope confirmed = 282 DRC + 7 UGA = 289. Country-scope confirmed-active = 238 DRC + 7 UGA = 245. Operational point-prevalence caseload (operational-status axis, not cumulative, never summed into confirmed) = 321 (DRC, no Uganda operational anchor): 220 under investigation + 101 in isolation at the 2026-05-30 cutoff. Cumulative-suspected May-26 baseline (349) is retained only as a dated archival conflict anchor. Country-scope confirmed deaths = 42 DRC + 1 UGA = 43. Recovered (gueris) = 2. Contact-follow-up rate = 45.2% (DRC, new tile).",supported,"Centre d'Operations d'Urgence de Sante Publique (COUSP RDC), INSP, INRB, MoH DRC. Rapport de Situation de la 17eme Epidemie de la Maladie a Virus EBOLA / RDC, SitRep N°016/MVB_30/2026 (data cutoff 30 May 2026, published 31 May 2026).; ECDC. BDBV-2026 outbreak page, retrieved 27 May 2026 (Uganda anchor, unchanged from #015 cycle).",https://www.insp.gouv.cd/; https://www.ecdc.europa.eu/en/ebola-virus-disease-outbreak-democratic-republic-congo-and-uganda-19-may-2026,"Carry the active-stock split forward into #017. Watch the harmonisation footnote on cumul cas confirmes; if INRB restates 282, open a re-pinning chain.",Detailed audit IDs and review locators are withheld from this public export.
BDBV-CLAIM-019,Inrb sitrep 017 queue drawdown,"Promote INRB SitRep #017 (Revised; data cutoff 2026-05-31, published 2026-06-01) to the headline endpoint, and advance the per-health-zone geographic attribution layer to the INRB-UMIE build-2026-06-01-b4cafc9 release at its latest internally consistent date (2026-05-29). The headline is composed from SitRep #017 plus the ECDC 27 May Uganda anchor; the build national rollup is NOT promoted to headline. The build's per-zone suspected long-CSV columns are not carried onto any surface, consistent with the retirement of the cumulative-suspected tier: only confirmed and confirmed_deaths are read from the per-zone layer. data_as_of (zone clock) = 2026-05-29 is disambiguated from as_of (headline clock) = 2026-05-31. SitRep #017 also reports the operational point-prevalence split as of 2026-05-31 (116 under investigation + 104 in isolation = an active operational caseload of 220), which sits on the operational-status axis and is never summed into the confirmed cumulative count.","Country-scope confirmed = 321 DRC + 7 UGA = 328. Confirmed-active = 267 DRC (identity 321 - 48 deaths - 6 cured; the printed PDF active cell 238 is a stale #016 carry, rejected) + 7 UGA = 274. Country-scope confirmed deaths = 48 DRC + 1 UGA = 49. Operational point-prevalence caseload (operational-status axis, not cumulative, never summed into confirmed) = 220 as of 2026-05-31: 116 under investigation + 104 in isolation. Recovered = 6. Per-zone confirmed layer at 2026-05-29: 22 INRB zones, 15 mapped to LOVS canonical ids carrying 235 confirmed; 7 newer zones (Beni, Mangala, Aungba, Gethy, Lita, Kyondo, Kalunguta; 8 confirmed) remain in the unallocated residual pending a coordinated bridge plus map-geometry expansion.",supported,"Centre d'Operations d'Urgence de Sante Publique (COUSP RDC), INSP, INRB, MoH DRC. SitRep N°017/MVB (Revised; data cutoff 31 May 2026, published 1 June 2026).; INRB-UMIE/Ebola_DRC_2026 GitHub release build-2026-06-01-b4cafc9 (built 2026-06-01T22:17:17Z, commit b4cafc9); INSP SitRep digitization, per-health-zone long CSVs.; ECDC. BDBV-2026 outbreak page, retrieved 27 May 2026 (Uganda anchor, unchanged since #015 cycle).",https://www.insp.gouv.cd/; https://github.com/INRB-UMIE/Ebola_DRC_2026/releases/tag/build-2026-06-01-b4cafc9; https://www.ecdc.europa.eu/en/ebola-virus-disease-outbreak-democratic-republic-congo-and-uganda-19-may-2026,"On SitRep #018 and the next INRB-UMIE build, re-run the consistency scan and advance the zone clock if a later date reconciles. Add the 7 newer zones (Beni, Mangala, Aungba, Gethy, Lita, Kyondo, Kalunguta) to the LOVS zone-alias bridge with map geometry in a coordinated change with the map surface, then re-sync the website.",Detailed audit IDs and review locators are withheld from this public export.
BDBV-CLAIM-020,Inrb sitrep 018 headline promotion,"Promote INRB/INSP SitRep #018 (data cutoff 2026-06-01, published 2026-06-02) to the reviewed headline endpoint. Confirmed and confirmed deaths are cumulative; probable remains separate; suspected cases are an operational point-prevalence split and are never summed into confirmed.","Country-scope confirmed = 344 DRC + 7 Uganda anchor = 355. Country-scope confirmed deaths = 60 DRC + 1 Uganda anchor = 61. Probable = 1 and probable death = 1. Operational suspected split = 116 under investigation + 173 in isolation = 289 active suspected. Suspected deaths = 242 DRC, retained as a separate suspected-death series and not an input to confirmed-death CFR work.",supported,"Centre d'Operations d'Urgence de Sante Publique (COUSP RDC), INSP, INRB, MoH DRC. SitRep N°018/MVB_01/06/2026 (data cutoff 1 June 2026, published 2 June 2026).; ECDC. BDBV-2026 outbreak page, retrieved 27 May 2026 (Uganda anchor).",https://insp.cd/wp-content/uploads/2026/06/Daft-SitRep_MVE_RDC_N18_01_06_2026_JO_PA-Final-1.pdf; https://www.ecdc.europa.eu/en/ebola-virus-disease-outbreak-democratic-republic-congo-and-uganda-19-may-2026,Supersede SitRep18 headline values with SitRep19 where SitRep19 publishes current-cycle fields; retain SitRep18 as the source for fields SitRep19 does not republish only when explicitly carried or omitted.,Detailed audit IDs and review locators are withheld from this public export.
BDBV-CLAIM-021,Inrb sitrep 019 visual promotion,"Promote every visually reviewed SitRep #019 field that has clean current-cycle semantics while explicitly withholding fields the PDF does not publish. Confirmed and confirmed deaths advance; suspected-in-isolation advances from Table 4; under-investigation stock, total active suspected queue, suspected deaths, and complete national lab indicators are not fabricated.","Country-scope confirmed = 363 DRC + 15 Uganda anchor = 378 (Uganda anchor refreshed from stale ECDC 2026-05-27=7 to CDC 2026-06-02=15; see PUBLIC-CLAIM-AUDIT). Country-scope confirmed deaths = 62 DRC + 1 Uganda anchor = 63. Recovered = 6. Patients in isolation/hospitalization = 206, including 47 confirmed and 159 suspected. Table 1 gives 363 confirmed and 62 confirmed deaths, including an explicit unventilated Ituri row of 94 confirmed / 10 deaths that is not distributed to named zones.",supported,"Centre d'Operations d'Urgence de Sante Publique (COUSP RDC), INSP, INRB, MoH DRC. SitRep N°019/MVB_02/06/2026 (data cutoff 2 June 2026, published 3 June 2026).; ECDC. BDBV-2026 outbreak page, retrieved 27 May 2026 (Uganda anchor).",https://insp.cd/wp-content/uploads/2026/06/Draft-1-SitRep_MVE_RDC_N19_02_06_2026-_JO_PA-FINAL.-2.pdf; https://www.ecdc.europa.eu/en/ebola-virus-disease-outbreak-democratic-republic-congo-and-uganda-19-may-2026,"If INSP/INRB later republishes an amended SitRep19 or SitRep20 with the missing operational stock fields, create a new reviewed promotion rather than backfilling inferred values into this audit row.",Detailed audit IDs and review locators are withheld from this public export.
BDBV-CLAIM-022,Inrb sitrep 020 visual promotion,"Promote every visually reviewed SitRep #020 field with clean current-cycle semantics while withholding fields the PDF does not publish. Confirmed and confirmed deaths advance; suspected-in-isolation advances from Table 4; under-investigation stock, total active suspected queue, suspected deaths, and complete national lab indicators are not fabricated.","Country-scope confirmed = 381 DRC + 15 Uganda anchor (carried from CDC 2026-06-02 = 15; no fresher Uganda source this cycle; see PUBLIC-CLAIM-AUDIT) = 396. Country-scope confirmed deaths = 64 DRC + 1 Uganda anchor = 65. Recovered = 7. Patients in isolation/hospitalization = 233, including 62 confirmed and 171 suspected. Table 1 gives 381 confirmed and 64 confirmed deaths, including an explicit unventilated Ituri row of 94 confirmed / 10 deaths not distributed to named zones.",supported,"Centre d'Operations d'Urgence de Sante Publique (COUSP RDC), INSP, INRB, MoH DRC. SitRep N°020/MVB (data cutoff 3 June 2026, published 4 June 2026).",https://insp.cd/wp-content/uploads/2026/06/Draft-2-SitRep_MVE_RDC_N20_02_06_2026-_JO_PA-FINAL.pdf,"If INSP/INRB later republishes an amended SitRep #020 or a SitRep #021 with the missing operational stock fields, create a new reviewed promotion rather than backfilling inferred values into this audit row.",Detailed audit IDs and review locators are withheld from this public export.
BDBV-CLAIM-023,Inrb sitrep 021 visual promotion,"Promote every visually reviewed SitRep #021 field with clean current-cycle semantics while withholding fields the PDF does not publish. Confirmed and confirmed deaths advance; suspected-in-isolation advances from Table 4; under-investigation stock, total active suspected queue, suspected deaths, and complete national lab indicators are not fabricated. The DRC 452 headline carries the source's explicit data-being-harmonized caveat.","Country-scope confirmed = 452 DRC + 19 Uganda anchor (reviewed Uganda MoH 6 Jun, corroborated by WHO DON606 8 Jun: 19 confirmed, 2 deaths) = 471. Country-scope confirmed deaths = 82 DRC + 2 Uganda anchor = 84. Recovered = 8. Patients in isolation/hospitalization = 258, including 72 confirmed and 186 suspected. Table 1 gives 452 confirmed and 82 confirmed deaths, including an explicit unventilated Ituri row of 94 confirmed / 10 deaths not distributed to named zones.",supported,"Centre d'Operations d'Urgence de Sante Publique (COUSP RDC), INSP, INRB, MoH DRC. SitRep N°021/MVB (data cutoff 4 June 2026, published 5 June 2026).",https://insp.cd/wp-content/uploads/2026/06/SitRep_MVE_RDC_N21_04_JUIN_2026-_JO_PA-FINAL_OK.pdf,"Uganda anchor refreshed to the reviewed Uganda MoH 6 Jun / WHO DON606 8 Jun figure (19 confirmed, 2 deaths); keep it current from a DRC+UGA source (CDC/ECDC/WHO/Uganda MoH) each cycle since INRB SitReps carry only DRC. If INSP/INRB republishes an amended N21 or an N22, create a new reviewed promotion rather than backfilling this audit row.",Detailed audit IDs and review locators are withheld from this public export.
BDBV-CLAIM-024,Inrb sitrep 022 visual promotion,"Promote visually reviewed SitRep #022 fields with clean current-cycle semantics while keeping under-investigation stock, total active suspected queue, suspected deaths, and PCR-access points unpromoted when not explicitly published.","Country-scope confirmed = 488 DRC + 19 Uganda = 507. Country-scope confirmed deaths = 86 DRC + 2 Uganda = 88. Recovered = 13. Patients in isolation/hospitalization = 267, including 89 confirmed and 178 suspected. The health-zone table includes an explicit unventilated residual row that is not allocated to named zones.",supported,"COUSP RDC, INSP, INRB, MoH DRC. SitRep N022/MVB (data cutoff 2026-06-05, published 2026-06-06).; Reviewed country-scope Uganda/WHO anchor uganda-moh-ebola-update-2026-06-06.",https://insp.cd/wp-content/uploads/2026/06/VF_SitRep_MVE_RDC_N22_06_06_2026-FD_JO2_PA.pdf; https://www.health.go.ug/,Supersede with the next reviewed INSP/INRB SitRep only after source review; do not allocate unventilated residuals to named health zones.,Detailed audit IDs and review locators are withheld from this public export.
BDBV-CLAIM-025,Inrb sitrep 023 visual promotion,"Promote visually reviewed SitRep #023 fields with clean current-cycle semantics while keeping under-investigation stock, total active suspected queue, suspected deaths, and PCR-access points unpromoted when not explicitly published.","Country-scope confirmed = 515 DRC + 19 Uganda = 534. Country-scope confirmed deaths = 91 DRC + 2 Uganda = 93. Recovered = 16. Patients in isolation/hospitalization = 283, including 105 confirmed and 178 suspected. The health-zone table includes an explicit unventilated residual row that is not allocated to named zones.",supported,"COUSP RDC, INSP, INRB, MoH DRC. SitRep N023/MVB (data cutoff 2026-06-06, published 2026-06-07).; Reviewed country-scope Uganda/WHO anchor who-daily-epi-bdbv-2026-06-08.; Reviewed country-scope Uganda/WHO anchor uganda-moh-ebola-update-2026-06-06.",https://insp.cd/wp-content/uploads/2026/06/VF-Draft-Final-SitRep_MVE_RDC_NA%C2%B023_07_06_2026-FD.pdf; https://www.afro.who.int/; https://www.health.go.ug/,Supersede with the next reviewed INSP/INRB SitRep only after source review; do not allocate unventilated residuals to named health zones.,Detailed audit IDs and review locators are withheld from this public export.
BDBV-CLAIM-026,Inrb sitrep 024 visual promotion,"Promote visually reviewed SitRep #024 fields with clean current-cycle semantics while keeping under-investigation stock, total active suspected queue, suspected deaths, and PCR-access points unpromoted when not explicitly published.","Country-scope confirmed = 550 DRC + 19 Uganda = 569. Country-scope confirmed deaths = 101 DRC + 2 Uganda = 103. Recovered = 24. Patients in isolation/hospitalization = 309, including 116 confirmed and 193 suspected. The health-zone table includes an explicit unventilated residual row that is not allocated to named zones.",supported,"COUSP RDC, INSP, INRB, MoH DRC. SitRep N024/MVB (data cutoff 2026-06-07, published 2026-06-08).; Reviewed country-scope Uganda/WHO anchor who-don606-bdbv-2026-06-08.; Reviewed country-scope Uganda/WHO anchor uganda-moh-ebola-update-2026-06-06.",https://insp.cd/wp-content/uploads/2026/06/SitRep_MVE_RDC_N%C2%B024_07_06_2026-FD.pdf; https://www.who.int/emergencies/disease-outbreak-news/item/2026-DON606; https://www.health.go.ug/,Supersede with the next reviewed INSP/INRB SitRep only after source review; do not allocate unventilated residuals to named health zones.,Detailed audit IDs and review locators are withheld from this public export.
BDBV-CLAIM-027,Inrb sitrep 025 visual promotion,"Promote visually reviewed SitRep #024 fields with clean current-cycle semantics while keeping under-investigation stock, total active suspected queue, suspected deaths, and PCR-access points unpromoted when not explicitly published.","Country-scope confirmed = 598 DRC + 19 Uganda = 617. Country-scope confirmed deaths = 115 DRC + 2 Uganda = 117. Recovered = 27. Patients in isolation/hospitalization = 297, including 113 confirmed and 184 suspected. The health-zone table includes an explicit unventilated residual row that is not allocated to named zones.",supported,"COUSP RDC, INSP, INRB, MoH DRC. SitRep N025/MVB (data cutoff 2026-06-08, published 2026-06-09).; Reviewed country-scope Uganda/WHO anchor who-don606-bdbv-2026-06-08.; Reviewed country-scope Uganda/WHO anchor uganda-moh-ebola-update-2026-06-06.",https://insp.cd/wp-content/uploads/2026/06/SitRep_MVE_RDC_N%C2%B025_08_06_2026-FD-1.pdf; https://www.who.int/emergencies/disease-outbreak-news/item/2026-DON606; https://www.health.go.ug/,Supersede with the next reviewed INSP/INRB SitRep only after source review; do not allocate unventilated residuals to named health zones.,Detailed audit IDs and review locators are withheld from this public export.
BDBV-CLAIM-028,Inrb sitrep 026 visual promotion,"Promote visually reviewed SitRep #026 fields with clean current-cycle semantics while keeping under-investigation stock, total active suspected queue, suspected deaths, and PCR-access points unpromoted when not explicitly published. A newly named Tchomia health zone (Ituri, 2 confirmed) enters affected_zones; the explicit unventilated Ituri residual row is not allocated to named zones.","Country-scope confirmed = 635 DRC + 19 Uganda = 654. Country-scope confirmed deaths = 127 DRC + 2 Uganda = 129. Recovered = 35 (30 DRC + 5 Uganda). Patients in isolation/hospitalization = 260, including 117 confirmed and 143 suspected. Tchomia is newly named in Table 1 with 2 confirmed; the health-zone table includes an explicit unventilated residual row that is not allocated to named zones.",supported,"COUSP RDC, INSP, INRB, MoH DRC. SitRep N026/MVB (data cutoff 2026-06-09, published 2026-06-10).; Reviewed country-scope Uganda/WHO anchor who-don606-bdbv-2026-06-08.; Reviewed country-scope Uganda/WHO anchor uganda-moh-ebola-update-2026-06-06.",https://insp.cd/wp-content/uploads/2026/06/SitRep_MVE_RDC_N%C2%B026_09_06_2026_Final.pdf; https://www.who.int/emergencies/disease-outbreak-news/item/2026-DON606; https://www.health.go.ug/,Supersede with the next reviewed INSP/INRB SitRep only after source review; do not allocate unventilated residuals to named health zones.,Detailed audit IDs and review locators are withheld from this public export.
BDBV-CLAIM-029,Inrb sitrep 027 visual promotion,"Promote visually reviewed SitRep #027 fields with clean current-cycle semantics while keeping under-investigation stock, total active suspected queue, suspected deaths, and PCR-access points unpromoted when not explicitly published. Newly named Kambala, Masereka, and Vuhovi health zones enter affected_zones; the explicit unventilated Ituri residual row is not allocated to named zones.","Country-scope confirmed = 676 DRC + 19 Uganda = 695. Country-scope confirmed deaths = 136 DRC + 2 Uganda = 138. Recovered = 37 (32 DRC + 5 Uganda). Patients in isolation/hospitalization = 262, including 132 confirmed and 130 suspected. Kambala, Masereka, and Vuhovi are newly named in Table 1 with 1 confirmed each; the health-zone table includes an explicit unventilated residual row that is not allocated to named zones.",supported,"COUSP RDC, INSP, INRB, MoH DRC. SitRep N027/MVB (data cutoff 2026-06-10, published 2026-06-11).; Reviewed country-scope Uganda/WHO anchor who-don606-bdbv-2026-06-08.; Reviewed country-scope Uganda anchor uganda-moh-ebola-update-2026-06-06.",https://insp.cd/wp-content/uploads/2026/06/Draft_1_SitRep_MVE_RDC_N%C2%B027_10_06_2026-2.pdf; https://www.who.int/emergencies/disease-outbreak-news/item/2026-DON606; https://www.health.go.ug/,Supersede with the next reviewed INSP/INRB SitRep only after source review; do not allocate unventilated residuals to named health zones.,Detailed audit IDs and review locators are withheld from this public export.
BDBV-CLAIM-030,Inrb sitrep 028 visual promotion,"Promote visually reviewed SitRep #028 fields with clean current-cycle semantics while keeping cumulative suspected stock, cumulative suspected deaths, and new PCR-access points unpromoted when not explicitly published. No new affected health zone is reported; the explicit unventilated Ituri residual row is not allocated to named zones.","Country-scope confirmed = 689 DRC + 19 Uganda = 708. Country-scope confirmed deaths = 139 DRC + 2 Uganda = 141. Recovered = 37 (32 DRC + 5 Uganda). Patients in isolation/hospitalization = 315, including 138 confirmed and 177 suspected. Daily suspected cases = 168, including 64 deaths; this is not a cumulative suspected stock. Table 1 named zones sum to 595 confirmed / 129 deaths and the explicit Ituri residual adds 94 confirmed / 10 deaths.",supported,"COUSP RDC, INSP, INRB, MoH DRC. SitRep N028/MVB (data cutoff 2026-06-11, published 2026-06-12).; Reviewed country-scope Uganda/WHO anchor who-don606-bdbv-2026-06-08.; Reviewed country-scope Uganda anchor uganda-moh-ebola-update-2026-06-06.",https://insp.cd/wp-content/uploads/2026/06/SitRep_MVE_RDC_N%C2%B028_11062026_Final.pdf; https://www.who.int/emergencies/disease-outbreak-news/item/2026-DON606; https://www.health.go.ug/,Supersede with the next reviewed INSP/INRB SitRep only after source review; do not allocate unventilated residuals to named health zones.,Detailed audit IDs and review locators are withheld from this public export.
BDBV-CLAIM-031,Inrb sitrep 030 visual promotion,"Promote visually reviewed SitRep #030 fields with clean current-cycle semantics while keeping cumulative suspected stock, cumulative suspected deaths, and new PCR-access points unpromoted when not explicitly published. Newly touched Nia-Nia and Mabalako enter affected_zones; the explicit unventilated Ituri residual row is not allocated to named zones.","Country-scope confirmed = 782 DRC + 19 Uganda = 801. Country-scope confirmed deaths = 181 DRC + 2 Uganda = 183. Recovered = 45 (40 DRC + 5 Uganda). Patients in isolation/hospitalization = 359, including 147 confirmed and 212 suspected. Daily suspected cases = 136, including 49 deaths; this is not a cumulative suspected stock. Table 1 named zones sum to 688 confirmed / 171 deaths and the explicit Ituri residual adds 94 confirmed / 10 deaths.",supported,"COUSP RDC, INSP, INRB, MoH DRC. SitRep N030/MVB (data cutoff 2026-06-13, published 2026-06-14).; Reviewed country-scope Uganda/WHO anchor who-don606-bdbv-2026-06-08.; Reviewed country-scope Uganda anchor uganda-moh-ebola-update-2026-06-06.",https://insp.cd/wp-content/uploads/2026/06/Draft-Final_SitRep_MVE_RDC_N%C2%B030_13_06_2026-FD-1-1.pdf; https://www.who.int/emergencies/disease-outbreak-news/item/2026-DON606; https://www.health.go.ug/,Supersede with the next reviewed INSP SitRep only after source review; do not allocate unventilated residuals to named health zones.,Detailed audit IDs and review locators are withheld from this public export.
BDBV-CLAIM-032,Inrb sitrep 031 visual promotion,"Promote visually reviewed SitRep #031 fields with clean current-cycle semantics while keeping cumulative suspected stock, cumulative suspected deaths, and new PCR-access points unpromoted when not explicitly published. No newly touched health zone this cycle; the explicit unventilated Ituri residual row is not allocated to named zones.","Country-scope confirmed = 808 DRC + 19 Uganda = 827. Country-scope confirmed deaths = 192 DRC + 2 Uganda = 194. Recovered = 53 (48 DRC + 5 Uganda). Patients in isolation/hospitalization = 363, including 155 confirmed and 208 suspected. Daily suspected cases = 165, including 54 deaths; this is not a cumulative suspected stock. Table 1 named zones sum to 714 confirmed / 182 deaths and the explicit Ituri residual adds 94 confirmed / 10 deaths.",supported,"COUSP RDC, INSP, INRB, MoH DRC. SitRep N031/MVB (data cutoff 2026-06-14, published 2026-06-15).; Reviewed country-scope Uganda/WHO anchor who-don606-bdbv-2026-06-08.; Reviewed country-scope Uganda anchor uganda-moh-ebola-update-2026-06-06.",https://media.githubusercontent.com/media/INRB-UMIE/BDBV2026-Data/main/data/insp_sitrep/raw/SitRep_MVE_31_2026.pdf; https://www.who.int/emergencies/disease-outbreak-news/item/2026-DON606; https://www.health.go.ug/,Supersede with the next reviewed INSP SitRep only after source review; do not allocate unventilated residuals to named health zones.,Detailed audit IDs and review locators are withheld from this public export.
BDBV-CLAIM-033,Inrb sitrep 032 visual promotion,"Promote visually reviewed SitRep #032 fields with clean current-cycle semantics while keeping cumulative suspected stock, cumulative suspected deaths, and new PCR-access points unpromoted when not explicitly published. No newly touched health zone this cycle; the explicit unventilated Ituri residual row is not allocated to named zones.","Country-scope confirmed = 837 DRC + 19 Uganda = 856. Country-scope confirmed deaths = 196 DRC + 2 Uganda = 198. Recovered = 54 (49 DRC + 5 Uganda). Patients in isolation/hospitalization = 376, including 168 confirmed and 208 suspected. Daily suspected cases = 235, including 61 deaths; this is not a cumulative suspected stock. Table 2 named zones sum to 743 confirmed / 186 deaths and the explicit Ituri residual adds 94 confirmed / 10 deaths.",supported,"COUSP RDC, INSP, INRB, MoH DRC. SitRep N032/MVB (data cutoff 2026-06-15, published 2026-06-16).; Reviewed country-scope Uganda/WHO anchor who-don606-bdbv-2026-06-08.; Reviewed country-scope Uganda anchor uganda-moh-ebola-update-2026-06-06.",https://media.githubusercontent.com/media/INRB-UMIE/BDBV2026-Data/main/data/insp_sitrep/raw/SitRep_MVE_032_2026.pdf; https://www.who.int/emergencies/disease-outbreak-news/item/2026-DON606; https://www.health.go.ug/,Supersede with the next reviewed INSP SitRep only after source review; do not allocate unventilated residuals to named health zones.,Detailed audit IDs and review locators are withheld from this public export.
BDBV-CLAIM-034,Inrb sitrep 033 visual promotion,"Promote visually reviewed SitRep #033 fields with clean current-cycle semantics while keeping cumulative suspected stock, cumulative suspected deaths, per-zone confirmed deaths, and new PCR-access points unpromoted when not explicitly published. Fataki and Musienene are newly touched health zones; the explicit unventilated Ituri residual is not allocated to named zones.","Country-scope confirmed = 875 DRC + 19 Uganda = 894. Country-scope confirmed deaths = 202 DRC + 2 Uganda = 204. Recovered = 72 (67 DRC + 5 Uganda). Patients in isolation/hospitalization = 379, including 152 confirmed and 227 suspected. Daily suspected cases = 192, including 46 deaths; this is not a cumulative suspected stock. Section 3.2 named zones sum to 781 confirmed and the explicit Ituri residual adds 94 confirmed. SitRep33 does not publish current per-zone confirmed deaths, so those are not inferred.",supported,"COUSP RDC, INSP, INRB, MoH DRC. SitRep N033/MVB (data cutoff 2026-06-16, PDF publication 2026-06-17; INSP WordPress post 2026-06-18).; Reviewed country-scope Uganda/WHO anchor who-don606-bdbv-2026-06-08.; Reviewed country-scope Uganda anchor uganda-moh-ebola-update-2026-06-06.",https://insp.cd/wp-content/uploads/2026/06/SitRep_MVE_RDC_N%C2%B033_16_06_2026.pdf; https://www.who.int/emergencies/disease-outbreak-news/item/2026-DON606; https://www.health.go.ug/,Supersede with the next reviewed INSP SitRep only after source review; do not allocate unventilated residuals or unpublished per-zone deaths to named health zones.,Detailed audit IDs and review locators are withheld from this public export.
BDBV-CLAIM-035,Inrb sitrep 034 visual promotion,"Promote visually reviewed SitRep #034 headline, operational, laboratory, and coherent 33-zone attribution while holding the internally inconsistent printed Drodro row out of model/map attribution pending source correction.","Country-scope confirmed = 896 DRC + 19 Uganda = 915. Country-scope confirmed deaths = 232 DRC + 2 Uganda = 234. Recovered = 83 (78 DRC + 5 Uganda). Patients in isolation/hospitalization = 383, including 161 confirmed and 222 suspected. Daily suspected cases = 151, including 35 deaths; this is not a cumulative suspected stock. Coherent promoted rows sum to 879 named confirmed cases plus 17 Ituri unventilated cases = 896, and 232 named confirmed deaths. The printed Drodro 1/1 row is a source-internal conflict and not promoted.",supported,"COUSP RDC, INSP, INRB, MoH DRC. SitRep N034/MVB (data cutoff/report date 2026-06-17, PDF publication 2026-06-18; INSP WordPress post 2026-06-18).; Reviewed country-scope Uganda/WHO anchor who-don606-bdbv-2026-06-08.; Reviewed country-scope Uganda anchor uganda-moh-ebola-update-2026-06-06.",https://insp.cd/wp-content/uploads/2026/06/Draft-1-SitRep_MVE_RDC_N34_17_06_2026_JO2-1.pdf; https://www.who.int/emergencies/disease-outbreak-news/item/2026-DON606; https://www.health.go.ug/,"Supersede with the next reviewed INSP SitRep only after source review; if a corrected SitRep34 or SitRep35 resolves Drodro, promote it through a new reviewed payload rather than retroactively smearing the residual.",Detailed audit IDs and review locators are withheld from this public export.
BDBV-CLAIM-036,Inrb umie build 2026 06 11 per zone attribution,Promote the INRB-UMIE/BDBV2026-Data build-2026-06-11-37f84e5 release as the official DRC per-health-zone attribution layer for 2026-06-10 while keeping SitRep #027 as the COD+UGA headline source.,"DRC national confirmed = 676 and confirmed deaths = 136 at 2026-06-10. Named LOVS-mapped zones sum to 582 confirmed and 126 confirmed deaths across 29 health zones; the explicit upstream NA/unallocated row carries 94 confirmed and 10 confirmed deaths. The COD+UGA headline remains 695 confirmed and 138 confirmed deaths from SitRep #027 plus reviewed Uganda anchors; the residual is carried as unallocated/cross-border attribution lag, not smeared across zones.",supported,"INRB-UMIE/BDBV2026-Data GitHub release build-2026-06-11-37f84e5 (published 2026-06-11T18:07:12Z; build manifest built_at 2026-06-11T18:07:02Z, n_features 519).; COUSP RDC, INSP, INRB, MoH DRC. SitRep N027/MVB (data cutoff 2026-06-10, published 2026-06-11).",https://github.com/INRB-UMIE/BDBV2026-Data/releases/tag/build-2026-06-11-37f84e5; https://insp.cd/wp-content/uploads/2026/06/Draft_1_SitRep_MVE_RDC_N%C2%B027_10_06_2026-2.pdf,Use this build as the current per-zone attribution source until a newer reviewed INRB-UMIE/BDBV2026-Data release or INSP SitRep table supersedes it.,Detailed audit IDs and review locators are withheld from this public export.
BDBV-CLAIM-038,Source attribution lag,"As of the 14 July 2026 snapshot the headline confirmed-count primary of 2093 country-scope remains ahead of the officially zone-attributed cumulative table of 2056 across 45 official INSP per-health-zone source zones, so the unallocated headline context is 37. This is a named source-attribution lag first identified 25 May 2026; SitRep 61 carries Ituri's per-health-zone table current to 14 July (no distribution lag this cycle), so the residual is exactly the 17 explicitly unventilated Ituri cases plus the 20 Uganda anchor. It is not a lost public claim audit or a down-revision.","headline_confirmed_total=2093 country-scope from the reviewed INSP SitRep #061 promotion (headline clock 2026-07-14); zone_attributed_confirmed_total=2056 across 45 official INSP per-health-zone source zones on the reviewed Table 2 vector (Ituri current to 14 July); unallocated_confirmed_total=37 computed as 2093 - 2056 (17 DRC Ituri confirmed cases explicitly unventilated plus 20 Uganda confirmed cases with no promoted health-zone source-load). The zone roster is unchanged from SitRep #060: Haut-Uele holds four named zones (Wamba 8/8, Pawa 3/3, Boma Mangbetu 2/1, Isiro 1/1) and Tshopo's three Kisangani health zones (Makiso-Kisangani 2/2, Mangobo 1/0, Lubunga 1/1) are each mapped to their own distinct GRID3 v8.0 polygon (no collapse).",supported,Reviewed INSP SitRep MVE RDC N 061 (data as of 14 July 2026): DRC 2073 confirmed plus 20 Uganda anchor = 2093 country-scope; the officially zone-attributed cumulative table supplies 2056 confirmed across 45 official source zones.; data/snapshot_contract.json confirmed_case_partition.; NUMBERS_AUDIT.md source-attribution lag and confirmed-case partition section.,https://insp.cd/wp-content/uploads/2026/07/Draft_SitRep_MVE_RDC_N_61_14-07-2026_Analytique.pdf; restricted-local-review-not-redistributed; restricted-local-review-not-redistributed,Keep the confirmed-case partition explicit in snapshot_contract and NUMBERS_AUDIT. Promote newer zone-attributed rows only after a cumulative official table/PDF or validated equivalent is archived.,Detailed audit IDs and review locators are withheld from this public export.
BDBV-CLAIM-039,Uganda anchor refresh,"The carried Uganda anchor was refreshed from the stale ECDC 2026-05-27 value (7 confirmed) to the current CDC 2026-06-02 figure (15 confirmed, 1 death), byte-corroborated by ECDC 2026-06-03. INRB SitReps #015-#019 are DRC-only and carried Uganda forward unchanged at 7, lagging six days. Country-scope confirmed advances 370->378; deaths unchanged at 63 (Uganda still 1). Uganda probable tier = 1 case / 1 death. ECDC reports at least 7 of Uganda 15 cases associated with local transmission events and 4 with travel links to DRC, per health officials.","Uganda = 15 confirmed, 1 confirmed death, 1 probable case, 1 probable death. Country-scope confirmed = 363 DRC + 15 Uganda = 378; confirmed deaths = 62 DRC + 1 Uganda = 63. Transmission: >=7 local-transmission-associated, 4 travel-linked (ECDC 2026-06-03).",supported,"CDC Ebola Current Situation (data as of 2 June 2026): Uganda 15 confirmed, 1 confirmed death, 1 probable case, 1 probable death; DRC 363 confirmed, 62 confirmed deaths.; ECDC outbreak page (3 June 2026): 'Uganda has reported a total of 15 confirmed cases, including one death. At least seven cases were associated with local transmission events and four with travel links to DRC, according to health officials.'",https://www.cdc.gov/ebola/situation-summary/index.html; https://www.ecdc.europa.eu/en/ebola-virus-disease-outbreak-democratic-republic-congo-and-uganda,"Refresh the Uganda anchor every cycle from a DRC+UGA source (CDC/ECDC/WHO/Uganda MoH); INRB SitReps carry Uganda forward unchanged, so the anchor silently goes stale otherwise.",Detailed audit IDs and review locators are withheld from this public export.
BDBV-CLAIM-040,Who don603 official anchor,"WHO DON603 is the official WHO Disease Outbreak News count/geography anchor for data as of 21 May 2026 and should be plotted on the data/reporting date, not on the later archive-ingest date.",publication_date=2026-05-21; data_as_of=2026-05-21; confirmed_total=85; drc_suspected=746; suspected_deaths=176; affected_drc_hz=15,supported,"World Health Organization. Disease Outbreak News 2026-DON603: Ebola disease caused by Bundibugyo virus - Democratic Republic of the Congo. 21 May 2026.; LOVS recurring source registry row for WHO Disease Outbreak News, updated 23 May 2026.",https://www.who.int/emergencies/disease-outbreak-news/item/2026-DON603; restricted-local-review-not-redistributed,Use DON603 as an official May 21 timeline/geography anchor in the May 23 candidate. Keep later WHO 22 May remarks as the headline endpoint unless a newer official source supersedes them.,Detailed audit IDs and review locators are withheld from this public export.
BDBV-CLAIM-041,BDBV reporting-delay default,"The reporting-completeness interval uses the BDBV-specific Rosello 2015 Isiro onset-to-notification distribution as its default prior, with the single-prior-outbreak limitation disclosed.",Rosello 2015 BDBV onset-to-notification default; Camacho 2015 EBOV-Zaire retained as sensitivity comparator.,derived from cited sources,"Rosello A, Mossoko M, Flasche S, et al. Ebola virus disease in the Democratic Republic of the Congo, 1976-2014. eLife 2015;4:e09015. DOI 10.7554/eLife.09015.; WHO Collaboratory grEPI API, EpiParameterEstimates endpoint, queried 2026-05-23.; Camacho A, et al. PLOS Currents Outbreaks 2015. DOI 10.1371/currents.outbreaks.406ae55e83ec0b5193e30856b9235ed2.; lovs/lovs_visibility_backtest.py calibration backtest (additive, deterministic, stdlib).",https://doi.org/10.7554/eLife.09015; https://collaboratory.who.int/grepi/api; https://doi.org/10.1371/currents.outbreaks.406ae55e83ec0b5193e30856b9235ed2; restricted-local-review-not-redistributed,"Keep the reporting-completeness result labeled as prior-based and historical, not a fitted 2026 reporting-delay estimate.",Detailed audit IDs and review locators are withheld from this public export.
BDBV-CLAIM-042,Bdbv zone attributed corridors,"The current corridor watchlist uses the reviewed INSP per-health-zone source-load vector, not the current headline confirmed aggregate; this is source-attribution lag, not missing cases.","headline confirmed total 6362 (INSP SitRep #111 promotion, headline clock 2026-09-02); officially zone-attributed corridor source-load total 6342 across 60 monitored INSP per-zone source zones, using the reviewed SitRep #111 vector; 20 confirmed cases remain unallocated headline context across the 538-corridor watchlist. SitRep #111 reports no further newly affected health zone, so the source vector holds at 60 of 151 and DRC zone attribution stays current with the DRC headline. The residual 20 is the separately sourced Uganda anchor; nothing is redistributed onto the DRC zones that do appear. This is the corridor source-load partition and is not the current headline confirmed aggregate.",derived from cited sources,"INSP RDC, SitRep N°109/MVEBDB/31/08/2026, official WordPress PDF.; Uganda Ministry of Health Ebola update, reviewed stable cross-border anchor carried into the country-scope BDBV snapshot.; INRB-UMIE/BDBV2026-Data GitHub release build-2026-08-27-492d271; source-review cross-check through SitRep #102.; data/snapshot_contract.json generated from data/live-bdbv-2026-output.json by lovs/snapshot_contract.py.; lovs/lovs_next_zone.py source-load selection and corridor driver generation.; Evidence chain PUBLIC-CLAIM-AUDIT and public claim audit row BDBV-CLAIM-005.",https://insp.cd/wp-content/uploads/2026/09/SitRep_MVEBDB_109_31_08_2026.pdf; https://evd-daily.health.go.ug/; https://github.com/INRB-UMIE/BDBV2026-Data/releases/tag/build-2026-08-27-492d271; restricted-local-review-not-redistributed; restricted-local-review-not-redistributed; restricted-local-review-not-redistributed,Continue to update the source-load claim whenever a later reviewed SitRep republishes the per-health-zone table; leave headline-only residuals unallocated rather than smearing them across source zones.,Detailed audit IDs and review locators are withheld from this public export.
BDBV-CLAIM-043,Death back projection,Primary modeled burden = 23045 total infections (6362 confirmed; about 16683 unreported; about 28% ascertainment). Death-anchored stress = 33228 total infections (about 26866 unreported if the death anchor is taken literally). Imperial Method 2 external cross-check = 7685 to 11823 at deaths 3074; not the primary burden estimate. The onset-to-death growth correction is taken from the Rosello 2015 BDBV gamma and the CFR from the US CDC prior-outbreak aggregate; the implementation is original code.,"Current snapshot convergence registry; primary_sensitivity_total_cases=23045; stress_sensitivity_total_cases=33228; external_cross_check_total_cases=7685 to 11823 at deaths 3074; laboratory-confirmed deaths basis, suspected never summed",derived from cited sources,"Rosello A, et al. eLife 2015. DOI 10.7554/eLife.09015, Table 5, Isiro 2012 outbreak fit.; Imperial College MRC GIDA and WHO. Estimation of the size of the BDBV outbreak in DRC: 20 May 2026 update.; US CDC. History of Ebola Outbreaks.; lovs/lovs_death_back_projection.py total_cases_from_deaths and sensitivity_grid.",https://doi.org/10.7554/eLife.09015; https://www.imperial.ac.uk/mrc-global-infectious-disease-analysis/research-themes/preparedness-and-response-to-emerging-threats/report-ebola-update-20-05-2026/; https://www.cdc.gov/ebola/outbreaks/index.html; restricted-local-review-not-redistributed,Keep the Imperial Method 2 cross-check separate from the primary care-adjusted burden and death-anchored stress sensitivity. Do not conflate suspected deaths with the laboratory-confirmed death basis.,Detailed audit IDs and review locators are withheld from this public export.
BDBV-CLAIM-045,Inrb suspected revision doctrine,INRB conducted an investigation-driven revision of the cumulative-suspected case series between May 26 and May 28. The pre-revision count (1077) included unscreened alerts; the post-revision count (349) is the cumulative residual after investigation cleared a portion as non-cases and reclassified others as confirmed. The revision is documented in SitRep #014 with footnote 'Revised downward; number of suspect cases was revised down after investigation and sampling confirmed some and ruled out others'. We treat the May-26 1077 as superseded (it is no longer the upstream's current cumulative); the post-revision 349 becomes the new baseline. SitRep #015 continued at 349 with a superscript footnote marker. SitRep #016 dropped the cumulative tile entirely and replaced it with an active-stock split (220 under investigation + 101 in isolation = 321 active); the cumulative carries forward at the field level with reason source_schema_evolved.,Operating condition (not a snapshot value): INRB retains the right to refine the suspected case definition mid-outbreak. This non-monotonic behaviour (1077 then 349) is one of the reasons the cumulative-suspected tier was retired from our cumulative surface: a cumulative incidence count cannot fall by two-thirds and remain interpretable as incidence. Both the pre-revision 1077 and the post-revision 349 are retained here only as dated archival conflict anchors documenting the lineage; neither is published as a cumulative metric and neither is summed into confirmed. Going forward only confirmed and confirmed_deaths are cumulative; suspected cases pending classification are reported on the separate operational-status axis (under investigation and in isolation) as point-prevalence.,supported,"Centre d'Operations d'Urgence de Sante Publique (COUSP RDC), INSP, INRB, MoH DRC. SitRep N°014/MVB_28/2026 (data cutoff 28 May, published 29 May).; SitRep #015 (29 May cutoff, 30 May published).",https://www.insp.gouv.cd/; https://www.insp.gouv.cd/,"Treat any future INRB suspected-series revision as an operating condition, not an error: keep the superseded figure as a dated conflict anchor and re-baseline going forward.",Detailed audit IDs and review locators are withheld from this public export.
BDBV-CLAIM-046,Wa 2014 skill capture range,"The WA 2014 retrospective skill scores are computed from a Backer-Wallinga 62-prefecture, 74-week substrate; the reported W3-W11 evaluation window is a local deterministic protocol, not a source-imposed capture range.","W3, W5, W7, W9, W11 as-of weeks; 4-week horizon; no-context Brier 0.0586, WIS 0.1002, ECE 0.0391",derived from cited sources,"Backer JA, Wallinga J. PLOS Computational Biology 2016;12(12):e1005210. DOI 10.1371/journal.pcbi.1005210.; data/west-africa-prefecture-weekly.json metadata, derived from Backer-Wallinga S1 Data.; lovs/lovs_validation.py deterministic Mode A backtest.",https://journals.plos.org/ploscompbiol/article?id=10.1371/journal.pcbi.1005210; restricted-local-review-not-redistributed; restricted-local-review-not-redistributed,"Keep the W3-W11 window described as a local validation protocol; cite Backer-Wallinga only for the substrate, not for the window choice.",Detailed audit IDs and review locators are withheld from this public export.
BDBV-CLAIM-047,Detection-depth priors,"Detection-depth inputs are source-backed where possible, but under-ascertainment and species transfer remain explicit modeling limitations.",Implementation parameterization omitted from the public audit extract.,derived from cited sources,"Wamala JF, et al. Emerging Infectious Diseases 2010;16(7):1087-1092. DOI 10.3201/eid1607.091525.; MacNeil A, et al. Emerging Infectious Diseases 2010;16(12):1969-1972. DOI 10.3201/eid1612.100627.; Albariño CG, et al. Virology 2013;442(2):97-100. DOI 10.1016/j.virol.2013.05.001.",https://wwwnc.cdc.gov/eid/article/16/7/09-1525_article; https://wwwnc.cdc.gov/eid/article/16/12/10-0627_article; https://stacks.cdc.gov/view/cdc/49929,Keep serial-interval and incubation references source-linked; do not describe heuristic under-ascertainment as direct BDBV evidence.,Detailed audit IDs and review locators are withheld from this public export.
BDBV-CLAIM-048,Reporting-delay sensitivity comparator,"The former Camacho 2015 EBOV-Zaire onset-to-notification prior is retained as a sensitivity comparator, not the BDBV default.",Camacho 2015 onset-to-notification comparator; implementation constants omitted from the public audit extract.,corrected,"Camacho A, et al. PLOS Currents Outbreaks 2015. DOI 10.1371/currents.outbreaks.406ae55e83ec0b5193e30856b9235ed2.; Cori A, et al. American Journal of Epidemiology 2013;178(9):1505-1512. DOI 10.1093/aje/kwt133.; WHO Ebola Response Team. New England Journal of Medicine 2014;371:1481-1495. DOI 10.1056/NEJMoa1411100.",https://currents.plos.org/outbreaks/article/temporal-changes-in-ebola-transmission-in-sierra-leone-and-implications-for-control-requirements-a-real-time-modelling-study/; https://doi.org/10.1093/aje/kwt133; https://doi.org/10.1056/NEJMoa1411100,Keep Camacho labeled as cross-species sensitivity only; do not present it as the default BDBV delay prior.,Detailed audit IDs and review locators are withheld from this public export.
BDBV-CLAIM-049,BDBV reproduction prior grounding,The reproduction prior used for BDBV detection-depth modeling is not directly grounded in a BDBV-specific basic reproduction number estimate.,Implementation parameterization omitted from the public audit extract.,unsupported attribution,"Wamala JF, et al. Emerging Infectious Diseases 2010; 16(7):1087-1092. DOI 10.3201/eid1607.091525.; Van Kerkhove MD, et al. Scientific Data 2015;2:150019. DOI 10.1038/sdata.2015.19.; Lekone PE, Finkenstadt BF. Biometrics 2006;62(4):1170-1177. DOI 10.1111/j.1541-0420.2006.00609.x.",https://wwwnc.cdc.gov/eid/article/16/7/09-1525_article; https://www.nature.com/articles/sdata201519; https://doi.org/10.1111/j.1541-0420.2006.00609.x,Do not cite the reproduction prior as BDBV-specific R0 evidence until a direct source or explicit derivation is added.,Detailed audit IDs and review locators are withheld from this public export.
BDBV-CLAIM-050,Corridor gravity exponents,"The corridor-gravity constants are transparent engineering heuristics, not fitted or quoted literature-grounded values.",Implementation parameterization omitted from the public audit extract.,unsupported attribution,"Backer JA, Wallinga J. PLOS Computational Biology 2016;12(12):e1005210. DOI 10.1371/journal.pcbi.1005210.; Glynn JR, et al. Journal of Infectious Diseases 2018;217(2):232-237. DOI 10.1093/infdis/jix579.; Faye O, et al. Lancet Infectious Diseases 2015;15(3):320-326. DOI 10.1016/S1473-3099(14)71075-8.; Camacho A, et al. PLOS Currents Outbreaks 2015. DOI 10.1371/currents.outbreaks.406ae55e83ec0b5193e30856b9235ed2.",https://journals.plos.org/ploscompbiol/article?id=10.1371/journal.pcbi.1005210; https://researchonline.lshtm.ac.uk/4645459/; https://research.pasteur.fr/fr/publication/chains-of-transmission-and-control-of-ebola-virus-disease-in-conakry-guinea-in-2014-an-observational-study/; https://currents.plos.org/outbreaks/article/temporal-changes-in-ebola-transmission-in-sierra-leone-and-implications-for-control-requirements-a-real-time-modelling-study/,Do not present the current corridor exponents as literature-grounded. Fit or calibrate them before claiming source-backed corridor discrimination.,Detailed audit IDs and review locators are withheld from this public export.
BDBV-CLAIM-051,Map evidence contract,"The public BDBV spatial map displays named public geographies, health-zone centroids, corridor endpoints, modeled corridors, and calibration corridors with explicit object role separation; it does not display household-level case GPS coordinates.","spatial objects are observed-zone, case-site, watch-site, modeled-corridor, calibration-corridor, or omitted/non-geocoded",derived from cited sources,"apps/site/app/bdbv-2026/_data/zones.json; WHO Disease Outbreak News item 2026-DON602, 15 May 2026.; apps/site/app/bdbv-2026/_data/snapshots/*.json",restricted-local-review-not-redistributed; https://www.who.int/emergencies/disease-outbreak-news/item/2026-DON602; restricted-local-review-not-redistributed,"Keep the map inspector focused on role, model use, and public claim audit IDs. If case-level or health-area line-list coordinates become available, add a new spatial object class and public claim audit before displaying them.",Detailed audit IDs and review locators are withheld from this public export.
BDBV-CLAIM-052,South kivu bukavu m23 claim,The reported South Kivu/Bukavu BDBV signal is an AP/AFP-reported M23/AFC claim and is not confirmed by a public-health authority.,review only; not used in model,pending review,"Associated Press. M23 reports Ebola case near Bukavu/South Kivu, 21 May 2026.; AFP via eNCA. Deadly DR Congo Ebola outbreak spreads to M23-held South Kivu, 21 May 2026.; WHO Director-General's opening remarks at the media briefing on Ebola outbreak in DRC and Uganda, 20 May 2026.",https://apnews.com/article/18537353976a958687e55f95434c918c; https://www.enca.com/lifestyle/deadly-dr-congo-ebola-outbreak-spreads-m23-held-south-kivu-0; https://www.who.int/news-room/speeches/item/who-director-general-s-opening-remarks-at-the-media-briefing-on-ebola-outbreak-in-drc-and-uganda-20-may-2026,"Keep the South Kivu/Bukavu item in source-review rows only. Promote to admitted observation rows and geography inputs only after DRC MoH/INRB, WHO, Africa CDC, or CDC confirms it.",Detailed audit IDs and review locators are withheld from this public export.
BDBV-CLAIM-053,Cfr band correction,"The BDBV prior-outbreak CFR scenario band is 26/33/40 percent (central 33), per the US CDC 55/169 aggregate and the Imperial 20 May 2026 update. It supersedes the 18 May 24/30/40 set and the older unsupported 30-50 percent range.",CFR scenarios 0.26 / 0.33 / 0.40 (central 0.33),corrected,"Wamala JF, et al. Emerging Infectious Diseases 2010;16(7):1087-1092. DOI 10.3201/eid1607.091525.; US CDC. History of Ebola Outbreaks.; Imperial College MRC GIDA and WHO. Estimation of the size of the BDBV outbreak in DRC: 20 May 2026 update.; Imperial College MRC GIDA and WHO. Estimation of the size of the outbreak of Ebola disease caused by Bundibugyo virus in DRC. 18 May 2026 (superseded).",https://wwwnc.cdc.gov/eid/article/16/7/09-1525_article; https://www.cdc.gov/ebola/outbreaks/index.html; https://www.imperial.ac.uk/mrc-global-infectious-disease-analysis/research-themes/preparedness-and-response-to-emerging-threats/report-ebola-update-20-05-2026/; https://www.imperial.ac.uk/mrc-global-infectious-disease-analysis/research-themes/preparedness-and-response-to-emerging-threats/report-ebola-18-05-2026/,Keep the CFR band linked to this audit row at 26/33/40 (central 33). Re-sync the website snapshot's methodology_constants so the live InferredTrajectory band reflects 26/40. Avoid reintroducing the 24/30/40 set or the unsupported 30-50 percent range.,Detailed audit IDs and review locators are withheld from this public export.
BDBV-CLAIM-054,Imperial reference range,"The joint WHO + Imperial College MRC GIDA total-case reference band on the inferred-trajectory chart is 400 to 900 cases in DRC (values over 1,000 not excluded), per the 20 May 2026 update, which supersedes the 18 May 400 to 800 band.",400 to 900 total cases (Imperial 20 May 2026 update; supersedes 18 May 400 to 800),needs primary source,"Imperial College MRC GIDA and WHO. Estimation of the size of the BDBV outbreak in DRC: 20 May 2026 update.; Imperial College MRC GIDA and WHO. Estimation of the size of the outbreak of Ebola disease caused by Bundibugyo virus in DRC. 18 May 2026 (superseded).; Rosello A, et al. eLife 2015. DOI 10.7554/eLife.09015.; US CDC. History of Ebola Outbreaks.; data/bundibugyo-2026/manifest.json normalized_content for source_id imperial-mrc-gida-bdbv-2026-05-20-live.",https://www.imperial.ac.uk/mrc-global-infectious-disease-analysis/research-themes/preparedness-and-response-to-emerging-threats/report-ebola-update-20-05-2026/; https://www.imperial.ac.uk/mrc-global-infectious-disease-analysis/research-themes/preparedness-and-response-to-emerging-threats/report-ebola-18-05-2026/; https://doi.org/10.7554/eLife.09015; https://www.cdc.gov/ebola/outbreaks/index.html; restricted-local-review-not-redistributed,"Keep the 400 to 900 reference band linked to this audit row. Byte-archive the 20 May report PDF or capture its figure text to upgrade from needs_primary_source. Do not present 400 to 900 as byte-verified, and do not conflate it with the snapshot's own deaths-back-projection band (5153 to 7928 at deaths 1803), which is grounded by PUBLIC-CLAIM-AUDIT.",Detailed audit IDs and review locators are withheld from this public export.
BDBV-CLAIM-055,Inrb sitrep 035 visual promotion,"Promote visually reviewed SitRep #035 headline, operational, laboratory, and coherent 34-zone attribution including Drodro after source totals reconcile.","Country-scope confirmed = 933 DRC + 19 Uganda = 952. Country-scope confirmed deaths = 245 DRC + 2 Uganda = 247. Recovered = 85 (80 DRC + 5 Uganda). Patients in isolation/hospitalization = 416, including 162 confirmed and 254 suspected. Daily suspected cases = 238, including 54 deaths; this is not a cumulative suspected stock. Rows sum to 916 named confirmed cases plus 17 Ituri unventilated cases = 933, and all 245 confirmed deaths are named-zone attributed. Drodro is promoted because SitRep #035 lists 34 affected zones and includes Drodro 1 confirmed / 1 death.",supported,"COUSP RDC, INSP, INRB, MoH DRC. SitRep N035/MVB (data cutoff/report date 2026-06-18, PDF states publication 2026-06-19; INSP WordPress post 2026-06-20).; Reviewed country-scope Uganda/WHO anchor who-don606-bdbv-2026-06-08.; Uganda Ministry of Health EVD daily dashboard API rechecked 2026-06-20.",https://insp.cd/wp-content/uploads/2026/06/Draft-Final-SitRep_MVE_RDC_N35_18_06_2026.pdf; https://www.who.int/emergencies/disease-outbreak-news/item/2026-DON606; https://evd-daily.health.go.ug/api/stats,Supersede with the next reviewed INSP SitRep only after source review; keep the 17 Ituri unventilated confirmed cases in the residual until a reviewed source allocates them.,Detailed audit IDs and review locators are withheld from this public export.
BDBV-CLAIM-056,Inrb sitrep 036 visual promotion,"Promote visually reviewed SitRep #036 headline, operational, laboratory, and coherent 34-zone attribution while preserving the unventilated Ituri residual and alert-death text/table conflict.","Country-scope confirmed = 956 DRC + 19 Uganda = 975. Country-scope confirmed deaths = 247 DRC + 2 Uganda = 249. Recovered = 103 (92 DRC + 11 Uganda). Patients in isolation/hospitalization = 361, including 148 confirmed and 213 suspected. Daily suspected cases = 162 and Table 3/headline show 47 deceased validated alerts; page 6 prose says 4 deaths, so 47 is promoted with a preserved source conflict. Rows sum to 939 named confirmed cases plus 17 Ituri cases in zones not yet identified = 956, and all 247 confirmed deaths are named-zone attributed. No new named health zone is promoted; affected-zone count remains 34/104.",supported,"COUSP RDC, INSP, INRB, MoH DRC. SitRep N036/MVB (data cutoff/report date 2026-06-19, PDF states publication 2026-06-20; INSP WordPress post 2026-06-20).; Uganda Ministry of Health EVD daily dashboard rechecked 2026-06-20.; Rendered SitRep 36 PDF contact sheet and page-level visual inspection artifacts under .process/2026-06-20-bdbv-sitrep36/.",https://insp.cd/wp-content/uploads/2026/06/VF-SitRep_MVE_RDC_N°036_19_06_2026.pdf; https://evd-daily.health.go.ug/; https://insp.cd/wp-content/uploads/2026/06/VF-SitRep_MVE_RDC_N°036_19_06_2026.pdf,Supersede with the next reviewed INSP SitRep only after source review; keep the 17 Ituri unventilated confirmed cases in the residual until a reviewed source allocates them.,Detailed audit IDs and review locators are withheld from this public export.
BDBV-CLAIM-057,Inrb sitrep 041 visual promotion,"Promote visually reviewed SitRep #041 headline, operational, laboratory, and coherent 34-zone attribution while preserving the unventilated Ituri residual.","Country-scope confirmed = 1155 DRC + 20 Uganda = 1175. Country-scope confirmed deaths = 304 DRC + 2 Uganda = 306. Recovered = 149 (138 DRC + 11 Uganda). Patients in isolation/hospitalization = 385, including 205 confirmed and 180 suspected. Daily suspected cases = 154 with 40 deceased validated alerts. Rows sum to 1138 named confirmed cases plus 17 Ituri cases in zones not yet identified = 1155, and all 304 confirmed deaths are named-zone attributed. No new named health zone is promoted; affected-zone count remains 34/104. The 1,155 total is flagged re-actualized after DHIS2 cleaning/harmonization.",supported,"COUSP RDC, INSP, INRB, MoH DRC. SitRep N041/MVB (report date 2026-06-24; INSP WordPress post 25054 published 2026-06-25T22:03:56Z; embedded PDF media 25055).; Uganda Ministry of Health EVD daily dashboard, last reviewed value (2026-06-21 cycle).; Rendered SitRep 41 PDF contact sheet and page-level visual inspection (bdbv-sitrep41 staging packet).",https://insp.cd/wp-content/uploads/2026/06/Final-SitRep_MVE_RDC_N%C2%B0041_24_06_2026-1.pdf; https://evd-daily.health.go.ug/; https://insp.cd/wp-content/uploads/2026/06/Final-SitRep_MVE_RDC_N%C2%B0041_24_06_2026-1.pdf,Supersede with the next reviewed INSP SitRep only after source review; keep the 17 Ituri unventilated confirmed cases in the residual until a reviewed source allocates them.,Detailed audit IDs and review locators are withheld from this public export.
BDBV-CLAIM-058,Inrb sitrep 042 visual promotion,"Promote visually reviewed SitRep #042 headline, operational, laboratory, and coherent 34-zone attribution while preserving the unventilated Ituri residual.","Country-scope confirmed = 1203 DRC + 20 Uganda = 1223. Country-scope confirmed deaths = 321 DRC + 2 Uganda = 323. Recovered = 159 (148 DRC + 11 Uganda). Patients in isolation/hospitalization = 419, including 220 confirmed and 199 suspected. Daily suspected cases = 265 with 77 deceased validated alerts. Rows sum to 1186 named confirmed cases plus 17 Ituri cases in zones not yet identified = 1203, and all 321 confirmed deaths are named-zone attributed. No new named health zone is promoted; affected-zone count remains 34/104. The 1,203 total is flagged re-actualized after DHIS2 cleaning/harmonization.",supported,"COUSP RDC, INSP, INRB, MoH DRC. SitRep N042/MVB (report date 2026-06-25; INSP WordPress post 25061 published 2026-06-26T16:50:44Z; embedded PDF media 25062).; Uganda Ministry of Health EVD daily dashboard, last reviewed value (2026-06-21 cycle).; Rendered SitRep 42 PDF contact sheet and page-level visual inspection (bdbv-sitrep42 staging packet).",https://insp.cd/wp-content/uploads/2026/06/Draft-1-SitRep_MVE_RDC_N%C2%B0042_25_06_2026.pdf; https://evd-daily.health.go.ug/; https://insp.cd/wp-content/uploads/2026/06/Draft-1-SitRep_MVE_RDC_N%C2%B0042_25_06_2026.pdf,Supersede with the next reviewed INSP SitRep only after source review; keep the 17 Ituri unventilated confirmed cases in the residual until a reviewed source allocates them.,Detailed audit IDs and review locators are withheld from this public export.
BDBV-CLAIM-059,Inrb sitrep 044 visual promotion,"Promote visually reviewed SitRep #044 headline, operational, laboratory, and coherent 35-zone attribution (adding Mandima) while preserving the unventilated Ituri residual.","Country-scope confirmed = 1274 DRC + 20 Uganda = 1294. Country-scope confirmed deaths = 360 DRC + 2 Uganda = 362. Recovered = 189 (178 DRC + 11 Uganda). Patients in isolation/hospitalization = 502, including 208 confirmed and 294 suspected (96.7% occupancy; Nord-Kivu 138.8%). Daily suspected cases = 239 with 70 deceased validated alerts. Rows sum to 1257 named confirmed cases plus 17 Ituri cases in zones not yet identified = 1274, and all 360 confirmed deaths are named-zone attributed. One new named health zone is promoted (Mandima, Ituri); affected-zone count advances to 35/104. The 1,274 total is flagged re-actualized after DHIS2 cleaning/harmonization; SitRep43 was not published, so deltas span two report-days.",supported,"COUSP RDC, INSP, INRB, MoH DRC. SitRep N044/MVB (report date 2026-06-27; INSP WordPress post 25064 published 2026-06-28T21:41:42; embedded PDF media 25065).; Uganda Ministry of Health EVD daily dashboard, last reviewed value (2026-06-21 cycle).; Rendered SitRep 42 PDF contact sheet and page-level visual inspection (bdbv-sitrep42 staging packet).",https://insp.cd/wp-content/uploads/2026/06/Final-SitRep_MVE_RDC_N%C2%B0044_27_06_2026.pdf; https://evd-daily.health.go.ug/; https://insp.cd/wp-content/uploads/2026/06/Draft-1-SitRep_MVE_RDC_N%C2%B0042_25_06_2026.pdf,Supersede with the next reviewed INSP SitRep only after source review; keep the 17 Ituri unventilated confirmed cases in the residual until a reviewed source allocates them; backfill SitRep 43 if INSP later publishes it.,Detailed audit IDs and review locators are withheld from this public export.
BDBV-CLAIM-060,Inrb sitrep 046 visual promotion,"Promote visually reviewed SitRep #046 headline, operational, laboratory, and coherent 35-zone attribution (no new zone this cycle) while preserving the unventilated Ituri residual.","Country-scope confirmed = 1333 DRC + 20 Uganda = 1353. Country-scope confirmed deaths = 399 DRC + 2 Uganda = 401. Recovered = 200 (189 DRC + 11 Uganda). Patients in isolation/hospitalization = 609, including 216 confirmed and 396 suspected (92.7% occupancy). Daily suspected cases = 309 with 90 deceased validated alerts. Rows sum to 1316 named confirmed cases plus 17 Ituri cases in zones not yet identified = 1333, and all 399 confirmed deaths are named-zone attributed. No new named health zone this cycle; affected-zone count holds at 35/104. The 1,333 total is flagged re-actualized after DHIS2 cleaning; SitRep45 was not published, so deltas span two report-days (28-29 June).",supported,"COUSP RDC, INSP, INRB, MoH DRC. SitRep N046/MVB (report date 2026-06-29; INSP WordPress post 25070 published 2026-07-01T06:42:54Z; embedded PDF media 25071).; Uganda Ministry of Health EVD daily dashboard, last reviewed value (2026-06-21 cycle).; Rendered SitRep 44 PDF contact sheet and page-level visual inspection (bdbv-sitrep44 staging packet).",https://insp.cd/wp-content/uploads/2026/07/Draft-SitRep_MVE_RDC_NA%C2%B0046_29_06_2026_PAZ.pdf; https://evd-daily.health.go.ug/; https://insp.cd/wp-content/uploads/2026/06/Final-SitRep_MVE_RDC_N%C2%B0044_27_06_2026.pdf,Supersede with SitRep 47 (2026-06-30) after source review; keep the 17 Ituri unventilated confirmed cases in the residual until a reviewed source allocates them; backfill SitRep 45 only if INSP later publishes an official SitRep for 28 June.,Detailed audit IDs and review locators are withheld from this public export.
BDBV-CLAIM-061,Inrb sitrep 047 visual promotion,"Promote visually reviewed SitRep #047 headline, operational, laboratory, and coherent 36-zone attribution (adding Lolwa) while preserving the unventilated Ituri residual and counting Tshopo/Haut-Uele imported cases within Nia-Nia.","Country-scope confirmed = 1406 DRC + 20 Uganda = 1426. Country-scope confirmed deaths = 438 DRC + 2 Uganda = 440. Recovered = 219 (208 DRC + 11 Uganda). Isolation census = 609 at 92.7% occupancy (carried split 216 confirmed / 393 suspected; SitRep47 published no patient-movement table). Daily suspected cases = 301 with 90 deceased validated alerts. Rows sum to 1389 named confirmed cases plus 17 Ituri cases in zones not yet identified = 1406, and all 438 confirmed deaths are named-zone attributed. One new named health zone is promoted (Lolwa, Ituri); affected-zone count advances to 36/104. SitRep47 supersedes SitRep46 directly (one report-day). Tshopo and Haut-Uele imported cases are counted within Nia-Nia (Ituri); the affected-province count stays at 3.",supported,"COUSP RDC, INSP, INRB, MoH DRC. SitRep N047/MVB (report date 2026-06-30; INSP WordPress post 25073 published 2026-07-02T04:50:22Z; embedded PDF media 25074).; Uganda Ministry of Health EVD daily dashboard, last reviewed value (2026-06-21 cycle).; Rendered SitRep 46 PDF contact sheet and page-level visual inspection (bdbv-sitrep catch-up staging packet).",https://insp.cd/wp-content/uploads/2026/07/Draft-Final-SitRep_MVE_RDC_NA%C2%B0047_30_06_2026_IM.pdf; https://evd-daily.health.go.ug/; https://insp.cd/wp-content/uploads/2026/07/Draft-SitRep_MVE_RDC_NA%C2%B0046_29_06_2026_PAZ.pdf,Supersede with the next reviewed INSP SitRep after source review; keep the 17 Ituri unventilated confirmed cases in the residual; keep Tshopo/Haut-Uele imported cases counted within Nia-Nia until a reviewed source reassigns them; re-publish the isolation split when a patient-movement table returns.,Detailed audit IDs and review locators are withheld from this public export.
BDBV-CLAIM-062,Inrb sitrep 048 visual promotion,"Promote visually reviewed SitRep #048 headline, operational, laboratory, and coherent 36-zone attribution (no newly affected zone) while preserving the unventilated Ituri residual and counting the Wamba/Haut-Uele imported cases within Nia-Nia.","Country-scope confirmed = 1460 DRC + 20 Uganda = 1480. Country-scope confirmed deaths = 452 DRC + 2 Uganda = 454. Recovered = 224 (213 DRC + 11 Uganda). Isolation census = 641 at 97.8% occupancy (reconciled split 216 confirmed / 425 suspected; SitRep48 published no patient-movement table, so confirmed is carried at 216 from SitRep46 and suspected is the residual to the fresh census). Daily suspected cases = 150 with 41 deceased validated alerts. Rows sum to 1443 named confirmed cases plus 17 Ituri cases in zones not yet identified = 1460, and all 452 confirmed deaths are named-zone attributed. No new named health zone is promoted; the affected-zone count remains 36/104. SitRep48 supersedes SitRep47 directly (one report-day). The 5 Wamba/Haut-Uele imported cases are counted within Nia-Nia (Ituri); the affected-province count stays at 3.",supported,"COUSP RDC, INSP, INRB, MoH DRC. SitRep N048/MVB (report date 2026-07-01; INSP WordPress post 25076 published 2026-07-03T06:22:59Z; embedded PDF media 25077).; Uganda Ministry of Health EVD daily dashboard, last reviewed value (2026-06-21 cycle); corroborated by WHO AFRO Uganda External SitRep 07 (data as of 2026-06-28).; Rendered SitRep 47 PDF and page-level visual inspection (prior reviewed cut).",https://insp.cd/wp-content/uploads/2026/07/SitRep_MVE_RDC_20260701_OK.pdf; https://evd-daily.health.go.ug/; https://insp.cd/wp-content/uploads/2026/07/Draft-Final-SitRep_MVE_RDC_NA%C2%B0047_30_06_2026_IM.pdf,Supersede with the next reviewed INSP SitRep after source review; keep the 17 Ituri unventilated confirmed cases in the residual; keep the Wamba/Haut-Uele imported cases counted within Nia-Nia until a reviewed source reassigns them; re-publish the isolation split when a patient-movement table returns.,Detailed audit IDs and review locators are withheld from this public export.
BDBV-CLAIM-063,Inrb sitrep 049 visual promotion,"Promote visually reviewed SitRep #049 headline, operational, laboratory, patient-movement, and coherent 36-zone attribution (no newly affected zone) while preserving the unventilated Ituri residual and counting the Wamba/Haut-Uele imported cases within Nia-Nia.","Country-scope confirmed = 1502 DRC + 20 Uganda = 1522. Country-scope confirmed deaths = 473 DRC + 2 Uganda = 475. Recovered = 240 (229 DRC + 11 Uganda). SitRep49 published a full patient-movement table (Tableau 6): isolation census = 628 at 89.4% occupancy with a FRESH confirmed/suspected split of 215 confirmed / 413 suspected (215 + 413 = 628). Daily suspected cases = 213 with 63 deceased validated alerts. Rows sum to 1485 named confirmed cases plus 17 Ituri cases in zones not yet identified = 1502, and all 473 confirmed deaths are named-zone attributed. No new named health zone is promoted; the affected-zone count remains 36/104. SitRep49 supersedes SitRep48 directly (one report-day). The 5 Wamba/Haut-Uele imported cases are counted within Nia-Nia (Ituri); the affected-province count stays at 3.",supported,"COUSP RDC, INSP, INRB, MoH DRC. SitRep N°049/MVB (report date 2026-07-02; INSP WordPress post 25085 published 2026-07-03T20:10:19Z; embedded PDF media 25086).; Uganda Ministry of Health EVD daily dashboard, last reviewed value (2026-06-21 cycle); corroborated by WHO AFRO Uganda External SitRep 07 (data as of 2026-06-28).; Rendered SitRep 48 PDF and page-level visual inspection (prior reviewed cut).",https://insp.cd/wp-content/uploads/2026/07/SitRep_MVE_RDC_N°049_02_07_2026-3.pdf; https://evd-daily.health.go.ug/; https://insp.cd/wp-content/uploads/2026/07/SitRep_MVE_RDC_20260701_OK.pdf,Supersede with the next reviewed INSP SitRep after source review; keep the 17 Ituri unventilated confirmed cases in the residual; keep the Wamba/Haut-Uele imported cases counted within Nia-Nia until a reviewed source reassigns them; re-publish the isolation split when a patient-movement table returns.,Detailed audit IDs and review locators are withheld from this public export.
BDBV-CLAIM-064,Inrb sitrep 050 visual promotion,"Promote visually reviewed SitRep #050 headline, operational, laboratory, and coherent 36-zone attribution (no newly affected zone) while preserving the unventilated Ituri residual, carrying the isolation confirmed/suspected split (no fresh patient-movement table this cycle), and counting the Wamba/Haut-Uele imported cases within Nia-Nia.","Country-scope confirmed = 1528 DRC + 20 Uganda = 1548. Country-scope confirmed deaths = 492 DRC + 2 Uganda = 494. Recovered = 250 (239 DRC + 11 Uganda). The banner re-reports the isolation census 628 at 89.4% occupancy but SitRep50 published NO fresh patient-movement table (Tableau 6); the confirmed/suspected split 215/413 is carried from SitRep49 and reconciles to 628 (215 + 413 = 628). Daily suspected cases = 185 with 67 deceased validated alerts. Rows sum to 1511 named confirmed cases plus 17 Ituri cases in zones not yet identified = 1528, and all 492 confirmed deaths are named-zone attributed. Nord-Kivu carries a within-province reclassification (Goma 2->1, Kyondo 3->4) alongside 5 new confirmations. No new named health zone is promoted; the affected-zone count remains 36/104. SitRep50 supersedes SitRep49 directly (one report-day). The Wamba/Haut-Uele imported cases are counted within Nia-Nia (Ituri); the affected-province count stays at 3.",supported,"COUSP RDC, INSP, INRB, MoH DRC. SitRep N°050/MVB (report date 2026-07-03; INSP WordPress post 25088 published 2026-07-04T19:32:31Z; embedded PDF media 25089).; Uganda Ministry of Health EVD daily dashboard, last reviewed value (2026-06-21 cycle); corroborated by WHO AFRO Uganda External SitRep 07 (data as of 2026-06-28).; Rendered SitRep 49 PDF and page-level visual inspection (prior reviewed cut).",https://insp.cd/wp-content/uploads/2026/07/Draft_SitRep_MVE_RDC_N°050_04_07_2026.pdf; https://evd-daily.health.go.ug/; https://insp.cd/wp-content/uploads/2026/07/SitRep_MVE_RDC_N°049_02_07_2026-3.pdf,Supersede with the next reviewed INSP SitRep after source review; keep the 17 Ituri unventilated confirmed cases in the residual; keep the Wamba/Haut-Uele imported cases counted within Nia-Nia until a reviewed source reassigns them; re-publish the isolation split when a patient-movement table returns.,Detailed audit IDs and review locators are withheld from this public export.
BDBV-CLAIM-065,Inrb sitrep 051 visual promotion,"Promote visually reviewed SitRep #051 headline, operational, laboratory, and coherent 36-zone attribution (no newly affected zone) while preserving the unventilated Ituri residual, carrying the isolation confirmed/suspected split (no fresh patient-movement table this cycle), and counting the Wamba/Haut-Uele imported cases within Nia-Nia.","Country-scope confirmed = 1561 DRC + 20 Uganda = 1581. Country-scope confirmed deaths = 506 DRC + 2 Uganda = 508. Recovered = 265 (254 DRC + 11 Uganda). The banner re-reports the isolation census 628 at 89.4% occupancy but SitRep51 published NO fresh patient-movement table (Tableau 6); the confirmed/suspected split 215/413 is carried from SitRep49 and reconciles to 628 (215 + 413 = 628). Daily suspected cases = 354 with 110 deceased validated alerts. Rows sum to 1544 named confirmed cases plus 17 Ituri cases in zones not yet identified = 1561, and all 506 confirmed deaths are named-zone attributed. No within-province reclassification was applied this cycle: Ituri is a clean +30 and Nord-Kivu a clean +3. No new named health zone is promoted; the affected-zone count remains 36/104. SitRep51 supersedes SitRep50 directly (one report-day). The Wamba/Haut-Uele imported cases are counted within Nia-Nia (Ituri); the affected-province count stays at 3.",supported,"COUSP RDC, INSP, INRB, MoH DRC. SitRep N°051/MVB (report date 2026-07-04; INSP WordPress post 25094 published 2026-07-05T20:26:47Z; embedded PDF media 25095).; Uganda Ministry of Health EVD daily dashboard, last reviewed value (2026-06-21 cycle); corroborated by WHO AFRO Uganda External SitRep 07 (data as of 2026-06-28).; Rendered SitRep 50 PDF and page-level visual inspection (prior reviewed cut).",https://insp.cd/wp-content/uploads/2026/07/SitRep_MVE_RDC_N°051_04_07_2026.pdf; https://evd-daily.health.go.ug/; https://insp.cd/wp-content/uploads/2026/07/Draft_SitRep_MVE_RDC_N°050_04_07_2026.pdf,Supersede with the next reviewed INSP SitRep after source review; keep the 17 Ituri unventilated confirmed cases in the residual; keep the Wamba/Haut-Uele imported cases counted within Nia-Nia until a reviewed source reassigns them; re-publish the isolation split when a patient-movement table returns.,Detailed audit IDs and review locators are withheld from this public export.
BDBV-CLAIM-066,Inrb sitrep 052 visual promotion,"Promote visually reviewed SitRep #052 headline, operational, laboratory, and coherent zone attribution (no newly affected zone (affected zones 36/104)) while preserving the unventilated Ituri residual and the reconciled isolation confirmed/suspected split. SitRep52 is the intermediate cadence between SitRep51 and SitRep53; response activities were stopped in the Bunia health zone by providers (strike).","Country-scope confirmed = 1624 DRC + 20 Uganda = 1644. Country-scope confirmed deaths = 521 DRC + 2 Uganda = 523. Recovered = 284 (273 DRC + 11 Uganda). SitRep052 published a fresh Tableau 7 patient-movement table: 646 in isolation at 94.2% occupancy, split 205 confirmed / 441 suspected (205 + 441 = 646). Rows sum to 1607 named confirmed cases plus 17 Ituri cases in zones not yet identified = 1624, and all 521 confirmed deaths are named-zone attributed. Daily +63 confirmed (Ituri +60, Nord-Kivu +3) including 8 community deaths. Banner CFR 32.1%.",supported,"COUSP RDC, INSP, INRB, MoH DRC. SitRep N°052/MVB (report date 2026-07-05; INSP WordPress post 25100).; Uganda Ministry of Health EVD daily dashboard, last reviewed value (2026-06-21 cycle); corroborated by WHO AFRO Uganda External SitRep 07 (data as of 2026-06-28).",https://insp.cd/wp-content/uploads/2026/07/Draft_SitRep_MVE_RDC_N°052_05_07_2026.pdf; https://evd-daily.health.go.ug/,Supersede with the next reviewed INSP SitRep after source review; keep the Ituri unventilated confirmed cases in the residual.,Detailed audit IDs and review locators are withheld from this public export.
BDBV-CLAIM-067,Inrb sitrep 053 visual promotion,"Promote visually reviewed SitRep #053 headline, operational, laboratory, and coherent zone attribution (a NEW affected health zone (Boga) in Ituri (affected zones 37/104)) while preserving the unventilated Ituri residual and the reconciled isolation confirmed/suspected split. PRESERVED CONFLICT: SitRep53 Tableau 2 prints the Nord-Kivu subtotal as 144/81 (stale), but the zone rows and Table 1 give 149/88 (promoted). The printed isolation split was 218/470 (=688); the promoted split 218/462 reconciles to the corroborated 680 census. The provider strike expanded to Bunia and Rwampara; a criminal fire struck CTE Kitatumba and a confirmed case escaped CT Musienene before transfer to CTE Katwa.","Country-scope confirmed = 1708 DRC + 20 Uganda = 1728. Country-scope confirmed deaths = 580 DRC + 2 Uganda = 582. Recovered = 291 (280 DRC + 11 Uganda). SitRep053 published a fresh Tableau 7 patient-movement table: 680 in isolation at 84.1% occupancy, split 218 confirmed / 462 suspected (218 + 462 = 680). Rows sum to 1691 named confirmed cases plus 17 Ituri cases in zones not yet identified = 1708, and all 580 confirmed deaths are named-zone attributed. Daily +84 confirmed (Ituri +79, Nord-Kivu +5) (84.7% community). Banner CFR 34.0%.",supported,"COUSP RDC, INSP, INRB, MoH DRC. SitRep N°053/MVB (report date 2026-07-06; INSP WordPress post 25104).; Uganda Ministry of Health EVD daily dashboard, last reviewed value (2026-06-21 cycle); corroborated by WHO AFRO Uganda External SitRep 07 (data as of 2026-06-28).",https://insp.cd/wp-content/uploads/2026/07/Draft_SitRep_MVE_RDC_N°053_06_07_2026.pdf; https://evd-daily.health.go.ug/,Supersede with the next reviewed INSP SitRep after source review; keep the Ituri unventilated confirmed cases in the residual.,Detailed audit IDs and review locators are withheld from this public export.
BDBV-CLAIM-068,Inrb sitrep 054 visual promotion,"Promote visually reviewed SitRep #054 headline, operational, laboratory, and coherent zone attribution (no newly affected health zone this cycle; affected zones hold at 37/104, same zone set as SitRep53) while preserving the unventilated Ituri residual and the reconciled isolation confirmed/suspected split. PRESERVED CONFLICT: SitRep54 Tableau 3 prints 1220 alerts of the day / 970 investigated ('9 70') while the narrative says 1232 / 78.7% and 306 validated suspects; the table (1220 / 970 / 304) is promoted and the narrative retained as a conflict. Tableau 7 end-of-day census is 750 (232 confirmed / 518 suspected); the summary sentence reuses the J-1 bed count 694 (232+518=750). Two PCR RADIONE-positive Kisangani (Tshopo) cases are reported but EXCLUDED from totals pending RT-PCR (Altona) validation, carried on the existing suspected-watch overlay. The provider strike continues in Bunia and Rwampara; Nord-Kivu CTE occupancy is 137%.","Country-scope confirmed = 1759 DRC + 20 Uganda = 1779. Country-scope confirmed deaths = 600 DRC + 2 Uganda = 602. Recovered = 296 (285 DRC + 11 Uganda). SitRep054 Tableau 7 end-of-day census: 750 in isolation at 94% occupancy, split 232 confirmed / 518 suspected (232 + 518 = 750). Rows sum to 1742 named confirmed cases plus 17 Ituri cases in zones not yet identified = 1759, and all 600 confirmed deaths are named-zone attributed. Daily +51 confirmed (Ituri +45, Nord-Kivu +6) (55% community). Banner CFR 34.1%.",supported,"COUSP RDC, INSP, INRB, MoH DRC. SitRep N°054/MVB (report date 2026-07-07; INSP WordPress post 25108, media 25109).; Uganda Ministry of Health EVD daily dashboard, last reviewed value (2026-06-21 cycle); corroborated by WHO AFRO Uganda External SitRep 07 (data as of 2026-06-28).",https://insp.cd/wp-content/uploads/2026/07/Draft2_SitRep_MVE_RDC_N°054_07_07_2026.pdf; https://evd-daily.health.go.ug/,Supersede with the next reviewed INSP SitRep after source review; keep the Ituri unventilated confirmed cases in the residual.,Detailed audit IDs and review locators are withheld from this public export.
BDBV-CLAIM-069,Inrb sitrep 055 visual promotion,"Promote visually reviewed SitRep #055 headline, operational, laboratory, and coherent zone attribution (no newly affected health zone this cycle; affected zones hold at 37/104, same zone set as SitRep54) while preserving the unventilated Ituri residual and the isolation confirmed/suspected split. PRESERVED CONFLICT: the banner and narrative report 227 validated suspects of the day while Tableau 3 totals 271 (211 living + 60 deaths); the table (271) is promoted and the banner/narrative retained as a conflict. PRESERVED CONFLICT: Nord-Kivu's Table 1 total (158/89) exceeds the sum of its Table 2 named zone rows (155/88) by 3 confirmed / 1 death; those are reported at province level but not ventilated to a named Nord-Kivu zone this cycle, so the derived unallocated residual is 20 confirmed / 1 death (17 Ituri + 3 Nord-Kivu). Tableau 7 end-of-day census is 764 (236 confirmed / 528 suspected); the J-1 bed count is 751. Two Kisangani (Tshopo) detections (one linked to Nia-Nia) are reported but EXCLUDED from totals pending investigation, carried on the existing suspected-watch overlay. The provider strike continues in Bunia and Rwampara; Nord-Kivu CTE occupancy is 133%.","Country-scope confirmed = 1792 DRC + 20 Uganda = 1812. Country-scope confirmed deaths = 625 DRC + 2 Uganda = 627. Recovered = 306 (295 DRC + 11 Uganda). SitRep055 Tableau 7 end-of-day census: 764 in isolation at 95.3% occupancy, split 236 confirmed / 528 suspected (236 + 528 = 764). Named rows sum to 1772 confirmed cases; with 17 Ituri cases in zones not yet identified and a 3-case / 1-death Nord-Kivu Table 1 vs Table 2 gap, the derived unallocated residual is 20 confirmed / 1 death and reconciles to 1792 / 625. Daily +33 confirmed (Ituri +30, Nord-Kivu +3) (44% community). Banner CFR 34.9%.",supported,"COUSP RDC, INSP, INRB, MoH DRC. SitRep N°055/MVB (report date 2026-07-08; INSP WordPress post 25123, media 25124).; Uganda Ministry of Health EVD daily dashboard, last reviewed value (2026-06-21 cycle); corroborated by WHO AFRO Uganda External SitRep 07 (data as of 2026-06-28).",https://insp.cd/wp-content/uploads/2026/07/Draft_SitRep_MVE_RDC_N°055_08_07_2026.pdf; https://evd-daily.health.go.ug/,Supersede with the next reviewed INSP SitRep after source review; keep the Ituri unventilated confirmed cases and the Nord-Kivu unallocated 3/1 in the residual until the source ventilates them to named zones.,Detailed audit IDs and review locators are withheld from this public export.
BDBV-CLAIM-070,Inrb sitrep 056 visual promotion,"Promote visually reviewed SitRep #056 headline, operational, laboratory, and coherent zone attribution (no newly affected health zone this cycle; affected zones hold at 37/104, same zone set as SitRep55) while preserving the unventilated Ituri residual (17 confirmed / 0 deaths) and the isolation confirmed/suspected split (238 confirmed / 542 suspected = 780 at 100.3% occupancy). Nord-Kivu's Table 1 total (164/94) EQUALS the sum of its Table 2 named zone rows this cycle, so unlike SitRep 55 there is no Nord-Kivu ventilation gap; the sole unallocated residual is the 17 Ituri cases. Suspected cases of the day 284 = 203 living + 81 deaths (the 81 community deaths are under investigation for possible reclassification). Sud-Kivu has passed 42 consecutive days with no new confirmed case (last case 2026-05-26; milestone 2026-07-07), opening the residual-surveillance phase toward a provincial end-of-outbreak declaration; 19 suspects remain in isolation. Detections in Tshopo/Haut-Uele discussed at ministerial level remain EXCLUDED from totals. The provider strike continues in Bunia and Rwampara (Ituri).","Country-scope confirmed = 1830 DRC + 20 Uganda = 1850. Country-scope confirmed deaths = 648 DRC + 2 Uganda = 650. Recovered = 311 (300 DRC + 11 Uganda). SitRep056 Tableau 7 end-of-day census: 780 in isolation at 100.3% occupancy, split 238 confirmed / 542 suspected (238 + 542 = 780). Named rows sum to 1813 confirmed / 648 confirmed deaths; with the 17 Ituri unventilated cases (0 deaths) the national reconciles to 1830 / 648. Nord-Kivu Table 1 (164/94) equals its Table 2 named sum this cycle (no ventilation gap). Affected zones 37/104, no new zone. Contact follow-up 78.1%.",supported,"COUSP RDC, INSP, INRB, MoH DRC. SitRep N°056/MVB (report date 2026-07-09; INSP WordPress post 25126, media 25127).; Uganda Ministry of Health EVD daily dashboard, last reviewed value (2026-06-21 cycle); corroborated by WHO AFRO Uganda External SitRep 07 (data as of 2026-06-28).",https://insp.cd/wp-content/uploads/2026/07/SitRep_MVE_RDC_N°56_09-07-2026.pdf; https://evd-daily.health.go.ug/,Supersede with the next reviewed INSP SitRep after source review; keep the Ituri unventilated confirmed cases and the Nord-Kivu unallocated 3/1 in the residual until the source ventilates them to named zones.,Detailed audit IDs and review locators are withheld from this public export.
BDBV-CLAIM-071,Inrb sitrep 057 visual promotion,"Promote visually reviewed SitRep #057 headline, operational, laboratory, and coherent zone attribution. National TOTAL 1873 confirmed / 672 confirmed deaths (CFR 35.9%) counts Ituri (1705/577), Nord-Kivu (165/94) and Sud-Kivu (3/1) only; Haut-Uele (Wamba 1/1) and Tshopo (Makiso-Kisangani 2/2, Mangobo 1/0, Lubunga 1/0) appear in Table 2 for the first time but are STARRED and EXCLUDED from the total (epidemiologically attributed to the Nia-Nia/PK51 epicentre). The unventilated Ituri residual (17 confirmed / 0 deaths) is preserved; Nord-Kivu Table 1 equals its Table 2 named sum (no ventilation gap). Isolation census 763 = 259 confirmed + 504 suspected at 95.1% occupancy. Suspected cases of day 299 = 208 living + 91 deaths. Sud-Kivu holds 42+ days with no new confirmed case.","Country-scope confirmed = 1873 DRC + 20 Uganda = 1893. Country-scope confirmed deaths = 672 DRC + 2 Uganda = 674. Recovered = 317 (306 DRC + 11 Uganda). SitRep057 Tableau 7 end-of-day census: 763 in isolation at 95.1% occupancy, split 259 confirmed / 504 suspected. Named rows sum to 1856 confirmed / 672 confirmed deaths; with the 17 Ituri unventilated cases (0 deaths) the national reconciles to 1873 / 672. Haut-Uele + Tshopo excluded from the total this cycle. Contact follow-up 71.7%. +43 new confirmed / +24 deaths in 24h (1830->1873, 648->672).",supported,"COUSP RDC, INSP, INRB, MoH DRC. SitRep N°057/MVB (report date 2026-07-10; INSP WordPress post 25132, media 25133).; Uganda Ministry of Health EVD daily dashboard, last reviewed value (2026-06-21 cycle); corroborated by WHO AFRO Uganda External SitRep 07 (data as of 2026-06-28).",https://insp.cd/wp-content/uploads/2026/07/Draft_SitRep_MVE_RDC_NA°57_10-07-2026_IM_SAM_vf.pdf; https://evd-daily.health.go.ug/,Supersede with the next reviewed INSP SitRep after source review; keep the Ituri unventilated confirmed cases and the Nord-Kivu unallocated 3/1 in the residual until the source ventilates them to named zones.,Detailed audit IDs and review locators are withheld from this public export.
BDBV-CLAIM-072,Inrb sitrep 058 visual promotion,"Promote visually reviewed SitRep #058 headline, operational, laboratory, and coherent zone attribution. ACCOUNTING CHANGE vs SitRep 57: National TOTAL 1926 confirmed / 702 confirmed deaths (CFR 36.4%) now FOLDS IN Haut-Uele (Wamba 1/1) and Tshopo (Makiso-Kisangani 2/2, Mangobo 1/0, Lubunga 1/0), which are no longer starred, so all five provinces are counted; Ariwara is the one newly affected Ituri health zone. The unventilated Ituri residual (17 confirmed / 0 deaths) is preserved. Isolation end-of-day census 753 at 93.9% occupancy. Suspected cases of day 228 = 158 living + 70 deaths (Tableau 3); the cover KPI 299/91 is stale SR57 carryover and is not promoted. Sud-Kivu holds 42+ days with no new confirmed case.","Country-scope confirmed = 1926 DRC + 20 Uganda = 1946. Country-scope confirmed deaths = 702 DRC + 2 Uganda = 704. Recovered = 329 (318 DRC + 11 Uganda). Named rows sum to 1909 confirmed / 702 confirmed deaths; with the 17 Ituri unventilated cases (0 deaths) the national reconciles to 1926 / 702, five provinces counted. Isolation end-of-day census 753 at 93.9%; the Tableau-7 dont-rows (248 confirmed + 539 suspected) are source-inconsistent for Nord-Kivu (carried verbatim, flagged). Contact follow-up 78.3%. +53 new confirmed / +30 deaths in 24h (1873->1926, 672->702).",supported,"COUSP RDC, INSP, INRB, MoH DRC. SitRep N°058/MVB (report date 2026-07-11; INSP WordPress post 25138, media 25141).; Uganda Ministry of Health EVD daily dashboard, last reviewed value (2026-06-21 cycle); corroborated by WHO AFRO Uganda External SitRep 07 (data as of 2026-06-28).",https://insp.cd/wp-content/uploads/2026/07/Draft_SitRep_MVE_RDC_N°58_11-07-2026-final.pdf; https://evd-daily.health.go.ug/,Supersede with the next reviewed INSP SitRep after source review; keep the Ituri unventilated confirmed cases and the Nord-Kivu unallocated 3/1 in the residual until the source ventilates them to named zones.,Detailed audit IDs and review locators are withheld from this public export.
BDBV-CLAIM-073,Inrb sitrep 059 visual promotion,"Promote visually reviewed SitRep #059 headline, operational, laboratory, and coherent zone attribution. National TOTAL 1963 confirmed / 718 confirmed deaths (CFR 36.6%) across five provinces; +31 confirmed / +10 deaths in 24h (Ituri 27/7 all community, Nord-Kivu 4/3). No new health zone (holds at 42). Haut-Uele/Wamba is revised to 7 confirmed / 7 deaths (all originating from Nia-Nia); Tshopo/Kisangani holds 4 confirmed / 2 confirmed deaths (Makiso-Kisangani, Mangobo, Lubunga). The cover KPI shows 719 deaths but the CFR footnote, page-1 narrative, and promoted total are the internally consistent 718. SR59 carries Ituri's per-health-zone distribution at the last consolidated cut (10 July) while the province total is the 12 July cumulative, so the headline-vs-zone gap widens (source-attribution lag, not lost cases). Isolation end-of-day census 736 at 88.3% occupancy (246 confirmed + 490 suspected, dont-rows sum exactly this cycle). Suspected cases of day 268 = 156 living + 112 community deaths under investigation. Recovered 333 (+15). Sud-Kivu holds 47+ days with no new confirmed case.","Country-scope confirmed = 1963 DRC + 20 Uganda = 1983. Country-scope confirmed deaths = 718 DRC + 2 Uganda = 720. Recovered = 344 (333 DRC + 11 Uganda). Named rows sum to 1876 confirmed / 684 confirmed deaths across 40 official source zones; with the 17 Ituri unventilated cases and the 70-confirmed / 34-death DHIS2 distribution-lag residual the national reconciles to 1963 / 718 (five provinces). Country-scope unallocated is 107 (17 Ituri unventilated + 70 distribution lag + 20 Uganda). Isolation end-of-day census 736 at 88.3%; the Tableau-5 dont-rows (246 confirmed + 490 suspected) sum exactly to 736. Contact follow-up 82.1% (Tableau 4; cover 81.5% preserved). +31 new confirmed / +10 deaths in 24h (1926->1963, 702->718; the +37 cumulative includes the +6 Wamba revision).",supported,"COUSP RDC, INSP, INRB, MoH DRC. SitRep N°059/MVB (report date 2026-07-12; INSP WordPress post 25143, media 25144).; Uganda Ministry of Health EVD daily dashboard, last reviewed value (2026-06-21 cycle); corroborated by WHO AFRO Uganda External SitRep 07 (data as of 2026-06-28).",https://insp.cd/wp-content/uploads/2026/07/SitRep-MVE-17-No59-Analytique-final-3.pdf; https://evd-daily.health.go.ug/,Supersede with the next reviewed INSP SitRep after source review; keep the Ituri unventilated confirmed cases and the DHIS2 distribution-lag residual unallocated until the source ventilates them to named zones.,Detailed audit IDs and review locators are withheld from this public export.
BDBV-CLAIM-074,Inrb sitrep 060 visual promotion,"Promote visually reviewed SitRep #060 headline, operational, laboratory, and coherent zone attribution. National TOTAL 2011 confirmed / 754 confirmed deaths (CFR 37.5%) across five provinces; +54 confirmed / +28 deaths in 24h (Ituri 42/18, Nord-Kivu 5/4, Haut-Uele 7/6). 45/140 affected health zones (cover header still prints 42; body and Table 1 support 45). Haut-Uele expands to four zones (Wamba 8/8, Pawa 3/3, Boma Mangbetu 2/1, Isiro 1/1); its 14 cases trace to Nia-Nia (Ituri) importations, and the three newly-listed zones are geolocated to distinct GRID3 v8.0 polygons and mapped as separate display zones (no collapse). Tshopo/Kisangani holds 4/3. Isolation end-of-day census 753 at 87.4% occupancy (246 confirmed + 507 suspected, dont-rows sum exactly). Suspected cases of day 268 = 156 living + 112 community deaths under investigation. Recovered 366 (+11 Ituri). Sud-Kivu holds 48 days with no new confirmed case; its Table-2 47-new day-column entry is a mis-aligned artifact (province total holds 3/1, 0 new).",Country-scope confirmed = 2011 DRC + 20 Uganda = 2031. Country-scope confirmed deaths = 754 DRC + 2 Uganda = 756. Recovered = 377 (366 DRC + 11 Uganda). Named rows sum to 1994 confirmed / 754 confirmed deaths across 45 official source zones; with the 17 Ituri unventilated cases the national reconciles to 2011 / 754 (five provinces). Country-scope unallocated is 37 (17 Ituri unventilated + 20 Uganda). Isolation end-of-day census 753 at 87.4%; the Tableau-6 dont-rows (246 confirmed + 507 suspected) sum exactly to 753. Contact follow-up 67.4% (Tableau 4; 8382/12430). +54 new confirmed / +28 deaths in 24h (1957 reconciled base -> 2011; 726 -> 754).,supported,"COUSP RDC, INSP, INRB, MoH DRC. SitRep N°060/MVB (report date 2026-07-13; INSP WordPress post 25146, media 25147).; Uganda Ministry of Health EVD daily dashboard, last reviewed value (2026-06-21 cycle); corroborated by WHO AFRO Uganda External SitRep 07 (data as of 2026-06-28).",https://insp.cd/wp-content/uploads/2026/07/Draft_SitRep_MVE_RDC_N%C2%B060_13-07-2026_Analytique_VF.pdf; https://evd-daily.health.go.ug/,Supersede with the next reviewed INSP SitRep after source review; keep the Ituri unventilated confirmed cases unallocated until the source ventilates them to named zones.,Detailed audit IDs and review locators are withheld from this public export.
BDBV-CLAIM-075,Inrb sitrep 061 visual promotion,"Promote visually reviewed SitRep #061 headline, operational, laboratory, and coherent zone attribution. National TOTAL 2073 confirmed / 796 confirmed deaths (CFR 38.4%) across five provinces; +62 confirmed / +42 deaths in 24h (Ituri 55/37, Nord-Kivu 7/5; Haut-Uele, Tshopo and Sud-Kivu each zero). 45/140 affected health zones, unchanged from SitRep #060; no new zone this cycle. INSP's own reconciliation note states the additive basis: 2011 + 62 = 2073 cases and 754 + 42 = 796 deaths. Isolation end-of-day census 736 at 87.4% occupancy (270 confirmed + 466 suspected); the cover prints 737 and the Tableau-6 narrative says 753, but both of their own breakdowns and the bed identity (694 J-1 + 133 admissions - 91 exits) give 736. Contact follow-up 76.6% on the Tableau-4 pair 9235/12050 (the cover attributes the same rate to 9303/12190, which computes to 76.3%). Suspected cases of day 418 = 342 living + 76 community deaths under investigation. Recovered 377 (Ituri 341 + Nord-Kivu 36). Haut-Uele's 14/13 is a documented 13 July carry-forward: INSP states its 14/07 report did not arrive. Sud-Kivu holds 49 days with no new confirmed case.","Country-scope confirmed = 2073 DRC + 20 Uganda = 2093. Country-scope confirmed deaths = 796 DRC + 2 Uganda = 798. Recovered = 388 (377 DRC + 11 Uganda). Named rows sum to 2056 confirmed / 796 confirmed deaths across 45 official source zones; with the 17 Ituri unventilated cases the national reconciles to 2073 / 796 (five provinces). Country-scope unallocated is 37 (17 Ituri unventilated + 20 Uganda). Per-zone case deltas against SitRep #060 sum exactly to the 62 stated new confirmations, so the Ituri per-zone table is current to 14 July and carries no distribution lag. Isolation end-of-day census 736 at 87.4%. Contact follow-up 76.6% (Tableau 4; 9235/12050). +62 new confirmed / +42 deaths in 24h (2031 reconciled base -> 2093; 756 -> 798).",supported,"COUSP RDC, INSP, INRB, MoH DRC. SitRep N°061/MVB (report date 2026-07-14; INSP WordPress post 25149, media 25150).; Uganda Ministry of Health EVD daily dashboard, last reviewed value (2026-06-21 cycle); corroborated by WHO AFRO Uganda External SitRep 07 (data as of 2026-06-28).",https://insp.cd/wp-content/uploads/2026/07/Draft_SitRep_MVE_RDC_N_61_14-07-2026_Analytique.pdf; https://evd-daily.health.go.ug/,Supersede with the next reviewed INSP SitRep after source review; keep the Ituri unventilated confirmed cases unallocated until the source ventilates them to named zones; re-request the Haut-Uele 14/07 report that did not arrive.,Detailed audit IDs and review locators are withheld from this public export.
BDBV-CLAIM-076,Source attribution lag,"As of the 15 July 2026 snapshot the headline confirmed-count primary of 2144 country-scope remains ahead of the officially zone-attributed cumulative table of 2107 across 46 official INSP per-health-zone source zones, so the unallocated headline context is 37. This is a named source-attribution lag first identified 25 May 2026; SitRep 62 carries Ituri's per-health-zone table current to 15 July (no distribution lag this cycle), so the residual is exactly the 17 explicitly unventilated Ituri cases plus the 20 Uganda anchor. It is not a lost public claim audit or a down-revision.","headline_confirmed_total=2144 country-scope from the reviewed INSP SitRep #062 promotion (headline clock 2026-07-15); zone_attributed_confirmed_total=2107 across 46 official INSP per-health-zone source zones on the reviewed Table 2 vector (Ituri current to 15 July); unallocated_confirmed_total=37 computed as 2144 - 2107 (17 DRC Ituri confirmed cases explicitly unventilated plus 20 Uganda confirmed cases with no promoted health-zone source-load). The zone roster GAINS one zone against SitRep #061: Mahagi records its first confirmed case (1/0), taking Ituri to 27/36 and the national roster to 46 official source zones. Mahagi is mapped to its own distinct GRID3 v8.0 polygon area-centroid (2.323774 N, 30.951711 E, interior-verified) and is not collapsed into a neighbour. Haut-Uele holds four named zones (Wamba 8/8, Pawa 3/3, Boma Mangbetu 2/1, Isiro 1/1) and Tshopo's three Kisangani health zones (Makiso-Kisangani 2/2, Mangobo 1/0, Lubunga 1/1) each remain on their own distinct GRID3 v8.0 polygon (no collapse).",supported,Reviewed INSP SitRep MVE RDC N 062 (data as of 15 July 2026): DRC 2124 confirmed plus 20 Uganda anchor = 2144 country-scope; the officially zone-attributed cumulative table supplies 2107 confirmed across 46 official source zones.; data/snapshot_contract.json confirmed_case_partition.; NUMBERS_AUDIT.md source-attribution lag and confirmed-case partition section.,https://insp.cd/wp-content/uploads/2026/07/Draft_SitRep_MVE_RDC_N_62_15-07-2026_VF.pdf; restricted-local-review-not-redistributed; restricted-local-review-not-redistributed,Keep the confirmed-case partition explicit in snapshot_contract and NUMBERS_AUDIT. Promote newer zone-attributed rows only after a cumulative official table/PDF or validated equivalent is archived.,Detailed audit IDs and review locators are withheld from this public export.
BDBV-CLAIM-077,Inrb sitrep 062 visual promotion,"Promote visually reviewed SitRep #062 headline, operational, laboratory, and coherent zone attribution. National TOTAL 2124 confirmed / 828 confirmed deaths (CFR 39.0%) across five provinces; +51 confirmed / +32 deaths in 24h (Ituri 41/24, Nord-Kivu 10/8; Haut-Uele, Tshopo and Sud-Kivu each zero). 46/140 affected health zones, up one from SitRep #061: Mahagi records its first confirmed case on the Goli-Mahagi/Arua cross-border axis, taking Ituri to 27/36. Only 45 of the 46 carry active transmission: Miti-Murhesa (Sud-Kivu) reached day 50 with no new confirmed case and leaves the active set into residual surveillance. INSP's own reconciliation note states the additive basis: 2073 + 51 = 2124 cases and 796 + 32 = 828 deaths; the page-1 footnote's '796 + 31 = 828' does not close and is a source-internal arithmetic error. Isolation end-of-day census 725 at 85.6% occupancy (281 confirmed + 444 suspected); the bed identity closes exactly (718 J-1 + 124 admissions - 117 exits). Contact follow-up 80.3% on the Tableau-4 pair 10195/12693, whose province rows sum exactly, with no cover-versus-table conflict this cycle. Suspected cases of day 389 = 316 living + 73 community deaths under investigation. Recovered 390 (Ituri 354 + Nord-Kivu 36). Haut-Uele's 14/13 is now a two-cycle carry-forward dating to 13 July: neither its 14/07 nor its 15/07 report arrived.","Country-scope confirmed = 2124 DRC + 20 Uganda = 2144. Country-scope confirmed deaths = 828 DRC + 2 Uganda = 830. Recovered = 401 (390 DRC + 11 Uganda). Named rows sum to 2107 confirmed / 828 confirmed deaths across 46 official source zones; with the 17 Ituri unventilated cases the national reconciles to 2124 / 828 (five provinces). Country-scope unallocated is 37 (17 Ituri unventilated + 20 Uganda). Per-zone case deltas against SitRep #061 sum exactly to the 51 stated new confirmations and per-zone death deltas exactly to the 32 stated new deaths, so the Ituri per-zone table is current to 15 July and carries no distribution lag. Isolation end-of-day census 725 at 85.6%. Contact follow-up 80.3% (Tableau 4; 10195/12693). +51 new confirmed / +32 deaths in 24h (2093 reconciled base -> 2144; 798 -> 830).",supported,"COUSP RDC, INSP, INRB, MoH DRC. SitRep N°062/MVB (report date 2026-07-15; INSP WordPress post 25152, media 25153).; Uganda Ministry of Health EVD daily dashboard, last reviewed value (2026-06-21 cycle); corroborated by WHO AFRO Uganda External SitRep 07 (data as of 2026-06-28).",https://insp.cd/wp-content/uploads/2026/07/Draft_SitRep_MVE_RDC_N_62_15-07-2026_VF.pdf; https://evd-daily.health.go.ug/,"Supersede with the next reviewed INSP SitRep after source review; keep the Ituri unventilated confirmed cases unallocated until the source ventilates them to named zones; re-request the Haut-Uele report, now absent two consecutive cycles. Mahagi's first confirmation is the resolving observation for public pre-commitment bdbv-2026-cal-018 and bears on bdbv-2026-cal-019; both are scored through the calibration-ledger workflow, not here.",Detailed audit IDs and review locators are withheld from this public export.
BDBV-CLAIM-078,Source attribution lag,"As of the 16 July 2026 snapshot the headline confirmed-count primary of 2201 country-scope remains ahead of the officially zone-attributed cumulative table of 2164 across 46 official INSP per-health-zone source zones, so the unallocated headline context is 37. This is a named source-attribution lag first identified 25 May 2026; SitRep 63 carries Ituri's per-health-zone table current to 16 July (no distribution lag this cycle), so the residual is exactly the 17 explicitly unventilated Ituri cases plus the 20 Uganda anchor. It is not a lost public claim audit or a down-revision.","headline_confirmed_total=2201 country-scope from the reviewed INSP SitRep #063 promotion (headline clock 2026-07-16); zone_attributed_confirmed_total=2164 across 46 official INSP per-health-zone source zones on the reviewed Table 2 vector (Ituri current to 16 July); unallocated_confirmed_total=37 computed as 2201 - 2164 (17 DRC Ituri confirmed cases explicitly unventilated plus 20 Uganda confirmed cases with no promoted health-zone source-load). No new zone this cycle: the roster holds at 46 official source zones. Haut-Uele reported a 9-16 July backfill ending two silent cycles and holds four named zones (Wamba 12/8, Pawa 3/3, Boma Mangbetu 2/1, Isiro 1/1); Tshopo's three Kisangani health zones (Makiso-Kisangani 3/3, Mangobo 1/1, Lubunga 1/0) each remain on their own distinct GRID3 v8.0 polygon (no collapse).",supported,Reviewed INSP SitRep MVE RDC N 063 (data as of 16 July 2026): DRC 2181 confirmed plus 20 Uganda anchor = 2201 country-scope; the officially zone-attributed cumulative table supplies 2164 confirmed across 46 official source zones.; data/snapshot_contract.json confirmed_case_partition.; NUMBERS_AUDIT.md source-attribution lag and confirmed-case partition section.,https://insp.cd/wp-content/uploads/2026/07/SitRep_MVE_RDC_N_63_16-07-2026_Final.pdf; restricted-local-review-not-redistributed; restricted-local-review-not-redistributed,Keep the confirmed-case partition explicit in snapshot_contract and NUMBERS_AUDIT. Promote newer zone-attributed rows only after a cumulative official table/PDF or validated equivalent is archived.,Detailed audit IDs and review locators are withheld from this public export.
BDBV-CLAIM-079,Source attribution lag,"As of the 2 August 2026 snapshot the headline confirmed-count primary of 3822 country-scope stands against an officially zone-attributed cumulative table of 3802 across 51 official INSP per-health-zone source zones, so the unallocated headline context is 20. This is a named source-attribution lag first identified 25 May 2026, but it closes entirely on the DRC side this cycle: SitRep 80's 51 printed rows sum exactly to the DRC headline, so the residual is the 20 Uganda anchor cases alone, with no unventilated Ituri remainder. It is not a lost public claim audit or a down-revision.","headline_confirmed_total=3822 country-scope from the reviewed INSP SitRep #080 promotion (headline clock 2026-08-02); zone_attributed_confirmed_total=3802 across 51 official INSP per-health-zone source zones on the reviewed Table 2 vector; unallocated_confirmed_total=20 computed as 3822 - 3802 (the 20 Uganda confirmed cases with no promoted health-zone source-load; zero DRC cases unallocated). The zone roster GAINS two zones against SitRep #079: Lubero (Nord-Kivu) records its first confirmed case at 1/1, and Wanie-Rukula (Tshopo), confirmed 29 July and carried pending through SitRep #079, is officially integrated at 1/0. Both are mapped to their own distinct GRID3 v8.0 polygon area-centroids (Lubero -0.18974 N, 28.984058 E; Wanie-Rukula 0.171268 N, 25.835246 E, both interior-verified) and neither is collapsed into a neighbour.",supported,Reviewed INSP SitRep MVE RDC N 080 (data as of 2 August 2026): DRC 3802 confirmed plus 20 Uganda anchor = 3822 country-scope; the officially zone-attributed cumulative table supplies 3802 confirmed across 51 official source zones.; data/snapshot_contract.json confirmed_case_partition.; NUMBERS_AUDIT.md source-attribution lag and confirmed-case partition section.,https://insp.cd/wp-content/uploads/2026/08/SitRep_MVE_RDC_N_080_02-08-2026.pdf; restricted-local-review-not-redistributed; restricted-local-review-not-redistributed,Keep the confirmed-case partition explicit in snapshot_contract and NUMBERS_AUDIT. Promote newer zone-attributed rows only after a cumulative official table/PDF or validated equivalent is archived.,Detailed audit IDs and review locators are withheld from this public export.
BDBV-CLAIM-080,Source attribution lag,"As of the 4 August 2026 snapshot the headline confirmed-count primary of 3993 country-scope stands against an officially zone-attributed cumulative table of 3973 across 51 official INSP per-health-zone source zones, so the unallocated headline context is 20. The DRC side closes exactly: all 51 printed rows sum to the DRC headline, so the residual is the Uganda anchor alone. It is not a lost public claim audit or a down-revision.","headline_confirmed_total=3993 country-scope from the reviewed INSP SitRep #082 promotion (headline clock 2026-08-04); zone_attributed_confirmed_total=3973 across 51 official INSP per-health-zone source zones on the reviewed Table 2 vector; unallocated_confirmed_total=20 computed as 3993 - 3973 (the 20 Uganda confirmed cases with no promoted health-zone source-load; zero DRC cases unallocated). No new zone entered this cycle; the roster holds at 51 official source zones. Deaths carry a separate, disclosed correction: 52 were notified while the national cumulative advanced 50, because SitRep #081's Nord-Kivu provincial total exceeded the sum of its own zone rows by two and that excess is resorbed here.",supported,Reviewed INSP SitRep MVE RDC N 082 (data as of 4 August 2026): DRC 3973 confirmed plus 20 Uganda anchor = 3993 country-scope; the officially zone-attributed cumulative table supplies 3973 confirmed across 51 official source zones.; data/snapshot_contract.json confirmed_case_partition.; NUMBERS_AUDIT.md source-attribution lag and confirmed-case partition section.,https://insp.cd/wp-content/uploads/2026/08/SitRep_MVE_RDC_N_082_04_08_2026.pdf; restricted-local-review-not-redistributed; restricted-local-review-not-redistributed,Keep the confirmed-case partition explicit in snapshot_contract and NUMBERS_AUDIT. Promote newer zone-attributed rows only after a cumulative official table/PDF or validated equivalent is archived.,Detailed audit IDs and review locators are withheld from this public export.
BDBV-CLAIM-081,Inrb sitrep 063 visual promotion,"Promote visually reviewed SitRep #063 headline, operational, laboratory, and coherent zone attribution. National TOTAL 2181 confirmed / 864 confirmed deaths (CFR 39.6%) across five provinces; +56 confirmed / +36 deaths in 24h (Ituri 44/28, Nord-Kivu 8/7, Haut-Uele 4/0; Tshopo 0 new cases but +1 confirmed death; Sud-Kivu zero). No new health zone this cycle: 46/140 affected, unchanged from SitRep #062, of which 45 carry active transmission (Miti-Murhesa reached day 51 with no new confirmed case). Haut-Uele resumed reporting after two silent cycles, transmitting a 9-16 July backfill (+4 Wamba, province 18/13; Aba and Doruma on alert). The cover footnote's additive basis is 2124 + 56 = 2180 raised to 2181 by a retrospective +1 Tshopo consolidation, and 828 + 36 = 864 (its intermediate '861' is a typo). Isolation end-of-day census 722 at 85.3% occupancy (266 confirmed + 456 suspected); the national bed identity is off by one (735 J-1 + 106 admissions - 120 exits = 721 vs 722), traced to the Nord-Kivu column. Contact follow-up collapsed to 66.9% on the Tableau-4 pair 9079/13571 (down from 80.3%), whose province rows do not sum to the national and whose Ituri rate (79.1%) disagrees with the cover's 61.5%; both clusters agree on the national 66.9% and Table 4 is promoted. Suspected cases of day 218 = 143 living + 75 community deaths under investigation. Recovered 412 (Ituri 374 + Nord-Kivu 36 + Tshopo 2). Ituri's alert-investigation rate recovered to 68.9% from 28.1%.","Country-scope confirmed = 2181 DRC + 20 Uganda = 2201. Country-scope confirmed deaths = 864 DRC + 2 Uganda = 866. Recovered = 423 (412 DRC + 11 Uganda). Named rows sum to 2164 confirmed / 864 confirmed deaths across 46 official source zones; with the 17 Ituri unventilated cases the national reconciles to 2181 / 864 (five provinces). Country-scope unallocated is 37 (17 Ituri unventilated + 20 Uganda). Per-zone case deltas against SitRep #062 sum exactly to the 56 stated new confirmations (Ituri 44, Nord-Kivu 8, Haut-Uele 4) and per-zone death deltas to the 36 new deaths, so the Ituri per-zone table is current to 16 July and carries no distribution lag. Nord-Kivu's per-zone confirmed-death rows sum to 127 against the province total 126; the single over-count is Katwa, carried at its day-column-consistent 62 to hold the named-zone death sum at the national 864, with the printed 63 preserved. Isolation end-of-day census 722 at 85.3%. Contact follow-up 66.9% (Tableau 4; 9079/13571). +56 new confirmed / +36 deaths in 24h (2144 base -> 2201; 830 -> 866).",supported,"COUSP RDC, INSP, INRB, MoH DRC. SitRep N°063/MVB (report date 2026-07-16; INSP WordPress post 25155, media 25156).; Uganda Ministry of Health EVD daily dashboard, last reviewed value (2026-06-21 cycle); corroborated by WHO AFRO Uganda External SitRep 07 (data as of 2026-06-28).",https://insp.cd/wp-content/uploads/2026/07/SitRep_MVE_RDC_N_63_16-07-2026_Final.pdf; https://evd-daily.health.go.ug/,"Supersede with the next reviewed INSP SitRep after source review; keep the Ituri unventilated confirmed cases unallocated until the source ventilates them to named zones; watch the Haut-Uele backfill window (Aba and Doruma on alert) and the contact-tracing collapse to 66.9%. No pre-registered pin resolves on this observation; the 2026-07-05 block resolves 2026-08-04 through the calibration-ledger workflow, not here.",Detailed audit IDs and review locators are withheld from this public export.
BDBV-CLAIM-082,Inrb sitrep 064 visual promotion,"Promote visually reviewed SitRep #064 headline, operational, laboratory, and coherent zone attribution. National TOTAL 2267 confirmed / 893 confirmed deaths (CFR 39.4%) across five provinces; +86 confirmed / +29 deaths in 24h (Ituri 75/25, Nord-Kivu 7/4, Haut-Uele 4/0; Sud-Kivu and Tshopo zero). This is the largest single-cycle confirmed-case count of the outbreak so far, arriving as Ituri's alert-investigation rate completed a three-cycle recovery to 91.0% from 28.1%, so it measures widening detection capacity rather than establishing re-acceleration. No new health zone this cycle: 46/140 affected, unchanged from SitRep #063, of which 45 carry active transmission (Miti-Murhesa reached day 52 with no new confirmed case). The cover's additive basis is 2181 + 86 = 2267 and 864 + 29 = 893 with no retrospective consolidation, though the cover's death footnote is truncated mid-sentence and the detailed zone table's total row prints a stale +56 against the +86 carried everywhere else. Isolation end-of-day census 722 at 85.9% occupancy (841 beds), whose 252 confirmed + 460 suspected split falls 10 short of the census and whose bed identity is off by one (722 + 119 - 118 = 723). Contact follow-up rose to 83.64% on the Tableau-4 pair 9886/11820 (up from 66.9%), whose province rows sum exactly to the national this cycle, but on a denominator that fell by 1751 without explanation, so the coverage gain is not read as a transmission improvement. Suspected cases of day 236 = 147 living + 89 community deaths under investigation. Recovered did NOT advance: the cover repeats 412 while also printing +32 daily Ituri recoveries and a 406 Ituri cumulative, so the series is treated as stalled pending INSP reconciliation. Haut-Uele's province row is explicitly footnoted by INSP as under revision for harmonization/reclassification and no trend is fitted to it.","Country-scope confirmed = 2267 DRC + 20 Uganda = 2287. Country-scope confirmed deaths = 893 DRC + 2 Uganda = 895. Recovered = 423 (412 DRC + 11 Uganda), unchanged. Named rows sum to 2250 confirmed / 893 confirmed deaths across 46 official source zones; with the 17 Ituri unventilated cases the national reconciles to 2267 / 893 (five provinces). Country-scope unallocated is 37 (17 Ituri unventilated + 20 Uganda). SitRep #064 publishes per-zone DAY columns rather than a full cumulative zone table, so each zone cumulative is the promoted SitRep #063 basis plus its SitRep #064 delta; the deltas sum exactly to the stated +75 Ituri / +7 Nord-Kivu / +4 Haut-Uele cases and +25 Ituri / +4 Nord-Kivu deaths. Carrying the promoted SitRep #063 Katwa basis (62, not the printed 63) forward by its +4 gives 66 and holds Nord-Kivu's named death sum at the province total 130, so the SitRep #063 over-count closes with no residual this cycle. Ituri's rise is broad rather than focal: 13 zones added cases, Bunia alone added 25 to reach 606, while Rwampara and Nyankunde recorded deaths with no new cases and Logo recorded its first confirmed death. Laboratory positives (Ituri 75, Nord-Kivu 8, Haut-Uele 4 = 87) exceed the promoted +86 by one at Nord-Kivu, preserved as a laboratory-to-case-registration lag.",supported,"COUSP RDC, INSP, INRB, MoH DRC. SitRep N°064/MVB (report date 2026-07-17; cover publication 2026-07-18; INSP WordPress post 25159, media 25160).; Uganda Ministry of Health EVD daily dashboard, last reviewed value (2026-06-21 cycle); corroborated by WHO AFRO Uganda External SitRep 07 (data as of 2026-06-28).",https://insp.cd/wp-content/uploads/2026/07/SitRep_MVE_RDC_N°_64_17-07-2026_OKK-2.pdf; https://evd-daily.health.go.ug/,"Watch whether the +86 rise persists once Ituri's investigation rate plateaus at 91.0%; a second high-count cycle at a flat detection rate would separate transmission from detection. Resolve the recovered series (412 frozen against +32 daily and a 406 Ituri cumulative), the unexplained -1751 contact-denominator drop, and Haut-Uele's INSP-flagged revision before either is used for trend.",Detailed audit IDs and review locators are withheld from this public export.
BDBV-CLAIM-083,Inrb sitrep 065 visual promotion,"Promote visually reviewed SitRep #065 headline, operational, laboratory, and coherent zone attribution. National TOTAL 2344 confirmed / 930 confirmed deaths (CFR 39.7%) across five provinces. The 24h notifications are +83 gross confirmed (Ituri 67, Nord-Kivu 16) and +40 gross deaths (Ituri 31, Nord-Kivu 9), but a data harmonization (cover asterisk) removed 6 double-counted confirmed cases and 3 deaths from Haut-Uele (revised 22/13 -> 16/10, reconciled against Ituri's Nia-Nia zone), so the cumulative moved +77/+37; the gross day figures must not be read as national incidence. SitRep65 prints a FULL cumulative zone table, promoted directly, and every province's zone rows sum exactly to its Table 1 total with Nord-Kivu closing cleanly (Katwa 98/71, no over-count). No new health zone: 46/140 affected, 45 with active transmission (Miti-Murhesa prints 52 days with no new confirmed case). Isolation end-of-day census 724 at 84.5% occupancy, whose 272 confirmed + 452 suspected split CLOSES exactly and whose bed identity closes at every level (707 + 121 - 104 = 724). Contact follow-up 85.8% (10517/12251) on a denominator that grew by 431, with province rows summing exactly to the national. Recovered advanced to 466 (+22), confirming that SitRep64's promoted 412 was understated. Suspected cases of day 192 = 112 living + 80 community deaths under investigation.","Country-scope confirmed = 2344 DRC + 20 Uganda = 2364. Country-scope confirmed deaths = 930 DRC + 2 Uganda = 932. Recovered = 477 (466 DRC + 11 Uganda). Named rows excluding the 17 Ituri unventilated cases sum to 2327 confirmed across 46 official source zones; with that residual they reconcile to 2344 / 930. Country-scope unallocated is 37 (17 Ituri unventilated + 20 Uganda). The cumulative is additive-with-harmonization from SitRep64: 2267 + 83 gross - 6 harmonization = 2344, and 893 + 40 - 3 = 930. The harmonization is a net de-duplication: Ituri rose exactly +67 (its own day notifications) and Nia-Nia only +2, so the 6 cases removed from Haut-Uele left the national count rather than transferring between provinces. Day-case distribution sums to 83 (Nizi 30, Bunia 15, Rwampara 10, Katwa 6, Mongbwalu 5, Musienene 4, Beni 3, Butembo 2, Fataki 2, Nia-Nia 2, Mangala 2, Kyondo 1, Tchomia 1). Laboratory positives (Ituri 67 + Nord-Kivu 16 = 83) equal the gross day confirmations exactly, unlike SitRep64.",supported,"COUSP RDC, INSP, INRB, MoH DRC. SitRep N°065/MVB (report date 2026-07-18; cover publication 2026-07-19; INSP WordPress post 25162).; Uganda Ministry of Health EVD daily dashboard, last reviewed value (2026-06-21 cycle); corroborated by WHO AFRO Uganda External SitRep 07 (data as of 2026-06-28).",https://insp.cd/wp-content/uploads/2026/07/SitRep_MVE_RDC_N°_65_18-07-2026.pdf; https://evd-daily.health.go.ug/,"Watch whether the Haut-Uele reclassification stabilizes and whether the Uganda-border axis reactivates after a quiet cycle. Confirm the recovered series stays reconciled (466 forward) rather than reverting to the SitRep64-style stale cover figure. If a fresh Uganda MoH update arrives, advance the 20/2/11 anchor rather than carrying it forward.",Detailed audit IDs and review locators are withheld from this public export.
BDBV-CLAIM-084,Inrb sitrep 066 visual promotion,"Promote visually reviewed SitRep #066 headline, operational, laboratory, and coherent zone attribution. National TOTAL 2423 confirmed / 967 confirmed deaths (CFR 39.9%) across five provinces; +79 confirmed / +37 deaths in 24h (Ituri 70/35, Nord-Kivu 9/2), cleanly additive from SitRep65 (2344 + 79; 930 + 37) with no harmonization this cycle. ONE NEW AFFECTED HEALTH ZONE: Adja (Ituri, Aru Territory) enters the table at 10 confirmed / 1 death in a single cycle rather than as one index case, taking Ituri 27/36 -> 28/36 and the national roster 46 -> 47 touched, 46 actively transmitting. A zone appearing at 10 cases was already carrying an established chain when detected, so its first-cycle figure is a floor rather than incidence. SitRep66 prints a FULL cumulative zone table, promoted directly, and every province's zone rows sum exactly to its Table 1 total. Isolation end-of-day census 734 at 78.2% occupancy, whose 295 confirmed + 439 suspected split closes exactly and whose bed identity closes at every level (720 + 108 - 94 = 734). Contact follow-up fell to 81.1% (8531/10519) from 85.8% with BOTH the cohort and the contacts seen shrinking and the reporting composition changing (Tshopo to ND, Haut-Uele returning at 52.3%). Ituri's alert-investigation rate fell to 75.6% with 108 alerts uninvestigated. Recovered advanced only +3 to 469. Suspected cases of day 252 = 174 living + 78 community deaths under investigation.","Country-scope confirmed = 2423 DRC + 20 Uganda = 2443. Country-scope confirmed deaths = 967 DRC + 2 Uganda = 969. Recovered = 480 (469 DRC + 11 Uganda). Named rows excluding the 17 Ituri unventilated cases sum to 2406 confirmed across 47 official source zones; with that residual they reconcile to 2423 / 967. Country-scope unallocated is 37 (17 Ituri unventilated + 20 Uganda). The new zone Adja is wired at its own GRID3 v8.0 area-weighted polygon centroid (3.0352, 30.4977) and in the INRB alias bridge (adja -> Adja), never collapsed into a neighbour, so the corridor watchlist moves from 46 to 47 source zones. Day-case distribution sums to 79 (Bunia 18, Nizi 16, Rwampara 10, Adja 10, Bambu 4, Mongbwalu 3, Mangala 3, Nia-Nia 2, Lita 1, Tchomia 1, Logo 1, Ariwara 1, Katwa 6, Butembo 1, Musienene 1, Oicha 1). Laboratory positives (Ituri 70 + Nord-Kivu 9 = 79) equal the day's confirmations exactly. The Uganda anchor is carried unchanged on a restored Uganda MoH API confirming no new cases through 2026-07-20.",supported,"COUSP RDC, INSP, INRB, MoH DRC. SitRep N°066/MVB (report date 2026-07-19; cover publication 2026-07-20; INSP WordPress post 25175, media 25176).; Uganda Ministry of Health EVD daily dashboard, last reviewed value (2026-06-21 cycle); corroborated by WHO AFRO Uganda External SitRep 07 (data as of 2026-06-28).",https://insp.cd/wp-content/uploads/2026/07/SitRep_MVE_RDC_N°_66_19-07-2026.pdf; https://evd-daily.health.go.ug/,"Watch Adja's second cycle: a zone entering at 10 confirmed needs a follow-up figure before any trend is read, and its contact-listing coverage will show whether the chain was caught. Track whether Ituri's alert-investigation rate recovers from 75.6% and whether Tshopo resumes contact reporting, since the national coverage figure currently mixes performance with reporting composition.",Detailed audit IDs and review locators are withheld from this public export.
BDBV-CLAIM-085,Inrb sitrep 067 visual promotion,"Promote visually reviewed SitRep #067 headline, operational, laboratory, and coherent zone attribution. National TOTAL 2473 confirmed / 999 confirmed deaths (CFR 40.4%) across five provinces; +50 confirmed / +32 deaths in 24h (Ituri 42/27, Nord-Kivu 8/5), cleanly additive from SitRep66 (2423 + 50; 967 + 32) with no harmonization this cycle. NO NEW AFFECTED HEALTH ZONE: the roster holds at 47 touched / 46 actively transmitting and Ituri at 28/36, and every cumulative zone delta equals that zone's printed day column, so no row was silently restated. Isolation end-of-day census 737 at 86.7% occupancy, whose 286 confirmed + 451 suspected split closes exactly and whose bed identity closes at every level (700 + 180 - 143 = 737). Two headline movements are artefacts and are promoted as such: national contact follow-up 'rises' to 82.0% only because Haut-Uele's 52.3% block left the denominator (81.2% if carried forward, with Nord-Kivu actually falling 83.8% -> 81.9%), while Ituri occupancy 'rises' to 78.4% only because SitRep66's bed denominator (798) was an outlier against its own series (693, 693, 700, 706, 798, 709 across SitRep62-67); Ituri capacity did not contract and 78.4% is a return to its week-long ~78% plateau. Ituri alert investigation fell again, 75.6% -> 72.8%, leaving 134 alerts uninvestigated, while the national 84.1% is carried by Nord-Kivu volume. Recovered advanced +13 to 482. Suspected cases of day 322 = 220 living + 102 community deaths.","Country-scope confirmed = 2473 DRC + 20 Uganda = 2493. Country-scope confirmed deaths = 999 DRC + 2 Uganda = 1001. Recovered = 493 (482 DRC + 11 Uganda). Named rows excluding the 17 Ituri unventilated cases sum to 2456 confirmed across 47 official source zones; with that residual they reconcile to 2473 / 999. Country-scope unallocated is 37 (17 Ituri unventilated + 20 Uganda). No zone was added or removed, so the corridor watchlist holds at 47 source zones. Day-case distribution sums to 50 (Bunia 18, Nizi 9, Rwampara 7, Nia-Nia 3, Ariwara 3, Mongbwalu 1, Mandima 1, Katwa 4, Butembo 3, Kyondo 1). Day-death distribution sums to 32 (Bunia 8, Rwampara 7, Nizi 6, Mongbwalu 1, Nia-Nia 1, Komanda 1, Tchomia 1, Mandima 1, Aru 1, Katwa 2, Butembo 1, Kyondo 1, Oicha 1), of which 16 are community deaths detected by post-mortem swab and 16 in-CTE. Laboratory positives (Ituri 42 + Nord-Kivu 8 = 50) equal the day's confirmations exactly. The Uganda anchor is carried unchanged on a Uganda MoH feed confirming no new cases through 2026-07-21.",supported,"COUSP RDC, INSP, INRB, MoH DRC. SitRep N°067/MVB (report date 2026-07-20; cover publication 2026-07-21; INSP WordPress post 25178, media 25179).; Uganda Ministry of Health EVD daily dashboard, last reviewed value (2026-06-21 cycle); corroborated by WHO AFRO Uganda External SitRep 07 (data as of 2026-06-28).",https://insp.cd/wp-content/uploads/2026/07/SitRep_MVE_RDC_N°_67_20-07-2026.pdf; https://evd-daily.health.go.ug/,"Watch whether Ituri's alert-investigation rate keeps falling (86.4% -> 75.6% -> 72.8% over three cycles) while the national figure rises on Nord-Kivu volume; the epicentre trend is the one that matters and the national rate is currently hiding it. Watch whether Ituri bed capacity continues its steady climb from 709; if a later SitRep restates SitRep66 or prints another figure far off the series, raise the bed row as a recurring data-entry surface rather than an operational signal. Check whether Haut-Uele resumes alert and contact reporting, both ND on every row this cycle: while it is absent the national contact-follow-up figure mixes performance with composition. Watch the community-death share (16 of 32 confirmed deaths) as the surveillance-reach signal, and whether the section-7 PECH prose stops reprinting the prior cycle's case-management block.",Detailed audit IDs and review locators are withheld from this public export.
BDBV-CLAIM-086,Inrb sitrep 068 visual promotion,"Promote visually reviewed SitRep #068 headline, operational, laboratory, and coherent zone attribution. National TOTAL 2536 confirmed / 1033 confirmed deaths (CFR 40.7%) across five provinces; +63 confirmed / +34 deaths in 24h (Ituri 46/26, Nord-Kivu 12/6, Haut-Uele 5/2), cleanly additive from SitRep67 (2473 + 63; 999 + 34) with no harmonization this cycle. NO NEW AFFECTED HEALTH ZONE: the roster holds at 47 touched / 46 actively transmitting and Ituri at 28/36, and every cumulative zone delta equals that zone's printed day column, so no row was silently restated. Isolation end-of-day census 738 at 86.9% occupancy, whose 274 confirmed + 464 suspected split closes exactly and whose bed identity closes at every level (732 + 92 - 86 = 738). Two epicentre signals are REAL deterioration this cycle, not artefacts: Ituri contact follow-up fell 81.8% -> 75.4% (a genuine drop the source itself asks to investigate, unlike SitRep67's composition-driven rise) and Ituri alert investigation fell 72.8% -> 66.7% for a third consecutive cycle, leaving 166 alerts uninvestigated, while the national rates (77.2% contacts, 87.4% alerts) are held up by Nord-Kivu volume. Ituri bed capacity is flat (709 -> 708), confirming SitRep66's 798 as a one-cycle data-entry outlier now bracketed by two on-trend cycles; occupancy holds its ~78% plateau. Recovered advanced +24 to 506. Suspected cases of day 306 = 218 living + 88 community deaths. Source arithmetic slips preserved not propagated: Tableau 1 Total 2531 vs row-sum 2536; Ituri prose n=2228 vs table 2248.","Country-scope confirmed = 2536 DRC + 20 Uganda = 2556. Country-scope confirmed deaths = 1033 DRC + 2 Uganda = 1035. Recovered = 517 (506 DRC + 11 Uganda). Named rows excluding the 17 Ituri unventilated cases sum to 2519 confirmed across 47 official source zones; with that residual they reconcile to 2536 / 1033. Country-scope unallocated is 37 (17 Ituri unventilated + 20 Uganda). No zone was added or removed, so the corridor watchlist holds at 47 source zones. Day-case distribution sums to 63 (Bunia 24, Rwampara 9, Drodro 3, Fataki 3, Boga 2, Nia-Nia 2, Lita 1, Mandima 1, Nizi 1, Katwa 6, Butembo 4, Beni 2, Isiro 5). Day-death distribution sums to 34 (Bunia 9, Rwampara 10, Mongbwalu 2, Lita 1, Nia-Nia 1, Mandima 1, Drodro 1, Boga 1, Katwa 4, Beni 2, Isiro 2), of which 17 are community deaths detected by post-mortem swab and 17 in-CTE. Laboratory positives (Ituri 46 + Nord-Kivu 12 + Haut-Uele 5 = 63) equal the day's confirmations exactly, by province. The Uganda anchor is carried unchanged on a Uganda MoH feed confirming no new cases through 2026-07-21.",supported,"COUSP RDC, INSP, INRB, MoH DRC. SitRep N°068/MVB (report date 2026-07-21; cover publication 2026-07-22; INSP WordPress post 25184, media 25185).; Uganda Ministry of Health EVD daily dashboard, last reviewed value (2026-06-21 cycle); corroborated by WHO AFRO Uganda External SitRep 07 (data as of 2026-06-28).",https://insp.cd/wp-content/uploads/2026/07/SitRep_MVE_RDC_N°_68_21-07-2026.pdf; https://evd-daily.health.go.ug/,"Watch whether Ituri's alert-investigation rate keeps falling (86.4% -> 75.6% -> 72.8% -> 66.7% over four cycles) and whether the newly genuine Ituri contact-follow-up decline (81.8% -> 75.4%) continues; both are epicentre signals the volume-weighted national figures are hiding, and the source itself has now asked to investigate the Ituri contact fall. Ituri bed capacity is now confirmed on-trend (709 -> 708); SitRep66's 798 stands as an isolated data-entry outlier and should only be revisited if a later SitRep prints another figure far off the 693-709 series. Check whether Haut-Uele resumes alert and contact reporting (still ND on those rows though its laboratory block is now online), and watch the community-death share (17 of 34 confirmed deaths, 50.0%) as the surveillance-reach signal alongside the falling Ituri surveillance performance.",Detailed audit IDs and review locators are withheld from this public export.
BDBV-CLAIM-087,Inrb sitrep 069 visual promotion,"Promote visually reviewed SitRep #069 headline, operational, laboratory, and coherent zone attribution. National TOTAL 2905 confirmed / 1269 confirmed deaths (CFR 43.7%) across five provinces; +97 confirmed / +62 deaths notified in 24h (Ituri 73/45, Nord-Kivu 18/14, Haut-Uele 6/3). THE CUMULATIVE IS NOT ADDITIVE FROM SitRep68: the source declares a harmonization of the Ituri and Nord-Kivu provincial databases with the national level and states the large cumulative increases do not reflect only 24-hour notifications. Confirmed moved 2536 -> 2905 (+369) against 97 notified, so about +272 is retrospective provincial database integration; deaths moved 1033 -> 1269 (+236) against 62 notified, so about +174 is integration. The restatement is bidirectional and therefore a reclassification rather than a pure backfill: Butembo, Ariwara, Aungba, Boga, Drodro and Mambasa all revise DOWN while Mongbwalu (+118), Nizi (+84), Mangala (+25), Lita (+22) and Nia-Nia (+22) revise UP. NO NEW AFFECTED HEALTH ZONE: the roster holds at 47 touched of 140 / 46 actively transmitting and Ituri at 28/36. SitRep68's 17-case Ituri unventilated residual is ABSENT and Ituri's 28 named rows now close exactly on 2595, so the residual was allocated by the harmonization. Isolation end-of-day census 722 at 84.1% occupancy, whose 285 confirmed + 437 suspected split closes exactly and whose bed identity closes at every level (742 + 126 - 146 = 722). Epicentre surveillance continues to degrade on measures the harmonization does not touch: Ituri contact follow-up 75.4% -> 73.3% (second consecutive genuine fall, against a cohort expanded 10100 -> 11428) and Ituri alert investigation 66.7% -> 64.0% (fifth consecutive), with Nord-Kivu falling on both this cycle too (81.7% -> 77.7%, 98.8% -> 87.1%). The post-mortem share of confirmations rose 27.0% -> 42.3%. Nord-Kivu bed saturation EASED 129.1% -> 119.1% on unchanged 141 beds, the first improvement in that series. Laboratory throughput expanded 274 -> 414 analyzed (+51%), the largest single-cycle expansion of the series, broadening the reporting denominator from three provinces to four as Tshopo returned an all-negative block.","confirmed 2905 / deaths 1269 (DRC, five provinces); country scope 2925 / 1271 / 530 recovered with the carried Uganda anchor 20/2/11; 47 health zones touched of 140, 46 in active transmission; notified 24h +97 / +62; harmonized cumulative delta +369 / +236",supported,"COUSP RDC, INSP, INRB, MoH DRC. SitRep N°069/MVB (report date 2026-07-22; cover publication 2026-07-23; INSP WordPress post 25194, media 25195).; Uganda Ministry of Health EVD dashboard update, 2026-06-21.",https://insp.cd/wp-content/uploads/2026/07/SitRep_MVE_RDC_N°_69_22-07-2026.pdf; https://www.health.go.ug/ebola/,"Suppress or explicitly adjust every growth rate, doubling time and trend that crosses the SitRep68/69 boundary until a post-harmonization baseline is established. Treat SitRep69 as the new baseline for forward series and do not difference it against SitRep68 as incidence.",Detailed audit IDs and review locators are withheld from this public export.
BDBV-CLAIM-088,Inrb sitrep 070 visual promotion,"Promote visually reviewed SitRep #070 headline, operational, laboratory, and coherent zone attribution. National TOTAL 2973 confirmed / 1309 confirmed deaths (CFR 44.0%) across five provinces; +68 confirmed / +40 deaths in 24h (Ituri 51/30, Nord-Kivu 15/10, Haut-Uele 2/0). NO HARMONIZATION this cycle, in explicit contrast to SitRep69: the cumulative is cleanly additive (2905 + 68 = 2973; 1269 + 40 = 1309), every zone delta equals its own printed day column, and the count-reconciliation gate classifies both metrics as reconciled, so this boundary is safe to difference for trend work. ONE NEW AFFECTED HEALTH ZONE: Rungu (Haut-Uele) enters at 1 confirmed / 0 deaths with its single case notified in the day column, a genuine new detection rather than a reclassification; the roster moves 47 -> 48 touched of 140 with 47 actively transmitting, and Haut-Uele goes 4 -> 5 affected zones. Rungu carries its own GRID3 v8.0 area-weighted polygon centroid and is never collapsed into a neighbour. Isolation end-of-day census 766 at 89.1% occupancy, whose 278 confirmed + 488 suspected split closes exactly and whose bed identity closes at every level (724 + 169 - 127 = 766). NORD-KIVU ISOLATION IS THE ACUTE EMERGENCY: saturation worsened 119.1% -> 136.2% on unchanged 141 beds (168 -> 192 patients), a series high that reverses SitRep69's single-cycle improvement. Epicentre surveillance degraded further on measures unaffected by any restatement: Ituri alert investigation fell 64.0% -> 53.8% (sixth consecutive decline, 254 alerts uninvestigated) and contact follow-up fell 73.3% -> 72.1% (third consecutive), while Nord-Kivu improved on both (87.1% -> 96.7%, 77.7% -> 78.9%) and carries the flat national figures. Laboratory throughput contracted 414 -> 278 analyzed (-33%) and the reporting denominator narrowed from four provinces to three; a new diagnostic laboratory was installed and launched at Kasenyi (Tchomia, Ituri) under DRC-Uganda cross-border coordination with WHO and US CDC support.","confirmed 2973 / deaths 1309 (DRC, five provinces); country scope 2993 / 1311 / 551 recovered with the carried Uganda anchor 20/2/11; 48 health zones touched of 140, 47 in active transmission; notified 24h +68 / +40, cleanly additive with zero reconciliation gap",supported,"COUSP RDC, INSP, INRB, MoH DRC. SitRep N°070/MVB (report date 2026-07-23; INSP WordPress post 25198 and media 25199 published 2026-07-25).; Uganda Ministry of Health EVD dashboard update, 2026-06-21.",https://insp.cd/wp-content/uploads/2026/07/SitRep_MVE_RDC_N°_70_23-07-2026.pdf; https://www.health.go.ug/ebola/,"Wire Rungu (Haut-Uele) to its own GRID3 v8.0 area-weighted polygon centroid on the spatial evidence map before any spatial surface ships this cycle; never collapse it into a neighbouring zone. Restore Haut-Uele alert, contact, bed and laboratory reporting, ND on every row this cycle against five affected zones. Track Nord-Kivu isolation, now a series-high 136.2%.",Detailed audit IDs and review locators are withheld from this public export.
BDBV-CLAIM-089,Inrb sitrep 071 visual promotion,"Promote visually reviewed SitRep #071 headline, operational, laboratory, and coherent zone attribution. National TOTAL 3075 confirmed / 1354 confirmed deaths (CFR 44.0%) across five provinces; +102 confirmed / +45 deaths in 24h (Ituri 87/35, Nord-Kivu 9/6, Haut-Uele 6/4). NO HARMONIZATION: the cumulative is cleanly additive (2973 + 102 = 3075; 1309 + 45 = 1354), the count-reconciliation gate classifies both metrics as reconciled with a zero gap, and this boundary IS safe to difference for trend work. NO new affected health zone: the roster holds at 48 touched of 140 with 47 actively transmitting. THE GOVERNING CAVEAT is a denominator change the source flags itself: Ituri and Nord-Kivu contact-follow-up rates are computed only over health zones that reported, with eight zones absent at consolidation. Ituri's cohort fell 11332 -> 10123 while its rate rose 72.1% -> 73.8%, and the stated explanation does not carry the arithmetic: the six Ituri non-reporting zones hold 83 of 2733 provincial cases (3.0%) against a 10.7% cohort loss, so most of the drop is unexplained and the rate movement is UNINTERPRETABLE rather than an improvement. Movements the caveat does NOT touch: Ituri alert investigation RECOVERED 53.8% -> 74.0% on volume up 550 -> 866, breaking a six-cycle decline; Nord-Kivu isolation eased 136.2% -> 126.9% on unchanged 141 beds while remaining the only province over capacity; isolation escapes DOUBLED to 8 in 24h; and community deaths were 36 of 45 confirmed deaths (80.0%), the highest share of the recent series. Isolation end-of-day census 755 at 88.8% occupancy, whose 291 confirmed + 464 suspected split closes exactly and whose bed identity closes (756 + 113 - 114 = 755). National bed capacity FELL 860 -> 850 because Tshopo dropped out of bed reporting, so the occupancy move is partly a composition effect. Laboratory throughput recovered 278 -> 381 analyzed (+37%) and the Kasenyi laboratory (Tchomia, Ituri) was officially inaugurated.","confirmed 3075 / deaths 1354 (DRC, five provinces); country scope 3095 / 1356 / 567 recovered with the carried Uganda anchor 20/2/11; 48 health zones touched of 140, 47 in active transmission; notified 24h +102 / +45, cleanly additive with zero reconciliation gap",supported,"COUSP RDC, INSP, INRB, MoH DRC. SitRep N°071/MVB (report date 2026-07-24; publication date 2026-07-25; INSP WordPress post 25201, media 25202).; Uganda Ministry of Health EVD dashboard update, 2026-06-21.",https://insp.cd/wp-content/uploads/2026/07/SitRep_MVE_RDC_N°_71_24-07-2026.pdf; https://www.health.go.ug/ebola/,"Restore contact reporting from the eight non-reporting health zones before reading any Ituri or Nord-Kivu follow-up trend; the current rates are computed over a reduced cohort whose loss the source's stated explanation does not account for. Request per-zone contact denominators, which SitRep71 does not publish and without which this cannot be resolved. Track whether the Ituri alert-investigation recovery (53.8% -> 74.0%) holds a second cycle, and whether isolation escapes stay elevated after doubling to 8.",Detailed audit IDs and review locators are withheld from this public export.
BDBV-CLAIM-090,Inrb sitrep 072 visual promotion,"Promote visually reviewed SitRep #072 headline, operational, laboratory and coherent zone attribution. National TOTAL 3200 confirmed / 1405 confirmed deaths (CFR 43.9%) across five provinces; +125 confirmed / +51 deaths in 24h (Ituri 115/42, Nord-Kivu 7/8, Haut-Uele 3/1). HARMONIZATION IS DECLARED BUT ADDITIVE: one case in Wamba (Haut-Uele) after provincial database harmonization, already inside the notified +125. The cumulative still closes exactly (3075 + 125 = 3200; 1354 + 51 = 1405), the count-reconciliation gate classifies both metrics as reconciled with a zero gap, and this boundary IS safe to difference - unlike the SitRep69 restatement. NO new affected health zone: the roster holds at 48 touched of 140 with 47 actively transmitting. THE LEAD EPIDEMIOLOGICAL SIGNAL is laboratory positivity: national positivity rose 25.2% -> 33.3% (124 of 372) on analysed volume that FELL 381 -> 372, and Ituri alone moved 36.3% -> 51.3%. Rising positivity on falling testing is the signature of a rising force of infection, not of expanding ascertainment, and this is the third consecutive cycle of that pattern. THE GOVERNING CAVEAT remains the contact denominator, and it moved AGAIN: the source keeps its reporting-zone asterisk but the non-reporting set CHANGED COMPOSITION AND GREW from eight zones to ten. Bambu, Gety, Lolwa and Mahagi returned while Fataki, Kilo, Mambasa, Nyankunde, Kambala and Logo dropped out, so Ituri's cohort REBOUNDED 10123 -> 10901 (+778) after last cycle's -1209 contraction and its rate rose 73.8% -> 75.6%. Because membership moved in both directions across two cycles, neither the fall nor the recovery is field performance; the rate remains UNINTERPRETABLE as a trend. Capacity: Ituri added 91 beds (709 -> 800), the largest single-cycle addition of the recent series, consistent with the Rwampara CTE reaching 100 operational beds; that addition, not a fall in patients, is what moves Ituri occupancy 81.2% -> 75.3% on a census that rose 576 -> 602. Nord-Kivu added none, stayed frozen at 141 beds for a third cycle and remains the only province over capacity at 121.3%. Isolation end-of-day census 773 at 82.1% occupancy, whose 307 confirmed + 466 suspected split closes exactly and whose bed identity closes (743 + 151 - 121 = 773). Isolation escapes FELL 8 -> 2, both in Ituri. Community deaths were 32 of 51 confirmed deaths (62.7%), down from 80.0%. Sud-Kivu returned to the alert table for the first time in the recent series, so all five provinces now report alerts. Provider non-payment produced strikes in Bunia and Rwampara, the two largest-caseload zones in the country.","confirmed 3200 / deaths 1405 (DRC, five provinces); country scope 3220 / 1407 / 582 recovered with the carried Uganda anchor 20/2/11; 48 health zones touched of 140, 47 in active transmission; notified 24h +125 / +51, additive with zero reconciliation gap",supported,"COUSP RDC, INSP, INRB, MoH DRC. SitRep N°072/MVB (report date 2026-07-25; publication date 2026-07-26; INSP WordPress post and media ids UNRESOLVED, see finding).; Uganda Ministry of Health EVD dashboard update, 2026-06-21.",https://insp.cd/wp-content/uploads/2026/07/SitRep_MVE_RDC_N°_72_25-07-2026.pdf; https://www.health.go.ug/ebola/,"Treat rising laboratory positivity on falling testing volume as the primary transmission signal for this cycle and confirm it against SitRep73 before any narrative that describes incidence as flat. Stabilise the contact-reporting denominator: request per-zone contact counts, which SitRep72 still does not publish and without which no Ituri or Nord-Kivu follow-up trend can be read. Escalate Haut-Uele alert investigation (11.5%, 41 of 52 carried over) and Nord-Kivu bed capacity, frozen at 141 for a third cycle while the province stays over capacity. Backfill the INSP post and media ids once insp.cd recovers.",Detailed audit IDs and review locators are withheld from this public export.
BDBV-CLAIM-091,Inrb sitrep 073 visual promotion,"Promote visually reviewed SitRep 073 headline, operational, laboratory and coherent zone attribution. DRC reports 3262 confirmed / 1437 deaths across 48 zones, with +62 confirmed and a net +32 deaths. The detailed health-zone table supports Haut-Uele 39 and the national headline; page 2's Haut-Uele 38 is a preserved typo. Tshopo contact follow-up is unavailable despite stale adjacent prose. Nord-Kivu isolation worsened to 136.2%.","confirmed 3262 / deaths 1437 (DRC); country scope 3282 / 1439 / 594 recovered; 48 zones touched, 47 active; notified +62 / net +32",corrected,"COUSP RDC / INSP. SitRep N°073/MVE B (report date 2026-07-26; cover publication 2026-07-27; WordPress post 25215/media 25216).; Uganda Ministry of Health EVD dashboard update, 2026-06-21.",https://insp.cd/wp-content/uploads/2026/07/SitRep_MVE_RDC_N%C2%B0_73_26-07-2026.pdf; https://www.health.go.ug/ebola/,"Relieve North Kivu treatment and transport capacity, restore missing contact/logistics reporting, and carry Tshopo contact follow-up as unavailable until a current table reports it. Keep the net death harmonization visible in every trend interpretation.",Detailed audit IDs and review locators are withheld from this public export.
BDBV-CLAIM-092,Inrb sitrep 074 visual promotion,"Promote visually reviewed SitRep 074 headline, operational, laboratory and coherent zone attribution. DRC reports 3360 confirmed / 1487 deaths across 48 zones, with +98 confirmed and a net +50 deaths. Nord-Kivu's death movement includes a declared +11 harmonization; contact coverage is 82.6% from the table, not the conflicting 85.6% prose.","confirmed 3360 / deaths 1487 (DRC); country scope 3380 / 1489 / 608 recovered; 48 zones touched, 47 active; notified +98 / net +50",corrected,"COUSP RDC / INSP. SitRep N°074/MVE B (report date 2026-07-27; cover publication 2026-07-28; WordPress post 25218/media 25219).; Uganda Ministry of Health EVD dashboard update, 2026-06-21.",https://insp.cd/wp-content/uploads/2026/07/SitRep_MVE_RDC_N%C2%B0_74_27-07-2026_OKKK.pdf; https://www.health.go.ug/ebola/,"Relieve Nord-Kivu treatment capacity, restore Ituri alert investigation and missing Bunia/Mutwanga contact reporting, and keep the +11 death harmonization visible in every trend interpretation.",Detailed audit IDs and review locators are withheld from this public export.
BDBV-CLAIM-093,Inrb sitrep 077 visual promotion,"Promote visually reviewed SitRep 077 headline, operational, laboratory and coherent zone attribution. DRC reports 3605 confirmed / 1587 deaths across 49 integrated zones. Kabondo is integrated; Wanie-Rukula remains pending harmonization. Source discrepancies are preserved rather than silently resolved.",confirmed 3605 / deaths 1587 (DRC); country scope 3625 / 1589 / 662 recovered; 49 integrated zones; notified table +73 / +24,corrected,"COUSP RDC / INSP. SitRep N077/MVE B (report date 2026-07-30; cover publication 2026-07-31; WordPress post 25234/media 25235).; Uganda Ministry of Health EVD dashboard update, 2026-06-21.",https://insp.cd/wp-content/uploads/2026/08/SitRep_MVE_RDC_N_077_30-07-2026.pdf; https://www.health.go.ug/ebola/,"Relieve Nord-Kivu treatment capacity, restore contact and alert performance, operationalise free essential-care support, and await explicit Wanie-Rukula harmonization before adding it to the canonical map.",Detailed audit IDs and review locators are withheld from this public export.
BDBV-CLAIM-094,Inrb sitrep 078 visual promotion,"Promote visually reviewed SitRep 078 headline, operational, laboratory and coherent zone attribution. DRC reports 3674 confirmed / 1621 deaths across 49 integrated zones. Wanie-Rukula remains pending harmonization and source discrepancies are preserved.",confirmed 3674 / deaths 1621 (DRC); country scope 3694 / 1623 / 677 recovered; 49 integrated zones; notified +69 / +34,corrected,"COUSP RDC / INSP. SitRep N078/MVE B (report date 2026-07-31; publication 2026-08-01; WordPress post 25243/media 25244).; Uganda Ministry of Health EVD dashboard update, 2026-06-21.",https://insp.cd/wp-content/uploads/2026/08/SitRep_MVE_RDC_N_078_31-07-2026.pdf; https://www.health.go.ug/ebola/,"Relieve Nord-Kivu treatment capacity, restore contact and alert performance, resolve Bunia resistance, operationalise free essential-care support, and await explicit Wanie-Rukula harmonization before changing the canonical map.",Detailed audit IDs and review locators are withheld from this public export.
BDBV-CLAIM-095,Inrb sitrep 079 visual promotion,"Promote visually reviewed SitRep 079 headline, operational, laboratory and zone attribution while retaining official 49/140 coverage and the pending Wanie-Rukula table row.",confirmed 3748 / deaths 1657 (DRC); country scope 3768 / 1659 / 719 recovered; official 49 zones; printed 50 rows; notified +74 / +36,corrected,"COUSP RDC / INSP. SitRep N079/MVE B (report date 2026-08-01; publication 2026-08-02; WordPress post 25246/media 25247).; Uganda Ministry of Health EVD dashboard update, 2026-06-21.",https://insp.cd/wp-content/uploads/2026/08/SitRep_MVE_RDC_N_079_01-08-2026.pdf; https://www.health.go.ug/ebola/,"Relieve treatment-capacity pressure, restore current-day alert/contact reporting, resolve source conflicts, protect essential services, and await explicit Wanie-Rukula harmonization before changing the canonical footprint.",Detailed audit IDs and review locators are withheld from this public export.
BDBV-CLAIM-096,Inrb sitrep 080 visual promotion,"Promote visually reviewed SitRep 080 headline, operational, laboratory and zone attribution; expand official coverage to 51/140 as Lubero records a first confirmed case and Wanie-Rukula is integrated; promote only Tableau 2's cumulative columns because its fatality and 24-hour columns reprint the previous SitRep shifted one row.",confirmed 3802 / deaths 1707 (DRC); country scope 3822 / 1709 / 738 recovered; 51 official source zones; printed 51 rows; notified +58 / +40 against a cumulative step of +54 / +50 under a declared Nord-Kivu harmonization,corrected,"COUSP RDC / INSP. SitRep N080/MVE B (report date 2026-08-02; publication 2026-08-03; WordPress post 25249/media 25250).; Uganda Ministry of Health EVD dashboard update, 2026-06-21.",https://insp.cd/wp-content/uploads/2026/08/SitRep_MVE_RDC_N_080_02-08-2026.pdf; https://www.health.go.ug/ebola/,"Relieve Nord-Kivu treatment-capacity pressure and restore its bed-capacity reporting, close the late-detection gap behind its 68,8% fatality rate, restore Haut-Uele and Tshopo alert and contact reporting, and ask INSP to repair Tableau 2's shifted fatality and 24-hour columns.",Detailed audit IDs and review locators are withheld from this public export.
BDBV-CLAIM-097,Inrb sitrep 081 visual promotion,"Promote visually reviewed SitRep 081 headline, operational, laboratory and zone attribution while preserving the North Kivu death residual, alert-table conflicts and the unclassified isolation remainder.",confirmed 3874 / deaths 1751 (DRC); country scope 3894 / 1753 / 760 recovered; 51 official source zones; 51 printed rows; +72 / +44 reported in 24 hours,corrected,"COUSP RDC / INSP. SitRep N081/MVE B (report date 2026-08-03; publication 2026-08-04; WordPress post 25268/media 25269).; Uganda Ministry of Health EVD dashboard update, 2026-06-21.",https://insp.cd/wp-content/uploads/2026/08/SitRep_MVE_RDC_N_081_03_08_2026_VF.pdf; https://www.health.go.ug/ebola/,"Reverse declining contact follow-up, relieve North Kivu treatment pressure, protect essential services, and resolve the source's death, alert and isolation-classification gaps without fabricating missing status assignments.",Detailed audit IDs and review locators are withheld from this public export.
BDBV-CLAIM-098,Inrb sitrep 082 visual promotion,"Promote visually reviewed SitRep 082 headline, operational, laboratory and zone attribution at an unchanged 51-zone footprint; promote the notified death movement of 52 rather than the national cumulative step of 50, which is depressed by the correction of a two-death Nord-Kivu overstatement carried in SitRep 081.","confirmed 3973 / deaths 1801 (DRC); country scope 3993 / 1803 / 787 recovered; 51 official source zones; printed 51 rows; notified +99 / +52 against a national cumulative step of +99 / +50, with row-to-row movement exactly +99 / +52",corrected,"COUSP RDC / INSP. SitRep N082/MVE B (report date 2026-08-04; publication 2026-08-05; WordPress post 25277/media 25278).; Uganda Ministry of Health EVD dashboard update, 2026-06-21.",https://insp.cd/wp-content/uploads/2026/08/SitRep_MVE_RDC_N_082_04_08_2026.pdf; https://www.health.go.ug/ebola/,"Recover Ituri alert investigation from 49.0% and Tshopo's absent daily reporting, lift national contact follow-up from 75.3%, bring the new 120-bed Rwankole CTE into service against three saturated Ituri structures, and ask INSP to reconcile the frontline-worker register.",Detailed audit IDs and review locators are withheld from this public export.
BDBV-CLAIM-099,Inrb sitrep 083 visual promotion,Promote visually reviewed SR83 headline and 53-zone attribution while rejecting the isolated page-3 1851-death defect.,4053 confirmed / 1850 deaths DRC; country scope 4073 / 1852 / 804 recovered; 53 zones; +80 / +49 in 24h,corrected,"COUSP RDC / INSP, SitRep N083/MVE B (report date 2026-08-05; WordPress post 25296/media 25297).; Uganda Ministry of Health EVD dashboard update, 2026-06-21.",https://insp.cd/wp-content/uploads/2026/08/SitRep_MVE_RDC_N_083_05-08-2026.pdf; https://www.health.go.ug/ebola/,"Expand surveillance and preparedness in Gombari and Bafwasende while closing contact-follow-up, IPC, transport, laboratory, financing, and CTE capacity gaps.",Detailed audit IDs and review locators are withheld from this public export.
BDBV-CLAIM-100,Inrb sitrep 084 compact promotion,Promote reviewed compact SR84 national/province and operational figures without inventing omitted health-zone or isolation-status detail.,"4120 DRC confirmed / 1887 DRC deaths; 721 isolated/CTE; 53 zones reported, zone allocation carried from SR83.",corrected,"COUSP RDC / INSP, SitRep N084 (data 2026-08-06; WordPress post 25299/media 25300).",https://insp.cd/wp-content/uploads/2026/08/SITREP_MVEBDB_084_060826.pdf,Continue source cadence monitoring and require a reviewed detailed table before advancing zone-level attribution beyond SR83.,Detailed audit IDs and review locators are withheld from this public export.
BDBV-CLAIM-101,Inrb sitrep 085 compact promotion,Promote reviewed compact SR85 national/province and operational figures without inventing omitted health-zone or isolation-status detail.,"4209 DRC confirmed / 1916 DRC deaths; 595 isolated/CTE; 53 zones reported, zone allocation carried from SR83.",supported,"COUSP RDC / INSP, SitRep N085 (data 2026-08-07; WordPress post 25302/media 25303).",https://insp.cd/wp-content/uploads/2026/08/SITREP_MVEBDB_085_070826_TK-2.pdf,Continue source cadence monitoring and require a reviewed detailed table before advancing zone-level attribution beyond SR83.,Detailed audit IDs and review locators are withheld from this public export.
BDBV-CLAIM-102,Insp linkedin sitrep 086 image packet,"Promote SitRep 86 national counts from INSP's own four-page LinkedIn image packet, inventing none of the zone, province, alert or isolation-status detail the packet omits.",as of 2026-08-09; cover states: Situation au 09 aout 2026 | Publication du 10 aout 2026.,supported,"INSP RDC official LinkedIn company page, situation report image packet (Situation au 09 aout 2026 | Publication du 10 aout 2026).",https://fr.linkedin.com/posts/insp-rdc_ebolardc-stopebola-sant%C3%A9publiquerdc-activity-7492851407071391744-dqPm,Reconcile against the INSP PDF if INSP resumes publishing SitRep PDFs to its WordPress library.,Detailed audit IDs and review locators are withheld from this public export.
BDBV-CLAIM-103,Insp linkedin sitrep 087 image packet,"Promote SitRep 87 national counts from INSP's own four-page LinkedIn image packet, inventing none of the zone, province, alert or isolation-status detail the packet omits.",as of 2026-08-10; cover states: Situation au 10 aout 2026 | Publication du 11 aout 2026.,supported,"INSP RDC official LinkedIn company page, situation report image packet (Situation au 10 aout 2026 | Publication du 11 aout 2026).",https://fr.linkedin.com/posts/insp-rdc_insp-stopebola-ebolardc-activity-7493221894909771776-hdPq,"Answered: INSP resumed PDF publication at SitRep 88, which restates this same reporting day in full format. SitRep 88 supersedes this packet as the source for 2026-08-10 zone attribution; the packet remains the primary record of the figures as first published.",Detailed audit IDs and review locators are withheld from this public export.
BDBV-CLAIM-104,Inrb sitrep 088 visual promotion,"Promote SitRep 88 as a full-format RESTATEMENT of 2026-08-10, the reporting day SitRep 87 already covered, and take its per-health-zone table as current zone attribution in place of the SitRep 83 carry.","4449 confirmed / 2061 deaths DRC, identical to SitRep 87; 53 zone rows closing exactly to those totals with a 59-death unventilated CTE block; +68 / +50 in 24h",corrected,"INSP RDC, Rapport de Situation MVE N 088 (Date de rapportage 10 aout 2026, Date de publication 11 aout 2026), eight-page PDF.",https://insp.cd/wp-content/uploads/2026/08/SITREP_MVEBDB_088_10_08_2026_11.pdf,Confirm the eight-page PDF layout persists in later editions before treating it as the settled publication format.,Detailed audit IDs and review locators are withheld from this public export.
BDBV-CLAIM-105,Inrb sitrep 089 visual promotion,Promote SitRep 89 headline and 53-zone attribution while preserving three printed arithmetic defects and one malformed cell rather than reconciling them.,4566 confirmed / 2128 deaths DRC; country scope 4586 / 2130 / 929 recovered; 53 zones; +118 / +67 in 24h,corrected,"INSP RDC, Rapport de Situation MVE N 089 (Date de rapportage 11 aout 2026, Date de publication 12 aout 2026), eight-page PDF.",https://insp.cd/wp-content/uploads/2026/08/SITREP_MVEBDB_089_11_08_2026.pdf,Reconcile the disclosed province-column excess and the Ituri death gap against the next edition to see whether INSP corrects them upstream.,Detailed audit IDs and review locators are withheld from this public export.
BDBV-CLAIM-106,Inrb sitrep 090 visual promotion,"Promote SitRep 90 headline and 54-zone attribution, open Bas-Uele as the sixth affected province, and preserve the edition's printed arithmetic defects rather than reconciling them.",4665 confirmed / 2184 deaths DRC; country scope 4685 / 2186 / 976 recovered; 54 of 151 zones; +100 / +53 in 24h,corrected,"INSP RDC, Rapport de Situation MVE N 090 (Date de rapportage 12 aout 2026, Date de publication 13 aout 2026), nine-page PDF.",https://insp.cd/wp-content/uploads/2026/08/SITREP_MVEBDB_090_12_08_2026.pdf,Confirm against the next edition whether Bas-Uele gains an alert row and whether Nord-Kivu resumes points-of-entry reporting.,Detailed audit IDs and review locators are withheld from this public export.
BDBV-CLAIM-107,Inrb sitrep 091 visual promotion,"Promote SitRep 91 headline and 55-zone attribution, add the Tshopo health zone, and preserve the edition's reporting-coverage and freshness caveats rather than smoothing them.",4727 confirmed / 2214 deaths DRC; country scope 4747 / 2216 / 987 recovered; 55 of 151 zones; +62 / +30 in 24h,corrected,"INSP RDC, Rapport de Situation MVE N 091 (Date de rapportage 13 aout 2026, Date de publication 14 aout 2026), nine-page PDF.",https://insp.cd/wp-content/uploads/2026/08/91.pdf,"Check whether Bas-Uele and Tshopo alert rows are populated in the next edition, and whether INSP resumes numbering its PDF filenames.",Detailed audit IDs and review locators are withheld from this public export.
BDBV-CLAIM-108,Inrb sitrep 092 visual promotion,Promote SitRep 92 headline and 55-zone attribution while preserving the unventilated death residual and withholding C2 because the full active suspected queue remains unpublished.,4843 confirmed / 2272 deaths DRC; country scope 4863 / 2274 / 1017 recovered; 55 of 151 zones; +116 / +58 in 24h,supported,"INSP RDC, Rapport de Situation MVE N 092 (Date de rapportage 14 aout 2026, Date de publication 15 aout 2026), nine-page PDF.",https://insp.cd/wp-content/uploads/2026/08/SitRep_MVEBDB_092_14_08_2026.pdf,Continue cadence monitoring for a true full active-suspected queue before re-enabling Module C2; keep care/isolation status available only as operational response data.,Detailed audit IDs and review locators are withheld from this public export.
BDBV-CLAIM-109,Inrb sitrep 093 visual promotion,"Promote SitRep 93 headline and 55-zone attribution, carry the source's own correction to SitRep 92's Tshopo cumulative, and preserve the front-page death undercount rather than reconciling it.",4945 confirmed / 2325 deaths DRC; country scope 4965 / 2327 / 1051 recovered; 55 of 151 zones; +101 / +53 in 24h,corrected,"INSP RDC, Rapport de Situation MVE N 093 (Date de rapportage 15 aout 2026, Date de publication 16 aout 2026), ten-page PDF.",https://insp.cd/wp-content/uploads/2026/08/SitRep_MVEBDB_093_15_08_2026.pdf,"Check whether Haut-Uele restores a care block and points-of-entry reporting once the responder strike is resolved, and whether Tshopo's alert row leaves ND.",Detailed audit IDs and review locators are withheld from this public export.
BDBV-CLAIM-110,Inrb sitrep 094 visual promotion,"Promote SitRep 94's headline and 55-zone attribution as the first of three editions INSP released together on 20 August, and preserve the front-page death undercount and the edition's own misreading of its contact-follow-up threshold rather than reconciling either.",5021 confirmed / 2378 deaths DRC; country scope 5041 / 2380 / 1072 recovered; 55 of 151 zones; +76 / +53 in 24h,corrected,"INSP RDC, Rapport de Situation MVE N 094 (Date de rapportage 16 aout 2026, Date de publication 17 aout 2026), 10-page PDF, released to the INSP WordPress media library on 20 aout 2026.",https://insp.cd/wp-content/uploads/2026/08/94.pdf,Watch whether contact follow-up recovers the 85% threshold and whether Haut-Uele's points of entry resume reporting once the responder strike ends.,Detailed audit IDs and review locators are withheld from this public export.
BDBV-CLAIM-111,Inrb sitrep 095 visual promotion,"Promote SitRep 95's headline and 55-zone attribution while preserving three separate internal arithmetic failures: the edition's national contact rate, its Ituri contact rate and its transferred-suspect count each disagree with the components printed alongside them.",5105 confirmed / 2420 deaths DRC; country scope 5125 / 2422 / 1102 recovered; 55 of 151 zones; +84 / +42 in 24h,corrected,"INSP RDC, Rapport de Situation MVE N 095 (Date de rapportage 17 aout 2026, Date de publication 18 aout 2026), 9-page PDF, released to the INSP WordPress media library on 20 aout 2026.",https://insp.cd/wp-content/uploads/2026/08/95.pdf,Re-derive the contact-follow-up series from the per-province components rather than the printed national rate until INSP's headline arithmetic closes again.,Detailed audit IDs and review locators are withheld from this public export.
BDBV-CLAIM-112,Inrb sitrep 096 visual promotion,"Promote SitRep 96's headline and register Viadana (Bas-Uele) as a newly affected health zone with its own GRID3 v8.0 polygon, taking the national footprint to 56 of 151, while preserving the front-page death undercount.",5208 confirmed / 2476 deaths DRC; country scope 5228 / 2478 / 1126 recovered; 56 of 151 zones; +103 / +56 in 24h,corrected,"INSP RDC, Rapport de Situation MVE N 096 (Date de rapportage 18 aout 2026, Date de publication 19 aout 2026), 10-page PDF, released to the INSP WordPress media library on 20 aout 2026.",https://insp.cd/wp-content/uploads/2026/08/96.pdf,"Track whether Viadana seeds onward transmission along the Isiro/Rungu frontier, and whether Bas-Uele's 18.7% contact follow-up improves now that the province carries two affected zones.",Detailed audit IDs and review locators are withheld from this public export.
BDBV-CLAIM-113,Inrb sitrep 097 visual promotion,"Promote SitRep 097's visually reviewed headline, operational fields and fresh 56-zone attribution while preserving source-side denominator and death-split conflicts.",5290 confirmed / 2516 deaths DRC; country scope 5310 / 2518 / 1163 recovered; 56 of 151 zones; +81 / +40 in 24h,corrected,"INSP RDC, Rapport de Situation MVE N 097 (Date de rapportage 2026-08-19, Date de publication 2026-08-20), 10-page PDF, released to the INSP WordPress media library on 2026-08-21.",https://insp.cd/wp-content/uploads/2026/08/97-1.pdf,Continue daily SitRep source review; keep per-zone attribution fresh while preserving unventilated CTE-death and operational denominator gaps explicitly.,Detailed audit IDs and review locators are withheld from this public export.
BDBV-CLAIM-114,Inrb sitrep 098 visual promotion,"Promote SitRep 098's visually reviewed headline, operational fields and fresh 56-zone attribution while preserving source-side denominator and death-split conflicts.",5375 confirmed / 2557 deaths DRC; country scope 5395 / 2559 / 1178 recovered; 56 of 151 zones; +85 / +41 in 24h,corrected,"INSP RDC, Rapport de Situation MVE N 098 (Date de rapportage 2026-08-20, Date de publication 2026-08-21), 10-page PDF, released to the INSP WordPress media library on 2026-08-22.",https://insp.cd/wp-content/uploads/2026/08/SitRep_MVEBDB_098_20_08_2026_VF_98.pdf,Continue daily SitRep source review; keep per-zone attribution fresh while preserving unventilated CTE-death and operational denominator gaps explicitly.,Detailed audit IDs and review locators are withheld from this public export.
BDBV-CLAIM-115,Inrb sitrep 099 visual promotion,"Promote SitRep 099's visually reviewed headline, operational fields and fresh 57-zone attribution, adding Mutwanga as its own Nord-Kivu health zone.",5458 confirmed / 2606 deaths DRC; country scope 5478 / 2608 / 1193 recovered; 57 of 151 zones; +83 / +49 in 24h,corrected,"INSP RDC, SitRep N°099/MVEBDB/21/08/2026 (report date 2026-08-21; WordPress post 25372/media 25373), official PDF released on 2026-08-23.",https://insp.cd/wp-content/uploads/2026/08/99.pdf,Keep Mutwanga represented with its GRID3 polygon and WorldPop population-weighted peak marker; continue daily SitRep source review and preserve operational denominator conflicts explicitly.,Detailed audit IDs and review locators are withheld from this public export.
BDBV-CLAIM-116,Inrb sitrep 100 visual promotion,"Promote SitRep 100's visually reviewed headline, operational fields and 57-zone attribution while keeping its one-case Haut-Uele reconciliation separate from daily incidence.",5514 confirmed / 2642 deaths DRC; country scope 5534 / 2644 / 1211 recovered; 57 of 151 zones; +55 daily confirmations plus +1 cumulative reconciliation / +36 deaths in 24h,corrected,"INSP RDC, SitRep N°0100/MVEBDB/22/08/2026 (report date 2026-08-22; WordPress post 25375/media 25376), official PDF released on 2026-08-23.",https://insp.cd/wp-content/uploads/2026/08/100.pdf,Publish the 2026-08-22 snapshot surfaces; keep Module C2 disabled until a future source republishes the direct suspected_active_total split.,Detailed audit IDs and review locators are withheld from this public export.
BDBV-CLAIM-119,Inrb sitrep 103 visual promotion,"Promote SitRep 103's visually reviewed headline, operational fields and 58-zone attribution while quarantining its stale page-nine key-message total.",5713 confirmed / 2744 deaths DRC; country scope 5733 / 2746 / 1280 recovered; 58 of 151 zones; +57 confirmations / +29 deaths in 24h,corrected,"INSP RDC, SitRep N°0103/MVEBDB/25/08/2026, official WordPress PDF released 2026-08-26.",https://insp.cd/wp-content/uploads/2026/08/SitRep_MVEBDB_103_25_08_2026.pdf,Publish the 2026-08-25 snapshot surfaces; keep missing Haut-Uele operational values null and preserve the stale 5656 page-nine total as a source conflict.,Detailed audit IDs and review locators are withheld from this public export.
BDBV-CLAIM-120,Inrb sitrep 104 visual promotion,"Promote SitRep 104 visually reviewed headline, operational fields and 60-zone attribution while preserving internal source conflicts.",5794 confirmed / 2786 deaths DRC; country scope 5814 / 2788 / 1304 recovered; 60 of 151 zones; +81 confirmations / +42 deaths in 24h,corrected,"INSP RDC, SitRep N°0104/MVEBDB/26/08/2026, official WordPress PDF.",https://insp.cd/wp-content/uploads/2026/08/SitRep_MVEBDB_104_26_08_2026.pdf,Publish the 2026-08-26 snapshot surfaces with missing operational values explicit and denominator-backed conflicts quarantined.,Detailed audit IDs and review locators are withheld from this public export.
BDBV-CLAIM-121,Inrb sitrep 105 visual promotion,"Promote SitRep 105 visually reviewed headline, operational fields and 60-zone attribution while preserving internal source conflicts.",5863 confirmed / 2824 deaths DRC; country scope 5883 / 2826 / 1329 recovered; 60 of 151 zones; +69 confirmations / +38 deaths in 24h,supported,"INSP RDC, SitRep N°0105/MVEBDB/27/08/2026, official WordPress PDF.",https://insp.cd/wp-content/uploads/2026/08/SitRep_MVEBDB_105_27_08_2026.pdf,Publish the 2026-08-27 snapshot surfaces with missing operational values explicit and denominator-backed conflicts quarantined.,Detailed audit IDs and review locators are withheld from this public export.
BDBV-CLAIM-122,Inrb sitrep 106 visual promotion,"Promote SitRep 105 visually reviewed headline, operational fields and 60-zone attribution while preserving internal source conflicts.",5945 confirmed / 2862 deaths DRC; country scope 5965 / 2864 / 1329 recovered; 60 of 151 zones; +69 confirmations / +38 deaths in 24h,supported,"INSP RDC, SitRep N°0105/MVEBDB/27/08/2026, official WordPress PDF.",https://insp.cd/wp-content/uploads/2026/08/SitRep_MVEBDB_105_27_08_2026.pdf,Publish the 2026-08-28 snapshot surfaces with missing operational values explicit and denominator-backed conflicts quarantined.,Detailed audit IDs and review locators are withheld from this public export.
BDBV-CLAIM-123,Inrb sitrep 107 visual promotion,"Promote the visually reviewed SR107 headline, operational fields, and 60-zone attribution while preserving the printed unallocated Ituri CTE-death residual.",6041 confirmed / 2911 deaths DRC; country scope 6061 / 2913 / 1377 recovered; 60 of 151 zones; +96 confirmations / +49 deaths in 24h,supported,"INSP RDC, SitRep N°107/MVEBDB/29/08/2026, official WordPress PDF.",https://insp.cd/wp-content/uploads/2026/08/SitRep_MVEBDB_107_29_08_2026.pdf,Publish the 2026-08-29 snapshot surfaces with missing operational values explicit and the 314-death unventilated residual visible.,Detailed audit IDs and review locators are withheld from this public export.
BDBV-CLAIM-124,Inrb sitrep 108 visual promotion,"Promote the visually reviewed SR108 headline, operational fields, and 60-zone attribution while preserving the printed unallocated Ituri CTE-death residual.",6100 confirmed / 2950 deaths DRC; country scope 6120 / 2952 / 1394 recovered; 60 of 151 zones; +59 confirmations / +39 deaths in 24h,supported,"INSP RDC, SitRep N°108/MVEBDB/30/08/2026, official WordPress PDF.",https://insp.cd/wp-content/uploads/2026/08/SitRep_MVEBDB_108_30_08_2026.pdf,Publish the 2026-08-30 snapshot surfaces with missing operational values explicit and the 329-death unventilated residual visible.,Detailed audit IDs and review locators are withheld from this public export.
BDBV-CLAIM-125,Inrb sitrep 109 visual promotion,"Promote the visually reviewed SR109 headline, operational fields, and 60-zone attribution while preserving the printed unallocated Ituri CTE-death residual and the publisher's own warning on the alert-volume jump.",6186 confirmed / 3007 deaths DRC; country scope 6206 / 3009 / 1420 recovered; 60 of 151 zones; +86 confirmations / +57 deaths in 24h,supported,"INSP RDC, SitRep N°109/MVEBDB/31/08/2026, official WordPress PDF.",https://insp.cd/wp-content/uploads/2026/09/SitRep_MVEBDB_109_31_08_2026.pdf,"Publish the 2026-08-31 snapshot surfaces with missing operational values explicit, the 339-death unventilated residual visible, and the alert series marked as not comparable with the previous cut.",Detailed audit IDs and review locators are withheld from this public export.
BDBV-CLAIM-126,Inrb sitrep 110 visual promotion,"Promote the visually reviewed SR110 headline, operational fields and 60-zone attribution while preserving the printed unallocated Ituri CTE-death residual, the one-case laboratory gap, and the still-uncorrected alert-volume swing.",6250 confirmed / 3039 deaths DRC; country scope 6270 / 3041 / 1450 recovered; 60 of 151 zones; +64 confirmations / +32 deaths in 24h,supported,"INSP RDC, SitRep N°110/MVEBDB/01/09/2026, official WordPress PDF.",https://insp.cd/wp-content/uploads/2026/09/SitRep_MVEBDB_110_01_09_2026.pdf,"Publish the 2026-09-01 snapshot surfaces with missing operational values explicit, the 345-death unventilated residual visible, and the alert series still marked as not comparable across cuts.",Detailed audit IDs and review locators are withheld from this public export.
BDBV-CLAIM-127,Inrb sitrep 111 visual promotion,"Promote the visually reviewed SR111 headline, operational fields and 60-zone attribution while preserving the printed unallocated Ituri CTE-death residual, the 12-patient isolation-census gap (only four of six provinces publish a block), and the third consecutive uncorrected alert-volume swing.",6342 confirmed / 3072 deaths DRC; country scope 6362 / 3074 / 1486 recovered; 60 of 151 zones; +92 confirmations / +33 deaths in 24h,supported,"INSP RDC, SitRep N°111/MVEBDB/02/09/2026, official WordPress PDF.",https://insp.cd/wp-content/uploads/2026/09/SitRep_MVEBDB_111_02_09_2026.pdf,"Publish the 2026-09-02 snapshot surfaces with missing operational values explicit, the 351-death unventilated residual visible, the 12-patient isolation-census gap preserved rather than distributed, and the alert series still marked as not comparable across cuts.",Detailed audit IDs and review locators are withheld from this public export.
